Category,SubCategory,PartNumber,Series,Package,PrimarySpec,Voltage,Capacitance,Resistance,Inductance,SafetyClass,AutomotiveGrade,DatasheetURL,EnvironmentalURL,Status
MLCC,Anti-Arcing High Voltage,FJ15N100J101PT,FJ,0402,NP0 (C0G); ±5%; Pd/Ag; 7-inch Reeled,100V,10 pF,,,,,,,Published
MLCC,Anti-Arcing High Voltage,FJ15N100J101PG,FJ,0402,NP0 (C0G); ±5%; Pd/Ag; 13-inch Reeled,100V,10 pF,,,,,,,Published
MLCC,Anti-Arcing High Voltage,FJ15N100J101ET,FJ,0402,NP0 (C0G); ±5%; Ag/Ni/Sn; 7-inch Reeled,100V,10 pF,,,,,,,Published
MLCC,Anti-Arcing High Voltage,FJ15N100J101EG,FJ,0402,NP0 (C0G); ±5%; Ag/Ni/Sn; 13-inch Reeled,100V,10 pF,,,,,,,Published
MLCC,Anti-Arcing High Voltage,FJ15N100J202PT,FJ,0402,NP0 (C0G); ±5%; Pd/Ag; 7-inch Reeled,2000V,10 pF,,,,,,,Published
MLCC,Anti-Arcing High Voltage,FJ15N100J202PG,FJ,0402,NP0 (C0G); ±5%; Pd/Ag; 13-inch Reeled,2000V,10 pF,,,,,,,Published
MLCC,Anti-Arcing High Voltage,FJ15N100J202ET,FJ,0402,NP0 (C0G); ±5%; Ag/Ni/Sn; 7-inch Reeled,2000V,10 pF,,,,,,,Published
MLCC,Anti-Arcing High Voltage,FJ15N100J202EG,FJ,0402,NP0 (C0G); ±5%; Ag/Ni/Sn; 13-inch Reeled,2000V,10 pF,,,,,,,Published
MLCC,Anti-Arcing High Voltage,FJ15N100K101PT,FJ,0402,NP0 (C0G); ±10%; Pd/Ag; 7-inch Reeled,100V,10 pF,,,,,,,Published
MLCC,Anti-Arcing High Voltage,FJ15N100K101PG,FJ,0402,NP0 (C0G); ±10%; Pd/Ag; 13-inch Reeled,100V,10 pF,,,,,,,Published
MLCC,Anti-Arcing High Voltage,FJ15N100K101ET,FJ,0402,NP0 (C0G); ±10%; Ag/Ni/Sn; 7-inch Reeled,100V,10 pF,,,,,,,Published
MLCC,Anti-Arcing High Voltage,FJ15N100K101EG,FJ,0402,NP0 (C0G); ±10%; Ag/Ni/Sn; 13-inch Reeled,100V,10 pF,,,,,,,Published
MLCC,Anti-Arcing High Voltage,FJ15N100K202PT,FJ,0402,NP0 (C0G); ±10%; Pd/Ag; 7-inch Reeled,2000V,10 pF,,,,,,,Published
MLCC,Anti-Arcing High Voltage,FJ15N100K202PG,FJ,0402,NP0 (C0G); ±10%; Pd/Ag; 13-inch Reeled,2000V,10 pF,,,,,,,Published
MLCC,Anti-Arcing High Voltage,FJ15N100K202ET,FJ,0402,NP0 (C0G); ±10%; Ag/Ni/Sn; 7-inch Reeled,2000V,10 pF,,,,,,,Published
MLCC,Anti-Arcing High Voltage,FJ15N100K202EG,FJ,0402,NP0 (C0G); ±10%; Ag/Ni/Sn; 13-inch Reeled,2000V,10 pF,,,,,,,Published
MLCC,Anti-Arcing High Voltage,FJ15N101J101PT,FJ,0402,NP0 (C0G); ±5%; Pd/Ag; 7-inch Reeled,100V,100 pF,,,,,,,Published
MLCC,Anti-Arcing High Voltage,FJ15N101J101PG,FJ,0402,NP0 (C0G); ±5%; Pd/Ag; 13-inch Reeled,100V,100 pF,,,,,,,Published
MLCC,Anti-Arcing High Voltage,FJ15N101J101ET,FJ,0402,NP0 (C0G); ±5%; Ag/Ni/Sn; 7-inch Reeled,100V,100 pF,,,,,,,Published
MLCC,Anti-Arcing High Voltage,FJ15N101J101EG,FJ,0402,NP0 (C0G); ±5%; Ag/Ni/Sn; 13-inch Reeled,100V,100 pF,,,,,,,Published
MLCC,Anti-Arcing High Voltage,FJ15N101J202PT,FJ,0402,NP0 (C0G); ±5%; Pd/Ag; 7-inch Reeled,2000V,100 pF,,,,,,,Published
MLCC,Anti-Arcing High Voltage,FJ15N101J202PG,FJ,0402,NP0 (C0G); ±5%; Pd/Ag; 13-inch Reeled,2000V,100 pF,,,,,,,Published
MLCC,Anti-Arcing High Voltage,FJ15N101J202ET,FJ,0402,NP0 (C0G); ±5%; Ag/Ni/Sn; 7-inch Reeled,2000V,100 pF,,,,,,,Published
MLCC,Anti-Arcing High Voltage,FJ15N101J202EG,FJ,0402,NP0 (C0G); ±5%; Ag/Ni/Sn; 13-inch Reeled,2000V,100 pF,,,,,,,Published
MLCC,Anti-Arcing High Voltage,FJ15N101K101PT,FJ,0402,NP0 (C0G); ±10%; Pd/Ag; 7-inch Reeled,100V,100 pF,,,,,,,Published
MLCC,Anti-Arcing High Voltage,FJ15N101K101PG,FJ,0402,NP0 (C0G); ±10%; Pd/Ag; 13-inch Reeled,100V,100 pF,,,,,,,Published
MLCC,Anti-Arcing High Voltage,FJ15N101K101ET,FJ,0402,NP0 (C0G); ±10%; Ag/Ni/Sn; 7-inch Reeled,100V,100 pF,,,,,,,Published
MLCC,Anti-Arcing High Voltage,FJ15N101K101EG,FJ,0402,NP0 (C0G); ±10%; Ag/Ni/Sn; 13-inch Reeled,100V,100 pF,,,,,,,Published
MLCC,Anti-Arcing High Voltage,FJ15N101K202PT,FJ,0402,NP0 (C0G); ±10%; Pd/Ag; 7-inch Reeled,2000V,100 pF,,,,,,,Published
MLCC,Anti-Arcing High Voltage,FJ15N101K202PG,FJ,0402,NP0 (C0G); ±10%; Pd/Ag; 13-inch Reeled,2000V,100 pF,,,,,,,Published
MLCC,Anti-Arcing High Voltage,FJ15N101K202ET,FJ,0402,NP0 (C0G); ±10%; Ag/Ni/Sn; 7-inch Reeled,2000V,100 pF,,,,,,,Published
MLCC,Anti-Arcing High Voltage,FJ15N101K202EG,FJ,0402,NP0 (C0G); ±10%; Ag/Ni/Sn; 13-inch Reeled,2000V,100 pF,,,,,,,Published
MLCC,Anti-Arcing High Voltage,FJ15N102J101PT,FJ,0402,NP0 (C0G); ±5%; Pd/Ag; 7-inch Reeled,100V,1 nF,,,,,,,Published
MLCC,Anti-Arcing High Voltage,FJ15N102J101PG,FJ,0402,NP0 (C0G); ±5%; Pd/Ag; 13-inch Reeled,100V,1 nF,,,,,,,Published
MLCC,Anti-Arcing High Voltage,FJ15N102J101ET,FJ,0402,NP0 (C0G); ±5%; Ag/Ni/Sn; 7-inch Reeled,100V,1 nF,,,,,,,Published
MLCC,Anti-Arcing High Voltage,FJ15N102J101EG,FJ,0402,NP0 (C0G); ±5%; Ag/Ni/Sn; 13-inch Reeled,100V,1 nF,,,,,,,Published
MLCC,Anti-Arcing High Voltage,FJ15N102J202PT,FJ,0402,NP0 (C0G); ±5%; Pd/Ag; 7-inch Reeled,2000V,1 nF,,,,,,,Published
MLCC,Anti-Arcing High Voltage,FJ15N102J202PG,FJ,0402,NP0 (C0G); ±5%; Pd/Ag; 13-inch Reeled,2000V,1 nF,,,,,,,Published
MLCC,Anti-Arcing High Voltage,FJ15N102J202ET,FJ,0402,NP0 (C0G); ±5%; Ag/Ni/Sn; 7-inch Reeled,2000V,1 nF,,,,,,,Published
MLCC,Anti-Arcing High Voltage,FJ15N102J202EG,FJ,0402,NP0 (C0G); ±5%; Ag/Ni/Sn; 13-inch Reeled,2000V,1 nF,,,,,,,Published
MLCC,Anti-Arcing High Voltage,FJ15N102K101PT,FJ,0402,NP0 (C0G); ±10%; Pd/Ag; 7-inch Reeled,100V,1 nF,,,,,,,Published
MLCC,Anti-Arcing High Voltage,FJ15N102K101PG,FJ,0402,NP0 (C0G); ±10%; Pd/Ag; 13-inch Reeled,100V,1 nF,,,,,,,Published
MLCC,Anti-Arcing High Voltage,FJ15N102K101ET,FJ,0402,NP0 (C0G); ±10%; Ag/Ni/Sn; 7-inch Reeled,100V,1 nF,,,,,,,Published
MLCC,Anti-Arcing High Voltage,FJ15N102K101EG,FJ,0402,NP0 (C0G); ±10%; Ag/Ni/Sn; 13-inch Reeled,100V,1 nF,,,,,,,Published
MLCC,Anti-Arcing High Voltage,FJ15N102K202PT,FJ,0402,NP0 (C0G); ±10%; Pd/Ag; 7-inch Reeled,2000V,1 nF,,,,,,,Published
MLCC,Anti-Arcing High Voltage,FJ15N102K202PG,FJ,0402,NP0 (C0G); ±10%; Pd/Ag; 13-inch Reeled,2000V,1 nF,,,,,,,Published
MLCC,Anti-Arcing High Voltage,FJ15N102K202ET,FJ,0402,NP0 (C0G); ±10%; Ag/Ni/Sn; 7-inch Reeled,2000V,1 nF,,,,,,,Published
MLCC,Anti-Arcing High Voltage,FJ15N102K202EG,FJ,0402,NP0 (C0G); ±10%; Ag/Ni/Sn; 13-inch Reeled,2000V,1 nF,,,,,,,Published
MLCC,Anti-Arcing High Voltage,FJ15N103J101PT,FJ,0402,NP0 (C0G); ±5%; Pd/Ag; 7-inch Reeled,100V,10 nF,,,,,,,Published
MLCC,Anti-Arcing High Voltage,FJ15N103J101PG,FJ,0402,NP0 (C0G); ±5%; Pd/Ag; 13-inch Reeled,100V,10 nF,,,,,,,Published
MLCC,Anti-Arcing High Voltage,FJ15N103J101ET,FJ,0402,NP0 (C0G); ±5%; Ag/Ni/Sn; 7-inch Reeled,100V,10 nF,,,,,,,Published
MLCC,Anti-Arcing High Voltage,FJ15N103J101EG,FJ,0402,NP0 (C0G); ±5%; Ag/Ni/Sn; 13-inch Reeled,100V,10 nF,,,,,,,Published
MLCC,Anti-Arcing High Voltage,FJ15N103J202PT,FJ,0402,NP0 (C0G); ±5%; Pd/Ag; 7-inch Reeled,2000V,10 nF,,,,,,,Published
MLCC,Anti-Arcing High Voltage,FJ15N103J202PG,FJ,0402,NP0 (C0G); ±5%; Pd/Ag; 13-inch Reeled,2000V,10 nF,,,,,,,Published
MLCC,Anti-Arcing High Voltage,FJ15N103J202ET,FJ,0402,NP0 (C0G); ±5%; Ag/Ni/Sn; 7-inch Reeled,2000V,10 nF,,,,,,,Published
MLCC,Anti-Arcing High Voltage,FJ15N103J202EG,FJ,0402,NP0 (C0G); ±5%; Ag/Ni/Sn; 13-inch Reeled,2000V,10 nF,,,,,,,Published
MLCC,Anti-Arcing High Voltage,FJ15N103K101PT,FJ,0402,NP0 (C0G); ±10%; Pd/Ag; 7-inch Reeled,100V,10 nF,,,,,,,Published
MLCC,Anti-Arcing High Voltage,FJ15N103K101PG,FJ,0402,NP0 (C0G); ±10%; Pd/Ag; 13-inch Reeled,100V,10 nF,,,,,,,Published
MLCC,Anti-Arcing High Voltage,FJ15N103K101ET,FJ,0402,NP0 (C0G); ±10%; Ag/Ni/Sn; 7-inch Reeled,100V,10 nF,,,,,,,Published
MLCC,Anti-Arcing High Voltage,FJ15N103K101EG,FJ,0402,NP0 (C0G); ±10%; Ag/Ni/Sn; 13-inch Reeled,100V,10 nF,,,,,,,Published
MLCC,Anti-Arcing High Voltage,FJ15N103K202PT,FJ,0402,NP0 (C0G); ±10%; Pd/Ag; 7-inch Reeled,2000V,10 nF,,,,,,,Published
MLCC,Anti-Arcing High Voltage,FJ15N103K202PG,FJ,0402,NP0 (C0G); ±10%; Pd/Ag; 13-inch Reeled,2000V,10 nF,,,,,,,Published
MLCC,Anti-Arcing High Voltage,FJ15N103K202ET,FJ,0402,NP0 (C0G); ±10%; Ag/Ni/Sn; 7-inch Reeled,2000V,10 nF,,,,,,,Published
MLCC,Anti-Arcing High Voltage,FJ15N103K202EG,FJ,0402,NP0 (C0G); ±10%; Ag/Ni/Sn; 13-inch Reeled,2000V,10 nF,,,,,,,Published
MLCC,Anti-Arcing High Voltage,FJ15N104J101PT,FJ,0402,NP0 (C0G); ±5%; Pd/Ag; 7-inch Reeled,100V,100 nF,,,,,,,Published
MLCC,Anti-Arcing High Voltage,FJ15N104J101PG,FJ,0402,NP0 (C0G); ±5%; Pd/Ag; 13-inch Reeled,100V,100 nF,,,,,,,Published
MLCC,Anti-Arcing High Voltage,FJ15N104J101ET,FJ,0402,NP0 (C0G); ±5%; Ag/Ni/Sn; 7-inch Reeled,100V,100 nF,,,,,,,Published
MLCC,Anti-Arcing High Voltage,FJ15N104J101EG,FJ,0402,NP0 (C0G); ±5%; Ag/Ni/Sn; 13-inch Reeled,100V,100 nF,,,,,,,Published
MLCC,Anti-Arcing High Voltage,FJ15N104J202PT,FJ,0402,NP0 (C0G); ±5%; Pd/Ag; 7-inch Reeled,2000V,100 nF,,,,,,,Published
MLCC,Anti-Arcing High Voltage,FJ15N104J202PG,FJ,0402,NP0 (C0G); ±5%; Pd/Ag; 13-inch Reeled,2000V,100 nF,,,,,,,Published
MLCC,Anti-Arcing High Voltage,FJ15N104J202ET,FJ,0402,NP0 (C0G); ±5%; Ag/Ni/Sn; 7-inch Reeled,2000V,100 nF,,,,,,,Published
MLCC,Anti-Arcing High Voltage,FJ15N104J202EG,FJ,0402,NP0 (C0G); ±5%; Ag/Ni/Sn; 13-inch Reeled,2000V,100 nF,,,,,,,Published
MLCC,Anti-Arcing High Voltage,FJ15N104K101PT,FJ,0402,NP0 (C0G); ±10%; Pd/Ag; 7-inch Reeled,100V,100 nF,,,,,,,Published
MLCC,Anti-Arcing High Voltage,FJ15N104K101PG,FJ,0402,NP0 (C0G); ±10%; Pd/Ag; 13-inch Reeled,100V,100 nF,,,,,,,Published
MLCC,Anti-Arcing High Voltage,FJ15N104K101ET,FJ,0402,NP0 (C0G); ±10%; Ag/Ni/Sn; 7-inch Reeled,100V,100 nF,,,,,,,Published
MLCC,Anti-Arcing High Voltage,FJ15N104K101EG,FJ,0402,NP0 (C0G); ±10%; Ag/Ni/Sn; 13-inch Reeled,100V,100 nF,,,,,,,Published
MLCC,Anti-Arcing High Voltage,FJ15N104K202PT,FJ,0402,NP0 (C0G); ±10%; Pd/Ag; 7-inch Reeled,2000V,100 nF,,,,,,,Published
MLCC,Anti-Arcing High Voltage,FJ15N104K202PG,FJ,0402,NP0 (C0G); ±10%; Pd/Ag; 13-inch Reeled,2000V,100 nF,,,,,,,Published
MLCC,Anti-Arcing High Voltage,FJ15N104K202ET,FJ,0402,NP0 (C0G); ±10%; Ag/Ni/Sn; 7-inch Reeled,2000V,100 nF,,,,,,,Published
MLCC,Anti-Arcing High Voltage,FJ15N104K202EG,FJ,0402,NP0 (C0G); ±10%; Ag/Ni/Sn; 13-inch Reeled,2000V,100 nF,,,,,,,Published
MLCC,Anti-Arcing High Voltage,FJ15N150J101PT,FJ,0402,NP0 (C0G); ±5%; Pd/Ag; 7-inch Reeled,100V,15 pF,,,,,,,Published
MLCC,Anti-Arcing High Voltage,FJ15N150J101PG,FJ,0402,NP0 (C0G); ±5%; Pd/Ag; 13-inch Reeled,100V,15 pF,,,,,,,Published
MLCC,Anti-Arcing High Voltage,FJ15N150J101ET,FJ,0402,NP0 (C0G); ±5%; Ag/Ni/Sn; 7-inch Reeled,100V,15 pF,,,,,,,Published
MLCC,Anti-Arcing High Voltage,FJ15N150J101EG,FJ,0402,NP0 (C0G); ±5%; Ag/Ni/Sn; 13-inch Reeled,100V,15 pF,,,,,,,Published
MLCC,Anti-Arcing High Voltage,FJ15N150J202PT,FJ,0402,NP0 (C0G); ±5%; Pd/Ag; 7-inch Reeled,2000V,15 pF,,,,,,,Published
MLCC,Anti-Arcing High Voltage,FJ15N150J202PG,FJ,0402,NP0 (C0G); ±5%; Pd/Ag; 13-inch Reeled,2000V,15 pF,,,,,,,Published
MLCC,Anti-Arcing High Voltage,FJ15N150J202ET,FJ,0402,NP0 (C0G); ±5%; Ag/Ni/Sn; 7-inch Reeled,2000V,15 pF,,,,,,,Published
MLCC,Anti-Arcing High Voltage,FJ15N150J202EG,FJ,0402,NP0 (C0G); ±5%; Ag/Ni/Sn; 13-inch Reeled,2000V,15 pF,,,,,,,Published
MLCC,Anti-Arcing High Voltage,FJ15N150K101PT,FJ,0402,NP0 (C0G); ±10%; Pd/Ag; 7-inch Reeled,100V,15 pF,,,,,,,Published
MLCC,Anti-Arcing High Voltage,FJ15N150K101PG,FJ,0402,NP0 (C0G); ±10%; Pd/Ag; 13-inch Reeled,100V,15 pF,,,,,,,Published
MLCC,Anti-Arcing High Voltage,FJ15N150K101ET,FJ,0402,NP0 (C0G); ±10%; Ag/Ni/Sn; 7-inch Reeled,100V,15 pF,,,,,,,Published
MLCC,Anti-Arcing High Voltage,FJ15N150K101EG,FJ,0402,NP0 (C0G); ±10%; Ag/Ni/Sn; 13-inch Reeled,100V,15 pF,,,,,,,Published
MLCC,Anti-Arcing High Voltage,FJ15N150K202PT,FJ,0402,NP0 (C0G); ±10%; Pd/Ag; 7-inch Reeled,2000V,15 pF,,,,,,,Published
MLCC,Anti-Arcing High Voltage,FJ15N150K202PG,FJ,0402,NP0 (C0G); ±10%; Pd/Ag; 13-inch Reeled,2000V,15 pF,,,,,,,Published
MLCC,Anti-Arcing High Voltage,FJ15N150K202ET,FJ,0402,NP0 (C0G); ±10%; Ag/Ni/Sn; 7-inch Reeled,2000V,15 pF,,,,,,,Published
MLCC,Anti-Arcing High Voltage,FJ15N150K202EG,FJ,0402,NP0 (C0G); ±10%; Ag/Ni/Sn; 13-inch Reeled,2000V,15 pF,,,,,,,Published
MLCC,Anti-Arcing High Voltage,FJ15N151J101PT,FJ,0402,NP0 (C0G); ±5%; Pd/Ag; 7-inch Reeled,100V,150 pF,,,,,,,Published
MLCC,Anti-Arcing High Voltage,FJ15N151J101PG,FJ,0402,NP0 (C0G); ±5%; Pd/Ag; 13-inch Reeled,100V,150 pF,,,,,,,Published
MLCC,Anti-Arcing High Voltage,FJ15N151J101ET,FJ,0402,NP0 (C0G); ±5%; Ag/Ni/Sn; 7-inch Reeled,100V,150 pF,,,,,,,Published
MLCC,Anti-Arcing High Voltage,FJ15N151J101EG,FJ,0402,NP0 (C0G); ±5%; Ag/Ni/Sn; 13-inch Reeled,100V,150 pF,,,,,,,Published
MLCC,Anti-Arcing High Voltage,FJ15N151J202PT,FJ,0402,NP0 (C0G); ±5%; Pd/Ag; 7-inch Reeled,2000V,150 pF,,,,,,,Published
MLCC,Anti-Arcing High Voltage,FJ15N151J202PG,FJ,0402,NP0 (C0G); ±5%; Pd/Ag; 13-inch Reeled,2000V,150 pF,,,,,,,Published
MLCC,Anti-Arcing High Voltage,FJ15N151J202ET,FJ,0402,NP0 (C0G); ±5%; Ag/Ni/Sn; 7-inch Reeled,2000V,150 pF,,,,,,,Published
MLCC,Anti-Arcing High Voltage,FJ15N151J202EG,FJ,0402,NP0 (C0G); ±5%; Ag/Ni/Sn; 13-inch Reeled,2000V,150 pF,,,,,,,Published
MLCC,Anti-Arcing High Voltage,FJ15N151K101PT,FJ,0402,NP0 (C0G); ±10%; Pd/Ag; 7-inch Reeled,100V,150 pF,,,,,,,Published
MLCC,Anti-Arcing High Voltage,FJ15N151K101PG,FJ,0402,NP0 (C0G); ±10%; Pd/Ag; 13-inch Reeled,100V,150 pF,,,,,,,Published
MLCC,Anti-Arcing High Voltage,FJ15N151K101ET,FJ,0402,NP0 (C0G); ±10%; Ag/Ni/Sn; 7-inch Reeled,100V,150 pF,,,,,,,Published
MLCC,Anti-Arcing High Voltage,FJ15N151K101EG,FJ,0402,NP0 (C0G); ±10%; Ag/Ni/Sn; 13-inch Reeled,100V,150 pF,,,,,,,Published
MLCC,Anti-Arcing High Voltage,FJ15N151K202PT,FJ,0402,NP0 (C0G); ±10%; Pd/Ag; 7-inch Reeled,2000V,150 pF,,,,,,,Published
MLCC,Anti-Arcing High Voltage,FJ15N151K202PG,FJ,0402,NP0 (C0G); ±10%; Pd/Ag; 13-inch Reeled,2000V,150 pF,,,,,,,Published
MLCC,Anti-Arcing High Voltage,FJ15N151K202ET,FJ,0402,NP0 (C0G); ±10%; Ag/Ni/Sn; 7-inch Reeled,2000V,150 pF,,,,,,,Published
MLCC,Anti-Arcing High Voltage,FJ15N151K202EG,FJ,0402,NP0 (C0G); ±10%; Ag/Ni/Sn; 13-inch Reeled,2000V,150 pF,,,,,,,Published
MLCC,Anti-Arcing High Voltage,FJ15N152J101PT,FJ,0402,NP0 (C0G); ±5%; Pd/Ag; 7-inch Reeled,100V,1.5 nF,,,,,,,Published
MLCC,Anti-Arcing High Voltage,FJ15N152J101PG,FJ,0402,NP0 (C0G); ±5%; Pd/Ag; 13-inch Reeled,100V,1.5 nF,,,,,,,Published
MLCC,Anti-Arcing High Voltage,FJ15N152J101ET,FJ,0402,NP0 (C0G); ±5%; Ag/Ni/Sn; 7-inch Reeled,100V,1.5 nF,,,,,,,Published
MLCC,Anti-Arcing High Voltage,FJ15N152J101EG,FJ,0402,NP0 (C0G); ±5%; Ag/Ni/Sn; 13-inch Reeled,100V,1.5 nF,,,,,,,Published
MLCC,Anti-Arcing High Voltage,FJ15N152J202PT,FJ,0402,NP0 (C0G); ±5%; Pd/Ag; 7-inch Reeled,2000V,1.5 nF,,,,,,,Published
MLCC,Anti-Arcing High Voltage,FJ15N152J202PG,FJ,0402,NP0 (C0G); ±5%; Pd/Ag; 13-inch Reeled,2000V,1.5 nF,,,,,,,Published
MLCC,Anti-Arcing High Voltage,FJ15N152J202ET,FJ,0402,NP0 (C0G); ±5%; Ag/Ni/Sn; 7-inch Reeled,2000V,1.5 nF,,,,,,,Published
MLCC,Anti-Arcing High Voltage,FJ15N152J202EG,FJ,0402,NP0 (C0G); ±5%; Ag/Ni/Sn; 13-inch Reeled,2000V,1.5 nF,,,,,,,Published
MLCC,Anti-Arcing High Voltage,FJ15N152K101PT,FJ,0402,NP0 (C0G); ±10%; Pd/Ag; 7-inch Reeled,100V,1.5 nF,,,,,,,Published
MLCC,Anti-Arcing High Voltage,FJ15N152K101PG,FJ,0402,NP0 (C0G); ±10%; Pd/Ag; 13-inch Reeled,100V,1.5 nF,,,,,,,Published
MLCC,Anti-Arcing High Voltage,FJ15N152K101ET,FJ,0402,NP0 (C0G); ±10%; Ag/Ni/Sn; 7-inch Reeled,100V,1.5 nF,,,,,,,Published
MLCC,Anti-Arcing High Voltage,FJ15N152K101EG,FJ,0402,NP0 (C0G); ±10%; Ag/Ni/Sn; 13-inch Reeled,100V,1.5 nF,,,,,,,Published
MLCC,Anti-Arcing High Voltage,FJ15N152K202PT,FJ,0402,NP0 (C0G); ±10%; Pd/Ag; 7-inch Reeled,2000V,1.5 nF,,,,,,,Published
MLCC,Anti-Arcing High Voltage,FJ15N152K202PG,FJ,0402,NP0 (C0G); ±10%; Pd/Ag; 13-inch Reeled,2000V,1.5 nF,,,,,,,Published
MLCC,Anti-Arcing High Voltage,FJ15N152K202ET,FJ,0402,NP0 (C0G); ±10%; Ag/Ni/Sn; 7-inch Reeled,2000V,1.5 nF,,,,,,,Published
MLCC,Anti-Arcing High Voltage,FJ15N152K202EG,FJ,0402,NP0 (C0G); ±10%; Ag/Ni/Sn; 13-inch Reeled,2000V,1.5 nF,,,,,,,Published
MLCC,Anti-Arcing High Voltage,FJ15N153J101PT,FJ,0402,NP0 (C0G); ±5%; Pd/Ag; 7-inch Reeled,100V,15 nF,,,,,,,Published
MLCC,Anti-Arcing High Voltage,FJ15N153J101PG,FJ,0402,NP0 (C0G); ±5%; Pd/Ag; 13-inch Reeled,100V,15 nF,,,,,,,Published
MLCC,Anti-Arcing High Voltage,FJ15N153J101ET,FJ,0402,NP0 (C0G); ±5%; Ag/Ni/Sn; 7-inch Reeled,100V,15 nF,,,,,,,Published
MLCC,Anti-Arcing High Voltage,FJ15N153J101EG,FJ,0402,NP0 (C0G); ±5%; Ag/Ni/Sn; 13-inch Reeled,100V,15 nF,,,,,,,Published
MLCC,Anti-Arcing High Voltage,FJ15N153J202PT,FJ,0402,NP0 (C0G); ±5%; Pd/Ag; 7-inch Reeled,2000V,15 nF,,,,,,,Published
MLCC,Anti-Arcing High Voltage,FJ15N153J202PG,FJ,0402,NP0 (C0G); ±5%; Pd/Ag; 13-inch Reeled,2000V,15 nF,,,,,,,Published
MLCC,Anti-Arcing High Voltage,FJ15N153J202ET,FJ,0402,NP0 (C0G); ±5%; Ag/Ni/Sn; 7-inch Reeled,2000V,15 nF,,,,,,,Published
MLCC,Anti-Arcing High Voltage,FJ15N153J202EG,FJ,0402,NP0 (C0G); ±5%; Ag/Ni/Sn; 13-inch Reeled,2000V,15 nF,,,,,,,Published
MLCC,Anti-Arcing High Voltage,FJ15N153K101PT,FJ,0402,NP0 (C0G); ±10%; Pd/Ag; 7-inch Reeled,100V,15 nF,,,,,,,Published
MLCC,Anti-Arcing High Voltage,FJ15N153K101PG,FJ,0402,NP0 (C0G); ±10%; Pd/Ag; 13-inch Reeled,100V,15 nF,,,,,,,Published
MLCC,Anti-Arcing High Voltage,FJ15N153K101ET,FJ,0402,NP0 (C0G); ±10%; Ag/Ni/Sn; 7-inch Reeled,100V,15 nF,,,,,,,Published
MLCC,Anti-Arcing High Voltage,FJ15N153K101EG,FJ,0402,NP0 (C0G); ±10%; Ag/Ni/Sn; 13-inch Reeled,100V,15 nF,,,,,,,Published
MLCC,Anti-Arcing High Voltage,FJ15N153K202PT,FJ,0402,NP0 (C0G); ±10%; Pd/Ag; 7-inch Reeled,2000V,15 nF,,,,,,,Published
MLCC,Anti-Arcing High Voltage,FJ15N153K202PG,FJ,0402,NP0 (C0G); ±10%; Pd/Ag; 13-inch Reeled,2000V,15 nF,,,,,,,Published
MLCC,Anti-Arcing High Voltage,FJ15N153K202ET,FJ,0402,NP0 (C0G); ±10%; Ag/Ni/Sn; 7-inch Reeled,2000V,15 nF,,,,,,,Published
MLCC,Anti-Arcing High Voltage,FJ15N153K202EG,FJ,0402,NP0 (C0G); ±10%; Ag/Ni/Sn; 13-inch Reeled,2000V,15 nF,,,,,,,Published
MLCC,Anti-Arcing High Voltage,FJ15N154J101PT,FJ,0402,NP0 (C0G); ±5%; Pd/Ag; 7-inch Reeled,100V,150 nF,,,,,,,Published
MLCC,Anti-Arcing High Voltage,FJ15N154J101PG,FJ,0402,NP0 (C0G); ±5%; Pd/Ag; 13-inch Reeled,100V,150 nF,,,,,,,Published
MLCC,Anti-Arcing High Voltage,FJ15N154J101ET,FJ,0402,NP0 (C0G); ±5%; Ag/Ni/Sn; 7-inch Reeled,100V,150 nF,,,,,,,Published
MLCC,Anti-Arcing High Voltage,FJ15N154J101EG,FJ,0402,NP0 (C0G); ±5%; Ag/Ni/Sn; 13-inch Reeled,100V,150 nF,,,,,,,Published
MLCC,Anti-Arcing High Voltage,FJ15N154J202PT,FJ,0402,NP0 (C0G); ±5%; Pd/Ag; 7-inch Reeled,2000V,150 nF,,,,,,,Published
MLCC,Anti-Arcing High Voltage,FJ15N154J202PG,FJ,0402,NP0 (C0G); ±5%; Pd/Ag; 13-inch Reeled,2000V,150 nF,,,,,,,Published
MLCC,Anti-Arcing High Voltage,FJ15N154J202ET,FJ,0402,NP0 (C0G); ±5%; Ag/Ni/Sn; 7-inch Reeled,2000V,150 nF,,,,,,,Published
MLCC,Anti-Arcing High Voltage,FJ15N154J202EG,FJ,0402,NP0 (C0G); ±5%; Ag/Ni/Sn; 13-inch Reeled,2000V,150 nF,,,,,,,Published
MLCC,Anti-Arcing High Voltage,FJ15N154K101PT,FJ,0402,NP0 (C0G); ±10%; Pd/Ag; 7-inch Reeled,100V,150 nF,,,,,,,Published
MLCC,Anti-Arcing High Voltage,FJ15N154K101PG,FJ,0402,NP0 (C0G); ±10%; Pd/Ag; 13-inch Reeled,100V,150 nF,,,,,,,Published
MLCC,Anti-Arcing High Voltage,FJ15N154K101ET,FJ,0402,NP0 (C0G); ±10%; Ag/Ni/Sn; 7-inch Reeled,100V,150 nF,,,,,,,Published
MLCC,Anti-Arcing High Voltage,FJ15N154K101EG,FJ,0402,NP0 (C0G); ±10%; Ag/Ni/Sn; 13-inch Reeled,100V,150 nF,,,,,,,Published
MLCC,Anti-Arcing High Voltage,FJ15N154K202PT,FJ,0402,NP0 (C0G); ±10%; Pd/Ag; 7-inch Reeled,2000V,150 nF,,,,,,,Published
MLCC,Anti-Arcing High Voltage,FJ15N154K202PG,FJ,0402,NP0 (C0G); ±10%; Pd/Ag; 13-inch Reeled,2000V,150 nF,,,,,,,Published
MLCC,Anti-Arcing High Voltage,FJ15N154K202ET,FJ,0402,NP0 (C0G); ±10%; Ag/Ni/Sn; 7-inch Reeled,2000V,150 nF,,,,,,,Published
MLCC,Anti-Arcing High Voltage,FJ15N154K202EG,FJ,0402,NP0 (C0G); ±10%; Ag/Ni/Sn; 13-inch Reeled,2000V,150 nF,,,,,,,Published
MLCC,Anti-Arcing High Voltage,FJ15N220J101PT,FJ,0402,NP0 (C0G); ±5%; Pd/Ag; 7-inch Reeled,100V,22 pF,,,,,,,Published
MLCC,Anti-Arcing High Voltage,FJ15N220J101PG,FJ,0402,NP0 (C0G); ±5%; Pd/Ag; 13-inch Reeled,100V,22 pF,,,,,,,Published
MLCC,Anti-Arcing High Voltage,FJ15N220J101ET,FJ,0402,NP0 (C0G); ±5%; Ag/Ni/Sn; 7-inch Reeled,100V,22 pF,,,,,,,Published
MLCC,Anti-Arcing High Voltage,FJ15N220J101EG,FJ,0402,NP0 (C0G); ±5%; Ag/Ni/Sn; 13-inch Reeled,100V,22 pF,,,,,,,Published
MLCC,Anti-Arcing High Voltage,FJ15N220J202PT,FJ,0402,NP0 (C0G); ±5%; Pd/Ag; 7-inch Reeled,2000V,22 pF,,,,,,,Published
MLCC,Anti-Arcing High Voltage,FJ15N220J202PG,FJ,0402,NP0 (C0G); ±5%; Pd/Ag; 13-inch Reeled,2000V,22 pF,,,,,,,Published
MLCC,Anti-Arcing High Voltage,FJ15N220J202ET,FJ,0402,NP0 (C0G); ±5%; Ag/Ni/Sn; 7-inch Reeled,2000V,22 pF,,,,,,,Published
MLCC,Anti-Arcing High Voltage,FJ15N220J202EG,FJ,0402,NP0 (C0G); ±5%; Ag/Ni/Sn; 13-inch Reeled,2000V,22 pF,,,,,,,Published
MLCC,Anti-Arcing High Voltage,FJ15N220K101PT,FJ,0402,NP0 (C0G); ±10%; Pd/Ag; 7-inch Reeled,100V,22 pF,,,,,,,Published
MLCC,Anti-Arcing High Voltage,FJ15N220K101PG,FJ,0402,NP0 (C0G); ±10%; Pd/Ag; 13-inch Reeled,100V,22 pF,,,,,,,Published
MLCC,Anti-Arcing High Voltage,FJ15N220K101ET,FJ,0402,NP0 (C0G); ±10%; Ag/Ni/Sn; 7-inch Reeled,100V,22 pF,,,,,,,Published
MLCC,Anti-Arcing High Voltage,FJ15N220K101EG,FJ,0402,NP0 (C0G); ±10%; Ag/Ni/Sn; 13-inch Reeled,100V,22 pF,,,,,,,Published
MLCC,Anti-Arcing High Voltage,FJ15N220K202PT,FJ,0402,NP0 (C0G); ±10%; Pd/Ag; 7-inch Reeled,2000V,22 pF,,,,,,,Published
MLCC,Anti-Arcing High Voltage,FJ15N220K202PG,FJ,0402,NP0 (C0G); ±10%; Pd/Ag; 13-inch Reeled,2000V,22 pF,,,,,,,Published
MLCC,Anti-Arcing High Voltage,FJ15N220K202ET,FJ,0402,NP0 (C0G); ±10%; Ag/Ni/Sn; 7-inch Reeled,2000V,22 pF,,,,,,,Published
MLCC,Anti-Arcing High Voltage,FJ15N220K202EG,FJ,0402,NP0 (C0G); ±10%; Ag/Ni/Sn; 13-inch Reeled,2000V,22 pF,,,,,,,Published
MLCC,Anti-Arcing High Voltage,FJ15N221J101PT,FJ,0402,NP0 (C0G); ±5%; Pd/Ag; 7-inch Reeled,100V,220 pF,,,,,,,Published
MLCC,Anti-Arcing High Voltage,FJ15N221J101PG,FJ,0402,NP0 (C0G); ±5%; Pd/Ag; 13-inch Reeled,100V,220 pF,,,,,,,Published
MLCC,Anti-Arcing High Voltage,FJ15N221J101ET,FJ,0402,NP0 (C0G); ±5%; Ag/Ni/Sn; 7-inch Reeled,100V,220 pF,,,,,,,Published
MLCC,Anti-Arcing High Voltage,FJ15N221J101EG,FJ,0402,NP0 (C0G); ±5%; Ag/Ni/Sn; 13-inch Reeled,100V,220 pF,,,,,,,Published
MLCC,Anti-Arcing High Voltage,FJ15N221J202PT,FJ,0402,NP0 (C0G); ±5%; Pd/Ag; 7-inch Reeled,2000V,220 pF,,,,,,,Published
MLCC,Anti-Arcing High Voltage,FJ15N221J202PG,FJ,0402,NP0 (C0G); ±5%; Pd/Ag; 13-inch Reeled,2000V,220 pF,,,,,,,Published
MLCC,Anti-Arcing High Voltage,FJ15N221J202ET,FJ,0402,NP0 (C0G); ±5%; Ag/Ni/Sn; 7-inch Reeled,2000V,220 pF,,,,,,,Published
MLCC,Anti-Arcing High Voltage,FJ15N221J202EG,FJ,0402,NP0 (C0G); ±5%; Ag/Ni/Sn; 13-inch Reeled,2000V,220 pF,,,,,,,Published
MLCC,Anti-Arcing High Voltage,FJ15N221K101PT,FJ,0402,NP0 (C0G); ±10%; Pd/Ag; 7-inch Reeled,100V,220 pF,,,,,,,Published
MLCC,Anti-Arcing High Voltage,FJ15N221K101PG,FJ,0402,NP0 (C0G); ±10%; Pd/Ag; 13-inch Reeled,100V,220 pF,,,,,,,Published
MLCC,Anti-Arcing High Voltage,FJ15N221K101ET,FJ,0402,NP0 (C0G); ±10%; Ag/Ni/Sn; 7-inch Reeled,100V,220 pF,,,,,,,Published
MLCC,Anti-Arcing High Voltage,FJ15N221K101EG,FJ,0402,NP0 (C0G); ±10%; Ag/Ni/Sn; 13-inch Reeled,100V,220 pF,,,,,,,Published
MLCC,Anti-Arcing High Voltage,FJ15N221K202PT,FJ,0402,NP0 (C0G); ±10%; Pd/Ag; 7-inch Reeled,2000V,220 pF,,,,,,,Published
MLCC,Anti-Arcing High Voltage,FJ15N221K202PG,FJ,0402,NP0 (C0G); ±10%; Pd/Ag; 13-inch Reeled,2000V,220 pF,,,,,,,Published
MLCC,Anti-Arcing High Voltage,FJ15N221K202ET,FJ,0402,NP0 (C0G); ±10%; Ag/Ni/Sn; 7-inch Reeled,2000V,220 pF,,,,,,,Published
MLCC,Anti-Arcing High Voltage,FJ15N221K202EG,FJ,0402,NP0 (C0G); ±10%; Ag/Ni/Sn; 13-inch Reeled,2000V,220 pF,,,,,,,Published
MLCC,Anti-Arcing High Voltage,FJ15N222J101PT,FJ,0402,NP0 (C0G); ±5%; Pd/Ag; 7-inch Reeled,100V,2.2 nF,,,,,,,Published
MLCC,Anti-Arcing High Voltage,FJ15N222J101PG,FJ,0402,NP0 (C0G); ±5%; Pd/Ag; 13-inch Reeled,100V,2.2 nF,,,,,,,Published
MLCC,Anti-Arcing High Voltage,FJ15N222J101ET,FJ,0402,NP0 (C0G); ±5%; Ag/Ni/Sn; 7-inch Reeled,100V,2.2 nF,,,,,,,Published
MLCC,Anti-Arcing High Voltage,FJ15N222J101EG,FJ,0402,NP0 (C0G); ±5%; Ag/Ni/Sn; 13-inch Reeled,100V,2.2 nF,,,,,,,Published
MLCC,Anti-Arcing High Voltage,FJ15N222J202PT,FJ,0402,NP0 (C0G); ±5%; Pd/Ag; 7-inch Reeled,2000V,2.2 nF,,,,,,,Published
MLCC,Anti-Arcing High Voltage,FJ15N222J202PG,FJ,0402,NP0 (C0G); ±5%; Pd/Ag; 13-inch Reeled,2000V,2.2 nF,,,,,,,Published
MLCC,Anti-Arcing High Voltage,FJ15N222J202ET,FJ,0402,NP0 (C0G); ±5%; Ag/Ni/Sn; 7-inch Reeled,2000V,2.2 nF,,,,,,,Published
MLCC,Anti-Arcing High Voltage,FJ15N222J202EG,FJ,0402,NP0 (C0G); ±5%; Ag/Ni/Sn; 13-inch Reeled,2000V,2.2 nF,,,,,,,Published
MLCC,Anti-Arcing High Voltage,FJ15N222K101PT,FJ,0402,NP0 (C0G); ±10%; Pd/Ag; 7-inch Reeled,100V,2.2 nF,,,,,,,Published
MLCC,Anti-Arcing High Voltage,FJ15N222K101PG,FJ,0402,NP0 (C0G); ±10%; Pd/Ag; 13-inch Reeled,100V,2.2 nF,,,,,,,Published
MLCC,Anti-Arcing High Voltage,FJ15N222K101ET,FJ,0402,NP0 (C0G); ±10%; Ag/Ni/Sn; 7-inch Reeled,100V,2.2 nF,,,,,,,Published
MLCC,Anti-Arcing High Voltage,FJ15N222K101EG,FJ,0402,NP0 (C0G); ±10%; Ag/Ni/Sn; 13-inch Reeled,100V,2.2 nF,,,,,,,Published
MLCC,Anti-Arcing High Voltage,FJ15N222K202PT,FJ,0402,NP0 (C0G); ±10%; Pd/Ag; 7-inch Reeled,2000V,2.2 nF,,,,,,,Published
MLCC,Anti-Arcing High Voltage,FJ15N222K202PG,FJ,0402,NP0 (C0G); ±10%; Pd/Ag; 13-inch Reeled,2000V,2.2 nF,,,,,,,Published
MLCC,Anti-Arcing High Voltage,FJ15N222K202ET,FJ,0402,NP0 (C0G); ±10%; Ag/Ni/Sn; 7-inch Reeled,2000V,2.2 nF,,,,,,,Published
MLCC,Anti-Arcing High Voltage,FJ15N222K202EG,FJ,0402,NP0 (C0G); ±10%; Ag/Ni/Sn; 13-inch Reeled,2000V,2.2 nF,,,,,,,Published
MLCC,Anti-Arcing High Voltage,FJ15N223J101PT,FJ,0402,NP0 (C0G); ±5%; Pd/Ag; 7-inch Reeled,100V,22 nF,,,,,,,Published
MLCC,Anti-Arcing High Voltage,FJ15N223J101PG,FJ,0402,NP0 (C0G); ±5%; Pd/Ag; 13-inch Reeled,100V,22 nF,,,,,,,Published
MLCC,Anti-Arcing High Voltage,FJ15N223J101ET,FJ,0402,NP0 (C0G); ±5%; Ag/Ni/Sn; 7-inch Reeled,100V,22 nF,,,,,,,Published
MLCC,Anti-Arcing High Voltage,FJ15N223J101EG,FJ,0402,NP0 (C0G); ±5%; Ag/Ni/Sn; 13-inch Reeled,100V,22 nF,,,,,,,Published
MLCC,Anti-Arcing High Voltage,FJ15N223J202PT,FJ,0402,NP0 (C0G); ±5%; Pd/Ag; 7-inch Reeled,2000V,22 nF,,,,,,,Published
MLCC,Anti-Arcing High Voltage,FJ15N223J202PG,FJ,0402,NP0 (C0G); ±5%; Pd/Ag; 13-inch Reeled,2000V,22 nF,,,,,,,Published
MLCC,Anti-Arcing High Voltage,FJ15N223J202ET,FJ,0402,NP0 (C0G); ±5%; Ag/Ni/Sn; 7-inch Reeled,2000V,22 nF,,,,,,,Published
MLCC,Anti-Arcing High Voltage,FJ15N223J202EG,FJ,0402,NP0 (C0G); ±5%; Ag/Ni/Sn; 13-inch Reeled,2000V,22 nF,,,,,,,Published
MLCC,Anti-Arcing High Voltage,FJ15N223K101PT,FJ,0402,NP0 (C0G); ±10%; Pd/Ag; 7-inch Reeled,100V,22 nF,,,,,,,Published
MLCC,Anti-Arcing High Voltage,FJ15N223K101PG,FJ,0402,NP0 (C0G); ±10%; Pd/Ag; 13-inch Reeled,100V,22 nF,,,,,,,Published
MLCC,Anti-Arcing High Voltage,FJ15N223K101ET,FJ,0402,NP0 (C0G); ±10%; Ag/Ni/Sn; 7-inch Reeled,100V,22 nF,,,,,,,Published
MLCC,Anti-Arcing High Voltage,FJ15N223K101EG,FJ,0402,NP0 (C0G); ±10%; Ag/Ni/Sn; 13-inch Reeled,100V,22 nF,,,,,,,Published
MLCC,Anti-Arcing High Voltage,FJ15N223K202PT,FJ,0402,NP0 (C0G); ±10%; Pd/Ag; 7-inch Reeled,2000V,22 nF,,,,,,,Published
MLCC,Anti-Arcing High Voltage,FJ15N223K202PG,FJ,0402,NP0 (C0G); ±10%; Pd/Ag; 13-inch Reeled,2000V,22 nF,,,,,,,Published
MLCC,Anti-Arcing High Voltage,FJ15N223K202ET,FJ,0402,NP0 (C0G); ±10%; Ag/Ni/Sn; 7-inch Reeled,2000V,22 nF,,,,,,,Published
MLCC,Anti-Arcing High Voltage,FJ15N223K202EG,FJ,0402,NP0 (C0G); ±10%; Ag/Ni/Sn; 13-inch Reeled,2000V,22 nF,,,,,,,Published
MLCC,Anti-Arcing High Voltage,FJ15N224J101PT,FJ,0402,NP0 (C0G); ±5%; Pd/Ag; 7-inch Reeled,100V,220 nF,,,,,,,Published
MLCC,Anti-Arcing High Voltage,FJ15N224J101PG,FJ,0402,NP0 (C0G); ±5%; Pd/Ag; 13-inch Reeled,100V,220 nF,,,,,,,Published
MLCC,Anti-Arcing High Voltage,FJ15N224J101ET,FJ,0402,NP0 (C0G); ±5%; Ag/Ni/Sn; 7-inch Reeled,100V,220 nF,,,,,,,Published
MLCC,Anti-Arcing High Voltage,FJ15N224J101EG,FJ,0402,NP0 (C0G); ±5%; Ag/Ni/Sn; 13-inch Reeled,100V,220 nF,,,,,,,Published
MLCC,Anti-Arcing High Voltage,FJ15N224J202PT,FJ,0402,NP0 (C0G); ±5%; Pd/Ag; 7-inch Reeled,2000V,220 nF,,,,,,,Published
MLCC,Anti-Arcing High Voltage,FJ15N224J202PG,FJ,0402,NP0 (C0G); ±5%; Pd/Ag; 13-inch Reeled,2000V,220 nF,,,,,,,Published
MLCC,Anti-Arcing High Voltage,FJ15N224J202ET,FJ,0402,NP0 (C0G); ±5%; Ag/Ni/Sn; 7-inch Reeled,2000V,220 nF,,,,,,,Published
MLCC,Anti-Arcing High Voltage,FJ15N224J202EG,FJ,0402,NP0 (C0G); ±5%; Ag/Ni/Sn; 13-inch Reeled,2000V,220 nF,,,,,,,Published
MLCC,Anti-Arcing High Voltage,FJ15N224K101PT,FJ,0402,NP0 (C0G); ±10%; Pd/Ag; 7-inch Reeled,100V,220 nF,,,,,,,Published
MLCC,Anti-Arcing High Voltage,FJ15N224K101PG,FJ,0402,NP0 (C0G); ±10%; Pd/Ag; 13-inch Reeled,100V,220 nF,,,,,,,Published
MLCC,Anti-Arcing High Voltage,FJ15N224K101ET,FJ,0402,NP0 (C0G); ±10%; Ag/Ni/Sn; 7-inch Reeled,100V,220 nF,,,,,,,Published
MLCC,Anti-Arcing High Voltage,FJ15N224K101EG,FJ,0402,NP0 (C0G); ±10%; Ag/Ni/Sn; 13-inch Reeled,100V,220 nF,,,,,,,Published
MLCC,Anti-Arcing High Voltage,FJ15N224K202PT,FJ,0402,NP0 (C0G); ±10%; Pd/Ag; 7-inch Reeled,2000V,220 nF,,,,,,,Published
MLCC,Anti-Arcing High Voltage,FJ15N224K202PG,FJ,0402,NP0 (C0G); ±10%; Pd/Ag; 13-inch Reeled,2000V,220 nF,,,,,,,Published
MLCC,Anti-Arcing High Voltage,FJ15N224K202ET,FJ,0402,NP0 (C0G); ±10%; Ag/Ni/Sn; 7-inch Reeled,2000V,220 nF,,,,,,,Published
MLCC,Anti-Arcing High Voltage,FJ15N224K202EG,FJ,0402,NP0 (C0G); ±10%; Ag/Ni/Sn; 13-inch Reeled,2000V,220 nF,,,,,,,Published
MLCC,Anti-Arcing High Voltage,FJ15N330J101PT,FJ,0402,NP0 (C0G); ±5%; Pd/Ag; 7-inch Reeled,100V,33 pF,,,,,,,Published
MLCC,Anti-Arcing High Voltage,FJ15N330J101PG,FJ,0402,NP0 (C0G); ±5%; Pd/Ag; 13-inch Reeled,100V,33 pF,,,,,,,Published
MLCC,Anti-Arcing High Voltage,FJ15N330J101ET,FJ,0402,NP0 (C0G); ±5%; Ag/Ni/Sn; 7-inch Reeled,100V,33 pF,,,,,,,Published
MLCC,Anti-Arcing High Voltage,FJ15N330J101EG,FJ,0402,NP0 (C0G); ±5%; Ag/Ni/Sn; 13-inch Reeled,100V,33 pF,,,,,,,Published
MLCC,Anti-Arcing High Voltage,FJ15N330J202PT,FJ,0402,NP0 (C0G); ±5%; Pd/Ag; 7-inch Reeled,2000V,33 pF,,,,,,,Published
MLCC,Anti-Arcing High Voltage,FJ15N330J202PG,FJ,0402,NP0 (C0G); ±5%; Pd/Ag; 13-inch Reeled,2000V,33 pF,,,,,,,Published
MLCC,Anti-Arcing High Voltage,FJ15N330J202ET,FJ,0402,NP0 (C0G); ±5%; Ag/Ni/Sn; 7-inch Reeled,2000V,33 pF,,,,,,,Published
MLCC,Anti-Arcing High Voltage,FJ15N330J202EG,FJ,0402,NP0 (C0G); ±5%; Ag/Ni/Sn; 13-inch Reeled,2000V,33 pF,,,,,,,Published
MLCC,Anti-Arcing High Voltage,FJ15N330K101PT,FJ,0402,NP0 (C0G); ±10%; Pd/Ag; 7-inch Reeled,100V,33 pF,,,,,,,Published
MLCC,Anti-Arcing High Voltage,FJ15N330K101PG,FJ,0402,NP0 (C0G); ±10%; Pd/Ag; 13-inch Reeled,100V,33 pF,,,,,,,Published
MLCC,Anti-Arcing High Voltage,FJ15N330K101ET,FJ,0402,NP0 (C0G); ±10%; Ag/Ni/Sn; 7-inch Reeled,100V,33 pF,,,,,,,Published
MLCC,Anti-Arcing High Voltage,FJ15N330K101EG,FJ,0402,NP0 (C0G); ±10%; Ag/Ni/Sn; 13-inch Reeled,100V,33 pF,,,,,,,Published
MLCC,Anti-Arcing High Voltage,FJ15N330K202PT,FJ,0402,NP0 (C0G); ±10%; Pd/Ag; 7-inch Reeled,2000V,33 pF,,,,,,,Published
MLCC,Anti-Arcing High Voltage,FJ15N330K202PG,FJ,0402,NP0 (C0G); ±10%; Pd/Ag; 13-inch Reeled,2000V,33 pF,,,,,,,Published
MLCC,Anti-Arcing High Voltage,FJ15N330K202ET,FJ,0402,NP0 (C0G); ±10%; Ag/Ni/Sn; 7-inch Reeled,2000V,33 pF,,,,,,,Published
MLCC,Anti-Arcing High Voltage,FJ15N330K202EG,FJ,0402,NP0 (C0G); ±10%; Ag/Ni/Sn; 13-inch Reeled,2000V,33 pF,,,,,,,Published
MLCC,Anti-Arcing High Voltage,FJ15N331J101PT,FJ,0402,NP0 (C0G); ±5%; Pd/Ag; 7-inch Reeled,100V,330 pF,,,,,,,Published
MLCC,Anti-Arcing High Voltage,FJ15N331J101PG,FJ,0402,NP0 (C0G); ±5%; Pd/Ag; 13-inch Reeled,100V,330 pF,,,,,,,Published
MLCC,Anti-Arcing High Voltage,FJ15N331J101ET,FJ,0402,NP0 (C0G); ±5%; Ag/Ni/Sn; 7-inch Reeled,100V,330 pF,,,,,,,Published
MLCC,Anti-Arcing High Voltage,FJ15N331J101EG,FJ,0402,NP0 (C0G); ±5%; Ag/Ni/Sn; 13-inch Reeled,100V,330 pF,,,,,,,Published
MLCC,Anti-Arcing High Voltage,FJ15N331J202PT,FJ,0402,NP0 (C0G); ±5%; Pd/Ag; 7-inch Reeled,2000V,330 pF,,,,,,,Published
MLCC,Anti-Arcing High Voltage,FJ15N331J202PG,FJ,0402,NP0 (C0G); ±5%; Pd/Ag; 13-inch Reeled,2000V,330 pF,,,,,,,Published
MLCC,Anti-Arcing High Voltage,FJ15N331J202ET,FJ,0402,NP0 (C0G); ±5%; Ag/Ni/Sn; 7-inch Reeled,2000V,330 pF,,,,,,,Published
MLCC,Anti-Arcing High Voltage,FJ15N331J202EG,FJ,0402,NP0 (C0G); ±5%; Ag/Ni/Sn; 13-inch Reeled,2000V,330 pF,,,,,,,Published
MLCC,Anti-Arcing High Voltage,FJ15N331K101PT,FJ,0402,NP0 (C0G); ±10%; Pd/Ag; 7-inch Reeled,100V,330 pF,,,,,,,Published
MLCC,Anti-Arcing High Voltage,FJ15N331K101PG,FJ,0402,NP0 (C0G); ±10%; Pd/Ag; 13-inch Reeled,100V,330 pF,,,,,,,Published
MLCC,Anti-Arcing High Voltage,FJ15N331K101ET,FJ,0402,NP0 (C0G); ±10%; Ag/Ni/Sn; 7-inch Reeled,100V,330 pF,,,,,,,Published
MLCC,Anti-Arcing High Voltage,FJ15N331K101EG,FJ,0402,NP0 (C0G); ±10%; Ag/Ni/Sn; 13-inch Reeled,100V,330 pF,,,,,,,Published
MLCC,Anti-Arcing High Voltage,FJ15N331K202PT,FJ,0402,NP0 (C0G); ±10%; Pd/Ag; 7-inch Reeled,2000V,330 pF,,,,,,,Published
MLCC,Anti-Arcing High Voltage,FJ15N331K202PG,FJ,0402,NP0 (C0G); ±10%; Pd/Ag; 13-inch Reeled,2000V,330 pF,,,,,,,Published
MLCC,Anti-Arcing High Voltage,FJ15N331K202ET,FJ,0402,NP0 (C0G); ±10%; Ag/Ni/Sn; 7-inch Reeled,2000V,330 pF,,,,,,,Published
MLCC,Anti-Arcing High Voltage,FJ15N331K202EG,FJ,0402,NP0 (C0G); ±10%; Ag/Ni/Sn; 13-inch Reeled,2000V,330 pF,,,,,,,Published
MLCC,Anti-Arcing High Voltage,FJ15N332J101PT,FJ,0402,NP0 (C0G); ±5%; Pd/Ag; 7-inch Reeled,100V,3.3 nF,,,,,,,Published
MLCC,Anti-Arcing High Voltage,FJ15N332J101PG,FJ,0402,NP0 (C0G); ±5%; Pd/Ag; 13-inch Reeled,100V,3.3 nF,,,,,,,Published
MLCC,Anti-Arcing High Voltage,FJ15N332J101ET,FJ,0402,NP0 (C0G); ±5%; Ag/Ni/Sn; 7-inch Reeled,100V,3.3 nF,,,,,,,Published
MLCC,Anti-Arcing High Voltage,FJ15N332J101EG,FJ,0402,NP0 (C0G); ±5%; Ag/Ni/Sn; 13-inch Reeled,100V,3.3 nF,,,,,,,Published
MLCC,Anti-Arcing High Voltage,FJ15N332J202PT,FJ,0402,NP0 (C0G); ±5%; Pd/Ag; 7-inch Reeled,2000V,3.3 nF,,,,,,,Published
MLCC,Anti-Arcing High Voltage,FJ15N332J202PG,FJ,0402,NP0 (C0G); ±5%; Pd/Ag; 13-inch Reeled,2000V,3.3 nF,,,,,,,Published
MLCC,Anti-Arcing High Voltage,FJ15N332J202ET,FJ,0402,NP0 (C0G); ±5%; Ag/Ni/Sn; 7-inch Reeled,2000V,3.3 nF,,,,,,,Published
MLCC,Anti-Arcing High Voltage,FJ15N332J202EG,FJ,0402,NP0 (C0G); ±5%; Ag/Ni/Sn; 13-inch Reeled,2000V,3.3 nF,,,,,,,Published
MLCC,Anti-Arcing High Voltage,FJ15N332K101PT,FJ,0402,NP0 (C0G); ±10%; Pd/Ag; 7-inch Reeled,100V,3.3 nF,,,,,,,Published
MLCC,Anti-Arcing High Voltage,FJ15N332K101PG,FJ,0402,NP0 (C0G); ±10%; Pd/Ag; 13-inch Reeled,100V,3.3 nF,,,,,,,Published
MLCC,Anti-Arcing High Voltage,FJ15N332K101ET,FJ,0402,NP0 (C0G); ±10%; Ag/Ni/Sn; 7-inch Reeled,100V,3.3 nF,,,,,,,Published
MLCC,Anti-Arcing High Voltage,FJ15N332K101EG,FJ,0402,NP0 (C0G); ±10%; Ag/Ni/Sn; 13-inch Reeled,100V,3.3 nF,,,,,,,Published
MLCC,Anti-Arcing High Voltage,FJ15N332K202PT,FJ,0402,NP0 (C0G); ±10%; Pd/Ag; 7-inch Reeled,2000V,3.3 nF,,,,,,,Published
MLCC,Anti-Arcing High Voltage,FJ15N332K202PG,FJ,0402,NP0 (C0G); ±10%; Pd/Ag; 13-inch Reeled,2000V,3.3 nF,,,,,,,Published
MLCC,Anti-Arcing High Voltage,FJ15N332K202ET,FJ,0402,NP0 (C0G); ±10%; Ag/Ni/Sn; 7-inch Reeled,2000V,3.3 nF,,,,,,,Published
MLCC,Anti-Arcing High Voltage,FJ15N332K202EG,FJ,0402,NP0 (C0G); ±10%; Ag/Ni/Sn; 13-inch Reeled,2000V,3.3 nF,,,,,,,Published
MLCC,Anti-Arcing High Voltage,FJ15N333J101PT,FJ,0402,NP0 (C0G); ±5%; Pd/Ag; 7-inch Reeled,100V,33 nF,,,,,,,Published
MLCC,Anti-Arcing High Voltage,FJ15N333J101PG,FJ,0402,NP0 (C0G); ±5%; Pd/Ag; 13-inch Reeled,100V,33 nF,,,,,,,Published
MLCC,Anti-Arcing High Voltage,FJ15N333J101ET,FJ,0402,NP0 (C0G); ±5%; Ag/Ni/Sn; 7-inch Reeled,100V,33 nF,,,,,,,Published
MLCC,Anti-Arcing High Voltage,FJ15N333J101EG,FJ,0402,NP0 (C0G); ±5%; Ag/Ni/Sn; 13-inch Reeled,100V,33 nF,,,,,,,Published
MLCC,Anti-Arcing High Voltage,FJ15N333J202PT,FJ,0402,NP0 (C0G); ±5%; Pd/Ag; 7-inch Reeled,2000V,33 nF,,,,,,,Published
MLCC,Anti-Arcing High Voltage,FJ15N333J202PG,FJ,0402,NP0 (C0G); ±5%; Pd/Ag; 13-inch Reeled,2000V,33 nF,,,,,,,Published
MLCC,Anti-Arcing High Voltage,FJ15N333J202ET,FJ,0402,NP0 (C0G); ±5%; Ag/Ni/Sn; 7-inch Reeled,2000V,33 nF,,,,,,,Published
MLCC,Anti-Arcing High Voltage,FJ15N333J202EG,FJ,0402,NP0 (C0G); ±5%; Ag/Ni/Sn; 13-inch Reeled,2000V,33 nF,,,,,,,Published
MLCC,Anti-Arcing High Voltage,FJ15N333K101PT,FJ,0402,NP0 (C0G); ±10%; Pd/Ag; 7-inch Reeled,100V,33 nF,,,,,,,Published
MLCC,Anti-Arcing High Voltage,FJ15N333K101PG,FJ,0402,NP0 (C0G); ±10%; Pd/Ag; 13-inch Reeled,100V,33 nF,,,,,,,Published
MLCC,Anti-Arcing High Voltage,FJ15N333K101ET,FJ,0402,NP0 (C0G); ±10%; Ag/Ni/Sn; 7-inch Reeled,100V,33 nF,,,,,,,Published
MLCC,Anti-Arcing High Voltage,FJ15N333K101EG,FJ,0402,NP0 (C0G); ±10%; Ag/Ni/Sn; 13-inch Reeled,100V,33 nF,,,,,,,Published
MLCC,Anti-Arcing High Voltage,FJ15N333K202PT,FJ,0402,NP0 (C0G); ±10%; Pd/Ag; 7-inch Reeled,2000V,33 nF,,,,,,,Published
MLCC,Anti-Arcing High Voltage,FJ15N333K202PG,FJ,0402,NP0 (C0G); ±10%; Pd/Ag; 13-inch Reeled,2000V,33 nF,,,,,,,Published
MLCC,Anti-Arcing High Voltage,FJ15N333K202ET,FJ,0402,NP0 (C0G); ±10%; Ag/Ni/Sn; 7-inch Reeled,2000V,33 nF,,,,,,,Published
MLCC,Anti-Arcing High Voltage,FJ15N333K202EG,FJ,0402,NP0 (C0G); ±10%; Ag/Ni/Sn; 13-inch Reeled,2000V,33 nF,,,,,,,Published
MLCC,Anti-Arcing High Voltage,FJ15N334J101PT,FJ,0402,NP0 (C0G); ±5%; Pd/Ag; 7-inch Reeled,100V,330 nF,,,,,,,Published
MLCC,Anti-Arcing High Voltage,FJ15N334J101PG,FJ,0402,NP0 (C0G); ±5%; Pd/Ag; 13-inch Reeled,100V,330 nF,,,,,,,Published
MLCC,Anti-Arcing High Voltage,FJ15N334J101ET,FJ,0402,NP0 (C0G); ±5%; Ag/Ni/Sn; 7-inch Reeled,100V,330 nF,,,,,,,Published
MLCC,Anti-Arcing High Voltage,FJ15N334J101EG,FJ,0402,NP0 (C0G); ±5%; Ag/Ni/Sn; 13-inch Reeled,100V,330 nF,,,,,,,Published
MLCC,Anti-Arcing High Voltage,FJ15N334J202PT,FJ,0402,NP0 (C0G); ±5%; Pd/Ag; 7-inch Reeled,2000V,330 nF,,,,,,,Published
MLCC,Anti-Arcing High Voltage,FJ15N334J202PG,FJ,0402,NP0 (C0G); ±5%; Pd/Ag; 13-inch Reeled,2000V,330 nF,,,,,,,Published
MLCC,Anti-Arcing High Voltage,FJ15N334J202ET,FJ,0402,NP0 (C0G); ±5%; Ag/Ni/Sn; 7-inch Reeled,2000V,330 nF,,,,,,,Published
MLCC,Anti-Arcing High Voltage,FJ15N334J202EG,FJ,0402,NP0 (C0G); ±5%; Ag/Ni/Sn; 13-inch Reeled,2000V,330 nF,,,,,,,Published
MLCC,Anti-Arcing High Voltage,FJ15N334K101PT,FJ,0402,NP0 (C0G); ±10%; Pd/Ag; 7-inch Reeled,100V,330 nF,,,,,,,Published
MLCC,Anti-Arcing High Voltage,FJ15N334K101PG,FJ,0402,NP0 (C0G); ±10%; Pd/Ag; 13-inch Reeled,100V,330 nF,,,,,,,Published
MLCC,Anti-Arcing High Voltage,FJ15N334K101ET,FJ,0402,NP0 (C0G); ±10%; Ag/Ni/Sn; 7-inch Reeled,100V,330 nF,,,,,,,Published
MLCC,Anti-Arcing High Voltage,FJ15N334K101EG,FJ,0402,NP0 (C0G); ±10%; Ag/Ni/Sn; 13-inch Reeled,100V,330 nF,,,,,,,Published
MLCC,Anti-Arcing High Voltage,FJ15N334K202PT,FJ,0402,NP0 (C0G); ±10%; Pd/Ag; 7-inch Reeled,2000V,330 nF,,,,,,,Published
MLCC,Anti-Arcing High Voltage,FJ15N334K202PG,FJ,0402,NP0 (C0G); ±10%; Pd/Ag; 13-inch Reeled,2000V,330 nF,,,,,,,Published
MLCC,Anti-Arcing High Voltage,FJ15N334K202ET,FJ,0402,NP0 (C0G); ±10%; Ag/Ni/Sn; 7-inch Reeled,2000V,330 nF,,,,,,,Published
MLCC,Anti-Arcing High Voltage,FJ15N334K202EG,FJ,0402,NP0 (C0G); ±10%; Ag/Ni/Sn; 13-inch Reeled,2000V,330 nF,,,,,,,Published
MLCC,Anti-Arcing High Voltage,FJ15N470J101PT,FJ,0402,NP0 (C0G); ±5%; Pd/Ag; 7-inch Reeled,100V,47 pF,,,,,,,Published
MLCC,Anti-Arcing High Voltage,FJ15N470J101PG,FJ,0402,NP0 (C0G); ±5%; Pd/Ag; 13-inch Reeled,100V,47 pF,,,,,,,Published
MLCC,Anti-Arcing High Voltage,FJ15N470J101ET,FJ,0402,NP0 (C0G); ±5%; Ag/Ni/Sn; 7-inch Reeled,100V,47 pF,,,,,,,Published
MLCC,Anti-Arcing High Voltage,FJ15N470J101EG,FJ,0402,NP0 (C0G); ±5%; Ag/Ni/Sn; 13-inch Reeled,100V,47 pF,,,,,,,Published
MLCC,Anti-Arcing High Voltage,FJ15N470J202PT,FJ,0402,NP0 (C0G); ±5%; Pd/Ag; 7-inch Reeled,2000V,47 pF,,,,,,,Published
MLCC,Anti-Arcing High Voltage,FJ15N470J202PG,FJ,0402,NP0 (C0G); ±5%; Pd/Ag; 13-inch Reeled,2000V,47 pF,,,,,,,Published
MLCC,Anti-Arcing High Voltage,FJ15N470J202ET,FJ,0402,NP0 (C0G); ±5%; Ag/Ni/Sn; 7-inch Reeled,2000V,47 pF,,,,,,,Published
MLCC,Anti-Arcing High Voltage,FJ15N470J202EG,FJ,0402,NP0 (C0G); ±5%; Ag/Ni/Sn; 13-inch Reeled,2000V,47 pF,,,,,,,Published
MLCC,Anti-Arcing High Voltage,FJ15N470K101PT,FJ,0402,NP0 (C0G); ±10%; Pd/Ag; 7-inch Reeled,100V,47 pF,,,,,,,Published
MLCC,Anti-Arcing High Voltage,FJ15N470K101PG,FJ,0402,NP0 (C0G); ±10%; Pd/Ag; 13-inch Reeled,100V,47 pF,,,,,,,Published
MLCC,Anti-Arcing High Voltage,FJ15N470K101ET,FJ,0402,NP0 (C0G); ±10%; Ag/Ni/Sn; 7-inch Reeled,100V,47 pF,,,,,,,Published
MLCC,Anti-Arcing High Voltage,FJ15N470K101EG,FJ,0402,NP0 (C0G); ±10%; Ag/Ni/Sn; 13-inch Reeled,100V,47 pF,,,,,,,Published
MLCC,Anti-Arcing High Voltage,FJ15N470K202PT,FJ,0402,NP0 (C0G); ±10%; Pd/Ag; 7-inch Reeled,2000V,47 pF,,,,,,,Published
MLCC,Anti-Arcing High Voltage,FJ15N470K202PG,FJ,0402,NP0 (C0G); ±10%; Pd/Ag; 13-inch Reeled,2000V,47 pF,,,,,,,Published
MLCC,Anti-Arcing High Voltage,FJ15N470K202ET,FJ,0402,NP0 (C0G); ±10%; Ag/Ni/Sn; 7-inch Reeled,2000V,47 pF,,,,,,,Published
MLCC,Anti-Arcing High Voltage,FJ15N470K202EG,FJ,0402,NP0 (C0G); ±10%; Ag/Ni/Sn; 13-inch Reeled,2000V,47 pF,,,,,,,Published
MLCC,Anti-Arcing High Voltage,FJ15N471J101PT,FJ,0402,NP0 (C0G); ±5%; Pd/Ag; 7-inch Reeled,100V,470 pF,,,,,,,Published
MLCC,Anti-Arcing High Voltage,FJ15N471J101PG,FJ,0402,NP0 (C0G); ±5%; Pd/Ag; 13-inch Reeled,100V,470 pF,,,,,,,Published
MLCC,Anti-Arcing High Voltage,FJ15N471J101ET,FJ,0402,NP0 (C0G); ±5%; Ag/Ni/Sn; 7-inch Reeled,100V,470 pF,,,,,,,Published
MLCC,Anti-Arcing High Voltage,FJ15N471J101EG,FJ,0402,NP0 (C0G); ±5%; Ag/Ni/Sn; 13-inch Reeled,100V,470 pF,,,,,,,Published
MLCC,Anti-Arcing High Voltage,FJ15N471J202PT,FJ,0402,NP0 (C0G); ±5%; Pd/Ag; 7-inch Reeled,2000V,470 pF,,,,,,,Published
MLCC,Anti-Arcing High Voltage,FJ15N471J202PG,FJ,0402,NP0 (C0G); ±5%; Pd/Ag; 13-inch Reeled,2000V,470 pF,,,,,,,Published
MLCC,Anti-Arcing High Voltage,FJ15N471J202ET,FJ,0402,NP0 (C0G); ±5%; Ag/Ni/Sn; 7-inch Reeled,2000V,470 pF,,,,,,,Published
MLCC,Anti-Arcing High Voltage,FJ15N471J202EG,FJ,0402,NP0 (C0G); ±5%; Ag/Ni/Sn; 13-inch Reeled,2000V,470 pF,,,,,,,Published
MLCC,Anti-Arcing High Voltage,FJ15N471K101PT,FJ,0402,NP0 (C0G); ±10%; Pd/Ag; 7-inch Reeled,100V,470 pF,,,,,,,Published
MLCC,Anti-Arcing High Voltage,FJ15N471K101PG,FJ,0402,NP0 (C0G); ±10%; Pd/Ag; 13-inch Reeled,100V,470 pF,,,,,,,Published
MLCC,Anti-Arcing High Voltage,FJ15N471K101ET,FJ,0402,NP0 (C0G); ±10%; Ag/Ni/Sn; 7-inch Reeled,100V,470 pF,,,,,,,Published
MLCC,Anti-Arcing High Voltage,FJ15N471K101EG,FJ,0402,NP0 (C0G); ±10%; Ag/Ni/Sn; 13-inch Reeled,100V,470 pF,,,,,,,Published
MLCC,Anti-Arcing High Voltage,FJ15N471K202PT,FJ,0402,NP0 (C0G); ±10%; Pd/Ag; 7-inch Reeled,2000V,470 pF,,,,,,,Published
MLCC,Anti-Arcing High Voltage,FJ15N471K202PG,FJ,0402,NP0 (C0G); ±10%; Pd/Ag; 13-inch Reeled,2000V,470 pF,,,,,,,Published
MLCC,Anti-Arcing High Voltage,FJ15N471K202ET,FJ,0402,NP0 (C0G); ±10%; Ag/Ni/Sn; 7-inch Reeled,2000V,470 pF,,,,,,,Published
MLCC,Anti-Arcing High Voltage,FJ15N471K202EG,FJ,0402,NP0 (C0G); ±10%; Ag/Ni/Sn; 13-inch Reeled,2000V,470 pF,,,,,,,Published
MLCC,Anti-Arcing High Voltage,FJ15N472J101PT,FJ,0402,NP0 (C0G); ±5%; Pd/Ag; 7-inch Reeled,100V,4.7 nF,,,,,,,Published
MLCC,Anti-Arcing High Voltage,FJ15N472J101PG,FJ,0402,NP0 (C0G); ±5%; Pd/Ag; 13-inch Reeled,100V,4.7 nF,,,,,,,Published
MLCC,Anti-Arcing High Voltage,FJ15N472J101ET,FJ,0402,NP0 (C0G); ±5%; Ag/Ni/Sn; 7-inch Reeled,100V,4.7 nF,,,,,,,Published
MLCC,Anti-Arcing High Voltage,FJ15N472J101EG,FJ,0402,NP0 (C0G); ±5%; Ag/Ni/Sn; 13-inch Reeled,100V,4.7 nF,,,,,,,Published
MLCC,Anti-Arcing High Voltage,FJ15N472J202PT,FJ,0402,NP0 (C0G); ±5%; Pd/Ag; 7-inch Reeled,2000V,4.7 nF,,,,,,,Published
MLCC,Anti-Arcing High Voltage,FJ15N472J202PG,FJ,0402,NP0 (C0G); ±5%; Pd/Ag; 13-inch Reeled,2000V,4.7 nF,,,,,,,Published
MLCC,Anti-Arcing High Voltage,FJ15N472J202ET,FJ,0402,NP0 (C0G); ±5%; Ag/Ni/Sn; 7-inch Reeled,2000V,4.7 nF,,,,,,,Published
MLCC,Anti-Arcing High Voltage,FJ15N472J202EG,FJ,0402,NP0 (C0G); ±5%; Ag/Ni/Sn; 13-inch Reeled,2000V,4.7 nF,,,,,,,Published
MLCC,Anti-Arcing High Voltage,FJ15N472K101PT,FJ,0402,NP0 (C0G); ±10%; Pd/Ag; 7-inch Reeled,100V,4.7 nF,,,,,,,Published
MLCC,Anti-Arcing High Voltage,FJ15N472K101PG,FJ,0402,NP0 (C0G); ±10%; Pd/Ag; 13-inch Reeled,100V,4.7 nF,,,,,,,Published
MLCC,Anti-Arcing High Voltage,FJ15N472K101ET,FJ,0402,NP0 (C0G); ±10%; Ag/Ni/Sn; 7-inch Reeled,100V,4.7 nF,,,,,,,Published
MLCC,Anti-Arcing High Voltage,FJ15N472K101EG,FJ,0402,NP0 (C0G); ±10%; Ag/Ni/Sn; 13-inch Reeled,100V,4.7 nF,,,,,,,Published
MLCC,Anti-Arcing High Voltage,FJ15N472K202PT,FJ,0402,NP0 (C0G); ±10%; Pd/Ag; 7-inch Reeled,2000V,4.7 nF,,,,,,,Published
MLCC,Anti-Arcing High Voltage,FJ15N472K202PG,FJ,0402,NP0 (C0G); ±10%; Pd/Ag; 13-inch Reeled,2000V,4.7 nF,,,,,,,Published
MLCC,Anti-Arcing High Voltage,FJ15N472K202ET,FJ,0402,NP0 (C0G); ±10%; Ag/Ni/Sn; 7-inch Reeled,2000V,4.7 nF,,,,,,,Published
MLCC,Anti-Arcing High Voltage,FJ15N472K202EG,FJ,0402,NP0 (C0G); ±10%; Ag/Ni/Sn; 13-inch Reeled,2000V,4.7 nF,,,,,,,Published
MLCC,Anti-Arcing High Voltage,FJ15N473J101PT,FJ,0402,NP0 (C0G); ±5%; Pd/Ag; 7-inch Reeled,100V,47 nF,,,,,,,Published
MLCC,Anti-Arcing High Voltage,FJ15N473J101PG,FJ,0402,NP0 (C0G); ±5%; Pd/Ag; 13-inch Reeled,100V,47 nF,,,,,,,Published
MLCC,Anti-Arcing High Voltage,FJ15N473J101ET,FJ,0402,NP0 (C0G); ±5%; Ag/Ni/Sn; 7-inch Reeled,100V,47 nF,,,,,,,Published
MLCC,Anti-Arcing High Voltage,FJ15N473J101EG,FJ,0402,NP0 (C0G); ±5%; Ag/Ni/Sn; 13-inch Reeled,100V,47 nF,,,,,,,Published
MLCC,Anti-Arcing High Voltage,FJ15N473J202PT,FJ,0402,NP0 (C0G); ±5%; Pd/Ag; 7-inch Reeled,2000V,47 nF,,,,,,,Published
MLCC,Anti-Arcing High Voltage,FJ15N473J202PG,FJ,0402,NP0 (C0G); ±5%; Pd/Ag; 13-inch Reeled,2000V,47 nF,,,,,,,Published
MLCC,Anti-Arcing High Voltage,FJ15N473J202ET,FJ,0402,NP0 (C0G); ±5%; Ag/Ni/Sn; 7-inch Reeled,2000V,47 nF,,,,,,,Published
MLCC,Anti-Arcing High Voltage,FJ15N473J202EG,FJ,0402,NP0 (C0G); ±5%; Ag/Ni/Sn; 13-inch Reeled,2000V,47 nF,,,,,,,Published
MLCC,Anti-Arcing High Voltage,FJ15N473K101PT,FJ,0402,NP0 (C0G); ±10%; Pd/Ag; 7-inch Reeled,100V,47 nF,,,,,,,Published
MLCC,Anti-Arcing High Voltage,FJ15N473K101PG,FJ,0402,NP0 (C0G); ±10%; Pd/Ag; 13-inch Reeled,100V,47 nF,,,,,,,Published
MLCC,Anti-Arcing High Voltage,FJ15N473K101ET,FJ,0402,NP0 (C0G); ±10%; Ag/Ni/Sn; 7-inch Reeled,100V,47 nF,,,,,,,Published
MLCC,Anti-Arcing High Voltage,FJ15N473K101EG,FJ,0402,NP0 (C0G); ±10%; Ag/Ni/Sn; 13-inch Reeled,100V,47 nF,,,,,,,Published
MLCC,Anti-Arcing High Voltage,FJ15N473K202PT,FJ,0402,NP0 (C0G); ±10%; Pd/Ag; 7-inch Reeled,2000V,47 nF,,,,,,,Published
MLCC,Anti-Arcing High Voltage,FJ15N473K202PG,FJ,0402,NP0 (C0G); ±10%; Pd/Ag; 13-inch Reeled,2000V,47 nF,,,,,,,Published
MLCC,Anti-Arcing High Voltage,FJ15N473K202ET,FJ,0402,NP0 (C0G); ±10%; Ag/Ni/Sn; 7-inch Reeled,2000V,47 nF,,,,,,,Published
MLCC,Anti-Arcing High Voltage,FJ15N473K202EG,FJ,0402,NP0 (C0G); ±10%; Ag/Ni/Sn; 13-inch Reeled,2000V,47 nF,,,,,,,Published
MLCC,Anti-Arcing High Voltage,FJ15N474J101PT,FJ,0402,NP0 (C0G); ±5%; Pd/Ag; 7-inch Reeled,100V,470 nF,,,,,,,Published
MLCC,Anti-Arcing High Voltage,FJ15N474J101PG,FJ,0402,NP0 (C0G); ±5%; Pd/Ag; 13-inch Reeled,100V,470 nF,,,,,,,Published
MLCC,Anti-Arcing High Voltage,FJ15N474J101ET,FJ,0402,NP0 (C0G); ±5%; Ag/Ni/Sn; 7-inch Reeled,100V,470 nF,,,,,,,Published
MLCC,Anti-Arcing High Voltage,FJ15N474J101EG,FJ,0402,NP0 (C0G); ±5%; Ag/Ni/Sn; 13-inch Reeled,100V,470 nF,,,,,,,Published
MLCC,Anti-Arcing High Voltage,FJ15N474J202PT,FJ,0402,NP0 (C0G); ±5%; Pd/Ag; 7-inch Reeled,2000V,470 nF,,,,,,,Published
MLCC,Anti-Arcing High Voltage,FJ15N474J202PG,FJ,0402,NP0 (C0G); ±5%; Pd/Ag; 13-inch Reeled,2000V,470 nF,,,,,,,Published
MLCC,Anti-Arcing High Voltage,FJ15N474J202ET,FJ,0402,NP0 (C0G); ±5%; Ag/Ni/Sn; 7-inch Reeled,2000V,470 nF,,,,,,,Published
MLCC,Anti-Arcing High Voltage,FJ15N474J202EG,FJ,0402,NP0 (C0G); ±5%; Ag/Ni/Sn; 13-inch Reeled,2000V,470 nF,,,,,,,Published
MLCC,Anti-Arcing High Voltage,FJ15N474K101PT,FJ,0402,NP0 (C0G); ±10%; Pd/Ag; 7-inch Reeled,100V,470 nF,,,,,,,Published
MLCC,Anti-Arcing High Voltage,FJ15N474K101PG,FJ,0402,NP0 (C0G); ±10%; Pd/Ag; 13-inch Reeled,100V,470 nF,,,,,,,Published
MLCC,Anti-Arcing High Voltage,FJ15N474K101ET,FJ,0402,NP0 (C0G); ±10%; Ag/Ni/Sn; 7-inch Reeled,100V,470 nF,,,,,,,Published
MLCC,Anti-Arcing High Voltage,FJ15N474K101EG,FJ,0402,NP0 (C0G); ±10%; Ag/Ni/Sn; 13-inch Reeled,100V,470 nF,,,,,,,Published
MLCC,Anti-Arcing High Voltage,FJ15N474K202PT,FJ,0402,NP0 (C0G); ±10%; Pd/Ag; 7-inch Reeled,2000V,470 nF,,,,,,,Published
MLCC,Anti-Arcing High Voltage,FJ15N474K202PG,FJ,0402,NP0 (C0G); ±10%; Pd/Ag; 13-inch Reeled,2000V,470 nF,,,,,,,Published
MLCC,Anti-Arcing High Voltage,FJ15N474K202ET,FJ,0402,NP0 (C0G); ±10%; Ag/Ni/Sn; 7-inch Reeled,2000V,470 nF,,,,,,,Published
MLCC,Anti-Arcing High Voltage,FJ15N474K202EG,FJ,0402,NP0 (C0G); ±10%; Ag/Ni/Sn; 13-inch Reeled,2000V,470 nF,,,,,,,Published
MLCC,Anti-Arcing High Voltage,FJ15N680J101PT,FJ,0402,NP0 (C0G); ±5%; Pd/Ag; 7-inch Reeled,100V,68 pF,,,,,,,Published
MLCC,Anti-Arcing High Voltage,FJ15N680J101PG,FJ,0402,NP0 (C0G); ±5%; Pd/Ag; 13-inch Reeled,100V,68 pF,,,,,,,Published
MLCC,Anti-Arcing High Voltage,FJ15N680J101ET,FJ,0402,NP0 (C0G); ±5%; Ag/Ni/Sn; 7-inch Reeled,100V,68 pF,,,,,,,Published
MLCC,Anti-Arcing High Voltage,FJ15N680J101EG,FJ,0402,NP0 (C0G); ±5%; Ag/Ni/Sn; 13-inch Reeled,100V,68 pF,,,,,,,Published
MLCC,Anti-Arcing High Voltage,FJ15N680J202PT,FJ,0402,NP0 (C0G); ±5%; Pd/Ag; 7-inch Reeled,2000V,68 pF,,,,,,,Published
MLCC,Anti-Arcing High Voltage,FJ15N680J202PG,FJ,0402,NP0 (C0G); ±5%; Pd/Ag; 13-inch Reeled,2000V,68 pF,,,,,,,Published
MLCC,Anti-Arcing High Voltage,FJ15N680J202ET,FJ,0402,NP0 (C0G); ±5%; Ag/Ni/Sn; 7-inch Reeled,2000V,68 pF,,,,,,,Published
MLCC,Anti-Arcing High Voltage,FJ15N680J202EG,FJ,0402,NP0 (C0G); ±5%; Ag/Ni/Sn; 13-inch Reeled,2000V,68 pF,,,,,,,Published
MLCC,Anti-Arcing High Voltage,FJ15N680K101PT,FJ,0402,NP0 (C0G); ±10%; Pd/Ag; 7-inch Reeled,100V,68 pF,,,,,,,Published
MLCC,Anti-Arcing High Voltage,FJ15N680K101PG,FJ,0402,NP0 (C0G); ±10%; Pd/Ag; 13-inch Reeled,100V,68 pF,,,,,,,Published
MLCC,Anti-Arcing High Voltage,FJ15N680K101ET,FJ,0402,NP0 (C0G); ±10%; Ag/Ni/Sn; 7-inch Reeled,100V,68 pF,,,,,,,Published
MLCC,Anti-Arcing High Voltage,FJ15N680K101EG,FJ,0402,NP0 (C0G); ±10%; Ag/Ni/Sn; 13-inch Reeled,100V,68 pF,,,,,,,Published
MLCC,Anti-Arcing High Voltage,FJ15N680K202PT,FJ,0402,NP0 (C0G); ±10%; Pd/Ag; 7-inch Reeled,2000V,68 pF,,,,,,,Published
MLCC,Anti-Arcing High Voltage,FJ15N680K202PG,FJ,0402,NP0 (C0G); ±10%; Pd/Ag; 13-inch Reeled,2000V,68 pF,,,,,,,Published
MLCC,Anti-Arcing High Voltage,FJ15N680K202ET,FJ,0402,NP0 (C0G); ±10%; Ag/Ni/Sn; 7-inch Reeled,2000V,68 pF,,,,,,,Published
MLCC,Anti-Arcing High Voltage,FJ15N680K202EG,FJ,0402,NP0 (C0G); ±10%; Ag/Ni/Sn; 13-inch Reeled,2000V,68 pF,,,,,,,Published
MLCC,Anti-Arcing High Voltage,FJ15N681J101PT,FJ,0402,NP0 (C0G); ±5%; Pd/Ag; 7-inch Reeled,100V,680 pF,,,,,,,Published
MLCC,Anti-Arcing High Voltage,FJ15N681J101PG,FJ,0402,NP0 (C0G); ±5%; Pd/Ag; 13-inch Reeled,100V,680 pF,,,,,,,Published
MLCC,Anti-Arcing High Voltage,FJ15N681J101ET,FJ,0402,NP0 (C0G); ±5%; Ag/Ni/Sn; 7-inch Reeled,100V,680 pF,,,,,,,Published
MLCC,Anti-Arcing High Voltage,FJ15N681J101EG,FJ,0402,NP0 (C0G); ±5%; Ag/Ni/Sn; 13-inch Reeled,100V,680 pF,,,,,,,Published
MLCC,Anti-Arcing High Voltage,FJ15N681J202PT,FJ,0402,NP0 (C0G); ±5%; Pd/Ag; 7-inch Reeled,2000V,680 pF,,,,,,,Published
MLCC,Anti-Arcing High Voltage,FJ15N681J202PG,FJ,0402,NP0 (C0G); ±5%; Pd/Ag; 13-inch Reeled,2000V,680 pF,,,,,,,Published
MLCC,Anti-Arcing High Voltage,FJ15N681J202ET,FJ,0402,NP0 (C0G); ±5%; Ag/Ni/Sn; 7-inch Reeled,2000V,680 pF,,,,,,,Published
MLCC,Anti-Arcing High Voltage,FJ15N681J202EG,FJ,0402,NP0 (C0G); ±5%; Ag/Ni/Sn; 13-inch Reeled,2000V,680 pF,,,,,,,Published
MLCC,Anti-Arcing High Voltage,FJ15N681K101PT,FJ,0402,NP0 (C0G); ±10%; Pd/Ag; 7-inch Reeled,100V,680 pF,,,,,,,Published
MLCC,Anti-Arcing High Voltage,FJ15N681K101PG,FJ,0402,NP0 (C0G); ±10%; Pd/Ag; 13-inch Reeled,100V,680 pF,,,,,,,Published
MLCC,Anti-Arcing High Voltage,FJ15N681K101ET,FJ,0402,NP0 (C0G); ±10%; Ag/Ni/Sn; 7-inch Reeled,100V,680 pF,,,,,,,Published
MLCC,Anti-Arcing High Voltage,FJ15N681K101EG,FJ,0402,NP0 (C0G); ±10%; Ag/Ni/Sn; 13-inch Reeled,100V,680 pF,,,,,,,Published
MLCC,Anti-Arcing High Voltage,FJ15N681K202PT,FJ,0402,NP0 (C0G); ±10%; Pd/Ag; 7-inch Reeled,2000V,680 pF,,,,,,,Published
MLCC,Anti-Arcing High Voltage,FJ15N681K202PG,FJ,0402,NP0 (C0G); ±10%; Pd/Ag; 13-inch Reeled,2000V,680 pF,,,,,,,Published
MLCC,Anti-Arcing High Voltage,FJ15N681K202ET,FJ,0402,NP0 (C0G); ±10%; Ag/Ni/Sn; 7-inch Reeled,2000V,680 pF,,,,,,,Published
MLCC,Anti-Arcing High Voltage,FJ15N681K202EG,FJ,0402,NP0 (C0G); ±10%; Ag/Ni/Sn; 13-inch Reeled,2000V,680 pF,,,,,,,Published
MLCC,Anti-Arcing High Voltage,FJ15N682J101PT,FJ,0402,NP0 (C0G); ±5%; Pd/Ag; 7-inch Reeled,100V,6.8 nF,,,,,,,Published
MLCC,Anti-Arcing High Voltage,FJ15N682J101PG,FJ,0402,NP0 (C0G); ±5%; Pd/Ag; 13-inch Reeled,100V,6.8 nF,,,,,,,Published
MLCC,Anti-Arcing High Voltage,FJ15N682J101ET,FJ,0402,NP0 (C0G); ±5%; Ag/Ni/Sn; 7-inch Reeled,100V,6.8 nF,,,,,,,Published
MLCC,Anti-Arcing High Voltage,FJ15N682J101EG,FJ,0402,NP0 (C0G); ±5%; Ag/Ni/Sn; 13-inch Reeled,100V,6.8 nF,,,,,,,Published
MLCC,Anti-Arcing High Voltage,FJ15N682J202PT,FJ,0402,NP0 (C0G); ±5%; Pd/Ag; 7-inch Reeled,2000V,6.8 nF,,,,,,,Published
MLCC,Anti-Arcing High Voltage,FJ15N682J202PG,FJ,0402,NP0 (C0G); ±5%; Pd/Ag; 13-inch Reeled,2000V,6.8 nF,,,,,,,Published
MLCC,Anti-Arcing High Voltage,FJ15N682J202ET,FJ,0402,NP0 (C0G); ±5%; Ag/Ni/Sn; 7-inch Reeled,2000V,6.8 nF,,,,,,,Published
MLCC,Anti-Arcing High Voltage,FJ15N682J202EG,FJ,0402,NP0 (C0G); ±5%; Ag/Ni/Sn; 13-inch Reeled,2000V,6.8 nF,,,,,,,Published
MLCC,Anti-Arcing High Voltage,FJ15N682K101PT,FJ,0402,NP0 (C0G); ±10%; Pd/Ag; 7-inch Reeled,100V,6.8 nF,,,,,,,Published
MLCC,Anti-Arcing High Voltage,FJ15N682K101PG,FJ,0402,NP0 (C0G); ±10%; Pd/Ag; 13-inch Reeled,100V,6.8 nF,,,,,,,Published
MLCC,Anti-Arcing High Voltage,FJ15N682K101ET,FJ,0402,NP0 (C0G); ±10%; Ag/Ni/Sn; 7-inch Reeled,100V,6.8 nF,,,,,,,Published
MLCC,Anti-Arcing High Voltage,FJ15N682K101EG,FJ,0402,NP0 (C0G); ±10%; Ag/Ni/Sn; 13-inch Reeled,100V,6.8 nF,,,,,,,Published
MLCC,Anti-Arcing High Voltage,FJ15N682K202PT,FJ,0402,NP0 (C0G); ±10%; Pd/Ag; 7-inch Reeled,2000V,6.8 nF,,,,,,,Published
MLCC,Anti-Arcing High Voltage,FJ15N682K202PG,FJ,0402,NP0 (C0G); ±10%; Pd/Ag; 13-inch Reeled,2000V,6.8 nF,,,,,,,Published
MLCC,Anti-Arcing High Voltage,FJ15N682K202ET,FJ,0402,NP0 (C0G); ±10%; Ag/Ni/Sn; 7-inch Reeled,2000V,6.8 nF,,,,,,,Published
MLCC,Anti-Arcing High Voltage,FJ15N682K202EG,FJ,0402,NP0 (C0G); ±10%; Ag/Ni/Sn; 13-inch Reeled,2000V,6.8 nF,,,,,,,Published
MLCC,Anti-Arcing High Voltage,FJ15N683J101PT,FJ,0402,NP0 (C0G); ±5%; Pd/Ag; 7-inch Reeled,100V,68 nF,,,,,,,Published
MLCC,Anti-Arcing High Voltage,FJ15N683J101PG,FJ,0402,NP0 (C0G); ±5%; Pd/Ag; 13-inch Reeled,100V,68 nF,,,,,,,Published
MLCC,Anti-Arcing High Voltage,FJ15N683J101ET,FJ,0402,NP0 (C0G); ±5%; Ag/Ni/Sn; 7-inch Reeled,100V,68 nF,,,,,,,Published
MLCC,Anti-Arcing High Voltage,FJ15N683J101EG,FJ,0402,NP0 (C0G); ±5%; Ag/Ni/Sn; 13-inch Reeled,100V,68 nF,,,,,,,Published
MLCC,Anti-Arcing High Voltage,FJ15N683J202PT,FJ,0402,NP0 (C0G); ±5%; Pd/Ag; 7-inch Reeled,2000V,68 nF,,,,,,,Published
MLCC,Anti-Arcing High Voltage,FJ15N683J202PG,FJ,0402,NP0 (C0G); ±5%; Pd/Ag; 13-inch Reeled,2000V,68 nF,,,,,,,Published
MLCC,Anti-Arcing High Voltage,FJ15N683J202ET,FJ,0402,NP0 (C0G); ±5%; Ag/Ni/Sn; 7-inch Reeled,2000V,68 nF,,,,,,,Published
MLCC,Anti-Arcing High Voltage,FJ15N683J202EG,FJ,0402,NP0 (C0G); ±5%; Ag/Ni/Sn; 13-inch Reeled,2000V,68 nF,,,,,,,Published
MLCC,Anti-Arcing High Voltage,FJ15N683K101PT,FJ,0402,NP0 (C0G); ±10%; Pd/Ag; 7-inch Reeled,100V,68 nF,,,,,,,Published
MLCC,Anti-Arcing High Voltage,FJ15N683K101PG,FJ,0402,NP0 (C0G); ±10%; Pd/Ag; 13-inch Reeled,100V,68 nF,,,,,,,Published
MLCC,Anti-Arcing High Voltage,FJ15N683K101ET,FJ,0402,NP0 (C0G); ±10%; Ag/Ni/Sn; 7-inch Reeled,100V,68 nF,,,,,,,Published
MLCC,Anti-Arcing High Voltage,FJ15N683K101EG,FJ,0402,NP0 (C0G); ±10%; Ag/Ni/Sn; 13-inch Reeled,100V,68 nF,,,,,,,Published
MLCC,Anti-Arcing High Voltage,FJ15N683K202PT,FJ,0402,NP0 (C0G); ±10%; Pd/Ag; 7-inch Reeled,2000V,68 nF,,,,,,,Published
MLCC,Anti-Arcing High Voltage,FJ15N683K202PG,FJ,0402,NP0 (C0G); ±10%; Pd/Ag; 13-inch Reeled,2000V,68 nF,,,,,,,Published
MLCC,Anti-Arcing High Voltage,FJ15N683K202ET,FJ,0402,NP0 (C0G); ±10%; Ag/Ni/Sn; 7-inch Reeled,2000V,68 nF,,,,,,,Published
MLCC,Anti-Arcing High Voltage,FJ15N683K202EG,FJ,0402,NP0 (C0G); ±10%; Ag/Ni/Sn; 13-inch Reeled,2000V,68 nF,,,,,,,Published
MLCC,Anti-Arcing High Voltage,FJ15N684J101PT,FJ,0402,NP0 (C0G); ±5%; Pd/Ag; 7-inch Reeled,100V,680 nF,,,,,,,Published
MLCC,Anti-Arcing High Voltage,FJ15N684J101PG,FJ,0402,NP0 (C0G); ±5%; Pd/Ag; 13-inch Reeled,100V,680 nF,,,,,,,Published
MLCC,Anti-Arcing High Voltage,FJ15N684J101ET,FJ,0402,NP0 (C0G); ±5%; Ag/Ni/Sn; 7-inch Reeled,100V,680 nF,,,,,,,Published
MLCC,Anti-Arcing High Voltage,FJ15N684J101EG,FJ,0402,NP0 (C0G); ±5%; Ag/Ni/Sn; 13-inch Reeled,100V,680 nF,,,,,,,Published
MLCC,Anti-Arcing High Voltage,FJ15N684J202PT,FJ,0402,NP0 (C0G); ±5%; Pd/Ag; 7-inch Reeled,2000V,680 nF,,,,,,,Published
MLCC,Anti-Arcing High Voltage,FJ15N684J202PG,FJ,0402,NP0 (C0G); ±5%; Pd/Ag; 13-inch Reeled,2000V,680 nF,,,,,,,Published
MLCC,Anti-Arcing High Voltage,FJ15N684J202ET,FJ,0402,NP0 (C0G); ±5%; Ag/Ni/Sn; 7-inch Reeled,2000V,680 nF,,,,,,,Published
MLCC,Anti-Arcing High Voltage,FJ15N684J202EG,FJ,0402,NP0 (C0G); ±5%; Ag/Ni/Sn; 13-inch Reeled,2000V,680 nF,,,,,,,Published
MLCC,Anti-Arcing High Voltage,FJ15N684K101PT,FJ,0402,NP0 (C0G); ±10%; Pd/Ag; 7-inch Reeled,100V,680 nF,,,,,,,Published
MLCC,Anti-Arcing High Voltage,FJ15N684K101PG,FJ,0402,NP0 (C0G); ±10%; Pd/Ag; 13-inch Reeled,100V,680 nF,,,,,,,Published
MLCC,Anti-Arcing High Voltage,FJ15N684K101ET,FJ,0402,NP0 (C0G); ±10%; Ag/Ni/Sn; 7-inch Reeled,100V,680 nF,,,,,,,Published
MLCC,Anti-Arcing High Voltage,FJ15N684K101EG,FJ,0402,NP0 (C0G); ±10%; Ag/Ni/Sn; 13-inch Reeled,100V,680 nF,,,,,,,Published
MLCC,Anti-Arcing High Voltage,FJ15N684K202PT,FJ,0402,NP0 (C0G); ±10%; Pd/Ag; 7-inch Reeled,2000V,680 nF,,,,,,,Published
MLCC,Anti-Arcing High Voltage,FJ15N684K202PG,FJ,0402,NP0 (C0G); ±10%; Pd/Ag; 13-inch Reeled,2000V,680 nF,,,,,,,Published
MLCC,Anti-Arcing High Voltage,FJ15N684K202ET,FJ,0402,NP0 (C0G); ±10%; Ag/Ni/Sn; 7-inch Reeled,2000V,680 nF,,,,,,,Published
MLCC,Anti-Arcing High Voltage,FJ15N684K202EG,FJ,0402,NP0 (C0G); ±10%; Ag/Ni/Sn; 13-inch Reeled,2000V,680 nF,,,,,,,Published
MLCC,Anti-Arcing High Voltage,FJ15X100J101PT,FJ,0402,X7R; ±5%; Pd/Ag; 7-inch Reeled,100V,10 pF,,,,,,,Published
MLCC,Anti-Arcing High Voltage,FJ15X100J101PG,FJ,0402,X7R; ±5%; Pd/Ag; 13-inch Reeled,100V,10 pF,,,,,,,Published
MLCC,Anti-Arcing High Voltage,FJ15X100J101ET,FJ,0402,X7R; ±5%; Ag/Ni/Sn; 7-inch Reeled,100V,10 pF,,,,,,,Published
MLCC,Anti-Arcing High Voltage,FJ15X100J101EG,FJ,0402,X7R; ±5%; Ag/Ni/Sn; 13-inch Reeled,100V,10 pF,,,,,,,Published
MLCC,Anti-Arcing High Voltage,FJ15X100J202PT,FJ,0402,X7R; ±5%; Pd/Ag; 7-inch Reeled,2000V,10 pF,,,,,,,Published
MLCC,Anti-Arcing High Voltage,FJ15X100J202PG,FJ,0402,X7R; ±5%; Pd/Ag; 13-inch Reeled,2000V,10 pF,,,,,,,Published
MLCC,Anti-Arcing High Voltage,FJ15X100J202ET,FJ,0402,X7R; ±5%; Ag/Ni/Sn; 7-inch Reeled,2000V,10 pF,,,,,,,Published
MLCC,Anti-Arcing High Voltage,FJ15X100J202EG,FJ,0402,X7R; ±5%; Ag/Ni/Sn; 13-inch Reeled,2000V,10 pF,,,,,,,Published
MLCC,Anti-Arcing High Voltage,FJ15X100K101PT,FJ,0402,X7R; ±10%; Pd/Ag; 7-inch Reeled,100V,10 pF,,,,,,,Published
MLCC,Anti-Arcing High Voltage,FJ15X100K101PG,FJ,0402,X7R; ±10%; Pd/Ag; 13-inch Reeled,100V,10 pF,,,,,,,Published
MLCC,Anti-Arcing High Voltage,FJ15X100K101ET,FJ,0402,X7R; ±10%; Ag/Ni/Sn; 7-inch Reeled,100V,10 pF,,,,,,,Published
MLCC,Anti-Arcing High Voltage,FJ15X100K101EG,FJ,0402,X7R; ±10%; Ag/Ni/Sn; 13-inch Reeled,100V,10 pF,,,,,,,Published
MLCC,Anti-Arcing High Voltage,FJ15X100K202PT,FJ,0402,X7R; ±10%; Pd/Ag; 7-inch Reeled,2000V,10 pF,,,,,,,Published
MLCC,Anti-Arcing High Voltage,FJ15X100K202PG,FJ,0402,X7R; ±10%; Pd/Ag; 13-inch Reeled,2000V,10 pF,,,,,,,Published
MLCC,Anti-Arcing High Voltage,FJ15X100K202ET,FJ,0402,X7R; ±10%; Ag/Ni/Sn; 7-inch Reeled,2000V,10 pF,,,,,,,Published
MLCC,Anti-Arcing High Voltage,FJ15X100K202EG,FJ,0402,X7R; ±10%; Ag/Ni/Sn; 13-inch Reeled,2000V,10 pF,,,,,,,Published
MLCC,Anti-Arcing High Voltage,FJ15X100M101PT,FJ,0402,X7R; ±20%; Pd/Ag; 7-inch Reeled,100V,10 pF,,,,,,,Published
MLCC,Anti-Arcing High Voltage,FJ15X100M101PG,FJ,0402,X7R; ±20%; Pd/Ag; 13-inch Reeled,100V,10 pF,,,,,,,Published
MLCC,Anti-Arcing High Voltage,FJ15X100M101ET,FJ,0402,X7R; ±20%; Ag/Ni/Sn; 7-inch Reeled,100V,10 pF,,,,,,,Published
MLCC,Anti-Arcing High Voltage,FJ15X100M101EG,FJ,0402,X7R; ±20%; Ag/Ni/Sn; 13-inch Reeled,100V,10 pF,,,,,,,Published
MLCC,Anti-Arcing High Voltage,FJ15X100M202PT,FJ,0402,X7R; ±20%; Pd/Ag; 7-inch Reeled,2000V,10 pF,,,,,,,Published
MLCC,Anti-Arcing High Voltage,FJ15X100M202PG,FJ,0402,X7R; ±20%; Pd/Ag; 13-inch Reeled,2000V,10 pF,,,,,,,Published
MLCC,Anti-Arcing High Voltage,FJ15X100M202ET,FJ,0402,X7R; ±20%; Ag/Ni/Sn; 7-inch Reeled,2000V,10 pF,,,,,,,Published
MLCC,Anti-Arcing High Voltage,FJ15X100M202EG,FJ,0402,X7R; ±20%; Ag/Ni/Sn; 13-inch Reeled,2000V,10 pF,,,,,,,Published
MLCC,Anti-Arcing High Voltage,FJ15X101J101PT,FJ,0402,X7R; ±5%; Pd/Ag; 7-inch Reeled,100V,100 pF,,,,,,,Published
MLCC,Anti-Arcing High Voltage,FJ15X101J101PG,FJ,0402,X7R; ±5%; Pd/Ag; 13-inch Reeled,100V,100 pF,,,,,,,Published
MLCC,Anti-Arcing High Voltage,FJ15X101J101ET,FJ,0402,X7R; ±5%; Ag/Ni/Sn; 7-inch Reeled,100V,100 pF,,,,,,,Published
MLCC,Anti-Arcing High Voltage,FJ15X101J101EG,FJ,0402,X7R; ±5%; Ag/Ni/Sn; 13-inch Reeled,100V,100 pF,,,,,,,Published
MLCC,Anti-Arcing High Voltage,FJ15X101J202PT,FJ,0402,X7R; ±5%; Pd/Ag; 7-inch Reeled,2000V,100 pF,,,,,,,Published
MLCC,Anti-Arcing High Voltage,FJ15X101J202PG,FJ,0402,X7R; ±5%; Pd/Ag; 13-inch Reeled,2000V,100 pF,,,,,,,Published
MLCC,Anti-Arcing High Voltage,FJ15X101J202ET,FJ,0402,X7R; ±5%; Ag/Ni/Sn; 7-inch Reeled,2000V,100 pF,,,,,,,Published
MLCC,Anti-Arcing High Voltage,FJ15X101J202EG,FJ,0402,X7R; ±5%; Ag/Ni/Sn; 13-inch Reeled,2000V,100 pF,,,,,,,Published
MLCC,Anti-Arcing High Voltage,FJ15X101K101PT,FJ,0402,X7R; ±10%; Pd/Ag; 7-inch Reeled,100V,100 pF,,,,,,,Published
MLCC,Anti-Arcing High Voltage,FJ15X101K101PG,FJ,0402,X7R; ±10%; Pd/Ag; 13-inch Reeled,100V,100 pF,,,,,,,Published
MLCC,Anti-Arcing High Voltage,FJ15X101K101ET,FJ,0402,X7R; ±10%; Ag/Ni/Sn; 7-inch Reeled,100V,100 pF,,,,,,,Published
MLCC,Anti-Arcing High Voltage,FJ15X101K101EG,FJ,0402,X7R; ±10%; Ag/Ni/Sn; 13-inch Reeled,100V,100 pF,,,,,,,Published
MLCC,Anti-Arcing High Voltage,FJ15X101K202PT,FJ,0402,X7R; ±10%; Pd/Ag; 7-inch Reeled,2000V,100 pF,,,,,,,Published
MLCC,Anti-Arcing High Voltage,FJ15X101K202PG,FJ,0402,X7R; ±10%; Pd/Ag; 13-inch Reeled,2000V,100 pF,,,,,,,Published
MLCC,Anti-Arcing High Voltage,FJ15X101K202ET,FJ,0402,X7R; ±10%; Ag/Ni/Sn; 7-inch Reeled,2000V,100 pF,,,,,,,Published
MLCC,Anti-Arcing High Voltage,FJ15X101K202EG,FJ,0402,X7R; ±10%; Ag/Ni/Sn; 13-inch Reeled,2000V,100 pF,,,,,,,Published
MLCC,Anti-Arcing High Voltage,FJ15X101M101PT,FJ,0402,X7R; ±20%; Pd/Ag; 7-inch Reeled,100V,100 pF,,,,,,,Published
MLCC,Anti-Arcing High Voltage,FJ15X101M101PG,FJ,0402,X7R; ±20%; Pd/Ag; 13-inch Reeled,100V,100 pF,,,,,,,Published
MLCC,Anti-Arcing High Voltage,FJ15X101M101ET,FJ,0402,X7R; ±20%; Ag/Ni/Sn; 7-inch Reeled,100V,100 pF,,,,,,,Published
MLCC,Anti-Arcing High Voltage,FJ15X101M101EG,FJ,0402,X7R; ±20%; Ag/Ni/Sn; 13-inch Reeled,100V,100 pF,,,,,,,Published
MLCC,Anti-Arcing High Voltage,FJ15X101M202PT,FJ,0402,X7R; ±20%; Pd/Ag; 7-inch Reeled,2000V,100 pF,,,,,,,Published
MLCC,Anti-Arcing High Voltage,FJ15X101M202PG,FJ,0402,X7R; ±20%; Pd/Ag; 13-inch Reeled,2000V,100 pF,,,,,,,Published
MLCC,Anti-Arcing High Voltage,FJ15X101M202ET,FJ,0402,X7R; ±20%; Ag/Ni/Sn; 7-inch Reeled,2000V,100 pF,,,,,,,Published
MLCC,Anti-Arcing High Voltage,FJ15X101M202EG,FJ,0402,X7R; ±20%; Ag/Ni/Sn; 13-inch Reeled,2000V,100 pF,,,,,,,Published
MLCC,Anti-Arcing High Voltage,FJ15X102J101PT,FJ,0402,X7R; ±5%; Pd/Ag; 7-inch Reeled,100V,1 nF,,,,,,,Published
MLCC,Anti-Arcing High Voltage,FJ15X102J101PG,FJ,0402,X7R; ±5%; Pd/Ag; 13-inch Reeled,100V,1 nF,,,,,,,Published
MLCC,Anti-Arcing High Voltage,FJ15X102J101ET,FJ,0402,X7R; ±5%; Ag/Ni/Sn; 7-inch Reeled,100V,1 nF,,,,,,,Published
MLCC,Anti-Arcing High Voltage,FJ15X102J101EG,FJ,0402,X7R; ±5%; Ag/Ni/Sn; 13-inch Reeled,100V,1 nF,,,,,,,Published
MLCC,Anti-Arcing High Voltage,FJ15X102J202PT,FJ,0402,X7R; ±5%; Pd/Ag; 7-inch Reeled,2000V,1 nF,,,,,,,Published
MLCC,Anti-Arcing High Voltage,FJ15X102J202PG,FJ,0402,X7R; ±5%; Pd/Ag; 13-inch Reeled,2000V,1 nF,,,,,,,Published
MLCC,Anti-Arcing High Voltage,FJ15X102J202ET,FJ,0402,X7R; ±5%; Ag/Ni/Sn; 7-inch Reeled,2000V,1 nF,,,,,,,Published
MLCC,Anti-Arcing High Voltage,FJ15X102J202EG,FJ,0402,X7R; ±5%; Ag/Ni/Sn; 13-inch Reeled,2000V,1 nF,,,,,,,Published
MLCC,Anti-Arcing High Voltage,FJ15X102K101PT,FJ,0402,X7R; ±10%; Pd/Ag; 7-inch Reeled,100V,1 nF,,,,,,,Published
MLCC,Anti-Arcing High Voltage,FJ15X102K101PG,FJ,0402,X7R; ±10%; Pd/Ag; 13-inch Reeled,100V,1 nF,,,,,,,Published
MLCC,Anti-Arcing High Voltage,FJ15X102K101ET,FJ,0402,X7R; ±10%; Ag/Ni/Sn; 7-inch Reeled,100V,1 nF,,,,,,,Published
MLCC,Anti-Arcing High Voltage,FJ15X102K101EG,FJ,0402,X7R; ±10%; Ag/Ni/Sn; 13-inch Reeled,100V,1 nF,,,,,,,Published
MLCC,Anti-Arcing High Voltage,FJ15X102K202PT,FJ,0402,X7R; ±10%; Pd/Ag; 7-inch Reeled,2000V,1 nF,,,,,,,Published
MLCC,Anti-Arcing High Voltage,FJ15X102K202PG,FJ,0402,X7R; ±10%; Pd/Ag; 13-inch Reeled,2000V,1 nF,,,,,,,Published
MLCC,Anti-Arcing High Voltage,FJ15X102K202ET,FJ,0402,X7R; ±10%; Ag/Ni/Sn; 7-inch Reeled,2000V,1 nF,,,,,,,Published
MLCC,Anti-Arcing High Voltage,FJ15X102K202EG,FJ,0402,X7R; ±10%; Ag/Ni/Sn; 13-inch Reeled,2000V,1 nF,,,,,,,Published
MLCC,Anti-Arcing High Voltage,FJ15X102M101PT,FJ,0402,X7R; ±20%; Pd/Ag; 7-inch Reeled,100V,1 nF,,,,,,,Published
MLCC,Anti-Arcing High Voltage,FJ15X102M101PG,FJ,0402,X7R; ±20%; Pd/Ag; 13-inch Reeled,100V,1 nF,,,,,,,Published
MLCC,Anti-Arcing High Voltage,FJ15X102M101ET,FJ,0402,X7R; ±20%; Ag/Ni/Sn; 7-inch Reeled,100V,1 nF,,,,,,,Published
MLCC,Anti-Arcing High Voltage,FJ15X102M101EG,FJ,0402,X7R; ±20%; Ag/Ni/Sn; 13-inch Reeled,100V,1 nF,,,,,,,Published
MLCC,Anti-Arcing High Voltage,FJ15X102M202PT,FJ,0402,X7R; ±20%; Pd/Ag; 7-inch Reeled,2000V,1 nF,,,,,,,Published
MLCC,Anti-Arcing High Voltage,FJ15X102M202PG,FJ,0402,X7R; ±20%; Pd/Ag; 13-inch Reeled,2000V,1 nF,,,,,,,Published
MLCC,Anti-Arcing High Voltage,FJ15X102M202ET,FJ,0402,X7R; ±20%; Ag/Ni/Sn; 7-inch Reeled,2000V,1 nF,,,,,,,Published
MLCC,Anti-Arcing High Voltage,FJ15X102M202EG,FJ,0402,X7R; ±20%; Ag/Ni/Sn; 13-inch Reeled,2000V,1 nF,,,,,,,Published
MLCC,Anti-Arcing High Voltage,FJ15X103J101PT,FJ,0402,X7R; ±5%; Pd/Ag; 7-inch Reeled,100V,10 nF,,,,,,,Published
MLCC,Anti-Arcing High Voltage,FJ15X103J101PG,FJ,0402,X7R; ±5%; Pd/Ag; 13-inch Reeled,100V,10 nF,,,,,,,Published
MLCC,Anti-Arcing High Voltage,FJ15X103J101ET,FJ,0402,X7R; ±5%; Ag/Ni/Sn; 7-inch Reeled,100V,10 nF,,,,,,,Published
MLCC,Anti-Arcing High Voltage,FJ15X103J101EG,FJ,0402,X7R; ±5%; Ag/Ni/Sn; 13-inch Reeled,100V,10 nF,,,,,,,Published
MLCC,Anti-Arcing High Voltage,FJ15X103J202PT,FJ,0402,X7R; ±5%; Pd/Ag; 7-inch Reeled,2000V,10 nF,,,,,,,Published
MLCC,Anti-Arcing High Voltage,FJ15X103J202PG,FJ,0402,X7R; ±5%; Pd/Ag; 13-inch Reeled,2000V,10 nF,,,,,,,Published
MLCC,Anti-Arcing High Voltage,FJ15X103J202ET,FJ,0402,X7R; ±5%; Ag/Ni/Sn; 7-inch Reeled,2000V,10 nF,,,,,,,Published
MLCC,Anti-Arcing High Voltage,FJ15X103J202EG,FJ,0402,X7R; ±5%; Ag/Ni/Sn; 13-inch Reeled,2000V,10 nF,,,,,,,Published
MLCC,Anti-Arcing High Voltage,FJ15X103K101PT,FJ,0402,X7R; ±10%; Pd/Ag; 7-inch Reeled,100V,10 nF,,,,,,,Published
MLCC,Anti-Arcing High Voltage,FJ15X103K101PG,FJ,0402,X7R; ±10%; Pd/Ag; 13-inch Reeled,100V,10 nF,,,,,,,Published
MLCC,Anti-Arcing High Voltage,FJ15X103K101ET,FJ,0402,X7R; ±10%; Ag/Ni/Sn; 7-inch Reeled,100V,10 nF,,,,,,,Published
MLCC,Anti-Arcing High Voltage,FJ15X103K101EG,FJ,0402,X7R; ±10%; Ag/Ni/Sn; 13-inch Reeled,100V,10 nF,,,,,,,Published
MLCC,Anti-Arcing High Voltage,FJ15X103K202PT,FJ,0402,X7R; ±10%; Pd/Ag; 7-inch Reeled,2000V,10 nF,,,,,,,Published
MLCC,Anti-Arcing High Voltage,FJ15X103K202PG,FJ,0402,X7R; ±10%; Pd/Ag; 13-inch Reeled,2000V,10 nF,,,,,,,Published
MLCC,Anti-Arcing High Voltage,FJ15X103K202ET,FJ,0402,X7R; ±10%; Ag/Ni/Sn; 7-inch Reeled,2000V,10 nF,,,,,,,Published
MLCC,Anti-Arcing High Voltage,FJ15X103K202EG,FJ,0402,X7R; ±10%; Ag/Ni/Sn; 13-inch Reeled,2000V,10 nF,,,,,,,Published
MLCC,Anti-Arcing High Voltage,FJ15X103M101PT,FJ,0402,X7R; ±20%; Pd/Ag; 7-inch Reeled,100V,10 nF,,,,,,,Published
MLCC,Anti-Arcing High Voltage,FJ15X103M101PG,FJ,0402,X7R; ±20%; Pd/Ag; 13-inch Reeled,100V,10 nF,,,,,,,Published
MLCC,Anti-Arcing High Voltage,FJ15X103M101ET,FJ,0402,X7R; ±20%; Ag/Ni/Sn; 7-inch Reeled,100V,10 nF,,,,,,,Published
MLCC,Anti-Arcing High Voltage,FJ15X103M101EG,FJ,0402,X7R; ±20%; Ag/Ni/Sn; 13-inch Reeled,100V,10 nF,,,,,,,Published
MLCC,Anti-Arcing High Voltage,FJ15X103M202PT,FJ,0402,X7R; ±20%; Pd/Ag; 7-inch Reeled,2000V,10 nF,,,,,,,Published
MLCC,Anti-Arcing High Voltage,FJ15X103M202PG,FJ,0402,X7R; ±20%; Pd/Ag; 13-inch Reeled,2000V,10 nF,,,,,,,Published
MLCC,Anti-Arcing High Voltage,FJ15X103M202ET,FJ,0402,X7R; ±20%; Ag/Ni/Sn; 7-inch Reeled,2000V,10 nF,,,,,,,Published
MLCC,Anti-Arcing High Voltage,FJ15X103M202EG,FJ,0402,X7R; ±20%; Ag/Ni/Sn; 13-inch Reeled,2000V,10 nF,,,,,,,Published
MLCC,Anti-Arcing High Voltage,FJ15X104J101PT,FJ,0402,X7R; ±5%; Pd/Ag; 7-inch Reeled,100V,100 nF,,,,,,,Published
MLCC,Anti-Arcing High Voltage,FJ15X104J101PG,FJ,0402,X7R; ±5%; Pd/Ag; 13-inch Reeled,100V,100 nF,,,,,,,Published
MLCC,Anti-Arcing High Voltage,FJ15X104J101ET,FJ,0402,X7R; ±5%; Ag/Ni/Sn; 7-inch Reeled,100V,100 nF,,,,,,,Published
MLCC,Anti-Arcing High Voltage,FJ15X104J101EG,FJ,0402,X7R; ±5%; Ag/Ni/Sn; 13-inch Reeled,100V,100 nF,,,,,,,Published
MLCC,Anti-Arcing High Voltage,FJ15X104J202PT,FJ,0402,X7R; ±5%; Pd/Ag; 7-inch Reeled,2000V,100 nF,,,,,,,Published
MLCC,Anti-Arcing High Voltage,FJ15X104J202PG,FJ,0402,X7R; ±5%; Pd/Ag; 13-inch Reeled,2000V,100 nF,,,,,,,Published
MLCC,Anti-Arcing High Voltage,FJ15X104J202ET,FJ,0402,X7R; ±5%; Ag/Ni/Sn; 7-inch Reeled,2000V,100 nF,,,,,,,Published
MLCC,Anti-Arcing High Voltage,FJ15X104J202EG,FJ,0402,X7R; ±5%; Ag/Ni/Sn; 13-inch Reeled,2000V,100 nF,,,,,,,Published
MLCC,Anti-Arcing High Voltage,FJ15X104K101PT,FJ,0402,X7R; ±10%; Pd/Ag; 7-inch Reeled,100V,100 nF,,,,,,,Published
MLCC,Anti-Arcing High Voltage,FJ15X104K101PG,FJ,0402,X7R; ±10%; Pd/Ag; 13-inch Reeled,100V,100 nF,,,,,,,Published
MLCC,Anti-Arcing High Voltage,FJ15X104K101ET,FJ,0402,X7R; ±10%; Ag/Ni/Sn; 7-inch Reeled,100V,100 nF,,,,,,,Published
MLCC,Anti-Arcing High Voltage,FJ15X104K101EG,FJ,0402,X7R; ±10%; Ag/Ni/Sn; 13-inch Reeled,100V,100 nF,,,,,,,Published
MLCC,Anti-Arcing High Voltage,FJ15X104K202PT,FJ,0402,X7R; ±10%; Pd/Ag; 7-inch Reeled,2000V,100 nF,,,,,,,Published
MLCC,Anti-Arcing High Voltage,FJ15X104K202PG,FJ,0402,X7R; ±10%; Pd/Ag; 13-inch Reeled,2000V,100 nF,,,,,,,Published
MLCC,Anti-Arcing High Voltage,FJ15X104K202ET,FJ,0402,X7R; ±10%; Ag/Ni/Sn; 7-inch Reeled,2000V,100 nF,,,,,,,Published
MLCC,Anti-Arcing High Voltage,FJ15X104K202EG,FJ,0402,X7R; ±10%; Ag/Ni/Sn; 13-inch Reeled,2000V,100 nF,,,,,,,Published
MLCC,Anti-Arcing High Voltage,FJ15X104M101PT,FJ,0402,X7R; ±20%; Pd/Ag; 7-inch Reeled,100V,100 nF,,,,,,,Published
MLCC,Anti-Arcing High Voltage,FJ15X104M101PG,FJ,0402,X7R; ±20%; Pd/Ag; 13-inch Reeled,100V,100 nF,,,,,,,Published
MLCC,Anti-Arcing High Voltage,FJ15X104M101ET,FJ,0402,X7R; ±20%; Ag/Ni/Sn; 7-inch Reeled,100V,100 nF,,,,,,,Published
MLCC,Anti-Arcing High Voltage,FJ15X104M101EG,FJ,0402,X7R; ±20%; Ag/Ni/Sn; 13-inch Reeled,100V,100 nF,,,,,,,Published
MLCC,Anti-Arcing High Voltage,FJ15X104M202PT,FJ,0402,X7R; ±20%; Pd/Ag; 7-inch Reeled,2000V,100 nF,,,,,,,Published
MLCC,Anti-Arcing High Voltage,FJ15X104M202PG,FJ,0402,X7R; ±20%; Pd/Ag; 13-inch Reeled,2000V,100 nF,,,,,,,Published
MLCC,Anti-Arcing High Voltage,FJ15X104M202ET,FJ,0402,X7R; ±20%; Ag/Ni/Sn; 7-inch Reeled,2000V,100 nF,,,,,,,Published
MLCC,Anti-Arcing High Voltage,FJ15X104M202EG,FJ,0402,X7R; ±20%; Ag/Ni/Sn; 13-inch Reeled,2000V,100 nF,,,,,,,Published
MLCC,Anti-Arcing High Voltage,FJ15X150J101PT,FJ,0402,X7R; ±5%; Pd/Ag; 7-inch Reeled,100V,15 pF,,,,,,,Published
MLCC,Anti-Arcing High Voltage,FJ15X150J101PG,FJ,0402,X7R; ±5%; Pd/Ag; 13-inch Reeled,100V,15 pF,,,,,,,Published
MLCC,Anti-Arcing High Voltage,FJ15X150J101ET,FJ,0402,X7R; ±5%; Ag/Ni/Sn; 7-inch Reeled,100V,15 pF,,,,,,,Published
MLCC,Anti-Arcing High Voltage,FJ15X150J101EG,FJ,0402,X7R; ±5%; Ag/Ni/Sn; 13-inch Reeled,100V,15 pF,,,,,,,Published
MLCC,Anti-Arcing High Voltage,FJ15X150J202PT,FJ,0402,X7R; ±5%; Pd/Ag; 7-inch Reeled,2000V,15 pF,,,,,,,Published
MLCC,Anti-Arcing High Voltage,FJ15X150J202PG,FJ,0402,X7R; ±5%; Pd/Ag; 13-inch Reeled,2000V,15 pF,,,,,,,Published
MLCC,Anti-Arcing High Voltage,FJ15X150J202ET,FJ,0402,X7R; ±5%; Ag/Ni/Sn; 7-inch Reeled,2000V,15 pF,,,,,,,Published
MLCC,Anti-Arcing High Voltage,FJ15X150J202EG,FJ,0402,X7R; ±5%; Ag/Ni/Sn; 13-inch Reeled,2000V,15 pF,,,,,,,Published
MLCC,Anti-Arcing High Voltage,FJ15X150K101PT,FJ,0402,X7R; ±10%; Pd/Ag; 7-inch Reeled,100V,15 pF,,,,,,,Published
MLCC,Anti-Arcing High Voltage,FJ15X150K101PG,FJ,0402,X7R; ±10%; Pd/Ag; 13-inch Reeled,100V,15 pF,,,,,,,Published
MLCC,Anti-Arcing High Voltage,FJ15X150K101ET,FJ,0402,X7R; ±10%; Ag/Ni/Sn; 7-inch Reeled,100V,15 pF,,,,,,,Published
MLCC,Anti-Arcing High Voltage,FJ15X150K101EG,FJ,0402,X7R; ±10%; Ag/Ni/Sn; 13-inch Reeled,100V,15 pF,,,,,,,Published
MLCC,Anti-Arcing High Voltage,FJ15X150K202PT,FJ,0402,X7R; ±10%; Pd/Ag; 7-inch Reeled,2000V,15 pF,,,,,,,Published
MLCC,Anti-Arcing High Voltage,FJ15X150K202PG,FJ,0402,X7R; ±10%; Pd/Ag; 13-inch Reeled,2000V,15 pF,,,,,,,Published
MLCC,Anti-Arcing High Voltage,FJ15X150K202ET,FJ,0402,X7R; ±10%; Ag/Ni/Sn; 7-inch Reeled,2000V,15 pF,,,,,,,Published
MLCC,Anti-Arcing High Voltage,FJ15X150K202EG,FJ,0402,X7R; ±10%; Ag/Ni/Sn; 13-inch Reeled,2000V,15 pF,,,,,,,Published
MLCC,Anti-Arcing High Voltage,FJ15X150M101PT,FJ,0402,X7R; ±20%; Pd/Ag; 7-inch Reeled,100V,15 pF,,,,,,,Published
MLCC,Anti-Arcing High Voltage,FJ15X150M101PG,FJ,0402,X7R; ±20%; Pd/Ag; 13-inch Reeled,100V,15 pF,,,,,,,Published
MLCC,Anti-Arcing High Voltage,FJ15X150M101ET,FJ,0402,X7R; ±20%; Ag/Ni/Sn; 7-inch Reeled,100V,15 pF,,,,,,,Published
MLCC,Anti-Arcing High Voltage,FJ15X150M101EG,FJ,0402,X7R; ±20%; Ag/Ni/Sn; 13-inch Reeled,100V,15 pF,,,,,,,Published
MLCC,Anti-Arcing High Voltage,FJ15X150M202PT,FJ,0402,X7R; ±20%; Pd/Ag; 7-inch Reeled,2000V,15 pF,,,,,,,Published
MLCC,Anti-Arcing High Voltage,FJ15X150M202PG,FJ,0402,X7R; ±20%; Pd/Ag; 13-inch Reeled,2000V,15 pF,,,,,,,Published
MLCC,Anti-Arcing High Voltage,FJ15X150M202ET,FJ,0402,X7R; ±20%; Ag/Ni/Sn; 7-inch Reeled,2000V,15 pF,,,,,,,Published
MLCC,Anti-Arcing High Voltage,FJ15X150M202EG,FJ,0402,X7R; ±20%; Ag/Ni/Sn; 13-inch Reeled,2000V,15 pF,,,,,,,Published
MLCC,Anti-Arcing High Voltage,FJ15X151J101PT,FJ,0402,X7R; ±5%; Pd/Ag; 7-inch Reeled,100V,150 pF,,,,,,,Published
MLCC,Anti-Arcing High Voltage,FJ15X151J101PG,FJ,0402,X7R; ±5%; Pd/Ag; 13-inch Reeled,100V,150 pF,,,,,,,Published
MLCC,Anti-Arcing High Voltage,FJ15X151J101ET,FJ,0402,X7R; ±5%; Ag/Ni/Sn; 7-inch Reeled,100V,150 pF,,,,,,,Published
MLCC,Anti-Arcing High Voltage,FJ15X151J101EG,FJ,0402,X7R; ±5%; Ag/Ni/Sn; 13-inch Reeled,100V,150 pF,,,,,,,Published
MLCC,Anti-Arcing High Voltage,FJ15X151J202PT,FJ,0402,X7R; ±5%; Pd/Ag; 7-inch Reeled,2000V,150 pF,,,,,,,Published
MLCC,Anti-Arcing High Voltage,FJ15X151J202PG,FJ,0402,X7R; ±5%; Pd/Ag; 13-inch Reeled,2000V,150 pF,,,,,,,Published
MLCC,Anti-Arcing High Voltage,FJ15X151J202ET,FJ,0402,X7R; ±5%; Ag/Ni/Sn; 7-inch Reeled,2000V,150 pF,,,,,,,Published
MLCC,Anti-Arcing High Voltage,FJ15X151J202EG,FJ,0402,X7R; ±5%; Ag/Ni/Sn; 13-inch Reeled,2000V,150 pF,,,,,,,Published
MLCC,Anti-Arcing High Voltage,FJ15X151K101PT,FJ,0402,X7R; ±10%; Pd/Ag; 7-inch Reeled,100V,150 pF,,,,,,,Published
MLCC,Anti-Arcing High Voltage,FJ15X151K101PG,FJ,0402,X7R; ±10%; Pd/Ag; 13-inch Reeled,100V,150 pF,,,,,,,Published
MLCC,Anti-Arcing High Voltage,FJ15X151K101ET,FJ,0402,X7R; ±10%; Ag/Ni/Sn; 7-inch Reeled,100V,150 pF,,,,,,,Published
MLCC,Anti-Arcing High Voltage,FJ15X151K101EG,FJ,0402,X7R; ±10%; Ag/Ni/Sn; 13-inch Reeled,100V,150 pF,,,,,,,Published
MLCC,Anti-Arcing High Voltage,FJ15X151K202PT,FJ,0402,X7R; ±10%; Pd/Ag; 7-inch Reeled,2000V,150 pF,,,,,,,Published
MLCC,Anti-Arcing High Voltage,FJ15X151K202PG,FJ,0402,X7R; ±10%; Pd/Ag; 13-inch Reeled,2000V,150 pF,,,,,,,Published
MLCC,Anti-Arcing High Voltage,FJ15X151K202ET,FJ,0402,X7R; ±10%; Ag/Ni/Sn; 7-inch Reeled,2000V,150 pF,,,,,,,Published
MLCC,Anti-Arcing High Voltage,FJ15X151K202EG,FJ,0402,X7R; ±10%; Ag/Ni/Sn; 13-inch Reeled,2000V,150 pF,,,,,,,Published
MLCC,Anti-Arcing High Voltage,FJ15X151M101PT,FJ,0402,X7R; ±20%; Pd/Ag; 7-inch Reeled,100V,150 pF,,,,,,,Published
MLCC,Anti-Arcing High Voltage,FJ15X151M101PG,FJ,0402,X7R; ±20%; Pd/Ag; 13-inch Reeled,100V,150 pF,,,,,,,Published
MLCC,Anti-Arcing High Voltage,FJ15X151M101ET,FJ,0402,X7R; ±20%; Ag/Ni/Sn; 7-inch Reeled,100V,150 pF,,,,,,,Published
MLCC,Anti-Arcing High Voltage,FJ15X151M101EG,FJ,0402,X7R; ±20%; Ag/Ni/Sn; 13-inch Reeled,100V,150 pF,,,,,,,Published
MLCC,Anti-Arcing High Voltage,FJ15X151M202PT,FJ,0402,X7R; ±20%; Pd/Ag; 7-inch Reeled,2000V,150 pF,,,,,,,Published
MLCC,Anti-Arcing High Voltage,FJ15X151M202PG,FJ,0402,X7R; ±20%; Pd/Ag; 13-inch Reeled,2000V,150 pF,,,,,,,Published
MLCC,Anti-Arcing High Voltage,FJ15X151M202ET,FJ,0402,X7R; ±20%; Ag/Ni/Sn; 7-inch Reeled,2000V,150 pF,,,,,,,Published
MLCC,Anti-Arcing High Voltage,FJ15X151M202EG,FJ,0402,X7R; ±20%; Ag/Ni/Sn; 13-inch Reeled,2000V,150 pF,,,,,,,Published
MLCC,Anti-Arcing High Voltage,FJ15X152J101PT,FJ,0402,X7R; ±5%; Pd/Ag; 7-inch Reeled,100V,1.5 nF,,,,,,,Published
MLCC,Anti-Arcing High Voltage,FJ15X152J101PG,FJ,0402,X7R; ±5%; Pd/Ag; 13-inch Reeled,100V,1.5 nF,,,,,,,Published
MLCC,Anti-Arcing High Voltage,FJ15X152J101ET,FJ,0402,X7R; ±5%; Ag/Ni/Sn; 7-inch Reeled,100V,1.5 nF,,,,,,,Published
MLCC,Anti-Arcing High Voltage,FJ15X152J101EG,FJ,0402,X7R; ±5%; Ag/Ni/Sn; 13-inch Reeled,100V,1.5 nF,,,,,,,Published
MLCC,Anti-Arcing High Voltage,FJ15X152J202PT,FJ,0402,X7R; ±5%; Pd/Ag; 7-inch Reeled,2000V,1.5 nF,,,,,,,Published
MLCC,Anti-Arcing High Voltage,FJ15X152J202PG,FJ,0402,X7R; ±5%; Pd/Ag; 13-inch Reeled,2000V,1.5 nF,,,,,,,Published
MLCC,Anti-Arcing High Voltage,FJ15X152J202ET,FJ,0402,X7R; ±5%; Ag/Ni/Sn; 7-inch Reeled,2000V,1.5 nF,,,,,,,Published
MLCC,Anti-Arcing High Voltage,FJ15X152J202EG,FJ,0402,X7R; ±5%; Ag/Ni/Sn; 13-inch Reeled,2000V,1.5 nF,,,,,,,Published
MLCC,Anti-Arcing High Voltage,FJ15X152K101PT,FJ,0402,X7R; ±10%; Pd/Ag; 7-inch Reeled,100V,1.5 nF,,,,,,,Published
MLCC,Anti-Arcing High Voltage,FJ15X152K101PG,FJ,0402,X7R; ±10%; Pd/Ag; 13-inch Reeled,100V,1.5 nF,,,,,,,Published
MLCC,Anti-Arcing High Voltage,FJ15X152K101ET,FJ,0402,X7R; ±10%; Ag/Ni/Sn; 7-inch Reeled,100V,1.5 nF,,,,,,,Published
MLCC,Anti-Arcing High Voltage,FJ15X152K101EG,FJ,0402,X7R; ±10%; Ag/Ni/Sn; 13-inch Reeled,100V,1.5 nF,,,,,,,Published
MLCC,Anti-Arcing High Voltage,FJ15X152K202PT,FJ,0402,X7R; ±10%; Pd/Ag; 7-inch Reeled,2000V,1.5 nF,,,,,,,Published
MLCC,Anti-Arcing High Voltage,FJ15X152K202PG,FJ,0402,X7R; ±10%; Pd/Ag; 13-inch Reeled,2000V,1.5 nF,,,,,,,Published
MLCC,Anti-Arcing High Voltage,FJ15X152K202ET,FJ,0402,X7R; ±10%; Ag/Ni/Sn; 7-inch Reeled,2000V,1.5 nF,,,,,,,Published
MLCC,Anti-Arcing High Voltage,FJ15X152K202EG,FJ,0402,X7R; ±10%; Ag/Ni/Sn; 13-inch Reeled,2000V,1.5 nF,,,,,,,Published
MLCC,Anti-Arcing High Voltage,FJ15X152M101PT,FJ,0402,X7R; ±20%; Pd/Ag; 7-inch Reeled,100V,1.5 nF,,,,,,,Published
MLCC,Anti-Arcing High Voltage,FJ15X152M101PG,FJ,0402,X7R; ±20%; Pd/Ag; 13-inch Reeled,100V,1.5 nF,,,,,,,Published
MLCC,Anti-Arcing High Voltage,FJ15X152M101ET,FJ,0402,X7R; ±20%; Ag/Ni/Sn; 7-inch Reeled,100V,1.5 nF,,,,,,,Published
MLCC,Anti-Arcing High Voltage,FJ15X152M101EG,FJ,0402,X7R; ±20%; Ag/Ni/Sn; 13-inch Reeled,100V,1.5 nF,,,,,,,Published
MLCC,Anti-Arcing High Voltage,FJ15X152M202PT,FJ,0402,X7R; ±20%; Pd/Ag; 7-inch Reeled,2000V,1.5 nF,,,,,,,Published
MLCC,Anti-Arcing High Voltage,FJ15X152M202PG,FJ,0402,X7R; ±20%; Pd/Ag; 13-inch Reeled,2000V,1.5 nF,,,,,,,Published
MLCC,Anti-Arcing High Voltage,FJ15X152M202ET,FJ,0402,X7R; ±20%; Ag/Ni/Sn; 7-inch Reeled,2000V,1.5 nF,,,,,,,Published
MLCC,Anti-Arcing High Voltage,FJ15X152M202EG,FJ,0402,X7R; ±20%; Ag/Ni/Sn; 13-inch Reeled,2000V,1.5 nF,,,,,,,Published
MLCC,Anti-Arcing High Voltage,FJ15X153J101PT,FJ,0402,X7R; ±5%; Pd/Ag; 7-inch Reeled,100V,15 nF,,,,,,,Published
MLCC,Anti-Arcing High Voltage,FJ15X153J101PG,FJ,0402,X7R; ±5%; Pd/Ag; 13-inch Reeled,100V,15 nF,,,,,,,Published
MLCC,Anti-Arcing High Voltage,FJ15X153J101ET,FJ,0402,X7R; ±5%; Ag/Ni/Sn; 7-inch Reeled,100V,15 nF,,,,,,,Published
MLCC,Anti-Arcing High Voltage,FJ15X153J101EG,FJ,0402,X7R; ±5%; Ag/Ni/Sn; 13-inch Reeled,100V,15 nF,,,,,,,Published
MLCC,Anti-Arcing High Voltage,FJ15X153J202PT,FJ,0402,X7R; ±5%; Pd/Ag; 7-inch Reeled,2000V,15 nF,,,,,,,Published
MLCC,Anti-Arcing High Voltage,FJ15X153J202PG,FJ,0402,X7R; ±5%; Pd/Ag; 13-inch Reeled,2000V,15 nF,,,,,,,Published
MLCC,Anti-Arcing High Voltage,FJ15X153J202ET,FJ,0402,X7R; ±5%; Ag/Ni/Sn; 7-inch Reeled,2000V,15 nF,,,,,,,Published
MLCC,Anti-Arcing High Voltage,FJ15X153J202EG,FJ,0402,X7R; ±5%; Ag/Ni/Sn; 13-inch Reeled,2000V,15 nF,,,,,,,Published
MLCC,Anti-Arcing High Voltage,FJ15X153K101PT,FJ,0402,X7R; ±10%; Pd/Ag; 7-inch Reeled,100V,15 nF,,,,,,,Published
MLCC,Anti-Arcing High Voltage,FJ15X153K101PG,FJ,0402,X7R; ±10%; Pd/Ag; 13-inch Reeled,100V,15 nF,,,,,,,Published
MLCC,Anti-Arcing High Voltage,FJ15X153K101ET,FJ,0402,X7R; ±10%; Ag/Ni/Sn; 7-inch Reeled,100V,15 nF,,,,,,,Published
MLCC,Anti-Arcing High Voltage,FJ15X153K101EG,FJ,0402,X7R; ±10%; Ag/Ni/Sn; 13-inch Reeled,100V,15 nF,,,,,,,Published
MLCC,Anti-Arcing High Voltage,FJ15X153K202PT,FJ,0402,X7R; ±10%; Pd/Ag; 7-inch Reeled,2000V,15 nF,,,,,,,Published
MLCC,Anti-Arcing High Voltage,FJ15X153K202PG,FJ,0402,X7R; ±10%; Pd/Ag; 13-inch Reeled,2000V,15 nF,,,,,,,Published
MLCC,Anti-Arcing High Voltage,FJ15X153K202ET,FJ,0402,X7R; ±10%; Ag/Ni/Sn; 7-inch Reeled,2000V,15 nF,,,,,,,Published
MLCC,Anti-Arcing High Voltage,FJ15X153K202EG,FJ,0402,X7R; ±10%; Ag/Ni/Sn; 13-inch Reeled,2000V,15 nF,,,,,,,Published
MLCC,Anti-Arcing High Voltage,FJ15X153M101PT,FJ,0402,X7R; ±20%; Pd/Ag; 7-inch Reeled,100V,15 nF,,,,,,,Published
MLCC,Anti-Arcing High Voltage,FJ15X153M101PG,FJ,0402,X7R; ±20%; Pd/Ag; 13-inch Reeled,100V,15 nF,,,,,,,Published
MLCC,Anti-Arcing High Voltage,FJ15X153M101ET,FJ,0402,X7R; ±20%; Ag/Ni/Sn; 7-inch Reeled,100V,15 nF,,,,,,,Published
MLCC,Anti-Arcing High Voltage,FJ15X153M101EG,FJ,0402,X7R; ±20%; Ag/Ni/Sn; 13-inch Reeled,100V,15 nF,,,,,,,Published
MLCC,Anti-Arcing High Voltage,FJ15X153M202PT,FJ,0402,X7R; ±20%; Pd/Ag; 7-inch Reeled,2000V,15 nF,,,,,,,Published
MLCC,Anti-Arcing High Voltage,FJ15X153M202PG,FJ,0402,X7R; ±20%; Pd/Ag; 13-inch Reeled,2000V,15 nF,,,,,,,Published
MLCC,Anti-Arcing High Voltage,FJ15X153M202ET,FJ,0402,X7R; ±20%; Ag/Ni/Sn; 7-inch Reeled,2000V,15 nF,,,,,,,Published
MLCC,Anti-Arcing High Voltage,FJ15X153M202EG,FJ,0402,X7R; ±20%; Ag/Ni/Sn; 13-inch Reeled,2000V,15 nF,,,,,,,Published
MLCC,Anti-Arcing High Voltage,FJ15X154J101PT,FJ,0402,X7R; ±5%; Pd/Ag; 7-inch Reeled,100V,150 nF,,,,,,,Published
MLCC,Anti-Arcing High Voltage,FJ15X154J101PG,FJ,0402,X7R; ±5%; Pd/Ag; 13-inch Reeled,100V,150 nF,,,,,,,Published
MLCC,Anti-Arcing High Voltage,FJ15X154J101ET,FJ,0402,X7R; ±5%; Ag/Ni/Sn; 7-inch Reeled,100V,150 nF,,,,,,,Published
MLCC,Anti-Arcing High Voltage,FJ15X154J101EG,FJ,0402,X7R; ±5%; Ag/Ni/Sn; 13-inch Reeled,100V,150 nF,,,,,,,Published
MLCC,Anti-Arcing High Voltage,FJ15X154J202PT,FJ,0402,X7R; ±5%; Pd/Ag; 7-inch Reeled,2000V,150 nF,,,,,,,Published
MLCC,Anti-Arcing High Voltage,FJ15X154J202PG,FJ,0402,X7R; ±5%; Pd/Ag; 13-inch Reeled,2000V,150 nF,,,,,,,Published
MLCC,Anti-Arcing High Voltage,FJ15X154J202ET,FJ,0402,X7R; ±5%; Ag/Ni/Sn; 7-inch Reeled,2000V,150 nF,,,,,,,Published
MLCC,Anti-Arcing High Voltage,FJ15X154J202EG,FJ,0402,X7R; ±5%; Ag/Ni/Sn; 13-inch Reeled,2000V,150 nF,,,,,,,Published
MLCC,Anti-Arcing High Voltage,FJ15X154K101PT,FJ,0402,X7R; ±10%; Pd/Ag; 7-inch Reeled,100V,150 nF,,,,,,,Published
MLCC,Anti-Arcing High Voltage,FJ15X154K101PG,FJ,0402,X7R; ±10%; Pd/Ag; 13-inch Reeled,100V,150 nF,,,,,,,Published
MLCC,Anti-Arcing High Voltage,FJ15X154K101ET,FJ,0402,X7R; ±10%; Ag/Ni/Sn; 7-inch Reeled,100V,150 nF,,,,,,,Published
MLCC,Anti-Arcing High Voltage,FJ15X154K101EG,FJ,0402,X7R; ±10%; Ag/Ni/Sn; 13-inch Reeled,100V,150 nF,,,,,,,Published
MLCC,Anti-Arcing High Voltage,FJ15X154K202PT,FJ,0402,X7R; ±10%; Pd/Ag; 7-inch Reeled,2000V,150 nF,,,,,,,Published
MLCC,Anti-Arcing High Voltage,FJ15X154K202PG,FJ,0402,X7R; ±10%; Pd/Ag; 13-inch Reeled,2000V,150 nF,,,,,,,Published
MLCC,Anti-Arcing High Voltage,FJ15X154K202ET,FJ,0402,X7R; ±10%; Ag/Ni/Sn; 7-inch Reeled,2000V,150 nF,,,,,,,Published
MLCC,Anti-Arcing High Voltage,FJ15X154K202EG,FJ,0402,X7R; ±10%; Ag/Ni/Sn; 13-inch Reeled,2000V,150 nF,,,,,,,Published
MLCC,Anti-Arcing High Voltage,FJ15X154M101PT,FJ,0402,X7R; ±20%; Pd/Ag; 7-inch Reeled,100V,150 nF,,,,,,,Published
MLCC,Anti-Arcing High Voltage,FJ15X154M101PG,FJ,0402,X7R; ±20%; Pd/Ag; 13-inch Reeled,100V,150 nF,,,,,,,Published
MLCC,Anti-Arcing High Voltage,FJ15X154M101ET,FJ,0402,X7R; ±20%; Ag/Ni/Sn; 7-inch Reeled,100V,150 nF,,,,,,,Published
MLCC,Anti-Arcing High Voltage,FJ15X154M101EG,FJ,0402,X7R; ±20%; Ag/Ni/Sn; 13-inch Reeled,100V,150 nF,,,,,,,Published
MLCC,Anti-Arcing High Voltage,FJ15X154M202PT,FJ,0402,X7R; ±20%; Pd/Ag; 7-inch Reeled,2000V,150 nF,,,,,,,Published
MLCC,Anti-Arcing High Voltage,FJ15X154M202PG,FJ,0402,X7R; ±20%; Pd/Ag; 13-inch Reeled,2000V,150 nF,,,,,,,Published
MLCC,Anti-Arcing High Voltage,FJ15X154M202ET,FJ,0402,X7R; ±20%; Ag/Ni/Sn; 7-inch Reeled,2000V,150 nF,,,,,,,Published
MLCC,Anti-Arcing High Voltage,FJ15X154M202EG,FJ,0402,X7R; ±20%; Ag/Ni/Sn; 13-inch Reeled,2000V,150 nF,,,,,,,Published
MLCC,Anti-Arcing High Voltage,FJ15X220J101PT,FJ,0402,X7R; ±5%; Pd/Ag; 7-inch Reeled,100V,22 pF,,,,,,,Published
MLCC,Anti-Arcing High Voltage,FJ15X220J101PG,FJ,0402,X7R; ±5%; Pd/Ag; 13-inch Reeled,100V,22 pF,,,,,,,Published
MLCC,Anti-Arcing High Voltage,FJ15X220J101ET,FJ,0402,X7R; ±5%; Ag/Ni/Sn; 7-inch Reeled,100V,22 pF,,,,,,,Published
MLCC,Anti-Arcing High Voltage,FJ15X220J101EG,FJ,0402,X7R; ±5%; Ag/Ni/Sn; 13-inch Reeled,100V,22 pF,,,,,,,Published
MLCC,Anti-Arcing High Voltage,FJ15X220J202PT,FJ,0402,X7R; ±5%; Pd/Ag; 7-inch Reeled,2000V,22 pF,,,,,,,Published
MLCC,Anti-Arcing High Voltage,FJ15X220J202PG,FJ,0402,X7R; ±5%; Pd/Ag; 13-inch Reeled,2000V,22 pF,,,,,,,Published
MLCC,Anti-Arcing High Voltage,FJ15X220J202ET,FJ,0402,X7R; ±5%; Ag/Ni/Sn; 7-inch Reeled,2000V,22 pF,,,,,,,Published
MLCC,Anti-Arcing High Voltage,FJ15X220J202EG,FJ,0402,X7R; ±5%; Ag/Ni/Sn; 13-inch Reeled,2000V,22 pF,,,,,,,Published
MLCC,Anti-Arcing High Voltage,FJ15X220K101PT,FJ,0402,X7R; ±10%; Pd/Ag; 7-inch Reeled,100V,22 pF,,,,,,,Published
MLCC,Anti-Arcing High Voltage,FJ15X220K101PG,FJ,0402,X7R; ±10%; Pd/Ag; 13-inch Reeled,100V,22 pF,,,,,,,Published
MLCC,Anti-Arcing High Voltage,FJ15X220K101ET,FJ,0402,X7R; ±10%; Ag/Ni/Sn; 7-inch Reeled,100V,22 pF,,,,,,,Published
MLCC,Anti-Arcing High Voltage,FJ15X220K101EG,FJ,0402,X7R; ±10%; Ag/Ni/Sn; 13-inch Reeled,100V,22 pF,,,,,,,Published
MLCC,Anti-Arcing High Voltage,FJ15X220K202PT,FJ,0402,X7R; ±10%; Pd/Ag; 7-inch Reeled,2000V,22 pF,,,,,,,Published
MLCC,Anti-Arcing High Voltage,FJ15X220K202PG,FJ,0402,X7R; ±10%; Pd/Ag; 13-inch Reeled,2000V,22 pF,,,,,,,Published
MLCC,Anti-Arcing High Voltage,FJ15X220K202ET,FJ,0402,X7R; ±10%; Ag/Ni/Sn; 7-inch Reeled,2000V,22 pF,,,,,,,Published
MLCC,Anti-Arcing High Voltage,FJ15X220K202EG,FJ,0402,X7R; ±10%; Ag/Ni/Sn; 13-inch Reeled,2000V,22 pF,,,,,,,Published
MLCC,Anti-Arcing High Voltage,FJ15X220M101PT,FJ,0402,X7R; ±20%; Pd/Ag; 7-inch Reeled,100V,22 pF,,,,,,,Published
MLCC,Anti-Arcing High Voltage,FJ15X220M101PG,FJ,0402,X7R; ±20%; Pd/Ag; 13-inch Reeled,100V,22 pF,,,,,,,Published
MLCC,Anti-Arcing High Voltage,FJ15X220M101ET,FJ,0402,X7R; ±20%; Ag/Ni/Sn; 7-inch Reeled,100V,22 pF,,,,,,,Published
MLCC,Anti-Arcing High Voltage,FJ15X220M101EG,FJ,0402,X7R; ±20%; Ag/Ni/Sn; 13-inch Reeled,100V,22 pF,,,,,,,Published
MLCC,Anti-Arcing High Voltage,FJ15X220M202PT,FJ,0402,X7R; ±20%; Pd/Ag; 7-inch Reeled,2000V,22 pF,,,,,,,Published
MLCC,Anti-Arcing High Voltage,FJ15X220M202PG,FJ,0402,X7R; ±20%; Pd/Ag; 13-inch Reeled,2000V,22 pF,,,,,,,Published
MLCC,Anti-Arcing High Voltage,FJ15X220M202ET,FJ,0402,X7R; ±20%; Ag/Ni/Sn; 7-inch Reeled,2000V,22 pF,,,,,,,Published
MLCC,Anti-Arcing High Voltage,FJ15X220M202EG,FJ,0402,X7R; ±20%; Ag/Ni/Sn; 13-inch Reeled,2000V,22 pF,,,,,,,Published
MLCC,Anti-Arcing High Voltage,FJ15X221J101PT,FJ,0402,X7R; ±5%; Pd/Ag; 7-inch Reeled,100V,220 pF,,,,,,,Published
MLCC,Anti-Arcing High Voltage,FJ15X221J101PG,FJ,0402,X7R; ±5%; Pd/Ag; 13-inch Reeled,100V,220 pF,,,,,,,Published
MLCC,Anti-Arcing High Voltage,FJ15X221J101ET,FJ,0402,X7R; ±5%; Ag/Ni/Sn; 7-inch Reeled,100V,220 pF,,,,,,,Published
MLCC,Anti-Arcing High Voltage,FJ15X221J101EG,FJ,0402,X7R; ±5%; Ag/Ni/Sn; 13-inch Reeled,100V,220 pF,,,,,,,Published
MLCC,Anti-Arcing High Voltage,FJ15X221J202PT,FJ,0402,X7R; ±5%; Pd/Ag; 7-inch Reeled,2000V,220 pF,,,,,,,Published
MLCC,Anti-Arcing High Voltage,FJ15X221J202PG,FJ,0402,X7R; ±5%; Pd/Ag; 13-inch Reeled,2000V,220 pF,,,,,,,Published
MLCC,Anti-Arcing High Voltage,FJ15X221J202ET,FJ,0402,X7R; ±5%; Ag/Ni/Sn; 7-inch Reeled,2000V,220 pF,,,,,,,Published
MLCC,Anti-Arcing High Voltage,FJ15X221J202EG,FJ,0402,X7R; ±5%; Ag/Ni/Sn; 13-inch Reeled,2000V,220 pF,,,,,,,Published
MLCC,Anti-Arcing High Voltage,FJ15X221K101PT,FJ,0402,X7R; ±10%; Pd/Ag; 7-inch Reeled,100V,220 pF,,,,,,,Published
MLCC,Anti-Arcing High Voltage,FJ15X221K101PG,FJ,0402,X7R; ±10%; Pd/Ag; 13-inch Reeled,100V,220 pF,,,,,,,Published
MLCC,Anti-Arcing High Voltage,FJ15X221K101ET,FJ,0402,X7R; ±10%; Ag/Ni/Sn; 7-inch Reeled,100V,220 pF,,,,,,,Published
MLCC,Anti-Arcing High Voltage,FJ15X221K101EG,FJ,0402,X7R; ±10%; Ag/Ni/Sn; 13-inch Reeled,100V,220 pF,,,,,,,Published
MLCC,Anti-Arcing High Voltage,FJ15X221K202PT,FJ,0402,X7R; ±10%; Pd/Ag; 7-inch Reeled,2000V,220 pF,,,,,,,Published
MLCC,Anti-Arcing High Voltage,FJ15X221K202PG,FJ,0402,X7R; ±10%; Pd/Ag; 13-inch Reeled,2000V,220 pF,,,,,,,Published
MLCC,Anti-Arcing High Voltage,FJ15X221K202ET,FJ,0402,X7R; ±10%; Ag/Ni/Sn; 7-inch Reeled,2000V,220 pF,,,,,,,Published
MLCC,Anti-Arcing High Voltage,FJ15X221K202EG,FJ,0402,X7R; ±10%; Ag/Ni/Sn; 13-inch Reeled,2000V,220 pF,,,,,,,Published
MLCC,Anti-Arcing High Voltage,FJ15X221M101PT,FJ,0402,X7R; ±20%; Pd/Ag; 7-inch Reeled,100V,220 pF,,,,,,,Published
MLCC,Anti-Arcing High Voltage,FJ15X221M101PG,FJ,0402,X7R; ±20%; Pd/Ag; 13-inch Reeled,100V,220 pF,,,,,,,Published
MLCC,Anti-Arcing High Voltage,FJ15X221M101ET,FJ,0402,X7R; ±20%; Ag/Ni/Sn; 7-inch Reeled,100V,220 pF,,,,,,,Published
MLCC,Anti-Arcing High Voltage,FJ15X221M101EG,FJ,0402,X7R; ±20%; Ag/Ni/Sn; 13-inch Reeled,100V,220 pF,,,,,,,Published
MLCC,Anti-Arcing High Voltage,FJ15X221M202PT,FJ,0402,X7R; ±20%; Pd/Ag; 7-inch Reeled,2000V,220 pF,,,,,,,Published
MLCC,Anti-Arcing High Voltage,FJ15X221M202PG,FJ,0402,X7R; ±20%; Pd/Ag; 13-inch Reeled,2000V,220 pF,,,,,,,Published
MLCC,Anti-Arcing High Voltage,FJ15X221M202ET,FJ,0402,X7R; ±20%; Ag/Ni/Sn; 7-inch Reeled,2000V,220 pF,,,,,,,Published
MLCC,Anti-Arcing High Voltage,FJ15X221M202EG,FJ,0402,X7R; ±20%; Ag/Ni/Sn; 13-inch Reeled,2000V,220 pF,,,,,,,Published
MLCC,Anti-Arcing High Voltage,FJ15X222J101PT,FJ,0402,X7R; ±5%; Pd/Ag; 7-inch Reeled,100V,2.2 nF,,,,,,,Published
MLCC,Anti-Arcing High Voltage,FJ15X222J101PG,FJ,0402,X7R; ±5%; Pd/Ag; 13-inch Reeled,100V,2.2 nF,,,,,,,Published
MLCC,Anti-Arcing High Voltage,FJ15X222J101ET,FJ,0402,X7R; ±5%; Ag/Ni/Sn; 7-inch Reeled,100V,2.2 nF,,,,,,,Published
MLCC,Anti-Arcing High Voltage,FJ15X222J101EG,FJ,0402,X7R; ±5%; Ag/Ni/Sn; 13-inch Reeled,100V,2.2 nF,,,,,,,Published
MLCC,Anti-Arcing High Voltage,FJ15X222J202PT,FJ,0402,X7R; ±5%; Pd/Ag; 7-inch Reeled,2000V,2.2 nF,,,,,,,Published
MLCC,Anti-Arcing High Voltage,FJ15X222J202PG,FJ,0402,X7R; ±5%; Pd/Ag; 13-inch Reeled,2000V,2.2 nF,,,,,,,Published
MLCC,Anti-Arcing High Voltage,FJ15X222J202ET,FJ,0402,X7R; ±5%; Ag/Ni/Sn; 7-inch Reeled,2000V,2.2 nF,,,,,,,Published
MLCC,Anti-Arcing High Voltage,FJ15X222J202EG,FJ,0402,X7R; ±5%; Ag/Ni/Sn; 13-inch Reeled,2000V,2.2 nF,,,,,,,Published
MLCC,Anti-Arcing High Voltage,FJ15X222K101PT,FJ,0402,X7R; ±10%; Pd/Ag; 7-inch Reeled,100V,2.2 nF,,,,,,,Published
MLCC,Anti-Arcing High Voltage,FJ15X222K101PG,FJ,0402,X7R; ±10%; Pd/Ag; 13-inch Reeled,100V,2.2 nF,,,,,,,Published
MLCC,Anti-Arcing High Voltage,FJ15X222K101ET,FJ,0402,X7R; ±10%; Ag/Ni/Sn; 7-inch Reeled,100V,2.2 nF,,,,,,,Published
MLCC,Anti-Arcing High Voltage,FJ15X222K101EG,FJ,0402,X7R; ±10%; Ag/Ni/Sn; 13-inch Reeled,100V,2.2 nF,,,,,,,Published
MLCC,Anti-Arcing High Voltage,FJ15X222K202PT,FJ,0402,X7R; ±10%; Pd/Ag; 7-inch Reeled,2000V,2.2 nF,,,,,,,Published
MLCC,Anti-Arcing High Voltage,FJ15X222K202PG,FJ,0402,X7R; ±10%; Pd/Ag; 13-inch Reeled,2000V,2.2 nF,,,,,,,Published
MLCC,Anti-Arcing High Voltage,FJ15X222K202ET,FJ,0402,X7R; ±10%; Ag/Ni/Sn; 7-inch Reeled,2000V,2.2 nF,,,,,,,Published
MLCC,Anti-Arcing High Voltage,FJ15X222K202EG,FJ,0402,X7R; ±10%; Ag/Ni/Sn; 13-inch Reeled,2000V,2.2 nF,,,,,,,Published
MLCC,Anti-Arcing High Voltage,FJ15X222M101PT,FJ,0402,X7R; ±20%; Pd/Ag; 7-inch Reeled,100V,2.2 nF,,,,,,,Published
MLCC,Anti-Arcing High Voltage,FJ15X222M101PG,FJ,0402,X7R; ±20%; Pd/Ag; 13-inch Reeled,100V,2.2 nF,,,,,,,Published
MLCC,Anti-Arcing High Voltage,FJ15X222M101ET,FJ,0402,X7R; ±20%; Ag/Ni/Sn; 7-inch Reeled,100V,2.2 nF,,,,,,,Published
MLCC,Anti-Arcing High Voltage,FJ15X222M101EG,FJ,0402,X7R; ±20%; Ag/Ni/Sn; 13-inch Reeled,100V,2.2 nF,,,,,,,Published
MLCC,Anti-Arcing High Voltage,FJ15X222M202PT,FJ,0402,X7R; ±20%; Pd/Ag; 7-inch Reeled,2000V,2.2 nF,,,,,,,Published
MLCC,Anti-Arcing High Voltage,FJ15X222M202PG,FJ,0402,X7R; ±20%; Pd/Ag; 13-inch Reeled,2000V,2.2 nF,,,,,,,Published
MLCC,Anti-Arcing High Voltage,FJ15X222M202ET,FJ,0402,X7R; ±20%; Ag/Ni/Sn; 7-inch Reeled,2000V,2.2 nF,,,,,,,Published
MLCC,Anti-Arcing High Voltage,FJ15X222M202EG,FJ,0402,X7R; ±20%; Ag/Ni/Sn; 13-inch Reeled,2000V,2.2 nF,,,,,,,Published
MLCC,Anti-Arcing High Voltage,FJ15X223J101PT,FJ,0402,X7R; ±5%; Pd/Ag; 7-inch Reeled,100V,22 nF,,,,,,,Published
MLCC,Anti-Arcing High Voltage,FJ15X223J101PG,FJ,0402,X7R; ±5%; Pd/Ag; 13-inch Reeled,100V,22 nF,,,,,,,Published
MLCC,Anti-Arcing High Voltage,FJ15X223J101ET,FJ,0402,X7R; ±5%; Ag/Ni/Sn; 7-inch Reeled,100V,22 nF,,,,,,,Published
MLCC,Anti-Arcing High Voltage,FJ15X223J101EG,FJ,0402,X7R; ±5%; Ag/Ni/Sn; 13-inch Reeled,100V,22 nF,,,,,,,Published
MLCC,Anti-Arcing High Voltage,FJ15X223J202PT,FJ,0402,X7R; ±5%; Pd/Ag; 7-inch Reeled,2000V,22 nF,,,,,,,Published
MLCC,Anti-Arcing High Voltage,FJ15X223J202PG,FJ,0402,X7R; ±5%; Pd/Ag; 13-inch Reeled,2000V,22 nF,,,,,,,Published
MLCC,Anti-Arcing High Voltage,FJ15X223J202ET,FJ,0402,X7R; ±5%; Ag/Ni/Sn; 7-inch Reeled,2000V,22 nF,,,,,,,Published
MLCC,Anti-Arcing High Voltage,FJ15X223J202EG,FJ,0402,X7R; ±5%; Ag/Ni/Sn; 13-inch Reeled,2000V,22 nF,,,,,,,Published
MLCC,Anti-Arcing High Voltage,FJ15X223K101PT,FJ,0402,X7R; ±10%; Pd/Ag; 7-inch Reeled,100V,22 nF,,,,,,,Published
MLCC,Anti-Arcing High Voltage,FJ15X223K101PG,FJ,0402,X7R; ±10%; Pd/Ag; 13-inch Reeled,100V,22 nF,,,,,,,Published
MLCC,Anti-Arcing High Voltage,FJ15X223K101ET,FJ,0402,X7R; ±10%; Ag/Ni/Sn; 7-inch Reeled,100V,22 nF,,,,,,,Published
MLCC,Anti-Arcing High Voltage,FJ15X223K101EG,FJ,0402,X7R; ±10%; Ag/Ni/Sn; 13-inch Reeled,100V,22 nF,,,,,,,Published
MLCC,Anti-Arcing High Voltage,FJ15X223K202PT,FJ,0402,X7R; ±10%; Pd/Ag; 7-inch Reeled,2000V,22 nF,,,,,,,Published
MLCC,Anti-Arcing High Voltage,FJ15X223K202PG,FJ,0402,X7R; ±10%; Pd/Ag; 13-inch Reeled,2000V,22 nF,,,,,,,Published
MLCC,Anti-Arcing High Voltage,FJ15X223K202ET,FJ,0402,X7R; ±10%; Ag/Ni/Sn; 7-inch Reeled,2000V,22 nF,,,,,,,Published
MLCC,Anti-Arcing High Voltage,FJ15X223K202EG,FJ,0402,X7R; ±10%; Ag/Ni/Sn; 13-inch Reeled,2000V,22 nF,,,,,,,Published
MLCC,Anti-Arcing High Voltage,FJ15X223M101PT,FJ,0402,X7R; ±20%; Pd/Ag; 7-inch Reeled,100V,22 nF,,,,,,,Published
MLCC,Anti-Arcing High Voltage,FJ15X223M101PG,FJ,0402,X7R; ±20%; Pd/Ag; 13-inch Reeled,100V,22 nF,,,,,,,Published
MLCC,Anti-Arcing High Voltage,FJ15X223M101ET,FJ,0402,X7R; ±20%; Ag/Ni/Sn; 7-inch Reeled,100V,22 nF,,,,,,,Published
MLCC,Anti-Arcing High Voltage,FJ15X223M101EG,FJ,0402,X7R; ±20%; Ag/Ni/Sn; 13-inch Reeled,100V,22 nF,,,,,,,Published
MLCC,Anti-Arcing High Voltage,FJ15X223M202PT,FJ,0402,X7R; ±20%; Pd/Ag; 7-inch Reeled,2000V,22 nF,,,,,,,Published
MLCC,Anti-Arcing High Voltage,FJ15X223M202PG,FJ,0402,X7R; ±20%; Pd/Ag; 13-inch Reeled,2000V,22 nF,,,,,,,Published
MLCC,Anti-Arcing High Voltage,FJ15X223M202ET,FJ,0402,X7R; ±20%; Ag/Ni/Sn; 7-inch Reeled,2000V,22 nF,,,,,,,Published
MLCC,Anti-Arcing High Voltage,FJ15X223M202EG,FJ,0402,X7R; ±20%; Ag/Ni/Sn; 13-inch Reeled,2000V,22 nF,,,,,,,Published
MLCC,Anti-Arcing High Voltage,FJ15X224J101PT,FJ,0402,X7R; ±5%; Pd/Ag; 7-inch Reeled,100V,220 nF,,,,,,,Published
MLCC,Anti-Arcing High Voltage,FJ15X224J101PG,FJ,0402,X7R; ±5%; Pd/Ag; 13-inch Reeled,100V,220 nF,,,,,,,Published
MLCC,Anti-Arcing High Voltage,FJ15X224J101ET,FJ,0402,X7R; ±5%; Ag/Ni/Sn; 7-inch Reeled,100V,220 nF,,,,,,,Published
MLCC,Anti-Arcing High Voltage,FJ15X224J101EG,FJ,0402,X7R; ±5%; Ag/Ni/Sn; 13-inch Reeled,100V,220 nF,,,,,,,Published
MLCC,Anti-Arcing High Voltage,FJ15X224J202PT,FJ,0402,X7R; ±5%; Pd/Ag; 7-inch Reeled,2000V,220 nF,,,,,,,Published
MLCC,Anti-Arcing High Voltage,FJ15X224J202PG,FJ,0402,X7R; ±5%; Pd/Ag; 13-inch Reeled,2000V,220 nF,,,,,,,Published
MLCC,Anti-Arcing High Voltage,FJ15X224J202ET,FJ,0402,X7R; ±5%; Ag/Ni/Sn; 7-inch Reeled,2000V,220 nF,,,,,,,Published
MLCC,Anti-Arcing High Voltage,FJ15X224J202EG,FJ,0402,X7R; ±5%; Ag/Ni/Sn; 13-inch Reeled,2000V,220 nF,,,,,,,Published
MLCC,Anti-Arcing High Voltage,FJ15X224K101PT,FJ,0402,X7R; ±10%; Pd/Ag; 7-inch Reeled,100V,220 nF,,,,,,,Published
MLCC,Anti-Arcing High Voltage,FJ15X224K101PG,FJ,0402,X7R; ±10%; Pd/Ag; 13-inch Reeled,100V,220 nF,,,,,,,Published
MLCC,Anti-Arcing High Voltage,FJ15X224K101ET,FJ,0402,X7R; ±10%; Ag/Ni/Sn; 7-inch Reeled,100V,220 nF,,,,,,,Published
MLCC,Anti-Arcing High Voltage,FJ15X224K101EG,FJ,0402,X7R; ±10%; Ag/Ni/Sn; 13-inch Reeled,100V,220 nF,,,,,,,Published
MLCC,Anti-Arcing High Voltage,FJ15X224K202PT,FJ,0402,X7R; ±10%; Pd/Ag; 7-inch Reeled,2000V,220 nF,,,,,,,Published
MLCC,Anti-Arcing High Voltage,FJ15X224K202PG,FJ,0402,X7R; ±10%; Pd/Ag; 13-inch Reeled,2000V,220 nF,,,,,,,Published
MLCC,Anti-Arcing High Voltage,FJ15X224K202ET,FJ,0402,X7R; ±10%; Ag/Ni/Sn; 7-inch Reeled,2000V,220 nF,,,,,,,Published
MLCC,Anti-Arcing High Voltage,FJ15X224K202EG,FJ,0402,X7R; ±10%; Ag/Ni/Sn; 13-inch Reeled,2000V,220 nF,,,,,,,Published
MLCC,Anti-Arcing High Voltage,FJ15X224M101PT,FJ,0402,X7R; ±20%; Pd/Ag; 7-inch Reeled,100V,220 nF,,,,,,,Published
MLCC,Anti-Arcing High Voltage,FJ15X224M101PG,FJ,0402,X7R; ±20%; Pd/Ag; 13-inch Reeled,100V,220 nF,,,,,,,Published
MLCC,Anti-Arcing High Voltage,FJ15X224M101ET,FJ,0402,X7R; ±20%; Ag/Ni/Sn; 7-inch Reeled,100V,220 nF,,,,,,,Published
MLCC,Anti-Arcing High Voltage,FJ15X224M101EG,FJ,0402,X7R; ±20%; Ag/Ni/Sn; 13-inch Reeled,100V,220 nF,,,,,,,Published
MLCC,Anti-Arcing High Voltage,FJ15X224M202PT,FJ,0402,X7R; ±20%; Pd/Ag; 7-inch Reeled,2000V,220 nF,,,,,,,Published
MLCC,Anti-Arcing High Voltage,FJ15X224M202PG,FJ,0402,X7R; ±20%; Pd/Ag; 13-inch Reeled,2000V,220 nF,,,,,,,Published
MLCC,Anti-Arcing High Voltage,FJ15X224M202ET,FJ,0402,X7R; ±20%; Ag/Ni/Sn; 7-inch Reeled,2000V,220 nF,,,,,,,Published
MLCC,Anti-Arcing High Voltage,FJ15X224M202EG,FJ,0402,X7R; ±20%; Ag/Ni/Sn; 13-inch Reeled,2000V,220 nF,,,,,,,Published
MLCC,Anti-Arcing High Voltage,FJ15X330J101PT,FJ,0402,X7R; ±5%; Pd/Ag; 7-inch Reeled,100V,33 pF,,,,,,,Published
MLCC,Anti-Arcing High Voltage,FJ15X330J101PG,FJ,0402,X7R; ±5%; Pd/Ag; 13-inch Reeled,100V,33 pF,,,,,,,Published
MLCC,Anti-Arcing High Voltage,FJ15X330J101ET,FJ,0402,X7R; ±5%; Ag/Ni/Sn; 7-inch Reeled,100V,33 pF,,,,,,,Published
MLCC,Anti-Arcing High Voltage,FJ15X330J101EG,FJ,0402,X7R; ±5%; Ag/Ni/Sn; 13-inch Reeled,100V,33 pF,,,,,,,Published
MLCC,Anti-Arcing High Voltage,FJ15X330J202PT,FJ,0402,X7R; ±5%; Pd/Ag; 7-inch Reeled,2000V,33 pF,,,,,,,Published
MLCC,Anti-Arcing High Voltage,FJ15X330J202PG,FJ,0402,X7R; ±5%; Pd/Ag; 13-inch Reeled,2000V,33 pF,,,,,,,Published
MLCC,Anti-Arcing High Voltage,FJ15X330J202ET,FJ,0402,X7R; ±5%; Ag/Ni/Sn; 7-inch Reeled,2000V,33 pF,,,,,,,Published
MLCC,Anti-Arcing High Voltage,FJ15X330J202EG,FJ,0402,X7R; ±5%; Ag/Ni/Sn; 13-inch Reeled,2000V,33 pF,,,,,,,Published
MLCC,Anti-Arcing High Voltage,FJ15X330K101PT,FJ,0402,X7R; ±10%; Pd/Ag; 7-inch Reeled,100V,33 pF,,,,,,,Published
MLCC,Anti-Arcing High Voltage,FJ15X330K101PG,FJ,0402,X7R; ±10%; Pd/Ag; 13-inch Reeled,100V,33 pF,,,,,,,Published
MLCC,Anti-Arcing High Voltage,FJ15X330K101ET,FJ,0402,X7R; ±10%; Ag/Ni/Sn; 7-inch Reeled,100V,33 pF,,,,,,,Published
MLCC,Anti-Arcing High Voltage,FJ15X330K101EG,FJ,0402,X7R; ±10%; Ag/Ni/Sn; 13-inch Reeled,100V,33 pF,,,,,,,Published
MLCC,Anti-Arcing High Voltage,FJ15X330K202PT,FJ,0402,X7R; ±10%; Pd/Ag; 7-inch Reeled,2000V,33 pF,,,,,,,Published
MLCC,Anti-Arcing High Voltage,FJ15X330K202PG,FJ,0402,X7R; ±10%; Pd/Ag; 13-inch Reeled,2000V,33 pF,,,,,,,Published
MLCC,Anti-Arcing High Voltage,FJ15X330K202ET,FJ,0402,X7R; ±10%; Ag/Ni/Sn; 7-inch Reeled,2000V,33 pF,,,,,,,Published
MLCC,Anti-Arcing High Voltage,FJ15X330K202EG,FJ,0402,X7R; ±10%; Ag/Ni/Sn; 13-inch Reeled,2000V,33 pF,,,,,,,Published
MLCC,Anti-Arcing High Voltage,FJ15X330M101PT,FJ,0402,X7R; ±20%; Pd/Ag; 7-inch Reeled,100V,33 pF,,,,,,,Published
MLCC,Anti-Arcing High Voltage,FJ15X330M101PG,FJ,0402,X7R; ±20%; Pd/Ag; 13-inch Reeled,100V,33 pF,,,,,,,Published
MLCC,Anti-Arcing High Voltage,FJ15X330M101ET,FJ,0402,X7R; ±20%; Ag/Ni/Sn; 7-inch Reeled,100V,33 pF,,,,,,,Published
MLCC,Anti-Arcing High Voltage,FJ15X330M101EG,FJ,0402,X7R; ±20%; Ag/Ni/Sn; 13-inch Reeled,100V,33 pF,,,,,,,Published
MLCC,Anti-Arcing High Voltage,FJ15X330M202PT,FJ,0402,X7R; ±20%; Pd/Ag; 7-inch Reeled,2000V,33 pF,,,,,,,Published
MLCC,Anti-Arcing High Voltage,FJ15X330M202PG,FJ,0402,X7R; ±20%; Pd/Ag; 13-inch Reeled,2000V,33 pF,,,,,,,Published
MLCC,Anti-Arcing High Voltage,FJ15X330M202ET,FJ,0402,X7R; ±20%; Ag/Ni/Sn; 7-inch Reeled,2000V,33 pF,,,,,,,Published
MLCC,Anti-Arcing High Voltage,FJ15X330M202EG,FJ,0402,X7R; ±20%; Ag/Ni/Sn; 13-inch Reeled,2000V,33 pF,,,,,,,Published
MLCC,Anti-Arcing High Voltage,FJ15X331J101PT,FJ,0402,X7R; ±5%; Pd/Ag; 7-inch Reeled,100V,330 pF,,,,,,,Published
MLCC,Anti-Arcing High Voltage,FJ15X331J101PG,FJ,0402,X7R; ±5%; Pd/Ag; 13-inch Reeled,100V,330 pF,,,,,,,Published
MLCC,Anti-Arcing High Voltage,FJ15X331J101ET,FJ,0402,X7R; ±5%; Ag/Ni/Sn; 7-inch Reeled,100V,330 pF,,,,,,,Published
MLCC,Anti-Arcing High Voltage,FJ15X331J101EG,FJ,0402,X7R; ±5%; Ag/Ni/Sn; 13-inch Reeled,100V,330 pF,,,,,,,Published
MLCC,Anti-Arcing High Voltage,FJ15X331J202PT,FJ,0402,X7R; ±5%; Pd/Ag; 7-inch Reeled,2000V,330 pF,,,,,,,Published
MLCC,Anti-Arcing High Voltage,FJ15X331J202PG,FJ,0402,X7R; ±5%; Pd/Ag; 13-inch Reeled,2000V,330 pF,,,,,,,Published
MLCC,Anti-Arcing High Voltage,FJ15X331J202ET,FJ,0402,X7R; ±5%; Ag/Ni/Sn; 7-inch Reeled,2000V,330 pF,,,,,,,Published
MLCC,Anti-Arcing High Voltage,FJ15X331J202EG,FJ,0402,X7R; ±5%; Ag/Ni/Sn; 13-inch Reeled,2000V,330 pF,,,,,,,Published
MLCC,Anti-Arcing High Voltage,FJ15X331K101PT,FJ,0402,X7R; ±10%; Pd/Ag; 7-inch Reeled,100V,330 pF,,,,,,,Published
MLCC,Anti-Arcing High Voltage,FJ15X331K101PG,FJ,0402,X7R; ±10%; Pd/Ag; 13-inch Reeled,100V,330 pF,,,,,,,Published
MLCC,Anti-Arcing High Voltage,FJ15X331K101ET,FJ,0402,X7R; ±10%; Ag/Ni/Sn; 7-inch Reeled,100V,330 pF,,,,,,,Published
MLCC,Anti-Arcing High Voltage,FJ15X331K101EG,FJ,0402,X7R; ±10%; Ag/Ni/Sn; 13-inch Reeled,100V,330 pF,,,,,,,Published
MLCC,Anti-Arcing High Voltage,FJ15X331K202PT,FJ,0402,X7R; ±10%; Pd/Ag; 7-inch Reeled,2000V,330 pF,,,,,,,Published
MLCC,Anti-Arcing High Voltage,FJ15X331K202PG,FJ,0402,X7R; ±10%; Pd/Ag; 13-inch Reeled,2000V,330 pF,,,,,,,Published
MLCC,Anti-Arcing High Voltage,FJ15X331K202ET,FJ,0402,X7R; ±10%; Ag/Ni/Sn; 7-inch Reeled,2000V,330 pF,,,,,,,Published
MLCC,Anti-Arcing High Voltage,FJ15X331K202EG,FJ,0402,X7R; ±10%; Ag/Ni/Sn; 13-inch Reeled,2000V,330 pF,,,,,,,Published
MLCC,Anti-Arcing High Voltage,FJ15X331M101PT,FJ,0402,X7R; ±20%; Pd/Ag; 7-inch Reeled,100V,330 pF,,,,,,,Published
MLCC,Anti-Arcing High Voltage,FJ15X331M101PG,FJ,0402,X7R; ±20%; Pd/Ag; 13-inch Reeled,100V,330 pF,,,,,,,Published
MLCC,Anti-Arcing High Voltage,FJ15X331M101ET,FJ,0402,X7R; ±20%; Ag/Ni/Sn; 7-inch Reeled,100V,330 pF,,,,,,,Published
MLCC,Anti-Arcing High Voltage,FJ15X331M101EG,FJ,0402,X7R; ±20%; Ag/Ni/Sn; 13-inch Reeled,100V,330 pF,,,,,,,Published
MLCC,Anti-Arcing High Voltage,FJ15X331M202PT,FJ,0402,X7R; ±20%; Pd/Ag; 7-inch Reeled,2000V,330 pF,,,,,,,Published
MLCC,Anti-Arcing High Voltage,FJ15X331M202PG,FJ,0402,X7R; ±20%; Pd/Ag; 13-inch Reeled,2000V,330 pF,,,,,,,Published
MLCC,Anti-Arcing High Voltage,FJ15X331M202ET,FJ,0402,X7R; ±20%; Ag/Ni/Sn; 7-inch Reeled,2000V,330 pF,,,,,,,Published
MLCC,Anti-Arcing High Voltage,FJ15X331M202EG,FJ,0402,X7R; ±20%; Ag/Ni/Sn; 13-inch Reeled,2000V,330 pF,,,,,,,Published
MLCC,Anti-Arcing High Voltage,FJ15X332J101PT,FJ,0402,X7R; ±5%; Pd/Ag; 7-inch Reeled,100V,3.3 nF,,,,,,,Published
MLCC,Anti-Arcing High Voltage,FJ15X332J101PG,FJ,0402,X7R; ±5%; Pd/Ag; 13-inch Reeled,100V,3.3 nF,,,,,,,Published
MLCC,Anti-Arcing High Voltage,FJ15X332J101ET,FJ,0402,X7R; ±5%; Ag/Ni/Sn; 7-inch Reeled,100V,3.3 nF,,,,,,,Published
MLCC,Anti-Arcing High Voltage,FJ15X332J101EG,FJ,0402,X7R; ±5%; Ag/Ni/Sn; 13-inch Reeled,100V,3.3 nF,,,,,,,Published
MLCC,Anti-Arcing High Voltage,FJ15X332J202PT,FJ,0402,X7R; ±5%; Pd/Ag; 7-inch Reeled,2000V,3.3 nF,,,,,,,Published
MLCC,Anti-Arcing High Voltage,FJ15X332J202PG,FJ,0402,X7R; ±5%; Pd/Ag; 13-inch Reeled,2000V,3.3 nF,,,,,,,Published
MLCC,Anti-Arcing High Voltage,FJ15X332J202ET,FJ,0402,X7R; ±5%; Ag/Ni/Sn; 7-inch Reeled,2000V,3.3 nF,,,,,,,Published
MLCC,Anti-Arcing High Voltage,FJ15X332J202EG,FJ,0402,X7R; ±5%; Ag/Ni/Sn; 13-inch Reeled,2000V,3.3 nF,,,,,,,Published
MLCC,Anti-Arcing High Voltage,FJ15X332K101PT,FJ,0402,X7R; ±10%; Pd/Ag; 7-inch Reeled,100V,3.3 nF,,,,,,,Published
MLCC,Anti-Arcing High Voltage,FJ15X332K101PG,FJ,0402,X7R; ±10%; Pd/Ag; 13-inch Reeled,100V,3.3 nF,,,,,,,Published
MLCC,Anti-Arcing High Voltage,FJ15X332K101ET,FJ,0402,X7R; ±10%; Ag/Ni/Sn; 7-inch Reeled,100V,3.3 nF,,,,,,,Published
MLCC,Anti-Arcing High Voltage,FJ15X332K101EG,FJ,0402,X7R; ±10%; Ag/Ni/Sn; 13-inch Reeled,100V,3.3 nF,,,,,,,Published
MLCC,Anti-Arcing High Voltage,FJ15X332K202PT,FJ,0402,X7R; ±10%; Pd/Ag; 7-inch Reeled,2000V,3.3 nF,,,,,,,Published
MLCC,Anti-Arcing High Voltage,FJ15X332K202PG,FJ,0402,X7R; ±10%; Pd/Ag; 13-inch Reeled,2000V,3.3 nF,,,,,,,Published
MLCC,Anti-Arcing High Voltage,FJ15X332K202ET,FJ,0402,X7R; ±10%; Ag/Ni/Sn; 7-inch Reeled,2000V,3.3 nF,,,,,,,Published
MLCC,Anti-Arcing High Voltage,FJ15X332K202EG,FJ,0402,X7R; ±10%; Ag/Ni/Sn; 13-inch Reeled,2000V,3.3 nF,,,,,,,Published
MLCC,Anti-Arcing High Voltage,FJ15X332M101PT,FJ,0402,X7R; ±20%; Pd/Ag; 7-inch Reeled,100V,3.3 nF,,,,,,,Published
MLCC,Anti-Arcing High Voltage,FJ15X332M101PG,FJ,0402,X7R; ±20%; Pd/Ag; 13-inch Reeled,100V,3.3 nF,,,,,,,Published
MLCC,Anti-Arcing High Voltage,FJ15X332M101ET,FJ,0402,X7R; ±20%; Ag/Ni/Sn; 7-inch Reeled,100V,3.3 nF,,,,,,,Published
MLCC,Anti-Arcing High Voltage,FJ15X332M101EG,FJ,0402,X7R; ±20%; Ag/Ni/Sn; 13-inch Reeled,100V,3.3 nF,,,,,,,Published
MLCC,Anti-Arcing High Voltage,FJ15X332M202PT,FJ,0402,X7R; ±20%; Pd/Ag; 7-inch Reeled,2000V,3.3 nF,,,,,,,Published
MLCC,Anti-Arcing High Voltage,FJ15X332M202PG,FJ,0402,X7R; ±20%; Pd/Ag; 13-inch Reeled,2000V,3.3 nF,,,,,,,Published
MLCC,Anti-Arcing High Voltage,FJ15X332M202ET,FJ,0402,X7R; ±20%; Ag/Ni/Sn; 7-inch Reeled,2000V,3.3 nF,,,,,,,Published
MLCC,Anti-Arcing High Voltage,FJ15X332M202EG,FJ,0402,X7R; ±20%; Ag/Ni/Sn; 13-inch Reeled,2000V,3.3 nF,,,,,,,Published
MLCC,Anti-Arcing High Voltage,FJ15X333J101PT,FJ,0402,X7R; ±5%; Pd/Ag; 7-inch Reeled,100V,33 nF,,,,,,,Published
MLCC,Anti-Arcing High Voltage,FJ15X333J101PG,FJ,0402,X7R; ±5%; Pd/Ag; 13-inch Reeled,100V,33 nF,,,,,,,Published
MLCC,Anti-Arcing High Voltage,FJ15X333J101ET,FJ,0402,X7R; ±5%; Ag/Ni/Sn; 7-inch Reeled,100V,33 nF,,,,,,,Published
MLCC,Anti-Arcing High Voltage,FJ15X333J101EG,FJ,0402,X7R; ±5%; Ag/Ni/Sn; 13-inch Reeled,100V,33 nF,,,,,,,Published
MLCC,Anti-Arcing High Voltage,FJ15X333J202PT,FJ,0402,X7R; ±5%; Pd/Ag; 7-inch Reeled,2000V,33 nF,,,,,,,Published
MLCC,Anti-Arcing High Voltage,FJ15X333J202PG,FJ,0402,X7R; ±5%; Pd/Ag; 13-inch Reeled,2000V,33 nF,,,,,,,Published
MLCC,Anti-Arcing High Voltage,FJ15X333J202ET,FJ,0402,X7R; ±5%; Ag/Ni/Sn; 7-inch Reeled,2000V,33 nF,,,,,,,Published
MLCC,Anti-Arcing High Voltage,FJ15X333J202EG,FJ,0402,X7R; ±5%; Ag/Ni/Sn; 13-inch Reeled,2000V,33 nF,,,,,,,Published
MLCC,Anti-Arcing High Voltage,FJ15X333K101PT,FJ,0402,X7R; ±10%; Pd/Ag; 7-inch Reeled,100V,33 nF,,,,,,,Published
MLCC,Anti-Arcing High Voltage,FJ15X333K101PG,FJ,0402,X7R; ±10%; Pd/Ag; 13-inch Reeled,100V,33 nF,,,,,,,Published
MLCC,Anti-Arcing High Voltage,FJ15X333K101ET,FJ,0402,X7R; ±10%; Ag/Ni/Sn; 7-inch Reeled,100V,33 nF,,,,,,,Published
MLCC,Anti-Arcing High Voltage,FJ15X333K101EG,FJ,0402,X7R; ±10%; Ag/Ni/Sn; 13-inch Reeled,100V,33 nF,,,,,,,Published
MLCC,Anti-Arcing High Voltage,FJ15X333K202PT,FJ,0402,X7R; ±10%; Pd/Ag; 7-inch Reeled,2000V,33 nF,,,,,,,Published
MLCC,Anti-Arcing High Voltage,FJ15X333K202PG,FJ,0402,X7R; ±10%; Pd/Ag; 13-inch Reeled,2000V,33 nF,,,,,,,Published
MLCC,Anti-Arcing High Voltage,FJ15X333K202ET,FJ,0402,X7R; ±10%; Ag/Ni/Sn; 7-inch Reeled,2000V,33 nF,,,,,,,Published
MLCC,Anti-Arcing High Voltage,FJ15X333K202EG,FJ,0402,X7R; ±10%; Ag/Ni/Sn; 13-inch Reeled,2000V,33 nF,,,,,,,Published
MLCC,Anti-Arcing High Voltage,FJ15X333M101PT,FJ,0402,X7R; ±20%; Pd/Ag; 7-inch Reeled,100V,33 nF,,,,,,,Published
MLCC,Anti-Arcing High Voltage,FJ15X333M101PG,FJ,0402,X7R; ±20%; Pd/Ag; 13-inch Reeled,100V,33 nF,,,,,,,Published
MLCC,Anti-Arcing High Voltage,FJ15X333M101ET,FJ,0402,X7R; ±20%; Ag/Ni/Sn; 7-inch Reeled,100V,33 nF,,,,,,,Published
MLCC,Anti-Arcing High Voltage,FJ15X333M101EG,FJ,0402,X7R; ±20%; Ag/Ni/Sn; 13-inch Reeled,100V,33 nF,,,,,,,Published
MLCC,Anti-Arcing High Voltage,FJ15X333M202PT,FJ,0402,X7R; ±20%; Pd/Ag; 7-inch Reeled,2000V,33 nF,,,,,,,Published
MLCC,Anti-Arcing High Voltage,FJ15X333M202PG,FJ,0402,X7R; ±20%; Pd/Ag; 13-inch Reeled,2000V,33 nF,,,,,,,Published
MLCC,Anti-Arcing High Voltage,FJ15X333M202ET,FJ,0402,X7R; ±20%; Ag/Ni/Sn; 7-inch Reeled,2000V,33 nF,,,,,,,Published
MLCC,Anti-Arcing High Voltage,FJ15X333M202EG,FJ,0402,X7R; ±20%; Ag/Ni/Sn; 13-inch Reeled,2000V,33 nF,,,,,,,Published
MLCC,Anti-Arcing High Voltage,FJ15X334J101PT,FJ,0402,X7R; ±5%; Pd/Ag; 7-inch Reeled,100V,330 nF,,,,,,,Published
MLCC,Anti-Arcing High Voltage,FJ15X334J101PG,FJ,0402,X7R; ±5%; Pd/Ag; 13-inch Reeled,100V,330 nF,,,,,,,Published
MLCC,Anti-Arcing High Voltage,FJ15X334J101ET,FJ,0402,X7R; ±5%; Ag/Ni/Sn; 7-inch Reeled,100V,330 nF,,,,,,,Published
MLCC,Anti-Arcing High Voltage,FJ15X334J101EG,FJ,0402,X7R; ±5%; Ag/Ni/Sn; 13-inch Reeled,100V,330 nF,,,,,,,Published
MLCC,Anti-Arcing High Voltage,FJ15X334J202PT,FJ,0402,X7R; ±5%; Pd/Ag; 7-inch Reeled,2000V,330 nF,,,,,,,Published
MLCC,Anti-Arcing High Voltage,FJ15X334J202PG,FJ,0402,X7R; ±5%; Pd/Ag; 13-inch Reeled,2000V,330 nF,,,,,,,Published
MLCC,Anti-Arcing High Voltage,FJ15X334J202ET,FJ,0402,X7R; ±5%; Ag/Ni/Sn; 7-inch Reeled,2000V,330 nF,,,,,,,Published
MLCC,Anti-Arcing High Voltage,FJ15X334J202EG,FJ,0402,X7R; ±5%; Ag/Ni/Sn; 13-inch Reeled,2000V,330 nF,,,,,,,Published
MLCC,Anti-Arcing High Voltage,FJ15X334K101PT,FJ,0402,X7R; ±10%; Pd/Ag; 7-inch Reeled,100V,330 nF,,,,,,,Published
MLCC,Anti-Arcing High Voltage,FJ15X334K101PG,FJ,0402,X7R; ±10%; Pd/Ag; 13-inch Reeled,100V,330 nF,,,,,,,Published
MLCC,Anti-Arcing High Voltage,FJ15X334K101ET,FJ,0402,X7R; ±10%; Ag/Ni/Sn; 7-inch Reeled,100V,330 nF,,,,,,,Published
MLCC,Anti-Arcing High Voltage,FJ15X334K101EG,FJ,0402,X7R; ±10%; Ag/Ni/Sn; 13-inch Reeled,100V,330 nF,,,,,,,Published
MLCC,Anti-Arcing High Voltage,FJ15X334K202PT,FJ,0402,X7R; ±10%; Pd/Ag; 7-inch Reeled,2000V,330 nF,,,,,,,Published
MLCC,Anti-Arcing High Voltage,FJ15X334K202PG,FJ,0402,X7R; ±10%; Pd/Ag; 13-inch Reeled,2000V,330 nF,,,,,,,Published
MLCC,Anti-Arcing High Voltage,FJ15X334K202ET,FJ,0402,X7R; ±10%; Ag/Ni/Sn; 7-inch Reeled,2000V,330 nF,,,,,,,Published
MLCC,Anti-Arcing High Voltage,FJ15X334K202EG,FJ,0402,X7R; ±10%; Ag/Ni/Sn; 13-inch Reeled,2000V,330 nF,,,,,,,Published
MLCC,Anti-Arcing High Voltage,FJ15X334M101PT,FJ,0402,X7R; ±20%; Pd/Ag; 7-inch Reeled,100V,330 nF,,,,,,,Published
MLCC,Anti-Arcing High Voltage,FJ15X334M101PG,FJ,0402,X7R; ±20%; Pd/Ag; 13-inch Reeled,100V,330 nF,,,,,,,Published
MLCC,Anti-Arcing High Voltage,FJ15X334M101ET,FJ,0402,X7R; ±20%; Ag/Ni/Sn; 7-inch Reeled,100V,330 nF,,,,,,,Published
MLCC,Anti-Arcing High Voltage,FJ15X334M101EG,FJ,0402,X7R; ±20%; Ag/Ni/Sn; 13-inch Reeled,100V,330 nF,,,,,,,Published
MLCC,Anti-Arcing High Voltage,FJ15X334M202PT,FJ,0402,X7R; ±20%; Pd/Ag; 7-inch Reeled,2000V,330 nF,,,,,,,Published
MLCC,Anti-Arcing High Voltage,FJ15X334M202PG,FJ,0402,X7R; ±20%; Pd/Ag; 13-inch Reeled,2000V,330 nF,,,,,,,Published
MLCC,Anti-Arcing High Voltage,FJ15X334M202ET,FJ,0402,X7R; ±20%; Ag/Ni/Sn; 7-inch Reeled,2000V,330 nF,,,,,,,Published
MLCC,Anti-Arcing High Voltage,FJ15X334M202EG,FJ,0402,X7R; ±20%; Ag/Ni/Sn; 13-inch Reeled,2000V,330 nF,,,,,,,Published
MLCC,Anti-Arcing High Voltage,FJ15X470J101PT,FJ,0402,X7R; ±5%; Pd/Ag; 7-inch Reeled,100V,47 pF,,,,,,,Published
MLCC,Anti-Arcing High Voltage,FJ15X470J101PG,FJ,0402,X7R; ±5%; Pd/Ag; 13-inch Reeled,100V,47 pF,,,,,,,Published
MLCC,Anti-Arcing High Voltage,FJ15X470J101ET,FJ,0402,X7R; ±5%; Ag/Ni/Sn; 7-inch Reeled,100V,47 pF,,,,,,,Published
MLCC,Anti-Arcing High Voltage,FJ15X470J101EG,FJ,0402,X7R; ±5%; Ag/Ni/Sn; 13-inch Reeled,100V,47 pF,,,,,,,Published
MLCC,Anti-Arcing High Voltage,FJ15X470J202PT,FJ,0402,X7R; ±5%; Pd/Ag; 7-inch Reeled,2000V,47 pF,,,,,,,Published
MLCC,Anti-Arcing High Voltage,FJ15X470J202PG,FJ,0402,X7R; ±5%; Pd/Ag; 13-inch Reeled,2000V,47 pF,,,,,,,Published
MLCC,Anti-Arcing High Voltage,FJ15X470J202ET,FJ,0402,X7R; ±5%; Ag/Ni/Sn; 7-inch Reeled,2000V,47 pF,,,,,,,Published
MLCC,Anti-Arcing High Voltage,FJ15X470J202EG,FJ,0402,X7R; ±5%; Ag/Ni/Sn; 13-inch Reeled,2000V,47 pF,,,,,,,Published
MLCC,Anti-Arcing High Voltage,FJ15X470K101PT,FJ,0402,X7R; ±10%; Pd/Ag; 7-inch Reeled,100V,47 pF,,,,,,,Published
MLCC,Anti-Arcing High Voltage,FJ15X470K101PG,FJ,0402,X7R; ±10%; Pd/Ag; 13-inch Reeled,100V,47 pF,,,,,,,Published
MLCC,Anti-Arcing High Voltage,FJ15X470K101ET,FJ,0402,X7R; ±10%; Ag/Ni/Sn; 7-inch Reeled,100V,47 pF,,,,,,,Published
MLCC,Anti-Arcing High Voltage,FJ15X470K101EG,FJ,0402,X7R; ±10%; Ag/Ni/Sn; 13-inch Reeled,100V,47 pF,,,,,,,Published
MLCC,Anti-Arcing High Voltage,FJ15X470K202PT,FJ,0402,X7R; ±10%; Pd/Ag; 7-inch Reeled,2000V,47 pF,,,,,,,Published
MLCC,Anti-Arcing High Voltage,FJ15X470K202PG,FJ,0402,X7R; ±10%; Pd/Ag; 13-inch Reeled,2000V,47 pF,,,,,,,Published
MLCC,Anti-Arcing High Voltage,FJ15X470K202ET,FJ,0402,X7R; ±10%; Ag/Ni/Sn; 7-inch Reeled,2000V,47 pF,,,,,,,Published
MLCC,Anti-Arcing High Voltage,FJ15X470K202EG,FJ,0402,X7R; ±10%; Ag/Ni/Sn; 13-inch Reeled,2000V,47 pF,,,,,,,Published
MLCC,Anti-Arcing High Voltage,FJ15X470M101PT,FJ,0402,X7R; ±20%; Pd/Ag; 7-inch Reeled,100V,47 pF,,,,,,,Published
MLCC,Anti-Arcing High Voltage,FJ15X470M101PG,FJ,0402,X7R; ±20%; Pd/Ag; 13-inch Reeled,100V,47 pF,,,,,,,Published
MLCC,Anti-Arcing High Voltage,FJ15X470M101ET,FJ,0402,X7R; ±20%; Ag/Ni/Sn; 7-inch Reeled,100V,47 pF,,,,,,,Published
MLCC,Anti-Arcing High Voltage,FJ15X470M101EG,FJ,0402,X7R; ±20%; Ag/Ni/Sn; 13-inch Reeled,100V,47 pF,,,,,,,Published
MLCC,Anti-Arcing High Voltage,FJ15X470M202PT,FJ,0402,X7R; ±20%; Pd/Ag; 7-inch Reeled,2000V,47 pF,,,,,,,Published
MLCC,Anti-Arcing High Voltage,FJ15X470M202PG,FJ,0402,X7R; ±20%; Pd/Ag; 13-inch Reeled,2000V,47 pF,,,,,,,Published
MLCC,Anti-Arcing High Voltage,FJ15X470M202ET,FJ,0402,X7R; ±20%; Ag/Ni/Sn; 7-inch Reeled,2000V,47 pF,,,,,,,Published
MLCC,Anti-Arcing High Voltage,FJ15X470M202EG,FJ,0402,X7R; ±20%; Ag/Ni/Sn; 13-inch Reeled,2000V,47 pF,,,,,,,Published
MLCC,Anti-Arcing High Voltage,FJ15X471J101PT,FJ,0402,X7R; ±5%; Pd/Ag; 7-inch Reeled,100V,470 pF,,,,,,,Published
MLCC,Anti-Arcing High Voltage,FJ15X471J101PG,FJ,0402,X7R; ±5%; Pd/Ag; 13-inch Reeled,100V,470 pF,,,,,,,Published
MLCC,Anti-Arcing High Voltage,FJ15X471J101ET,FJ,0402,X7R; ±5%; Ag/Ni/Sn; 7-inch Reeled,100V,470 pF,,,,,,,Published
MLCC,Anti-Arcing High Voltage,FJ15X471J101EG,FJ,0402,X7R; ±5%; Ag/Ni/Sn; 13-inch Reeled,100V,470 pF,,,,,,,Published
MLCC,Anti-Arcing High Voltage,FJ15X471J202PT,FJ,0402,X7R; ±5%; Pd/Ag; 7-inch Reeled,2000V,470 pF,,,,,,,Published
MLCC,Anti-Arcing High Voltage,FJ15X471J202PG,FJ,0402,X7R; ±5%; Pd/Ag; 13-inch Reeled,2000V,470 pF,,,,,,,Published
MLCC,Anti-Arcing High Voltage,FJ15X471J202ET,FJ,0402,X7R; ±5%; Ag/Ni/Sn; 7-inch Reeled,2000V,470 pF,,,,,,,Published
MLCC,Anti-Arcing High Voltage,FJ15X471J202EG,FJ,0402,X7R; ±5%; Ag/Ni/Sn; 13-inch Reeled,2000V,470 pF,,,,,,,Published
MLCC,Anti-Arcing High Voltage,FJ15X471K101PT,FJ,0402,X7R; ±10%; Pd/Ag; 7-inch Reeled,100V,470 pF,,,,,,,Published
MLCC,Anti-Arcing High Voltage,FJ15X471K101PG,FJ,0402,X7R; ±10%; Pd/Ag; 13-inch Reeled,100V,470 pF,,,,,,,Published
MLCC,Anti-Arcing High Voltage,FJ15X471K101ET,FJ,0402,X7R; ±10%; Ag/Ni/Sn; 7-inch Reeled,100V,470 pF,,,,,,,Published
MLCC,Anti-Arcing High Voltage,FJ15X471K101EG,FJ,0402,X7R; ±10%; Ag/Ni/Sn; 13-inch Reeled,100V,470 pF,,,,,,,Published
MLCC,Anti-Arcing High Voltage,FJ15X471K202PT,FJ,0402,X7R; ±10%; Pd/Ag; 7-inch Reeled,2000V,470 pF,,,,,,,Published
MLCC,Anti-Arcing High Voltage,FJ15X471K202PG,FJ,0402,X7R; ±10%; Pd/Ag; 13-inch Reeled,2000V,470 pF,,,,,,,Published
MLCC,Anti-Arcing High Voltage,FJ15X471K202ET,FJ,0402,X7R; ±10%; Ag/Ni/Sn; 7-inch Reeled,2000V,470 pF,,,,,,,Published
MLCC,Anti-Arcing High Voltage,FJ15X471K202EG,FJ,0402,X7R; ±10%; Ag/Ni/Sn; 13-inch Reeled,2000V,470 pF,,,,,,,Published
MLCC,Anti-Arcing High Voltage,FJ15X471M101PT,FJ,0402,X7R; ±20%; Pd/Ag; 7-inch Reeled,100V,470 pF,,,,,,,Published
MLCC,Anti-Arcing High Voltage,FJ15X471M101PG,FJ,0402,X7R; ±20%; Pd/Ag; 13-inch Reeled,100V,470 pF,,,,,,,Published
MLCC,Anti-Arcing High Voltage,FJ15X471M101ET,FJ,0402,X7R; ±20%; Ag/Ni/Sn; 7-inch Reeled,100V,470 pF,,,,,,,Published
MLCC,Anti-Arcing High Voltage,FJ15X471M101EG,FJ,0402,X7R; ±20%; Ag/Ni/Sn; 13-inch Reeled,100V,470 pF,,,,,,,Published
MLCC,Anti-Arcing High Voltage,FJ15X471M202PT,FJ,0402,X7R; ±20%; Pd/Ag; 7-inch Reeled,2000V,470 pF,,,,,,,Published
MLCC,Anti-Arcing High Voltage,FJ15X471M202PG,FJ,0402,X7R; ±20%; Pd/Ag; 13-inch Reeled,2000V,470 pF,,,,,,,Published
MLCC,Anti-Arcing High Voltage,FJ15X471M202ET,FJ,0402,X7R; ±20%; Ag/Ni/Sn; 7-inch Reeled,2000V,470 pF,,,,,,,Published
MLCC,Anti-Arcing High Voltage,FJ15X471M202EG,FJ,0402,X7R; ±20%; Ag/Ni/Sn; 13-inch Reeled,2000V,470 pF,,,,,,,Published
MLCC,Anti-Arcing High Voltage,FJ15X472J101PT,FJ,0402,X7R; ±5%; Pd/Ag; 7-inch Reeled,100V,4.7 nF,,,,,,,Published
MLCC,Anti-Arcing High Voltage,FJ15X472J101PG,FJ,0402,X7R; ±5%; Pd/Ag; 13-inch Reeled,100V,4.7 nF,,,,,,,Published
MLCC,Anti-Arcing High Voltage,FJ15X472J101ET,FJ,0402,X7R; ±5%; Ag/Ni/Sn; 7-inch Reeled,100V,4.7 nF,,,,,,,Published
MLCC,Anti-Arcing High Voltage,FJ15X472J101EG,FJ,0402,X7R; ±5%; Ag/Ni/Sn; 13-inch Reeled,100V,4.7 nF,,,,,,,Published
MLCC,Anti-Arcing High Voltage,FJ15X472J202PT,FJ,0402,X7R; ±5%; Pd/Ag; 7-inch Reeled,2000V,4.7 nF,,,,,,,Published
MLCC,Anti-Arcing High Voltage,FJ15X472J202PG,FJ,0402,X7R; ±5%; Pd/Ag; 13-inch Reeled,2000V,4.7 nF,,,,,,,Published
MLCC,Anti-Arcing High Voltage,FJ15X472J202ET,FJ,0402,X7R; ±5%; Ag/Ni/Sn; 7-inch Reeled,2000V,4.7 nF,,,,,,,Published
MLCC,Anti-Arcing High Voltage,FJ15X472J202EG,FJ,0402,X7R; ±5%; Ag/Ni/Sn; 13-inch Reeled,2000V,4.7 nF,,,,,,,Published
MLCC,Anti-Arcing High Voltage,FJ15X472K101PT,FJ,0402,X7R; ±10%; Pd/Ag; 7-inch Reeled,100V,4.7 nF,,,,,,,Published
MLCC,Anti-Arcing High Voltage,FJ15X472K101PG,FJ,0402,X7R; ±10%; Pd/Ag; 13-inch Reeled,100V,4.7 nF,,,,,,,Published
MLCC,Anti-Arcing High Voltage,FJ15X472K101ET,FJ,0402,X7R; ±10%; Ag/Ni/Sn; 7-inch Reeled,100V,4.7 nF,,,,,,,Published
MLCC,Anti-Arcing High Voltage,FJ15X472K101EG,FJ,0402,X7R; ±10%; Ag/Ni/Sn; 13-inch Reeled,100V,4.7 nF,,,,,,,Published
MLCC,Anti-Arcing High Voltage,FJ15X472K202PT,FJ,0402,X7R; ±10%; Pd/Ag; 7-inch Reeled,2000V,4.7 nF,,,,,,,Published
MLCC,Anti-Arcing High Voltage,FJ15X472K202PG,FJ,0402,X7R; ±10%; Pd/Ag; 13-inch Reeled,2000V,4.7 nF,,,,,,,Published
MLCC,Anti-Arcing High Voltage,FJ15X472K202ET,FJ,0402,X7R; ±10%; Ag/Ni/Sn; 7-inch Reeled,2000V,4.7 nF,,,,,,,Published
MLCC,Anti-Arcing High Voltage,FJ15X472K202EG,FJ,0402,X7R; ±10%; Ag/Ni/Sn; 13-inch Reeled,2000V,4.7 nF,,,,,,,Published
MLCC,Anti-Arcing High Voltage,FJ15X472M101PT,FJ,0402,X7R; ±20%; Pd/Ag; 7-inch Reeled,100V,4.7 nF,,,,,,,Published
MLCC,Anti-Arcing High Voltage,FJ15X472M101PG,FJ,0402,X7R; ±20%; Pd/Ag; 13-inch Reeled,100V,4.7 nF,,,,,,,Published
MLCC,Anti-Arcing High Voltage,FJ15X472M101ET,FJ,0402,X7R; ±20%; Ag/Ni/Sn; 7-inch Reeled,100V,4.7 nF,,,,,,,Published
MLCC,Anti-Arcing High Voltage,FJ15X472M101EG,FJ,0402,X7R; ±20%; Ag/Ni/Sn; 13-inch Reeled,100V,4.7 nF,,,,,,,Published
MLCC,Anti-Arcing High Voltage,FJ15X472M202PT,FJ,0402,X7R; ±20%; Pd/Ag; 7-inch Reeled,2000V,4.7 nF,,,,,,,Published
MLCC,Anti-Arcing High Voltage,FJ15X472M202PG,FJ,0402,X7R; ±20%; Pd/Ag; 13-inch Reeled,2000V,4.7 nF,,,,,,,Published
MLCC,Anti-Arcing High Voltage,FJ15X472M202ET,FJ,0402,X7R; ±20%; Ag/Ni/Sn; 7-inch Reeled,2000V,4.7 nF,,,,,,,Published
MLCC,Anti-Arcing High Voltage,FJ15X472M202EG,FJ,0402,X7R; ±20%; Ag/Ni/Sn; 13-inch Reeled,2000V,4.7 nF,,,,,,,Published
MLCC,Anti-Arcing High Voltage,FJ15X473J101PT,FJ,0402,X7R; ±5%; Pd/Ag; 7-inch Reeled,100V,47 nF,,,,,,,Published
MLCC,Anti-Arcing High Voltage,FJ15X473J101PG,FJ,0402,X7R; ±5%; Pd/Ag; 13-inch Reeled,100V,47 nF,,,,,,,Published
MLCC,Anti-Arcing High Voltage,FJ15X473J101ET,FJ,0402,X7R; ±5%; Ag/Ni/Sn; 7-inch Reeled,100V,47 nF,,,,,,,Published
MLCC,Anti-Arcing High Voltage,FJ15X473J101EG,FJ,0402,X7R; ±5%; Ag/Ni/Sn; 13-inch Reeled,100V,47 nF,,,,,,,Published
MLCC,Anti-Arcing High Voltage,FJ15X473J202PT,FJ,0402,X7R; ±5%; Pd/Ag; 7-inch Reeled,2000V,47 nF,,,,,,,Published
MLCC,Anti-Arcing High Voltage,FJ15X473J202PG,FJ,0402,X7R; ±5%; Pd/Ag; 13-inch Reeled,2000V,47 nF,,,,,,,Published
MLCC,Anti-Arcing High Voltage,FJ15X473J202ET,FJ,0402,X7R; ±5%; Ag/Ni/Sn; 7-inch Reeled,2000V,47 nF,,,,,,,Published
MLCC,Anti-Arcing High Voltage,FJ15X473J202EG,FJ,0402,X7R; ±5%; Ag/Ni/Sn; 13-inch Reeled,2000V,47 nF,,,,,,,Published
MLCC,Anti-Arcing High Voltage,FJ15X473K101PT,FJ,0402,X7R; ±10%; Pd/Ag; 7-inch Reeled,100V,47 nF,,,,,,,Published
MLCC,Anti-Arcing High Voltage,FJ15X473K101PG,FJ,0402,X7R; ±10%; Pd/Ag; 13-inch Reeled,100V,47 nF,,,,,,,Published
MLCC,Anti-Arcing High Voltage,FJ15X473K101ET,FJ,0402,X7R; ±10%; Ag/Ni/Sn; 7-inch Reeled,100V,47 nF,,,,,,,Published
MLCC,Anti-Arcing High Voltage,FJ15X473K101EG,FJ,0402,X7R; ±10%; Ag/Ni/Sn; 13-inch Reeled,100V,47 nF,,,,,,,Published
MLCC,Anti-Arcing High Voltage,FJ15X473K202PT,FJ,0402,X7R; ±10%; Pd/Ag; 7-inch Reeled,2000V,47 nF,,,,,,,Published
MLCC,Anti-Arcing High Voltage,FJ15X473K202PG,FJ,0402,X7R; ±10%; Pd/Ag; 13-inch Reeled,2000V,47 nF,,,,,,,Published
MLCC,Anti-Arcing High Voltage,FJ15X473K202ET,FJ,0402,X7R; ±10%; Ag/Ni/Sn; 7-inch Reeled,2000V,47 nF,,,,,,,Published
MLCC,Anti-Arcing High Voltage,FJ15X473K202EG,FJ,0402,X7R; ±10%; Ag/Ni/Sn; 13-inch Reeled,2000V,47 nF,,,,,,,Published
MLCC,Anti-Arcing High Voltage,FJ15X473M101PT,FJ,0402,X7R; ±20%; Pd/Ag; 7-inch Reeled,100V,47 nF,,,,,,,Published
MLCC,Anti-Arcing High Voltage,FJ15X473M101PG,FJ,0402,X7R; ±20%; Pd/Ag; 13-inch Reeled,100V,47 nF,,,,,,,Published
MLCC,Anti-Arcing High Voltage,FJ15X473M101ET,FJ,0402,X7R; ±20%; Ag/Ni/Sn; 7-inch Reeled,100V,47 nF,,,,,,,Published
MLCC,Anti-Arcing High Voltage,FJ15X473M101EG,FJ,0402,X7R; ±20%; Ag/Ni/Sn; 13-inch Reeled,100V,47 nF,,,,,,,Published
MLCC,Anti-Arcing High Voltage,FJ15X473M202PT,FJ,0402,X7R; ±20%; Pd/Ag; 7-inch Reeled,2000V,47 nF,,,,,,,Published
MLCC,Anti-Arcing High Voltage,FJ15X473M202PG,FJ,0402,X7R; ±20%; Pd/Ag; 13-inch Reeled,2000V,47 nF,,,,,,,Published
MLCC,Anti-Arcing High Voltage,FJ15X473M202ET,FJ,0402,X7R; ±20%; Ag/Ni/Sn; 7-inch Reeled,2000V,47 nF,,,,,,,Published
MLCC,Anti-Arcing High Voltage,FJ15X473M202EG,FJ,0402,X7R; ±20%; Ag/Ni/Sn; 13-inch Reeled,2000V,47 nF,,,,,,,Published
MLCC,Anti-Arcing High Voltage,FJ15X474J101PT,FJ,0402,X7R; ±5%; Pd/Ag; 7-inch Reeled,100V,470 nF,,,,,,,Published
MLCC,Anti-Arcing High Voltage,FJ15X474J101PG,FJ,0402,X7R; ±5%; Pd/Ag; 13-inch Reeled,100V,470 nF,,,,,,,Published
MLCC,Anti-Arcing High Voltage,FJ15X474J101ET,FJ,0402,X7R; ±5%; Ag/Ni/Sn; 7-inch Reeled,100V,470 nF,,,,,,,Published
MLCC,Anti-Arcing High Voltage,FJ15X474J101EG,FJ,0402,X7R; ±5%; Ag/Ni/Sn; 13-inch Reeled,100V,470 nF,,,,,,,Published
MLCC,Anti-Arcing High Voltage,FJ15X474J202PT,FJ,0402,X7R; ±5%; Pd/Ag; 7-inch Reeled,2000V,470 nF,,,,,,,Published
MLCC,Anti-Arcing High Voltage,FJ15X474J202PG,FJ,0402,X7R; ±5%; Pd/Ag; 13-inch Reeled,2000V,470 nF,,,,,,,Published
MLCC,Anti-Arcing High Voltage,FJ15X474J202ET,FJ,0402,X7R; ±5%; Ag/Ni/Sn; 7-inch Reeled,2000V,470 nF,,,,,,,Published
MLCC,Anti-Arcing High Voltage,FJ15X474J202EG,FJ,0402,X7R; ±5%; Ag/Ni/Sn; 13-inch Reeled,2000V,470 nF,,,,,,,Published
MLCC,Anti-Arcing High Voltage,FJ15X474K101PT,FJ,0402,X7R; ±10%; Pd/Ag; 7-inch Reeled,100V,470 nF,,,,,,,Published
MLCC,Anti-Arcing High Voltage,FJ15X474K101PG,FJ,0402,X7R; ±10%; Pd/Ag; 13-inch Reeled,100V,470 nF,,,,,,,Published
MLCC,Anti-Arcing High Voltage,FJ15X474K101ET,FJ,0402,X7R; ±10%; Ag/Ni/Sn; 7-inch Reeled,100V,470 nF,,,,,,,Published
MLCC,Anti-Arcing High Voltage,FJ15X474K101EG,FJ,0402,X7R; ±10%; Ag/Ni/Sn; 13-inch Reeled,100V,470 nF,,,,,,,Published
MLCC,Anti-Arcing High Voltage,FJ15X474K202PT,FJ,0402,X7R; ±10%; Pd/Ag; 7-inch Reeled,2000V,470 nF,,,,,,,Published
MLCC,Anti-Arcing High Voltage,FJ15X474K202PG,FJ,0402,X7R; ±10%; Pd/Ag; 13-inch Reeled,2000V,470 nF,,,,,,,Published
MLCC,Anti-Arcing High Voltage,FJ15X474K202ET,FJ,0402,X7R; ±10%; Ag/Ni/Sn; 7-inch Reeled,2000V,470 nF,,,,,,,Published
MLCC,Anti-Arcing High Voltage,FJ15X474K202EG,FJ,0402,X7R; ±10%; Ag/Ni/Sn; 13-inch Reeled,2000V,470 nF,,,,,,,Published
MLCC,Anti-Arcing High Voltage,FJ15X474M101PT,FJ,0402,X7R; ±20%; Pd/Ag; 7-inch Reeled,100V,470 nF,,,,,,,Published
MLCC,Anti-Arcing High Voltage,FJ15X474M101PG,FJ,0402,X7R; ±20%; Pd/Ag; 13-inch Reeled,100V,470 nF,,,,,,,Published
MLCC,Anti-Arcing High Voltage,FJ15X474M101ET,FJ,0402,X7R; ±20%; Ag/Ni/Sn; 7-inch Reeled,100V,470 nF,,,,,,,Published
MLCC,Anti-Arcing High Voltage,FJ15X474M101EG,FJ,0402,X7R; ±20%; Ag/Ni/Sn; 13-inch Reeled,100V,470 nF,,,,,,,Published
MLCC,Anti-Arcing High Voltage,FJ15X474M202PT,FJ,0402,X7R; ±20%; Pd/Ag; 7-inch Reeled,2000V,470 nF,,,,,,,Published
MLCC,Anti-Arcing High Voltage,FJ15X474M202PG,FJ,0402,X7R; ±20%; Pd/Ag; 13-inch Reeled,2000V,470 nF,,,,,,,Published
MLCC,Anti-Arcing High Voltage,FJ15X474M202ET,FJ,0402,X7R; ±20%; Ag/Ni/Sn; 7-inch Reeled,2000V,470 nF,,,,,,,Published
MLCC,Anti-Arcing High Voltage,FJ15X474M202EG,FJ,0402,X7R; ±20%; Ag/Ni/Sn; 13-inch Reeled,2000V,470 nF,,,,,,,Published
MLCC,Anti-Arcing High Voltage,FJ15X680J101PT,FJ,0402,X7R; ±5%; Pd/Ag; 7-inch Reeled,100V,68 pF,,,,,,,Published
MLCC,Anti-Arcing High Voltage,FJ15X680J101PG,FJ,0402,X7R; ±5%; Pd/Ag; 13-inch Reeled,100V,68 pF,,,,,,,Published
MLCC,Anti-Arcing High Voltage,FJ15X680J101ET,FJ,0402,X7R; ±5%; Ag/Ni/Sn; 7-inch Reeled,100V,68 pF,,,,,,,Published
MLCC,Anti-Arcing High Voltage,FJ15X680J101EG,FJ,0402,X7R; ±5%; Ag/Ni/Sn; 13-inch Reeled,100V,68 pF,,,,,,,Published
MLCC,Anti-Arcing High Voltage,FJ15X680J202PT,FJ,0402,X7R; ±5%; Pd/Ag; 7-inch Reeled,2000V,68 pF,,,,,,,Published
MLCC,Anti-Arcing High Voltage,FJ15X680J202PG,FJ,0402,X7R; ±5%; Pd/Ag; 13-inch Reeled,2000V,68 pF,,,,,,,Published
MLCC,Anti-Arcing High Voltage,FJ15X680J202ET,FJ,0402,X7R; ±5%; Ag/Ni/Sn; 7-inch Reeled,2000V,68 pF,,,,,,,Published
MLCC,Anti-Arcing High Voltage,FJ15X680J202EG,FJ,0402,X7R; ±5%; Ag/Ni/Sn; 13-inch Reeled,2000V,68 pF,,,,,,,Published
MLCC,Anti-Arcing High Voltage,FJ15X680K101PT,FJ,0402,X7R; ±10%; Pd/Ag; 7-inch Reeled,100V,68 pF,,,,,,,Published
MLCC,Anti-Arcing High Voltage,FJ15X680K101PG,FJ,0402,X7R; ±10%; Pd/Ag; 13-inch Reeled,100V,68 pF,,,,,,,Published
MLCC,Anti-Arcing High Voltage,FJ15X680K101ET,FJ,0402,X7R; ±10%; Ag/Ni/Sn; 7-inch Reeled,100V,68 pF,,,,,,,Published
MLCC,Anti-Arcing High Voltage,FJ15X680K101EG,FJ,0402,X7R; ±10%; Ag/Ni/Sn; 13-inch Reeled,100V,68 pF,,,,,,,Published
MLCC,Anti-Arcing High Voltage,FJ15X680K202PT,FJ,0402,X7R; ±10%; Pd/Ag; 7-inch Reeled,2000V,68 pF,,,,,,,Published
MLCC,Anti-Arcing High Voltage,FJ15X680K202PG,FJ,0402,X7R; ±10%; Pd/Ag; 13-inch Reeled,2000V,68 pF,,,,,,,Published
MLCC,Anti-Arcing High Voltage,FJ15X680K202ET,FJ,0402,X7R; ±10%; Ag/Ni/Sn; 7-inch Reeled,2000V,68 pF,,,,,,,Published
MLCC,Anti-Arcing High Voltage,FJ15X680K202EG,FJ,0402,X7R; ±10%; Ag/Ni/Sn; 13-inch Reeled,2000V,68 pF,,,,,,,Published
MLCC,Anti-Arcing High Voltage,FJ15X680M101PT,FJ,0402,X7R; ±20%; Pd/Ag; 7-inch Reeled,100V,68 pF,,,,,,,Published
MLCC,Anti-Arcing High Voltage,FJ15X680M101PG,FJ,0402,X7R; ±20%; Pd/Ag; 13-inch Reeled,100V,68 pF,,,,,,,Published
MLCC,Anti-Arcing High Voltage,FJ15X680M101ET,FJ,0402,X7R; ±20%; Ag/Ni/Sn; 7-inch Reeled,100V,68 pF,,,,,,,Published
MLCC,Anti-Arcing High Voltage,FJ15X680M101EG,FJ,0402,X7R; ±20%; Ag/Ni/Sn; 13-inch Reeled,100V,68 pF,,,,,,,Published
MLCC,Anti-Arcing High Voltage,FJ15X680M202PT,FJ,0402,X7R; ±20%; Pd/Ag; 7-inch Reeled,2000V,68 pF,,,,,,,Published
MLCC,Anti-Arcing High Voltage,FJ15X680M202PG,FJ,0402,X7R; ±20%; Pd/Ag; 13-inch Reeled,2000V,68 pF,,,,,,,Published
MLCC,Anti-Arcing High Voltage,FJ15X680M202ET,FJ,0402,X7R; ±20%; Ag/Ni/Sn; 7-inch Reeled,2000V,68 pF,,,,,,,Published
MLCC,Anti-Arcing High Voltage,FJ15X680M202EG,FJ,0402,X7R; ±20%; Ag/Ni/Sn; 13-inch Reeled,2000V,68 pF,,,,,,,Published
MLCC,Anti-Arcing High Voltage,FJ15X681J101PT,FJ,0402,X7R; ±5%; Pd/Ag; 7-inch Reeled,100V,680 pF,,,,,,,Published
MLCC,Anti-Arcing High Voltage,FJ15X681J101PG,FJ,0402,X7R; ±5%; Pd/Ag; 13-inch Reeled,100V,680 pF,,,,,,,Published
MLCC,Anti-Arcing High Voltage,FJ15X681J101ET,FJ,0402,X7R; ±5%; Ag/Ni/Sn; 7-inch Reeled,100V,680 pF,,,,,,,Published
MLCC,Anti-Arcing High Voltage,FJ15X681J101EG,FJ,0402,X7R; ±5%; Ag/Ni/Sn; 13-inch Reeled,100V,680 pF,,,,,,,Published
MLCC,Anti-Arcing High Voltage,FJ15X681J202PT,FJ,0402,X7R; ±5%; Pd/Ag; 7-inch Reeled,2000V,680 pF,,,,,,,Published
MLCC,Anti-Arcing High Voltage,FJ15X681J202PG,FJ,0402,X7R; ±5%; Pd/Ag; 13-inch Reeled,2000V,680 pF,,,,,,,Published
MLCC,Anti-Arcing High Voltage,FJ15X681J202ET,FJ,0402,X7R; ±5%; Ag/Ni/Sn; 7-inch Reeled,2000V,680 pF,,,,,,,Published
MLCC,Anti-Arcing High Voltage,FJ15X681J202EG,FJ,0402,X7R; ±5%; Ag/Ni/Sn; 13-inch Reeled,2000V,680 pF,,,,,,,Published
MLCC,Anti-Arcing High Voltage,FJ15X681K101PT,FJ,0402,X7R; ±10%; Pd/Ag; 7-inch Reeled,100V,680 pF,,,,,,,Published
MLCC,Anti-Arcing High Voltage,FJ15X681K101PG,FJ,0402,X7R; ±10%; Pd/Ag; 13-inch Reeled,100V,680 pF,,,,,,,Published
MLCC,Anti-Arcing High Voltage,FJ15X681K101ET,FJ,0402,X7R; ±10%; Ag/Ni/Sn; 7-inch Reeled,100V,680 pF,,,,,,,Published
MLCC,Anti-Arcing High Voltage,FJ15X681K101EG,FJ,0402,X7R; ±10%; Ag/Ni/Sn; 13-inch Reeled,100V,680 pF,,,,,,,Published
MLCC,Anti-Arcing High Voltage,FJ15X681K202PT,FJ,0402,X7R; ±10%; Pd/Ag; 7-inch Reeled,2000V,680 pF,,,,,,,Published
MLCC,Anti-Arcing High Voltage,FJ15X681K202PG,FJ,0402,X7R; ±10%; Pd/Ag; 13-inch Reeled,2000V,680 pF,,,,,,,Published
MLCC,Anti-Arcing High Voltage,FJ15X681K202ET,FJ,0402,X7R; ±10%; Ag/Ni/Sn; 7-inch Reeled,2000V,680 pF,,,,,,,Published
MLCC,Anti-Arcing High Voltage,FJ15X681K202EG,FJ,0402,X7R; ±10%; Ag/Ni/Sn; 13-inch Reeled,2000V,680 pF,,,,,,,Published
MLCC,Anti-Arcing High Voltage,FJ15X681M101PT,FJ,0402,X7R; ±20%; Pd/Ag; 7-inch Reeled,100V,680 pF,,,,,,,Published
MLCC,Anti-Arcing High Voltage,FJ15X681M101PG,FJ,0402,X7R; ±20%; Pd/Ag; 13-inch Reeled,100V,680 pF,,,,,,,Published
MLCC,Anti-Arcing High Voltage,FJ15X681M101ET,FJ,0402,X7R; ±20%; Ag/Ni/Sn; 7-inch Reeled,100V,680 pF,,,,,,,Published
MLCC,Anti-Arcing High Voltage,FJ15X681M101EG,FJ,0402,X7R; ±20%; Ag/Ni/Sn; 13-inch Reeled,100V,680 pF,,,,,,,Published
MLCC,Anti-Arcing High Voltage,FJ15X681M202PT,FJ,0402,X7R; ±20%; Pd/Ag; 7-inch Reeled,2000V,680 pF,,,,,,,Published
MLCC,Anti-Arcing High Voltage,FJ15X681M202PG,FJ,0402,X7R; ±20%; Pd/Ag; 13-inch Reeled,2000V,680 pF,,,,,,,Published
MLCC,Anti-Arcing High Voltage,FJ15X681M202ET,FJ,0402,X7R; ±20%; Ag/Ni/Sn; 7-inch Reeled,2000V,680 pF,,,,,,,Published
MLCC,Anti-Arcing High Voltage,FJ15X681M202EG,FJ,0402,X7R; ±20%; Ag/Ni/Sn; 13-inch Reeled,2000V,680 pF,,,,,,,Published
MLCC,Anti-Arcing High Voltage,FJ15X682J101PT,FJ,0402,X7R; ±5%; Pd/Ag; 7-inch Reeled,100V,6.8 nF,,,,,,,Published
MLCC,Anti-Arcing High Voltage,FJ15X682J101PG,FJ,0402,X7R; ±5%; Pd/Ag; 13-inch Reeled,100V,6.8 nF,,,,,,,Published
MLCC,Anti-Arcing High Voltage,FJ15X682J101ET,FJ,0402,X7R; ±5%; Ag/Ni/Sn; 7-inch Reeled,100V,6.8 nF,,,,,,,Published
MLCC,Anti-Arcing High Voltage,FJ15X682J101EG,FJ,0402,X7R; ±5%; Ag/Ni/Sn; 13-inch Reeled,100V,6.8 nF,,,,,,,Published
MLCC,Anti-Arcing High Voltage,FJ15X682J202PT,FJ,0402,X7R; ±5%; Pd/Ag; 7-inch Reeled,2000V,6.8 nF,,,,,,,Published
MLCC,Anti-Arcing High Voltage,FJ15X682J202PG,FJ,0402,X7R; ±5%; Pd/Ag; 13-inch Reeled,2000V,6.8 nF,,,,,,,Published
MLCC,Anti-Arcing High Voltage,FJ15X682J202ET,FJ,0402,X7R; ±5%; Ag/Ni/Sn; 7-inch Reeled,2000V,6.8 nF,,,,,,,Published
MLCC,Anti-Arcing High Voltage,FJ15X682J202EG,FJ,0402,X7R; ±5%; Ag/Ni/Sn; 13-inch Reeled,2000V,6.8 nF,,,,,,,Published
MLCC,Anti-Arcing High Voltage,FJ15X682K101PT,FJ,0402,X7R; ±10%; Pd/Ag; 7-inch Reeled,100V,6.8 nF,,,,,,,Published
MLCC,Anti-Arcing High Voltage,FJ15X682K101PG,FJ,0402,X7R; ±10%; Pd/Ag; 13-inch Reeled,100V,6.8 nF,,,,,,,Published
MLCC,Anti-Arcing High Voltage,FJ15X682K101ET,FJ,0402,X7R; ±10%; Ag/Ni/Sn; 7-inch Reeled,100V,6.8 nF,,,,,,,Published
MLCC,Anti-Arcing High Voltage,FJ15X682K101EG,FJ,0402,X7R; ±10%; Ag/Ni/Sn; 13-inch Reeled,100V,6.8 nF,,,,,,,Published
MLCC,Anti-Arcing High Voltage,FJ15X682K202PT,FJ,0402,X7R; ±10%; Pd/Ag; 7-inch Reeled,2000V,6.8 nF,,,,,,,Published
MLCC,Anti-Arcing High Voltage,FJ15X682K202PG,FJ,0402,X7R; ±10%; Pd/Ag; 13-inch Reeled,2000V,6.8 nF,,,,,,,Published
MLCC,Anti-Arcing High Voltage,FJ15X682K202ET,FJ,0402,X7R; ±10%; Ag/Ni/Sn; 7-inch Reeled,2000V,6.8 nF,,,,,,,Published
MLCC,Anti-Arcing High Voltage,FJ15X682K202EG,FJ,0402,X7R; ±10%; Ag/Ni/Sn; 13-inch Reeled,2000V,6.8 nF,,,,,,,Published
MLCC,Anti-Arcing High Voltage,FJ15X682M101PT,FJ,0402,X7R; ±20%; Pd/Ag; 7-inch Reeled,100V,6.8 nF,,,,,,,Published
MLCC,Anti-Arcing High Voltage,FJ15X682M101PG,FJ,0402,X7R; ±20%; Pd/Ag; 13-inch Reeled,100V,6.8 nF,,,,,,,Published
MLCC,Anti-Arcing High Voltage,FJ15X682M101ET,FJ,0402,X7R; ±20%; Ag/Ni/Sn; 7-inch Reeled,100V,6.8 nF,,,,,,,Published
MLCC,Anti-Arcing High Voltage,FJ15X682M101EG,FJ,0402,X7R; ±20%; Ag/Ni/Sn; 13-inch Reeled,100V,6.8 nF,,,,,,,Published
MLCC,Anti-Arcing High Voltage,FJ15X682M202PT,FJ,0402,X7R; ±20%; Pd/Ag; 7-inch Reeled,2000V,6.8 nF,,,,,,,Published
MLCC,Anti-Arcing High Voltage,FJ15X682M202PG,FJ,0402,X7R; ±20%; Pd/Ag; 13-inch Reeled,2000V,6.8 nF,,,,,,,Published
MLCC,Anti-Arcing High Voltage,FJ15X682M202ET,FJ,0402,X7R; ±20%; Ag/Ni/Sn; 7-inch Reeled,2000V,6.8 nF,,,,,,,Published
MLCC,Anti-Arcing High Voltage,FJ15X682M202EG,FJ,0402,X7R; ±20%; Ag/Ni/Sn; 13-inch Reeled,2000V,6.8 nF,,,,,,,Published
MLCC,Anti-Arcing High Voltage,FJ15X683J101PT,FJ,0402,X7R; ±5%; Pd/Ag; 7-inch Reeled,100V,68 nF,,,,,,,Published
MLCC,Anti-Arcing High Voltage,FJ15X683J101PG,FJ,0402,X7R; ±5%; Pd/Ag; 13-inch Reeled,100V,68 nF,,,,,,,Published
MLCC,Anti-Arcing High Voltage,FJ15X683J101ET,FJ,0402,X7R; ±5%; Ag/Ni/Sn; 7-inch Reeled,100V,68 nF,,,,,,,Published
MLCC,Anti-Arcing High Voltage,FJ15X683J101EG,FJ,0402,X7R; ±5%; Ag/Ni/Sn; 13-inch Reeled,100V,68 nF,,,,,,,Published
MLCC,Anti-Arcing High Voltage,FJ15X683J202PT,FJ,0402,X7R; ±5%; Pd/Ag; 7-inch Reeled,2000V,68 nF,,,,,,,Published
MLCC,Anti-Arcing High Voltage,FJ15X683J202PG,FJ,0402,X7R; ±5%; Pd/Ag; 13-inch Reeled,2000V,68 nF,,,,,,,Published
MLCC,Anti-Arcing High Voltage,FJ15X683J202ET,FJ,0402,X7R; ±5%; Ag/Ni/Sn; 7-inch Reeled,2000V,68 nF,,,,,,,Published
MLCC,Anti-Arcing High Voltage,FJ15X683J202EG,FJ,0402,X7R; ±5%; Ag/Ni/Sn; 13-inch Reeled,2000V,68 nF,,,,,,,Published
MLCC,Anti-Arcing High Voltage,FJ15X683K101PT,FJ,0402,X7R; ±10%; Pd/Ag; 7-inch Reeled,100V,68 nF,,,,,,,Published
MLCC,Anti-Arcing High Voltage,FJ15X683K101PG,FJ,0402,X7R; ±10%; Pd/Ag; 13-inch Reeled,100V,68 nF,,,,,,,Published
MLCC,Anti-Arcing High Voltage,FJ15X683K101ET,FJ,0402,X7R; ±10%; Ag/Ni/Sn; 7-inch Reeled,100V,68 nF,,,,,,,Published
MLCC,Anti-Arcing High Voltage,FJ15X683K101EG,FJ,0402,X7R; ±10%; Ag/Ni/Sn; 13-inch Reeled,100V,68 nF,,,,,,,Published
MLCC,Anti-Arcing High Voltage,FJ15X683K202PT,FJ,0402,X7R; ±10%; Pd/Ag; 7-inch Reeled,2000V,68 nF,,,,,,,Published
MLCC,Anti-Arcing High Voltage,FJ15X683K202PG,FJ,0402,X7R; ±10%; Pd/Ag; 13-inch Reeled,2000V,68 nF,,,,,,,Published
MLCC,Anti-Arcing High Voltage,FJ15X683K202ET,FJ,0402,X7R; ±10%; Ag/Ni/Sn; 7-inch Reeled,2000V,68 nF,,,,,,,Published
MLCC,Anti-Arcing High Voltage,FJ15X683K202EG,FJ,0402,X7R; ±10%; Ag/Ni/Sn; 13-inch Reeled,2000V,68 nF,,,,,,,Published
MLCC,Anti-Arcing High Voltage,FJ15X683M101PT,FJ,0402,X7R; ±20%; Pd/Ag; 7-inch Reeled,100V,68 nF,,,,,,,Published
MLCC,Anti-Arcing High Voltage,FJ15X683M101PG,FJ,0402,X7R; ±20%; Pd/Ag; 13-inch Reeled,100V,68 nF,,,,,,,Published
MLCC,Anti-Arcing High Voltage,FJ15X683M101ET,FJ,0402,X7R; ±20%; Ag/Ni/Sn; 7-inch Reeled,100V,68 nF,,,,,,,Published
MLCC,Anti-Arcing High Voltage,FJ15X683M101EG,FJ,0402,X7R; ±20%; Ag/Ni/Sn; 13-inch Reeled,100V,68 nF,,,,,,,Published
MLCC,Anti-Arcing High Voltage,FJ15X683M202PT,FJ,0402,X7R; ±20%; Pd/Ag; 7-inch Reeled,2000V,68 nF,,,,,,,Published
MLCC,Anti-Arcing High Voltage,FJ15X683M202PG,FJ,0402,X7R; ±20%; Pd/Ag; 13-inch Reeled,2000V,68 nF,,,,,,,Published
MLCC,Anti-Arcing High Voltage,FJ15X683M202ET,FJ,0402,X7R; ±20%; Ag/Ni/Sn; 7-inch Reeled,2000V,68 nF,,,,,,,Published
MLCC,Anti-Arcing High Voltage,FJ15X683M202EG,FJ,0402,X7R; ±20%; Ag/Ni/Sn; 13-inch Reeled,2000V,68 nF,,,,,,,Published
MLCC,Anti-Arcing High Voltage,FJ15X684J101PT,FJ,0402,X7R; ±5%; Pd/Ag; 7-inch Reeled,100V,680 nF,,,,,,,Published
MLCC,Anti-Arcing High Voltage,FJ15X684J101PG,FJ,0402,X7R; ±5%; Pd/Ag; 13-inch Reeled,100V,680 nF,,,,,,,Published
MLCC,Anti-Arcing High Voltage,FJ15X684J101ET,FJ,0402,X7R; ±5%; Ag/Ni/Sn; 7-inch Reeled,100V,680 nF,,,,,,,Published
MLCC,Anti-Arcing High Voltage,FJ15X684J101EG,FJ,0402,X7R; ±5%; Ag/Ni/Sn; 13-inch Reeled,100V,680 nF,,,,,,,Published
MLCC,Anti-Arcing High Voltage,FJ15X684J202PT,FJ,0402,X7R; ±5%; Pd/Ag; 7-inch Reeled,2000V,680 nF,,,,,,,Published
MLCC,Anti-Arcing High Voltage,FJ15X684J202PG,FJ,0402,X7R; ±5%; Pd/Ag; 13-inch Reeled,2000V,680 nF,,,,,,,Published
MLCC,Anti-Arcing High Voltage,FJ15X684J202ET,FJ,0402,X7R; ±5%; Ag/Ni/Sn; 7-inch Reeled,2000V,680 nF,,,,,,,Published
MLCC,Anti-Arcing High Voltage,FJ15X684J202EG,FJ,0402,X7R; ±5%; Ag/Ni/Sn; 13-inch Reeled,2000V,680 nF,,,,,,,Published
MLCC,Anti-Arcing High Voltage,FJ15X684K101PT,FJ,0402,X7R; ±10%; Pd/Ag; 7-inch Reeled,100V,680 nF,,,,,,,Published
MLCC,Anti-Arcing High Voltage,FJ15X684K101PG,FJ,0402,X7R; ±10%; Pd/Ag; 13-inch Reeled,100V,680 nF,,,,,,,Published
MLCC,Anti-Arcing High Voltage,FJ15X684K101ET,FJ,0402,X7R; ±10%; Ag/Ni/Sn; 7-inch Reeled,100V,680 nF,,,,,,,Published
MLCC,Anti-Arcing High Voltage,FJ15X684K101EG,FJ,0402,X7R; ±10%; Ag/Ni/Sn; 13-inch Reeled,100V,680 nF,,,,,,,Published
MLCC,Anti-Arcing High Voltage,FJ15X684K202PT,FJ,0402,X7R; ±10%; Pd/Ag; 7-inch Reeled,2000V,680 nF,,,,,,,Published
MLCC,Anti-Arcing High Voltage,FJ15X684K202PG,FJ,0402,X7R; ±10%; Pd/Ag; 13-inch Reeled,2000V,680 nF,,,,,,,Published
MLCC,Anti-Arcing High Voltage,FJ15X684K202ET,FJ,0402,X7R; ±10%; Ag/Ni/Sn; 7-inch Reeled,2000V,680 nF,,,,,,,Published
MLCC,Anti-Arcing High Voltage,FJ15X684K202EG,FJ,0402,X7R; ±10%; Ag/Ni/Sn; 13-inch Reeled,2000V,680 nF,,,,,,,Published
MLCC,Anti-Arcing High Voltage,FJ15X684M101PT,FJ,0402,X7R; ±20%; Pd/Ag; 7-inch Reeled,100V,680 nF,,,,,,,Published
MLCC,Anti-Arcing High Voltage,FJ15X684M101PG,FJ,0402,X7R; ±20%; Pd/Ag; 13-inch Reeled,100V,680 nF,,,,,,,Published
MLCC,Anti-Arcing High Voltage,FJ15X684M101ET,FJ,0402,X7R; ±20%; Ag/Ni/Sn; 7-inch Reeled,100V,680 nF,,,,,,,Published
MLCC,Anti-Arcing High Voltage,FJ15X684M101EG,FJ,0402,X7R; ±20%; Ag/Ni/Sn; 13-inch Reeled,100V,680 nF,,,,,,,Published
MLCC,Anti-Arcing High Voltage,FJ15X684M202PT,FJ,0402,X7R; ±20%; Pd/Ag; 7-inch Reeled,2000V,680 nF,,,,,,,Published
MLCC,Anti-Arcing High Voltage,FJ15X684M202PG,FJ,0402,X7R; ±20%; Pd/Ag; 13-inch Reeled,2000V,680 nF,,,,,,,Published
MLCC,Anti-Arcing High Voltage,FJ15X684M202ET,FJ,0402,X7R; ±20%; Ag/Ni/Sn; 7-inch Reeled,2000V,680 nF,,,,,,,Published
MLCC,Anti-Arcing High Voltage,FJ15X684M202EG,FJ,0402,X7R; ±20%; Ag/Ni/Sn; 13-inch Reeled,2000V,680 nF,,,,,,,Published
MLCC,Anti-Arcing High Voltage,FJ18N100J101PT,FJ,0603,NP0 (C0G); ±5%; Pd/Ag; 7-inch Reeled,100V,10 pF,,,,,,,Published
MLCC,Anti-Arcing High Voltage,FJ18N100J101PG,FJ,0603,NP0 (C0G); ±5%; Pd/Ag; 13-inch Reeled,100V,10 pF,,,,,,,Published
MLCC,Anti-Arcing High Voltage,FJ18N100J101ET,FJ,0603,NP0 (C0G); ±5%; Ag/Ni/Sn; 7-inch Reeled,100V,10 pF,,,,,,,Published
MLCC,Anti-Arcing High Voltage,FJ18N100J101EG,FJ,0603,NP0 (C0G); ±5%; Ag/Ni/Sn; 13-inch Reeled,100V,10 pF,,,,,,,Published
MLCC,Anti-Arcing High Voltage,FJ18N100J202PT,FJ,0603,NP0 (C0G); ±5%; Pd/Ag; 7-inch Reeled,2000V,10 pF,,,,,,,Published
MLCC,Anti-Arcing High Voltage,FJ18N100J202PG,FJ,0603,NP0 (C0G); ±5%; Pd/Ag; 13-inch Reeled,2000V,10 pF,,,,,,,Published
MLCC,Anti-Arcing High Voltage,FJ18N100J202ET,FJ,0603,NP0 (C0G); ±5%; Ag/Ni/Sn; 7-inch Reeled,2000V,10 pF,,,,,,,Published
MLCC,Anti-Arcing High Voltage,FJ18N100J202EG,FJ,0603,NP0 (C0G); ±5%; Ag/Ni/Sn; 13-inch Reeled,2000V,10 pF,,,,,,,Published
MLCC,Anti-Arcing High Voltage,FJ18N100K101PT,FJ,0603,NP0 (C0G); ±10%; Pd/Ag; 7-inch Reeled,100V,10 pF,,,,,,,Published
MLCC,Anti-Arcing High Voltage,FJ18N100K101PG,FJ,0603,NP0 (C0G); ±10%; Pd/Ag; 13-inch Reeled,100V,10 pF,,,,,,,Published
MLCC,Anti-Arcing High Voltage,FJ18N100K101ET,FJ,0603,NP0 (C0G); ±10%; Ag/Ni/Sn; 7-inch Reeled,100V,10 pF,,,,,,,Published
MLCC,Anti-Arcing High Voltage,FJ18N100K101EG,FJ,0603,NP0 (C0G); ±10%; Ag/Ni/Sn; 13-inch Reeled,100V,10 pF,,,,,,,Published
MLCC,Anti-Arcing High Voltage,FJ18N100K202PT,FJ,0603,NP0 (C0G); ±10%; Pd/Ag; 7-inch Reeled,2000V,10 pF,,,,,,,Published
MLCC,Anti-Arcing High Voltage,FJ18N100K202PG,FJ,0603,NP0 (C0G); ±10%; Pd/Ag; 13-inch Reeled,2000V,10 pF,,,,,,,Published
MLCC,Anti-Arcing High Voltage,FJ18N100K202ET,FJ,0603,NP0 (C0G); ±10%; Ag/Ni/Sn; 7-inch Reeled,2000V,10 pF,,,,,,,Published
MLCC,Anti-Arcing High Voltage,FJ18N100K202EG,FJ,0603,NP0 (C0G); ±10%; Ag/Ni/Sn; 13-inch Reeled,2000V,10 pF,,,,,,,Published
MLCC,Anti-Arcing High Voltage,FJ18N101J101PT,FJ,0603,NP0 (C0G); ±5%; Pd/Ag; 7-inch Reeled,100V,100 pF,,,,,,,Published
MLCC,Anti-Arcing High Voltage,FJ18N101J101PG,FJ,0603,NP0 (C0G); ±5%; Pd/Ag; 13-inch Reeled,100V,100 pF,,,,,,,Published
MLCC,Anti-Arcing High Voltage,FJ18N101J101ET,FJ,0603,NP0 (C0G); ±5%; Ag/Ni/Sn; 7-inch Reeled,100V,100 pF,,,,,,,Published
MLCC,Anti-Arcing High Voltage,FJ18N101J101EG,FJ,0603,NP0 (C0G); ±5%; Ag/Ni/Sn; 13-inch Reeled,100V,100 pF,,,,,,,Published
MLCC,Anti-Arcing High Voltage,FJ18N101J202PT,FJ,0603,NP0 (C0G); ±5%; Pd/Ag; 7-inch Reeled,2000V,100 pF,,,,,,,Published
MLCC,Anti-Arcing High Voltage,FJ18N101J202PG,FJ,0603,NP0 (C0G); ±5%; Pd/Ag; 13-inch Reeled,2000V,100 pF,,,,,,,Published
MLCC,Anti-Arcing High Voltage,FJ18N101J202ET,FJ,0603,NP0 (C0G); ±5%; Ag/Ni/Sn; 7-inch Reeled,2000V,100 pF,,,,,,,Published
MLCC,Anti-Arcing High Voltage,FJ18N101J202EG,FJ,0603,NP0 (C0G); ±5%; Ag/Ni/Sn; 13-inch Reeled,2000V,100 pF,,,,,,,Published
MLCC,Anti-Arcing High Voltage,FJ18N101K101PT,FJ,0603,NP0 (C0G); ±10%; Pd/Ag; 7-inch Reeled,100V,100 pF,,,,,,,Published
MLCC,Anti-Arcing High Voltage,FJ18N101K101PG,FJ,0603,NP0 (C0G); ±10%; Pd/Ag; 13-inch Reeled,100V,100 pF,,,,,,,Published
MLCC,Anti-Arcing High Voltage,FJ18N101K101ET,FJ,0603,NP0 (C0G); ±10%; Ag/Ni/Sn; 7-inch Reeled,100V,100 pF,,,,,,,Published
MLCC,Anti-Arcing High Voltage,FJ18N101K101EG,FJ,0603,NP0 (C0G); ±10%; Ag/Ni/Sn; 13-inch Reeled,100V,100 pF,,,,,,,Published
MLCC,Anti-Arcing High Voltage,FJ18N101K202PT,FJ,0603,NP0 (C0G); ±10%; Pd/Ag; 7-inch Reeled,2000V,100 pF,,,,,,,Published
MLCC,Anti-Arcing High Voltage,FJ18N101K202PG,FJ,0603,NP0 (C0G); ±10%; Pd/Ag; 13-inch Reeled,2000V,100 pF,,,,,,,Published
MLCC,Anti-Arcing High Voltage,FJ18N101K202ET,FJ,0603,NP0 (C0G); ±10%; Ag/Ni/Sn; 7-inch Reeled,2000V,100 pF,,,,,,,Published
MLCC,Anti-Arcing High Voltage,FJ18N101K202EG,FJ,0603,NP0 (C0G); ±10%; Ag/Ni/Sn; 13-inch Reeled,2000V,100 pF,,,,,,,Published
MLCC,Anti-Arcing High Voltage,FJ18N102J101PT,FJ,0603,NP0 (C0G); ±5%; Pd/Ag; 7-inch Reeled,100V,1 nF,,,,,,,Published
MLCC,Anti-Arcing High Voltage,FJ18N102J101PG,FJ,0603,NP0 (C0G); ±5%; Pd/Ag; 13-inch Reeled,100V,1 nF,,,,,,,Published
MLCC,Anti-Arcing High Voltage,FJ18N102J101ET,FJ,0603,NP0 (C0G); ±5%; Ag/Ni/Sn; 7-inch Reeled,100V,1 nF,,,,,,,Published
MLCC,Anti-Arcing High Voltage,FJ18N102J101EG,FJ,0603,NP0 (C0G); ±5%; Ag/Ni/Sn; 13-inch Reeled,100V,1 nF,,,,,,,Published
MLCC,Anti-Arcing High Voltage,FJ18N102J202PT,FJ,0603,NP0 (C0G); ±5%; Pd/Ag; 7-inch Reeled,2000V,1 nF,,,,,,,Published
MLCC,Anti-Arcing High Voltage,FJ18N102J202PG,FJ,0603,NP0 (C0G); ±5%; Pd/Ag; 13-inch Reeled,2000V,1 nF,,,,,,,Published
MLCC,Anti-Arcing High Voltage,FJ18N102J202ET,FJ,0603,NP0 (C0G); ±5%; Ag/Ni/Sn; 7-inch Reeled,2000V,1 nF,,,,,,,Published
MLCC,Anti-Arcing High Voltage,FJ18N102J202EG,FJ,0603,NP0 (C0G); ±5%; Ag/Ni/Sn; 13-inch Reeled,2000V,1 nF,,,,,,,Published
MLCC,Anti-Arcing High Voltage,FJ18N102K101PT,FJ,0603,NP0 (C0G); ±10%; Pd/Ag; 7-inch Reeled,100V,1 nF,,,,,,,Published
MLCC,Anti-Arcing High Voltage,FJ18N102K101PG,FJ,0603,NP0 (C0G); ±10%; Pd/Ag; 13-inch Reeled,100V,1 nF,,,,,,,Published
MLCC,Anti-Arcing High Voltage,FJ18N102K101ET,FJ,0603,NP0 (C0G); ±10%; Ag/Ni/Sn; 7-inch Reeled,100V,1 nF,,,,,,,Published
MLCC,Anti-Arcing High Voltage,FJ18N102K101EG,FJ,0603,NP0 (C0G); ±10%; Ag/Ni/Sn; 13-inch Reeled,100V,1 nF,,,,,,,Published
MLCC,Anti-Arcing High Voltage,FJ18N102K202PT,FJ,0603,NP0 (C0G); ±10%; Pd/Ag; 7-inch Reeled,2000V,1 nF,,,,,,,Published
MLCC,Anti-Arcing High Voltage,FJ18N102K202PG,FJ,0603,NP0 (C0G); ±10%; Pd/Ag; 13-inch Reeled,2000V,1 nF,,,,,,,Published
MLCC,Anti-Arcing High Voltage,FJ18N102K202ET,FJ,0603,NP0 (C0G); ±10%; Ag/Ni/Sn; 7-inch Reeled,2000V,1 nF,,,,,,,Published
MLCC,Anti-Arcing High Voltage,FJ18N102K202EG,FJ,0603,NP0 (C0G); ±10%; Ag/Ni/Sn; 13-inch Reeled,2000V,1 nF,,,,,,,Published
MLCC,Anti-Arcing High Voltage,FJ18N103J101PT,FJ,0603,NP0 (C0G); ±5%; Pd/Ag; 7-inch Reeled,100V,10 nF,,,,,,,Published
MLCC,Anti-Arcing High Voltage,FJ18N103J101PG,FJ,0603,NP0 (C0G); ±5%; Pd/Ag; 13-inch Reeled,100V,10 nF,,,,,,,Published
MLCC,Anti-Arcing High Voltage,FJ18N103J101ET,FJ,0603,NP0 (C0G); ±5%; Ag/Ni/Sn; 7-inch Reeled,100V,10 nF,,,,,,,Published
MLCC,Anti-Arcing High Voltage,FJ18N103J101EG,FJ,0603,NP0 (C0G); ±5%; Ag/Ni/Sn; 13-inch Reeled,100V,10 nF,,,,,,,Published
MLCC,Anti-Arcing High Voltage,FJ18N103J202PT,FJ,0603,NP0 (C0G); ±5%; Pd/Ag; 7-inch Reeled,2000V,10 nF,,,,,,,Published
MLCC,Anti-Arcing High Voltage,FJ18N103J202PG,FJ,0603,NP0 (C0G); ±5%; Pd/Ag; 13-inch Reeled,2000V,10 nF,,,,,,,Published
MLCC,Anti-Arcing High Voltage,FJ18N103J202ET,FJ,0603,NP0 (C0G); ±5%; Ag/Ni/Sn; 7-inch Reeled,2000V,10 nF,,,,,,,Published
MLCC,Anti-Arcing High Voltage,FJ18N103J202EG,FJ,0603,NP0 (C0G); ±5%; Ag/Ni/Sn; 13-inch Reeled,2000V,10 nF,,,,,,,Published
MLCC,Anti-Arcing High Voltage,FJ18N103K101PT,FJ,0603,NP0 (C0G); ±10%; Pd/Ag; 7-inch Reeled,100V,10 nF,,,,,,,Published
MLCC,Anti-Arcing High Voltage,FJ18N103K101PG,FJ,0603,NP0 (C0G); ±10%; Pd/Ag; 13-inch Reeled,100V,10 nF,,,,,,,Published
MLCC,Anti-Arcing High Voltage,FJ18N103K101ET,FJ,0603,NP0 (C0G); ±10%; Ag/Ni/Sn; 7-inch Reeled,100V,10 nF,,,,,,,Published
MLCC,Anti-Arcing High Voltage,FJ18N103K101EG,FJ,0603,NP0 (C0G); ±10%; Ag/Ni/Sn; 13-inch Reeled,100V,10 nF,,,,,,,Published
MLCC,Anti-Arcing High Voltage,FJ18N103K202PT,FJ,0603,NP0 (C0G); ±10%; Pd/Ag; 7-inch Reeled,2000V,10 nF,,,,,,,Published
MLCC,Anti-Arcing High Voltage,FJ18N103K202PG,FJ,0603,NP0 (C0G); ±10%; Pd/Ag; 13-inch Reeled,2000V,10 nF,,,,,,,Published
MLCC,Anti-Arcing High Voltage,FJ18N103K202ET,FJ,0603,NP0 (C0G); ±10%; Ag/Ni/Sn; 7-inch Reeled,2000V,10 nF,,,,,,,Published
MLCC,Anti-Arcing High Voltage,FJ18N103K202EG,FJ,0603,NP0 (C0G); ±10%; Ag/Ni/Sn; 13-inch Reeled,2000V,10 nF,,,,,,,Published
MLCC,Anti-Arcing High Voltage,FJ18N104J101PT,FJ,0603,NP0 (C0G); ±5%; Pd/Ag; 7-inch Reeled,100V,100 nF,,,,,,,Published
MLCC,Anti-Arcing High Voltage,FJ18N104J101PG,FJ,0603,NP0 (C0G); ±5%; Pd/Ag; 13-inch Reeled,100V,100 nF,,,,,,,Published
MLCC,Anti-Arcing High Voltage,FJ18N104J101ET,FJ,0603,NP0 (C0G); ±5%; Ag/Ni/Sn; 7-inch Reeled,100V,100 nF,,,,,,,Published
MLCC,Anti-Arcing High Voltage,FJ18N104J101EG,FJ,0603,NP0 (C0G); ±5%; Ag/Ni/Sn; 13-inch Reeled,100V,100 nF,,,,,,,Published
MLCC,Anti-Arcing High Voltage,FJ18N104J202PT,FJ,0603,NP0 (C0G); ±5%; Pd/Ag; 7-inch Reeled,2000V,100 nF,,,,,,,Published
MLCC,Anti-Arcing High Voltage,FJ18N104J202PG,FJ,0603,NP0 (C0G); ±5%; Pd/Ag; 13-inch Reeled,2000V,100 nF,,,,,,,Published
MLCC,Anti-Arcing High Voltage,FJ18N104J202ET,FJ,0603,NP0 (C0G); ±5%; Ag/Ni/Sn; 7-inch Reeled,2000V,100 nF,,,,,,,Published
MLCC,Anti-Arcing High Voltage,FJ18N104J202EG,FJ,0603,NP0 (C0G); ±5%; Ag/Ni/Sn; 13-inch Reeled,2000V,100 nF,,,,,,,Published
MLCC,Anti-Arcing High Voltage,FJ18N104K101PT,FJ,0603,NP0 (C0G); ±10%; Pd/Ag; 7-inch Reeled,100V,100 nF,,,,,,,Published
MLCC,Anti-Arcing High Voltage,FJ18N104K101PG,FJ,0603,NP0 (C0G); ±10%; Pd/Ag; 13-inch Reeled,100V,100 nF,,,,,,,Published
MLCC,Anti-Arcing High Voltage,FJ18N104K101ET,FJ,0603,NP0 (C0G); ±10%; Ag/Ni/Sn; 7-inch Reeled,100V,100 nF,,,,,,,Published
MLCC,Anti-Arcing High Voltage,FJ18N104K101EG,FJ,0603,NP0 (C0G); ±10%; Ag/Ni/Sn; 13-inch Reeled,100V,100 nF,,,,,,,Published
MLCC,Anti-Arcing High Voltage,FJ18N104K202PT,FJ,0603,NP0 (C0G); ±10%; Pd/Ag; 7-inch Reeled,2000V,100 nF,,,,,,,Published
MLCC,Anti-Arcing High Voltage,FJ18N104K202PG,FJ,0603,NP0 (C0G); ±10%; Pd/Ag; 13-inch Reeled,2000V,100 nF,,,,,,,Published
MLCC,Anti-Arcing High Voltage,FJ18N104K202ET,FJ,0603,NP0 (C0G); ±10%; Ag/Ni/Sn; 7-inch Reeled,2000V,100 nF,,,,,,,Published
MLCC,Anti-Arcing High Voltage,FJ18N104K202EG,FJ,0603,NP0 (C0G); ±10%; Ag/Ni/Sn; 13-inch Reeled,2000V,100 nF,,,,,,,Published
MLCC,Anti-Arcing High Voltage,FJ18N150J101PT,FJ,0603,NP0 (C0G); ±5%; Pd/Ag; 7-inch Reeled,100V,15 pF,,,,,,,Published
MLCC,Anti-Arcing High Voltage,FJ18N150J101PG,FJ,0603,NP0 (C0G); ±5%; Pd/Ag; 13-inch Reeled,100V,15 pF,,,,,,,Published
MLCC,Anti-Arcing High Voltage,FJ18N150J101ET,FJ,0603,NP0 (C0G); ±5%; Ag/Ni/Sn; 7-inch Reeled,100V,15 pF,,,,,,,Published
MLCC,Anti-Arcing High Voltage,FJ18N150J101EG,FJ,0603,NP0 (C0G); ±5%; Ag/Ni/Sn; 13-inch Reeled,100V,15 pF,,,,,,,Published
MLCC,Anti-Arcing High Voltage,FJ18N150J202PT,FJ,0603,NP0 (C0G); ±5%; Pd/Ag; 7-inch Reeled,2000V,15 pF,,,,,,,Published
MLCC,Anti-Arcing High Voltage,FJ18N150J202PG,FJ,0603,NP0 (C0G); ±5%; Pd/Ag; 13-inch Reeled,2000V,15 pF,,,,,,,Published
MLCC,Anti-Arcing High Voltage,FJ18N150J202ET,FJ,0603,NP0 (C0G); ±5%; Ag/Ni/Sn; 7-inch Reeled,2000V,15 pF,,,,,,,Published
MLCC,Anti-Arcing High Voltage,FJ18N150J202EG,FJ,0603,NP0 (C0G); ±5%; Ag/Ni/Sn; 13-inch Reeled,2000V,15 pF,,,,,,,Published
MLCC,Anti-Arcing High Voltage,FJ18N150K101PT,FJ,0603,NP0 (C0G); ±10%; Pd/Ag; 7-inch Reeled,100V,15 pF,,,,,,,Published
MLCC,Anti-Arcing High Voltage,FJ18N150K101PG,FJ,0603,NP0 (C0G); ±10%; Pd/Ag; 13-inch Reeled,100V,15 pF,,,,,,,Published
MLCC,Anti-Arcing High Voltage,FJ18N150K101ET,FJ,0603,NP0 (C0G); ±10%; Ag/Ni/Sn; 7-inch Reeled,100V,15 pF,,,,,,,Published
MLCC,Anti-Arcing High Voltage,FJ18N150K101EG,FJ,0603,NP0 (C0G); ±10%; Ag/Ni/Sn; 13-inch Reeled,100V,15 pF,,,,,,,Published
MLCC,Anti-Arcing High Voltage,FJ18N150K202PT,FJ,0603,NP0 (C0G); ±10%; Pd/Ag; 7-inch Reeled,2000V,15 pF,,,,,,,Published
MLCC,Anti-Arcing High Voltage,FJ18N150K202PG,FJ,0603,NP0 (C0G); ±10%; Pd/Ag; 13-inch Reeled,2000V,15 pF,,,,,,,Published
MLCC,Anti-Arcing High Voltage,FJ18N150K202ET,FJ,0603,NP0 (C0G); ±10%; Ag/Ni/Sn; 7-inch Reeled,2000V,15 pF,,,,,,,Published
MLCC,Anti-Arcing High Voltage,FJ18N150K202EG,FJ,0603,NP0 (C0G); ±10%; Ag/Ni/Sn; 13-inch Reeled,2000V,15 pF,,,,,,,Published
MLCC,Anti-Arcing High Voltage,FJ18N151J101PT,FJ,0603,NP0 (C0G); ±5%; Pd/Ag; 7-inch Reeled,100V,150 pF,,,,,,,Published
MLCC,Anti-Arcing High Voltage,FJ18N151J101PG,FJ,0603,NP0 (C0G); ±5%; Pd/Ag; 13-inch Reeled,100V,150 pF,,,,,,,Published
MLCC,Anti-Arcing High Voltage,FJ18N151J101ET,FJ,0603,NP0 (C0G); ±5%; Ag/Ni/Sn; 7-inch Reeled,100V,150 pF,,,,,,,Published
MLCC,Anti-Arcing High Voltage,FJ18N151J101EG,FJ,0603,NP0 (C0G); ±5%; Ag/Ni/Sn; 13-inch Reeled,100V,150 pF,,,,,,,Published
MLCC,Anti-Arcing High Voltage,FJ18N151J202PT,FJ,0603,NP0 (C0G); ±5%; Pd/Ag; 7-inch Reeled,2000V,150 pF,,,,,,,Published
MLCC,Anti-Arcing High Voltage,FJ18N151J202PG,FJ,0603,NP0 (C0G); ±5%; Pd/Ag; 13-inch Reeled,2000V,150 pF,,,,,,,Published
MLCC,Anti-Arcing High Voltage,FJ18N151J202ET,FJ,0603,NP0 (C0G); ±5%; Ag/Ni/Sn; 7-inch Reeled,2000V,150 pF,,,,,,,Published
MLCC,Anti-Arcing High Voltage,FJ18N151J202EG,FJ,0603,NP0 (C0G); ±5%; Ag/Ni/Sn; 13-inch Reeled,2000V,150 pF,,,,,,,Published
MLCC,Anti-Arcing High Voltage,FJ18N151K101PT,FJ,0603,NP0 (C0G); ±10%; Pd/Ag; 7-inch Reeled,100V,150 pF,,,,,,,Published
MLCC,Anti-Arcing High Voltage,FJ18N151K101PG,FJ,0603,NP0 (C0G); ±10%; Pd/Ag; 13-inch Reeled,100V,150 pF,,,,,,,Published
MLCC,Anti-Arcing High Voltage,FJ18N151K101ET,FJ,0603,NP0 (C0G); ±10%; Ag/Ni/Sn; 7-inch Reeled,100V,150 pF,,,,,,,Published
MLCC,Anti-Arcing High Voltage,FJ18N151K101EG,FJ,0603,NP0 (C0G); ±10%; Ag/Ni/Sn; 13-inch Reeled,100V,150 pF,,,,,,,Published
MLCC,Anti-Arcing High Voltage,FJ18N151K202PT,FJ,0603,NP0 (C0G); ±10%; Pd/Ag; 7-inch Reeled,2000V,150 pF,,,,,,,Published
MLCC,Anti-Arcing High Voltage,FJ18N151K202PG,FJ,0603,NP0 (C0G); ±10%; Pd/Ag; 13-inch Reeled,2000V,150 pF,,,,,,,Published
MLCC,Anti-Arcing High Voltage,FJ18N151K202ET,FJ,0603,NP0 (C0G); ±10%; Ag/Ni/Sn; 7-inch Reeled,2000V,150 pF,,,,,,,Published
MLCC,Anti-Arcing High Voltage,FJ18N151K202EG,FJ,0603,NP0 (C0G); ±10%; Ag/Ni/Sn; 13-inch Reeled,2000V,150 pF,,,,,,,Published
MLCC,Anti-Arcing High Voltage,FJ18N152J101PT,FJ,0603,NP0 (C0G); ±5%; Pd/Ag; 7-inch Reeled,100V,1.5 nF,,,,,,,Published
MLCC,Anti-Arcing High Voltage,FJ18N152J101PG,FJ,0603,NP0 (C0G); ±5%; Pd/Ag; 13-inch Reeled,100V,1.5 nF,,,,,,,Published
MLCC,Anti-Arcing High Voltage,FJ18N152J101ET,FJ,0603,NP0 (C0G); ±5%; Ag/Ni/Sn; 7-inch Reeled,100V,1.5 nF,,,,,,,Published
MLCC,Anti-Arcing High Voltage,FJ18N152J101EG,FJ,0603,NP0 (C0G); ±5%; Ag/Ni/Sn; 13-inch Reeled,100V,1.5 nF,,,,,,,Published
MLCC,Anti-Arcing High Voltage,FJ18N152J202PT,FJ,0603,NP0 (C0G); ±5%; Pd/Ag; 7-inch Reeled,2000V,1.5 nF,,,,,,,Published
MLCC,Anti-Arcing High Voltage,FJ18N152J202PG,FJ,0603,NP0 (C0G); ±5%; Pd/Ag; 13-inch Reeled,2000V,1.5 nF,,,,,,,Published
MLCC,Anti-Arcing High Voltage,FJ18N152J202ET,FJ,0603,NP0 (C0G); ±5%; Ag/Ni/Sn; 7-inch Reeled,2000V,1.5 nF,,,,,,,Published
MLCC,Anti-Arcing High Voltage,FJ18N152J202EG,FJ,0603,NP0 (C0G); ±5%; Ag/Ni/Sn; 13-inch Reeled,2000V,1.5 nF,,,,,,,Published
MLCC,Anti-Arcing High Voltage,FJ18N152K101PT,FJ,0603,NP0 (C0G); ±10%; Pd/Ag; 7-inch Reeled,100V,1.5 nF,,,,,,,Published
MLCC,Anti-Arcing High Voltage,FJ18N152K101PG,FJ,0603,NP0 (C0G); ±10%; Pd/Ag; 13-inch Reeled,100V,1.5 nF,,,,,,,Published
MLCC,Anti-Arcing High Voltage,FJ18N152K101ET,FJ,0603,NP0 (C0G); ±10%; Ag/Ni/Sn; 7-inch Reeled,100V,1.5 nF,,,,,,,Published
MLCC,Anti-Arcing High Voltage,FJ18N152K101EG,FJ,0603,NP0 (C0G); ±10%; Ag/Ni/Sn; 13-inch Reeled,100V,1.5 nF,,,,,,,Published
MLCC,Anti-Arcing High Voltage,FJ18N152K202PT,FJ,0603,NP0 (C0G); ±10%; Pd/Ag; 7-inch Reeled,2000V,1.5 nF,,,,,,,Published
MLCC,Anti-Arcing High Voltage,FJ18N152K202PG,FJ,0603,NP0 (C0G); ±10%; Pd/Ag; 13-inch Reeled,2000V,1.5 nF,,,,,,,Published
MLCC,Anti-Arcing High Voltage,FJ18N152K202ET,FJ,0603,NP0 (C0G); ±10%; Ag/Ni/Sn; 7-inch Reeled,2000V,1.5 nF,,,,,,,Published
MLCC,Anti-Arcing High Voltage,FJ18N152K202EG,FJ,0603,NP0 (C0G); ±10%; Ag/Ni/Sn; 13-inch Reeled,2000V,1.5 nF,,,,,,,Published
MLCC,Anti-Arcing High Voltage,FJ18N153J101PT,FJ,0603,NP0 (C0G); ±5%; Pd/Ag; 7-inch Reeled,100V,15 nF,,,,,,,Published
MLCC,Anti-Arcing High Voltage,FJ18N153J101PG,FJ,0603,NP0 (C0G); ±5%; Pd/Ag; 13-inch Reeled,100V,15 nF,,,,,,,Published
MLCC,Anti-Arcing High Voltage,FJ18N153J101ET,FJ,0603,NP0 (C0G); ±5%; Ag/Ni/Sn; 7-inch Reeled,100V,15 nF,,,,,,,Published
MLCC,Anti-Arcing High Voltage,FJ18N153J101EG,FJ,0603,NP0 (C0G); ±5%; Ag/Ni/Sn; 13-inch Reeled,100V,15 nF,,,,,,,Published
MLCC,Anti-Arcing High Voltage,FJ18N153J202PT,FJ,0603,NP0 (C0G); ±5%; Pd/Ag; 7-inch Reeled,2000V,15 nF,,,,,,,Published
MLCC,Anti-Arcing High Voltage,FJ18N153J202PG,FJ,0603,NP0 (C0G); ±5%; Pd/Ag; 13-inch Reeled,2000V,15 nF,,,,,,,Published
MLCC,Anti-Arcing High Voltage,FJ18N153J202ET,FJ,0603,NP0 (C0G); ±5%; Ag/Ni/Sn; 7-inch Reeled,2000V,15 nF,,,,,,,Published
MLCC,Anti-Arcing High Voltage,FJ18N153J202EG,FJ,0603,NP0 (C0G); ±5%; Ag/Ni/Sn; 13-inch Reeled,2000V,15 nF,,,,,,,Published
MLCC,Anti-Arcing High Voltage,FJ18N153K101PT,FJ,0603,NP0 (C0G); ±10%; Pd/Ag; 7-inch Reeled,100V,15 nF,,,,,,,Published
MLCC,Anti-Arcing High Voltage,FJ18N153K101PG,FJ,0603,NP0 (C0G); ±10%; Pd/Ag; 13-inch Reeled,100V,15 nF,,,,,,,Published
MLCC,Anti-Arcing High Voltage,FJ18N153K101ET,FJ,0603,NP0 (C0G); ±10%; Ag/Ni/Sn; 7-inch Reeled,100V,15 nF,,,,,,,Published
MLCC,Anti-Arcing High Voltage,FJ18N153K101EG,FJ,0603,NP0 (C0G); ±10%; Ag/Ni/Sn; 13-inch Reeled,100V,15 nF,,,,,,,Published
MLCC,Anti-Arcing High Voltage,FJ18N153K202PT,FJ,0603,NP0 (C0G); ±10%; Pd/Ag; 7-inch Reeled,2000V,15 nF,,,,,,,Published
MLCC,Anti-Arcing High Voltage,FJ18N153K202PG,FJ,0603,NP0 (C0G); ±10%; Pd/Ag; 13-inch Reeled,2000V,15 nF,,,,,,,Published
MLCC,Anti-Arcing High Voltage,FJ18N153K202ET,FJ,0603,NP0 (C0G); ±10%; Ag/Ni/Sn; 7-inch Reeled,2000V,15 nF,,,,,,,Published
MLCC,Anti-Arcing High Voltage,FJ18N153K202EG,FJ,0603,NP0 (C0G); ±10%; Ag/Ni/Sn; 13-inch Reeled,2000V,15 nF,,,,,,,Published
MLCC,Anti-Arcing High Voltage,FJ18N154J101PT,FJ,0603,NP0 (C0G); ±5%; Pd/Ag; 7-inch Reeled,100V,150 nF,,,,,,,Published
MLCC,Anti-Arcing High Voltage,FJ18N154J101PG,FJ,0603,NP0 (C0G); ±5%; Pd/Ag; 13-inch Reeled,100V,150 nF,,,,,,,Published
MLCC,Anti-Arcing High Voltage,FJ18N154J101ET,FJ,0603,NP0 (C0G); ±5%; Ag/Ni/Sn; 7-inch Reeled,100V,150 nF,,,,,,,Published
MLCC,Anti-Arcing High Voltage,FJ18N154J101EG,FJ,0603,NP0 (C0G); ±5%; Ag/Ni/Sn; 13-inch Reeled,100V,150 nF,,,,,,,Published
MLCC,Anti-Arcing High Voltage,FJ18N154J202PT,FJ,0603,NP0 (C0G); ±5%; Pd/Ag; 7-inch Reeled,2000V,150 nF,,,,,,,Published
MLCC,Anti-Arcing High Voltage,FJ18N154J202PG,FJ,0603,NP0 (C0G); ±5%; Pd/Ag; 13-inch Reeled,2000V,150 nF,,,,,,,Published
MLCC,Anti-Arcing High Voltage,FJ18N154J202ET,FJ,0603,NP0 (C0G); ±5%; Ag/Ni/Sn; 7-inch Reeled,2000V,150 nF,,,,,,,Published
MLCC,Anti-Arcing High Voltage,FJ18N154J202EG,FJ,0603,NP0 (C0G); ±5%; Ag/Ni/Sn; 13-inch Reeled,2000V,150 nF,,,,,,,Published
MLCC,Anti-Arcing High Voltage,FJ18N154K101PT,FJ,0603,NP0 (C0G); ±10%; Pd/Ag; 7-inch Reeled,100V,150 nF,,,,,,,Published
MLCC,Anti-Arcing High Voltage,FJ18N154K101PG,FJ,0603,NP0 (C0G); ±10%; Pd/Ag; 13-inch Reeled,100V,150 nF,,,,,,,Published
MLCC,Anti-Arcing High Voltage,FJ18N154K101ET,FJ,0603,NP0 (C0G); ±10%; Ag/Ni/Sn; 7-inch Reeled,100V,150 nF,,,,,,,Published
MLCC,Anti-Arcing High Voltage,FJ18N154K101EG,FJ,0603,NP0 (C0G); ±10%; Ag/Ni/Sn; 13-inch Reeled,100V,150 nF,,,,,,,Published
MLCC,Anti-Arcing High Voltage,FJ18N154K202PT,FJ,0603,NP0 (C0G); ±10%; Pd/Ag; 7-inch Reeled,2000V,150 nF,,,,,,,Published
MLCC,Anti-Arcing High Voltage,FJ18N154K202PG,FJ,0603,NP0 (C0G); ±10%; Pd/Ag; 13-inch Reeled,2000V,150 nF,,,,,,,Published
MLCC,Anti-Arcing High Voltage,FJ18N154K202ET,FJ,0603,NP0 (C0G); ±10%; Ag/Ni/Sn; 7-inch Reeled,2000V,150 nF,,,,,,,Published
MLCC,Anti-Arcing High Voltage,FJ18N154K202EG,FJ,0603,NP0 (C0G); ±10%; Ag/Ni/Sn; 13-inch Reeled,2000V,150 nF,,,,,,,Published
MLCC,Anti-Arcing High Voltage,FJ18N220J101PT,FJ,0603,NP0 (C0G); ±5%; Pd/Ag; 7-inch Reeled,100V,22 pF,,,,,,,Published
MLCC,Anti-Arcing High Voltage,FJ18N220J101PG,FJ,0603,NP0 (C0G); ±5%; Pd/Ag; 13-inch Reeled,100V,22 pF,,,,,,,Published
MLCC,Anti-Arcing High Voltage,FJ18N220J101ET,FJ,0603,NP0 (C0G); ±5%; Ag/Ni/Sn; 7-inch Reeled,100V,22 pF,,,,,,,Published
MLCC,Anti-Arcing High Voltage,FJ18N220J101EG,FJ,0603,NP0 (C0G); ±5%; Ag/Ni/Sn; 13-inch Reeled,100V,22 pF,,,,,,,Published
MLCC,Anti-Arcing High Voltage,FJ18N220J202PT,FJ,0603,NP0 (C0G); ±5%; Pd/Ag; 7-inch Reeled,2000V,22 pF,,,,,,,Published
MLCC,Anti-Arcing High Voltage,FJ18N220J202PG,FJ,0603,NP0 (C0G); ±5%; Pd/Ag; 13-inch Reeled,2000V,22 pF,,,,,,,Published
MLCC,Anti-Arcing High Voltage,FJ18N220J202ET,FJ,0603,NP0 (C0G); ±5%; Ag/Ni/Sn; 7-inch Reeled,2000V,22 pF,,,,,,,Published
MLCC,Anti-Arcing High Voltage,FJ18N220J202EG,FJ,0603,NP0 (C0G); ±5%; Ag/Ni/Sn; 13-inch Reeled,2000V,22 pF,,,,,,,Published
MLCC,Anti-Arcing High Voltage,FJ18N220K101PT,FJ,0603,NP0 (C0G); ±10%; Pd/Ag; 7-inch Reeled,100V,22 pF,,,,,,,Published
MLCC,Anti-Arcing High Voltage,FJ18N220K101PG,FJ,0603,NP0 (C0G); ±10%; Pd/Ag; 13-inch Reeled,100V,22 pF,,,,,,,Published
MLCC,Anti-Arcing High Voltage,FJ18N220K101ET,FJ,0603,NP0 (C0G); ±10%; Ag/Ni/Sn; 7-inch Reeled,100V,22 pF,,,,,,,Published
MLCC,Anti-Arcing High Voltage,FJ18N220K101EG,FJ,0603,NP0 (C0G); ±10%; Ag/Ni/Sn; 13-inch Reeled,100V,22 pF,,,,,,,Published
MLCC,Anti-Arcing High Voltage,FJ18N220K202PT,FJ,0603,NP0 (C0G); ±10%; Pd/Ag; 7-inch Reeled,2000V,22 pF,,,,,,,Published
MLCC,Anti-Arcing High Voltage,FJ18N220K202PG,FJ,0603,NP0 (C0G); ±10%; Pd/Ag; 13-inch Reeled,2000V,22 pF,,,,,,,Published
MLCC,Anti-Arcing High Voltage,FJ18N220K202ET,FJ,0603,NP0 (C0G); ±10%; Ag/Ni/Sn; 7-inch Reeled,2000V,22 pF,,,,,,,Published
MLCC,Anti-Arcing High Voltage,FJ18N220K202EG,FJ,0603,NP0 (C0G); ±10%; Ag/Ni/Sn; 13-inch Reeled,2000V,22 pF,,,,,,,Published
MLCC,Anti-Arcing High Voltage,FJ18N221J101PT,FJ,0603,NP0 (C0G); ±5%; Pd/Ag; 7-inch Reeled,100V,220 pF,,,,,,,Published
MLCC,Anti-Arcing High Voltage,FJ18N221J101PG,FJ,0603,NP0 (C0G); ±5%; Pd/Ag; 13-inch Reeled,100V,220 pF,,,,,,,Published
MLCC,Anti-Arcing High Voltage,FJ18N221J101ET,FJ,0603,NP0 (C0G); ±5%; Ag/Ni/Sn; 7-inch Reeled,100V,220 pF,,,,,,,Published
MLCC,Anti-Arcing High Voltage,FJ18N221J101EG,FJ,0603,NP0 (C0G); ±5%; Ag/Ni/Sn; 13-inch Reeled,100V,220 pF,,,,,,,Published
MLCC,Anti-Arcing High Voltage,FJ18N221J202PT,FJ,0603,NP0 (C0G); ±5%; Pd/Ag; 7-inch Reeled,2000V,220 pF,,,,,,,Published
MLCC,Anti-Arcing High Voltage,FJ18N221J202PG,FJ,0603,NP0 (C0G); ±5%; Pd/Ag; 13-inch Reeled,2000V,220 pF,,,,,,,Published
MLCC,Anti-Arcing High Voltage,FJ18N221J202ET,FJ,0603,NP0 (C0G); ±5%; Ag/Ni/Sn; 7-inch Reeled,2000V,220 pF,,,,,,,Published
MLCC,Anti-Arcing High Voltage,FJ18N221J202EG,FJ,0603,NP0 (C0G); ±5%; Ag/Ni/Sn; 13-inch Reeled,2000V,220 pF,,,,,,,Published
MLCC,Anti-Arcing High Voltage,FJ18N221K101PT,FJ,0603,NP0 (C0G); ±10%; Pd/Ag; 7-inch Reeled,100V,220 pF,,,,,,,Published
MLCC,Anti-Arcing High Voltage,FJ18N221K101PG,FJ,0603,NP0 (C0G); ±10%; Pd/Ag; 13-inch Reeled,100V,220 pF,,,,,,,Published
MLCC,Anti-Arcing High Voltage,FJ18N221K101ET,FJ,0603,NP0 (C0G); ±10%; Ag/Ni/Sn; 7-inch Reeled,100V,220 pF,,,,,,,Published
MLCC,Anti-Arcing High Voltage,FJ18N221K101EG,FJ,0603,NP0 (C0G); ±10%; Ag/Ni/Sn; 13-inch Reeled,100V,220 pF,,,,,,,Published
MLCC,Anti-Arcing High Voltage,FJ18N221K202PT,FJ,0603,NP0 (C0G); ±10%; Pd/Ag; 7-inch Reeled,2000V,220 pF,,,,,,,Published
MLCC,Anti-Arcing High Voltage,FJ18N221K202PG,FJ,0603,NP0 (C0G); ±10%; Pd/Ag; 13-inch Reeled,2000V,220 pF,,,,,,,Published
MLCC,Anti-Arcing High Voltage,FJ18N221K202ET,FJ,0603,NP0 (C0G); ±10%; Ag/Ni/Sn; 7-inch Reeled,2000V,220 pF,,,,,,,Published
MLCC,Anti-Arcing High Voltage,FJ18N221K202EG,FJ,0603,NP0 (C0G); ±10%; Ag/Ni/Sn; 13-inch Reeled,2000V,220 pF,,,,,,,Published
MLCC,Anti-Arcing High Voltage,FJ18N222J101PT,FJ,0603,NP0 (C0G); ±5%; Pd/Ag; 7-inch Reeled,100V,2.2 nF,,,,,,,Published
MLCC,Anti-Arcing High Voltage,FJ18N222J101PG,FJ,0603,NP0 (C0G); ±5%; Pd/Ag; 13-inch Reeled,100V,2.2 nF,,,,,,,Published
MLCC,Anti-Arcing High Voltage,FJ18N222J101ET,FJ,0603,NP0 (C0G); ±5%; Ag/Ni/Sn; 7-inch Reeled,100V,2.2 nF,,,,,,,Published
MLCC,Anti-Arcing High Voltage,FJ18N222J101EG,FJ,0603,NP0 (C0G); ±5%; Ag/Ni/Sn; 13-inch Reeled,100V,2.2 nF,,,,,,,Published
MLCC,Anti-Arcing High Voltage,FJ18N222J202PT,FJ,0603,NP0 (C0G); ±5%; Pd/Ag; 7-inch Reeled,2000V,2.2 nF,,,,,,,Published
MLCC,Anti-Arcing High Voltage,FJ18N222J202PG,FJ,0603,NP0 (C0G); ±5%; Pd/Ag; 13-inch Reeled,2000V,2.2 nF,,,,,,,Published
MLCC,Anti-Arcing High Voltage,FJ18N222J202ET,FJ,0603,NP0 (C0G); ±5%; Ag/Ni/Sn; 7-inch Reeled,2000V,2.2 nF,,,,,,,Published
MLCC,Anti-Arcing High Voltage,FJ18N222J202EG,FJ,0603,NP0 (C0G); ±5%; Ag/Ni/Sn; 13-inch Reeled,2000V,2.2 nF,,,,,,,Published
MLCC,Anti-Arcing High Voltage,FJ18N222K101PT,FJ,0603,NP0 (C0G); ±10%; Pd/Ag; 7-inch Reeled,100V,2.2 nF,,,,,,,Published
MLCC,Anti-Arcing High Voltage,FJ18N222K101PG,FJ,0603,NP0 (C0G); ±10%; Pd/Ag; 13-inch Reeled,100V,2.2 nF,,,,,,,Published
MLCC,Anti-Arcing High Voltage,FJ18N222K101ET,FJ,0603,NP0 (C0G); ±10%; Ag/Ni/Sn; 7-inch Reeled,100V,2.2 nF,,,,,,,Published
MLCC,Anti-Arcing High Voltage,FJ18N222K101EG,FJ,0603,NP0 (C0G); ±10%; Ag/Ni/Sn; 13-inch Reeled,100V,2.2 nF,,,,,,,Published
MLCC,Anti-Arcing High Voltage,FJ18N222K202PT,FJ,0603,NP0 (C0G); ±10%; Pd/Ag; 7-inch Reeled,2000V,2.2 nF,,,,,,,Published
MLCC,Anti-Arcing High Voltage,FJ18N222K202PG,FJ,0603,NP0 (C0G); ±10%; Pd/Ag; 13-inch Reeled,2000V,2.2 nF,,,,,,,Published
MLCC,Anti-Arcing High Voltage,FJ18N222K202ET,FJ,0603,NP0 (C0G); ±10%; Ag/Ni/Sn; 7-inch Reeled,2000V,2.2 nF,,,,,,,Published
MLCC,Anti-Arcing High Voltage,FJ18N222K202EG,FJ,0603,NP0 (C0G); ±10%; Ag/Ni/Sn; 13-inch Reeled,2000V,2.2 nF,,,,,,,Published
MLCC,Anti-Arcing High Voltage,FJ18N223J101PT,FJ,0603,NP0 (C0G); ±5%; Pd/Ag; 7-inch Reeled,100V,22 nF,,,,,,,Published
MLCC,Anti-Arcing High Voltage,FJ18N223J101PG,FJ,0603,NP0 (C0G); ±5%; Pd/Ag; 13-inch Reeled,100V,22 nF,,,,,,,Published
MLCC,Anti-Arcing High Voltage,FJ18N223J101ET,FJ,0603,NP0 (C0G); ±5%; Ag/Ni/Sn; 7-inch Reeled,100V,22 nF,,,,,,,Published
MLCC,Anti-Arcing High Voltage,FJ18N223J101EG,FJ,0603,NP0 (C0G); ±5%; Ag/Ni/Sn; 13-inch Reeled,100V,22 nF,,,,,,,Published
MLCC,Anti-Arcing High Voltage,FJ18N223J202PT,FJ,0603,NP0 (C0G); ±5%; Pd/Ag; 7-inch Reeled,2000V,22 nF,,,,,,,Published
MLCC,Anti-Arcing High Voltage,FJ18N223J202PG,FJ,0603,NP0 (C0G); ±5%; Pd/Ag; 13-inch Reeled,2000V,22 nF,,,,,,,Published
MLCC,Anti-Arcing High Voltage,FJ18N223J202ET,FJ,0603,NP0 (C0G); ±5%; Ag/Ni/Sn; 7-inch Reeled,2000V,22 nF,,,,,,,Published
MLCC,Anti-Arcing High Voltage,FJ18N223J202EG,FJ,0603,NP0 (C0G); ±5%; Ag/Ni/Sn; 13-inch Reeled,2000V,22 nF,,,,,,,Published
MLCC,Anti-Arcing High Voltage,FJ18N223K101PT,FJ,0603,NP0 (C0G); ±10%; Pd/Ag; 7-inch Reeled,100V,22 nF,,,,,,,Published
MLCC,Anti-Arcing High Voltage,FJ18N223K101PG,FJ,0603,NP0 (C0G); ±10%; Pd/Ag; 13-inch Reeled,100V,22 nF,,,,,,,Published
MLCC,Anti-Arcing High Voltage,FJ18N223K101ET,FJ,0603,NP0 (C0G); ±10%; Ag/Ni/Sn; 7-inch Reeled,100V,22 nF,,,,,,,Published
MLCC,Anti-Arcing High Voltage,FJ18N223K101EG,FJ,0603,NP0 (C0G); ±10%; Ag/Ni/Sn; 13-inch Reeled,100V,22 nF,,,,,,,Published
MLCC,Anti-Arcing High Voltage,FJ18N223K202PT,FJ,0603,NP0 (C0G); ±10%; Pd/Ag; 7-inch Reeled,2000V,22 nF,,,,,,,Published
MLCC,Anti-Arcing High Voltage,FJ18N223K202PG,FJ,0603,NP0 (C0G); ±10%; Pd/Ag; 13-inch Reeled,2000V,22 nF,,,,,,,Published
MLCC,Anti-Arcing High Voltage,FJ18N223K202ET,FJ,0603,NP0 (C0G); ±10%; Ag/Ni/Sn; 7-inch Reeled,2000V,22 nF,,,,,,,Published
MLCC,Anti-Arcing High Voltage,FJ18N223K202EG,FJ,0603,NP0 (C0G); ±10%; Ag/Ni/Sn; 13-inch Reeled,2000V,22 nF,,,,,,,Published
MLCC,Anti-Arcing High Voltage,FJ18N224J101PT,FJ,0603,NP0 (C0G); ±5%; Pd/Ag; 7-inch Reeled,100V,220 nF,,,,,,,Published
MLCC,Anti-Arcing High Voltage,FJ18N224J101PG,FJ,0603,NP0 (C0G); ±5%; Pd/Ag; 13-inch Reeled,100V,220 nF,,,,,,,Published
MLCC,Anti-Arcing High Voltage,FJ18N224J101ET,FJ,0603,NP0 (C0G); ±5%; Ag/Ni/Sn; 7-inch Reeled,100V,220 nF,,,,,,,Published
MLCC,Anti-Arcing High Voltage,FJ18N224J101EG,FJ,0603,NP0 (C0G); ±5%; Ag/Ni/Sn; 13-inch Reeled,100V,220 nF,,,,,,,Published
MLCC,Anti-Arcing High Voltage,FJ18N224J202PT,FJ,0603,NP0 (C0G); ±5%; Pd/Ag; 7-inch Reeled,2000V,220 nF,,,,,,,Published
MLCC,Anti-Arcing High Voltage,FJ18N224J202PG,FJ,0603,NP0 (C0G); ±5%; Pd/Ag; 13-inch Reeled,2000V,220 nF,,,,,,,Published
MLCC,Anti-Arcing High Voltage,FJ18N224J202ET,FJ,0603,NP0 (C0G); ±5%; Ag/Ni/Sn; 7-inch Reeled,2000V,220 nF,,,,,,,Published
MLCC,Anti-Arcing High Voltage,FJ18N224J202EG,FJ,0603,NP0 (C0G); ±5%; Ag/Ni/Sn; 13-inch Reeled,2000V,220 nF,,,,,,,Published
MLCC,Anti-Arcing High Voltage,FJ18N224K101PT,FJ,0603,NP0 (C0G); ±10%; Pd/Ag; 7-inch Reeled,100V,220 nF,,,,,,,Published
MLCC,Anti-Arcing High Voltage,FJ18N224K101PG,FJ,0603,NP0 (C0G); ±10%; Pd/Ag; 13-inch Reeled,100V,220 nF,,,,,,,Published
MLCC,Anti-Arcing High Voltage,FJ18N224K101ET,FJ,0603,NP0 (C0G); ±10%; Ag/Ni/Sn; 7-inch Reeled,100V,220 nF,,,,,,,Published
MLCC,Anti-Arcing High Voltage,FJ18N224K101EG,FJ,0603,NP0 (C0G); ±10%; Ag/Ni/Sn; 13-inch Reeled,100V,220 nF,,,,,,,Published
MLCC,Anti-Arcing High Voltage,FJ18N224K202PT,FJ,0603,NP0 (C0G); ±10%; Pd/Ag; 7-inch Reeled,2000V,220 nF,,,,,,,Published
MLCC,Anti-Arcing High Voltage,FJ18N224K202PG,FJ,0603,NP0 (C0G); ±10%; Pd/Ag; 13-inch Reeled,2000V,220 nF,,,,,,,Published
MLCC,Anti-Arcing High Voltage,FJ18N224K202ET,FJ,0603,NP0 (C0G); ±10%; Ag/Ni/Sn; 7-inch Reeled,2000V,220 nF,,,,,,,Published
MLCC,Anti-Arcing High Voltage,FJ18N224K202EG,FJ,0603,NP0 (C0G); ±10%; Ag/Ni/Sn; 13-inch Reeled,2000V,220 nF,,,,,,,Published
MLCC,Anti-Arcing High Voltage,FJ18N330J101PT,FJ,0603,NP0 (C0G); ±5%; Pd/Ag; 7-inch Reeled,100V,33 pF,,,,,,,Published
MLCC,Anti-Arcing High Voltage,FJ18N330J101PG,FJ,0603,NP0 (C0G); ±5%; Pd/Ag; 13-inch Reeled,100V,33 pF,,,,,,,Published
MLCC,Anti-Arcing High Voltage,FJ18N330J101ET,FJ,0603,NP0 (C0G); ±5%; Ag/Ni/Sn; 7-inch Reeled,100V,33 pF,,,,,,,Published
MLCC,Anti-Arcing High Voltage,FJ18N330J101EG,FJ,0603,NP0 (C0G); ±5%; Ag/Ni/Sn; 13-inch Reeled,100V,33 pF,,,,,,,Published
MLCC,Anti-Arcing High Voltage,FJ18N330J202PT,FJ,0603,NP0 (C0G); ±5%; Pd/Ag; 7-inch Reeled,2000V,33 pF,,,,,,,Published
MLCC,Anti-Arcing High Voltage,FJ18N330J202PG,FJ,0603,NP0 (C0G); ±5%; Pd/Ag; 13-inch Reeled,2000V,33 pF,,,,,,,Published
MLCC,Anti-Arcing High Voltage,FJ18N330J202ET,FJ,0603,NP0 (C0G); ±5%; Ag/Ni/Sn; 7-inch Reeled,2000V,33 pF,,,,,,,Published
MLCC,Anti-Arcing High Voltage,FJ18N330J202EG,FJ,0603,NP0 (C0G); ±5%; Ag/Ni/Sn; 13-inch Reeled,2000V,33 pF,,,,,,,Published
MLCC,Anti-Arcing High Voltage,FJ18N330K101PT,FJ,0603,NP0 (C0G); ±10%; Pd/Ag; 7-inch Reeled,100V,33 pF,,,,,,,Published
MLCC,Anti-Arcing High Voltage,FJ18N330K101PG,FJ,0603,NP0 (C0G); ±10%; Pd/Ag; 13-inch Reeled,100V,33 pF,,,,,,,Published
MLCC,Anti-Arcing High Voltage,FJ18N330K101ET,FJ,0603,NP0 (C0G); ±10%; Ag/Ni/Sn; 7-inch Reeled,100V,33 pF,,,,,,,Published
MLCC,Anti-Arcing High Voltage,FJ18N330K101EG,FJ,0603,NP0 (C0G); ±10%; Ag/Ni/Sn; 13-inch Reeled,100V,33 pF,,,,,,,Published
MLCC,Anti-Arcing High Voltage,FJ18N330K202PT,FJ,0603,NP0 (C0G); ±10%; Pd/Ag; 7-inch Reeled,2000V,33 pF,,,,,,,Published
MLCC,Anti-Arcing High Voltage,FJ18N330K202PG,FJ,0603,NP0 (C0G); ±10%; Pd/Ag; 13-inch Reeled,2000V,33 pF,,,,,,,Published
MLCC,Anti-Arcing High Voltage,FJ18N330K202ET,FJ,0603,NP0 (C0G); ±10%; Ag/Ni/Sn; 7-inch Reeled,2000V,33 pF,,,,,,,Published
MLCC,Anti-Arcing High Voltage,FJ18N330K202EG,FJ,0603,NP0 (C0G); ±10%; Ag/Ni/Sn; 13-inch Reeled,2000V,33 pF,,,,,,,Published
MLCC,Anti-Arcing High Voltage,FJ18N331J101PT,FJ,0603,NP0 (C0G); ±5%; Pd/Ag; 7-inch Reeled,100V,330 pF,,,,,,,Published
MLCC,Anti-Arcing High Voltage,FJ18N331J101PG,FJ,0603,NP0 (C0G); ±5%; Pd/Ag; 13-inch Reeled,100V,330 pF,,,,,,,Published
MLCC,Anti-Arcing High Voltage,FJ18N331J101ET,FJ,0603,NP0 (C0G); ±5%; Ag/Ni/Sn; 7-inch Reeled,100V,330 pF,,,,,,,Published
MLCC,Anti-Arcing High Voltage,FJ18N331J101EG,FJ,0603,NP0 (C0G); ±5%; Ag/Ni/Sn; 13-inch Reeled,100V,330 pF,,,,,,,Published
MLCC,Anti-Arcing High Voltage,FJ18N331J202PT,FJ,0603,NP0 (C0G); ±5%; Pd/Ag; 7-inch Reeled,2000V,330 pF,,,,,,,Published
MLCC,Anti-Arcing High Voltage,FJ18N331J202PG,FJ,0603,NP0 (C0G); ±5%; Pd/Ag; 13-inch Reeled,2000V,330 pF,,,,,,,Published
MLCC,Anti-Arcing High Voltage,FJ18N331J202ET,FJ,0603,NP0 (C0G); ±5%; Ag/Ni/Sn; 7-inch Reeled,2000V,330 pF,,,,,,,Published
MLCC,Anti-Arcing High Voltage,FJ18N331J202EG,FJ,0603,NP0 (C0G); ±5%; Ag/Ni/Sn; 13-inch Reeled,2000V,330 pF,,,,,,,Published
MLCC,Anti-Arcing High Voltage,FJ18N331K101PT,FJ,0603,NP0 (C0G); ±10%; Pd/Ag; 7-inch Reeled,100V,330 pF,,,,,,,Published
MLCC,Anti-Arcing High Voltage,FJ18N331K101PG,FJ,0603,NP0 (C0G); ±10%; Pd/Ag; 13-inch Reeled,100V,330 pF,,,,,,,Published
MLCC,Anti-Arcing High Voltage,FJ18N331K101ET,FJ,0603,NP0 (C0G); ±10%; Ag/Ni/Sn; 7-inch Reeled,100V,330 pF,,,,,,,Published
MLCC,Anti-Arcing High Voltage,FJ18N331K101EG,FJ,0603,NP0 (C0G); ±10%; Ag/Ni/Sn; 13-inch Reeled,100V,330 pF,,,,,,,Published
MLCC,Anti-Arcing High Voltage,FJ18N331K202PT,FJ,0603,NP0 (C0G); ±10%; Pd/Ag; 7-inch Reeled,2000V,330 pF,,,,,,,Published
MLCC,Anti-Arcing High Voltage,FJ18N331K202PG,FJ,0603,NP0 (C0G); ±10%; Pd/Ag; 13-inch Reeled,2000V,330 pF,,,,,,,Published
MLCC,Anti-Arcing High Voltage,FJ18N331K202ET,FJ,0603,NP0 (C0G); ±10%; Ag/Ni/Sn; 7-inch Reeled,2000V,330 pF,,,,,,,Published
MLCC,Anti-Arcing High Voltage,FJ18N331K202EG,FJ,0603,NP0 (C0G); ±10%; Ag/Ni/Sn; 13-inch Reeled,2000V,330 pF,,,,,,,Published
MLCC,Anti-Arcing High Voltage,FJ18N332J101PT,FJ,0603,NP0 (C0G); ±5%; Pd/Ag; 7-inch Reeled,100V,3.3 nF,,,,,,,Published
MLCC,Anti-Arcing High Voltage,FJ18N332J101PG,FJ,0603,NP0 (C0G); ±5%; Pd/Ag; 13-inch Reeled,100V,3.3 nF,,,,,,,Published
MLCC,Anti-Arcing High Voltage,FJ18N332J101ET,FJ,0603,NP0 (C0G); ±5%; Ag/Ni/Sn; 7-inch Reeled,100V,3.3 nF,,,,,,,Published
MLCC,Anti-Arcing High Voltage,FJ18N332J101EG,FJ,0603,NP0 (C0G); ±5%; Ag/Ni/Sn; 13-inch Reeled,100V,3.3 nF,,,,,,,Published
MLCC,Anti-Arcing High Voltage,FJ18N332J202PT,FJ,0603,NP0 (C0G); ±5%; Pd/Ag; 7-inch Reeled,2000V,3.3 nF,,,,,,,Published
MLCC,Anti-Arcing High Voltage,FJ18N332J202PG,FJ,0603,NP0 (C0G); ±5%; Pd/Ag; 13-inch Reeled,2000V,3.3 nF,,,,,,,Published
MLCC,Anti-Arcing High Voltage,FJ18N332J202ET,FJ,0603,NP0 (C0G); ±5%; Ag/Ni/Sn; 7-inch Reeled,2000V,3.3 nF,,,,,,,Published
MLCC,Anti-Arcing High Voltage,FJ18N332J202EG,FJ,0603,NP0 (C0G); ±5%; Ag/Ni/Sn; 13-inch Reeled,2000V,3.3 nF,,,,,,,Published
MLCC,Anti-Arcing High Voltage,FJ18N332K101PT,FJ,0603,NP0 (C0G); ±10%; Pd/Ag; 7-inch Reeled,100V,3.3 nF,,,,,,,Published
MLCC,Anti-Arcing High Voltage,FJ18N332K101PG,FJ,0603,NP0 (C0G); ±10%; Pd/Ag; 13-inch Reeled,100V,3.3 nF,,,,,,,Published
MLCC,Anti-Arcing High Voltage,FJ18N332K101ET,FJ,0603,NP0 (C0G); ±10%; Ag/Ni/Sn; 7-inch Reeled,100V,3.3 nF,,,,,,,Published
MLCC,Anti-Arcing High Voltage,FJ18N332K101EG,FJ,0603,NP0 (C0G); ±10%; Ag/Ni/Sn; 13-inch Reeled,100V,3.3 nF,,,,,,,Published
MLCC,Anti-Arcing High Voltage,FJ18N332K202PT,FJ,0603,NP0 (C0G); ±10%; Pd/Ag; 7-inch Reeled,2000V,3.3 nF,,,,,,,Published
MLCC,Anti-Arcing High Voltage,FJ18N332K202PG,FJ,0603,NP0 (C0G); ±10%; Pd/Ag; 13-inch Reeled,2000V,3.3 nF,,,,,,,Published
MLCC,Anti-Arcing High Voltage,FJ18N332K202ET,FJ,0603,NP0 (C0G); ±10%; Ag/Ni/Sn; 7-inch Reeled,2000V,3.3 nF,,,,,,,Published
MLCC,Anti-Arcing High Voltage,FJ18N332K202EG,FJ,0603,NP0 (C0G); ±10%; Ag/Ni/Sn; 13-inch Reeled,2000V,3.3 nF,,,,,,,Published
MLCC,Anti-Arcing High Voltage,FJ18N333J101PT,FJ,0603,NP0 (C0G); ±5%; Pd/Ag; 7-inch Reeled,100V,33 nF,,,,,,,Published
MLCC,Anti-Arcing High Voltage,FJ18N333J101PG,FJ,0603,NP0 (C0G); ±5%; Pd/Ag; 13-inch Reeled,100V,33 nF,,,,,,,Published
MLCC,Anti-Arcing High Voltage,FJ18N333J101ET,FJ,0603,NP0 (C0G); ±5%; Ag/Ni/Sn; 7-inch Reeled,100V,33 nF,,,,,,,Published
MLCC,Anti-Arcing High Voltage,FJ18N333J101EG,FJ,0603,NP0 (C0G); ±5%; Ag/Ni/Sn; 13-inch Reeled,100V,33 nF,,,,,,,Published
MLCC,Anti-Arcing High Voltage,FJ18N333J202PT,FJ,0603,NP0 (C0G); ±5%; Pd/Ag; 7-inch Reeled,2000V,33 nF,,,,,,,Published
MLCC,Anti-Arcing High Voltage,FJ18N333J202PG,FJ,0603,NP0 (C0G); ±5%; Pd/Ag; 13-inch Reeled,2000V,33 nF,,,,,,,Published
MLCC,Anti-Arcing High Voltage,FJ18N333J202ET,FJ,0603,NP0 (C0G); ±5%; Ag/Ni/Sn; 7-inch Reeled,2000V,33 nF,,,,,,,Published
MLCC,Anti-Arcing High Voltage,FJ18N333J202EG,FJ,0603,NP0 (C0G); ±5%; Ag/Ni/Sn; 13-inch Reeled,2000V,33 nF,,,,,,,Published
MLCC,Anti-Arcing High Voltage,FJ18N333K101PT,FJ,0603,NP0 (C0G); ±10%; Pd/Ag; 7-inch Reeled,100V,33 nF,,,,,,,Published
MLCC,Anti-Arcing High Voltage,FJ18N333K101PG,FJ,0603,NP0 (C0G); ±10%; Pd/Ag; 13-inch Reeled,100V,33 nF,,,,,,,Published
MLCC,Anti-Arcing High Voltage,FJ18N333K101ET,FJ,0603,NP0 (C0G); ±10%; Ag/Ni/Sn; 7-inch Reeled,100V,33 nF,,,,,,,Published
MLCC,Anti-Arcing High Voltage,FJ18N333K101EG,FJ,0603,NP0 (C0G); ±10%; Ag/Ni/Sn; 13-inch Reeled,100V,33 nF,,,,,,,Published
MLCC,Anti-Arcing High Voltage,FJ18N333K202PT,FJ,0603,NP0 (C0G); ±10%; Pd/Ag; 7-inch Reeled,2000V,33 nF,,,,,,,Published
MLCC,Anti-Arcing High Voltage,FJ18N333K202PG,FJ,0603,NP0 (C0G); ±10%; Pd/Ag; 13-inch Reeled,2000V,33 nF,,,,,,,Published
MLCC,Anti-Arcing High Voltage,FJ18N333K202ET,FJ,0603,NP0 (C0G); ±10%; Ag/Ni/Sn; 7-inch Reeled,2000V,33 nF,,,,,,,Published
MLCC,Anti-Arcing High Voltage,FJ18N333K202EG,FJ,0603,NP0 (C0G); ±10%; Ag/Ni/Sn; 13-inch Reeled,2000V,33 nF,,,,,,,Published
MLCC,Anti-Arcing High Voltage,FJ18N334J101PT,FJ,0603,NP0 (C0G); ±5%; Pd/Ag; 7-inch Reeled,100V,330 nF,,,,,,,Published
MLCC,Anti-Arcing High Voltage,FJ18N334J101PG,FJ,0603,NP0 (C0G); ±5%; Pd/Ag; 13-inch Reeled,100V,330 nF,,,,,,,Published
MLCC,Anti-Arcing High Voltage,FJ18N334J101ET,FJ,0603,NP0 (C0G); ±5%; Ag/Ni/Sn; 7-inch Reeled,100V,330 nF,,,,,,,Published
MLCC,Anti-Arcing High Voltage,FJ18N334J101EG,FJ,0603,NP0 (C0G); ±5%; Ag/Ni/Sn; 13-inch Reeled,100V,330 nF,,,,,,,Published
MLCC,Anti-Arcing High Voltage,FJ18N334J202PT,FJ,0603,NP0 (C0G); ±5%; Pd/Ag; 7-inch Reeled,2000V,330 nF,,,,,,,Published
MLCC,Anti-Arcing High Voltage,FJ18N334J202PG,FJ,0603,NP0 (C0G); ±5%; Pd/Ag; 13-inch Reeled,2000V,330 nF,,,,,,,Published
MLCC,Anti-Arcing High Voltage,FJ18N334J202ET,FJ,0603,NP0 (C0G); ±5%; Ag/Ni/Sn; 7-inch Reeled,2000V,330 nF,,,,,,,Published
MLCC,Anti-Arcing High Voltage,FJ18N334J202EG,FJ,0603,NP0 (C0G); ±5%; Ag/Ni/Sn; 13-inch Reeled,2000V,330 nF,,,,,,,Published
MLCC,Anti-Arcing High Voltage,FJ18N334K101PT,FJ,0603,NP0 (C0G); ±10%; Pd/Ag; 7-inch Reeled,100V,330 nF,,,,,,,Published
MLCC,Anti-Arcing High Voltage,FJ18N334K101PG,FJ,0603,NP0 (C0G); ±10%; Pd/Ag; 13-inch Reeled,100V,330 nF,,,,,,,Published
MLCC,Anti-Arcing High Voltage,FJ18N334K101ET,FJ,0603,NP0 (C0G); ±10%; Ag/Ni/Sn; 7-inch Reeled,100V,330 nF,,,,,,,Published
MLCC,Anti-Arcing High Voltage,FJ18N334K101EG,FJ,0603,NP0 (C0G); ±10%; Ag/Ni/Sn; 13-inch Reeled,100V,330 nF,,,,,,,Published
MLCC,Anti-Arcing High Voltage,FJ18N334K202PT,FJ,0603,NP0 (C0G); ±10%; Pd/Ag; 7-inch Reeled,2000V,330 nF,,,,,,,Published
MLCC,Anti-Arcing High Voltage,FJ18N334K202PG,FJ,0603,NP0 (C0G); ±10%; Pd/Ag; 13-inch Reeled,2000V,330 nF,,,,,,,Published
MLCC,Anti-Arcing High Voltage,FJ18N334K202ET,FJ,0603,NP0 (C0G); ±10%; Ag/Ni/Sn; 7-inch Reeled,2000V,330 nF,,,,,,,Published
MLCC,Anti-Arcing High Voltage,FJ18N334K202EG,FJ,0603,NP0 (C0G); ±10%; Ag/Ni/Sn; 13-inch Reeled,2000V,330 nF,,,,,,,Published
MLCC,Anti-Arcing High Voltage,FJ18N470J101PT,FJ,0603,NP0 (C0G); ±5%; Pd/Ag; 7-inch Reeled,100V,47 pF,,,,,,,Published
MLCC,Anti-Arcing High Voltage,FJ18N470J101PG,FJ,0603,NP0 (C0G); ±5%; Pd/Ag; 13-inch Reeled,100V,47 pF,,,,,,,Published
MLCC,Anti-Arcing High Voltage,FJ18N470J101ET,FJ,0603,NP0 (C0G); ±5%; Ag/Ni/Sn; 7-inch Reeled,100V,47 pF,,,,,,,Published
MLCC,Anti-Arcing High Voltage,FJ18N470J101EG,FJ,0603,NP0 (C0G); ±5%; Ag/Ni/Sn; 13-inch Reeled,100V,47 pF,,,,,,,Published
MLCC,Anti-Arcing High Voltage,FJ18N470J202PT,FJ,0603,NP0 (C0G); ±5%; Pd/Ag; 7-inch Reeled,2000V,47 pF,,,,,,,Published
MLCC,Anti-Arcing High Voltage,FJ18N470J202PG,FJ,0603,NP0 (C0G); ±5%; Pd/Ag; 13-inch Reeled,2000V,47 pF,,,,,,,Published
MLCC,Anti-Arcing High Voltage,FJ18N470J202ET,FJ,0603,NP0 (C0G); ±5%; Ag/Ni/Sn; 7-inch Reeled,2000V,47 pF,,,,,,,Published
MLCC,Anti-Arcing High Voltage,FJ18N470J202EG,FJ,0603,NP0 (C0G); ±5%; Ag/Ni/Sn; 13-inch Reeled,2000V,47 pF,,,,,,,Published
MLCC,Anti-Arcing High Voltage,FJ18N470K101PT,FJ,0603,NP0 (C0G); ±10%; Pd/Ag; 7-inch Reeled,100V,47 pF,,,,,,,Published
MLCC,Anti-Arcing High Voltage,FJ18N470K101PG,FJ,0603,NP0 (C0G); ±10%; Pd/Ag; 13-inch Reeled,100V,47 pF,,,,,,,Published
MLCC,Anti-Arcing High Voltage,FJ18N470K101ET,FJ,0603,NP0 (C0G); ±10%; Ag/Ni/Sn; 7-inch Reeled,100V,47 pF,,,,,,,Published
MLCC,Anti-Arcing High Voltage,FJ18N470K101EG,FJ,0603,NP0 (C0G); ±10%; Ag/Ni/Sn; 13-inch Reeled,100V,47 pF,,,,,,,Published
MLCC,Anti-Arcing High Voltage,FJ18N470K202PT,FJ,0603,NP0 (C0G); ±10%; Pd/Ag; 7-inch Reeled,2000V,47 pF,,,,,,,Published
MLCC,Anti-Arcing High Voltage,FJ18N470K202PG,FJ,0603,NP0 (C0G); ±10%; Pd/Ag; 13-inch Reeled,2000V,47 pF,,,,,,,Published
MLCC,Anti-Arcing High Voltage,FJ18N470K202ET,FJ,0603,NP0 (C0G); ±10%; Ag/Ni/Sn; 7-inch Reeled,2000V,47 pF,,,,,,,Published
MLCC,Anti-Arcing High Voltage,FJ18N470K202EG,FJ,0603,NP0 (C0G); ±10%; Ag/Ni/Sn; 13-inch Reeled,2000V,47 pF,,,,,,,Published
MLCC,Anti-Arcing High Voltage,FJ18N471J101PT,FJ,0603,NP0 (C0G); ±5%; Pd/Ag; 7-inch Reeled,100V,470 pF,,,,,,,Published
MLCC,Anti-Arcing High Voltage,FJ18N471J101PG,FJ,0603,NP0 (C0G); ±5%; Pd/Ag; 13-inch Reeled,100V,470 pF,,,,,,,Published
MLCC,Anti-Arcing High Voltage,FJ18N471J101ET,FJ,0603,NP0 (C0G); ±5%; Ag/Ni/Sn; 7-inch Reeled,100V,470 pF,,,,,,,Published
MLCC,Anti-Arcing High Voltage,FJ18N471J101EG,FJ,0603,NP0 (C0G); ±5%; Ag/Ni/Sn; 13-inch Reeled,100V,470 pF,,,,,,,Published
MLCC,Anti-Arcing High Voltage,FJ18N471J202PT,FJ,0603,NP0 (C0G); ±5%; Pd/Ag; 7-inch Reeled,2000V,470 pF,,,,,,,Published
MLCC,Anti-Arcing High Voltage,FJ18N471J202PG,FJ,0603,NP0 (C0G); ±5%; Pd/Ag; 13-inch Reeled,2000V,470 pF,,,,,,,Published
MLCC,Anti-Arcing High Voltage,FJ18N471J202ET,FJ,0603,NP0 (C0G); ±5%; Ag/Ni/Sn; 7-inch Reeled,2000V,470 pF,,,,,,,Published
MLCC,Anti-Arcing High Voltage,FJ18N471J202EG,FJ,0603,NP0 (C0G); ±5%; Ag/Ni/Sn; 13-inch Reeled,2000V,470 pF,,,,,,,Published
MLCC,Anti-Arcing High Voltage,FJ18N471K101PT,FJ,0603,NP0 (C0G); ±10%; Pd/Ag; 7-inch Reeled,100V,470 pF,,,,,,,Published
MLCC,Anti-Arcing High Voltage,FJ18N471K101PG,FJ,0603,NP0 (C0G); ±10%; Pd/Ag; 13-inch Reeled,100V,470 pF,,,,,,,Published
MLCC,Anti-Arcing High Voltage,FJ18N471K101ET,FJ,0603,NP0 (C0G); ±10%; Ag/Ni/Sn; 7-inch Reeled,100V,470 pF,,,,,,,Published
MLCC,Anti-Arcing High Voltage,FJ18N471K101EG,FJ,0603,NP0 (C0G); ±10%; Ag/Ni/Sn; 13-inch Reeled,100V,470 pF,,,,,,,Published
MLCC,Anti-Arcing High Voltage,FJ18N471K202PT,FJ,0603,NP0 (C0G); ±10%; Pd/Ag; 7-inch Reeled,2000V,470 pF,,,,,,,Published
MLCC,Anti-Arcing High Voltage,FJ18N471K202PG,FJ,0603,NP0 (C0G); ±10%; Pd/Ag; 13-inch Reeled,2000V,470 pF,,,,,,,Published
MLCC,Anti-Arcing High Voltage,FJ18N471K202ET,FJ,0603,NP0 (C0G); ±10%; Ag/Ni/Sn; 7-inch Reeled,2000V,470 pF,,,,,,,Published
MLCC,Anti-Arcing High Voltage,FJ18N471K202EG,FJ,0603,NP0 (C0G); ±10%; Ag/Ni/Sn; 13-inch Reeled,2000V,470 pF,,,,,,,Published
MLCC,Anti-Arcing High Voltage,FJ18N472J101PT,FJ,0603,NP0 (C0G); ±5%; Pd/Ag; 7-inch Reeled,100V,4.7 nF,,,,,,,Published
MLCC,Anti-Arcing High Voltage,FJ18N472J101PG,FJ,0603,NP0 (C0G); ±5%; Pd/Ag; 13-inch Reeled,100V,4.7 nF,,,,,,,Published
MLCC,Anti-Arcing High Voltage,FJ18N472J101ET,FJ,0603,NP0 (C0G); ±5%; Ag/Ni/Sn; 7-inch Reeled,100V,4.7 nF,,,,,,,Published
MLCC,Anti-Arcing High Voltage,FJ18N472J101EG,FJ,0603,NP0 (C0G); ±5%; Ag/Ni/Sn; 13-inch Reeled,100V,4.7 nF,,,,,,,Published
MLCC,Anti-Arcing High Voltage,FJ18N472J202PT,FJ,0603,NP0 (C0G); ±5%; Pd/Ag; 7-inch Reeled,2000V,4.7 nF,,,,,,,Published
MLCC,Anti-Arcing High Voltage,FJ18N472J202PG,FJ,0603,NP0 (C0G); ±5%; Pd/Ag; 13-inch Reeled,2000V,4.7 nF,,,,,,,Published
MLCC,Anti-Arcing High Voltage,FJ18N472J202ET,FJ,0603,NP0 (C0G); ±5%; Ag/Ni/Sn; 7-inch Reeled,2000V,4.7 nF,,,,,,,Published
MLCC,Anti-Arcing High Voltage,FJ18N472J202EG,FJ,0603,NP0 (C0G); ±5%; Ag/Ni/Sn; 13-inch Reeled,2000V,4.7 nF,,,,,,,Published
MLCC,Anti-Arcing High Voltage,FJ18N472K101PT,FJ,0603,NP0 (C0G); ±10%; Pd/Ag; 7-inch Reeled,100V,4.7 nF,,,,,,,Published
MLCC,Anti-Arcing High Voltage,FJ18N472K101PG,FJ,0603,NP0 (C0G); ±10%; Pd/Ag; 13-inch Reeled,100V,4.7 nF,,,,,,,Published
MLCC,Anti-Arcing High Voltage,FJ18N472K101ET,FJ,0603,NP0 (C0G); ±10%; Ag/Ni/Sn; 7-inch Reeled,100V,4.7 nF,,,,,,,Published
MLCC,Anti-Arcing High Voltage,FJ18N472K101EG,FJ,0603,NP0 (C0G); ±10%; Ag/Ni/Sn; 13-inch Reeled,100V,4.7 nF,,,,,,,Published
MLCC,Anti-Arcing High Voltage,FJ18N472K202PT,FJ,0603,NP0 (C0G); ±10%; Pd/Ag; 7-inch Reeled,2000V,4.7 nF,,,,,,,Published
MLCC,Anti-Arcing High Voltage,FJ18N472K202PG,FJ,0603,NP0 (C0G); ±10%; Pd/Ag; 13-inch Reeled,2000V,4.7 nF,,,,,,,Published
MLCC,Anti-Arcing High Voltage,FJ18N472K202ET,FJ,0603,NP0 (C0G); ±10%; Ag/Ni/Sn; 7-inch Reeled,2000V,4.7 nF,,,,,,,Published
MLCC,Anti-Arcing High Voltage,FJ18N472K202EG,FJ,0603,NP0 (C0G); ±10%; Ag/Ni/Sn; 13-inch Reeled,2000V,4.7 nF,,,,,,,Published
MLCC,Anti-Arcing High Voltage,FJ18N473J101PT,FJ,0603,NP0 (C0G); ±5%; Pd/Ag; 7-inch Reeled,100V,47 nF,,,,,,,Published
MLCC,Anti-Arcing High Voltage,FJ18N473J101PG,FJ,0603,NP0 (C0G); ±5%; Pd/Ag; 13-inch Reeled,100V,47 nF,,,,,,,Published
MLCC,Anti-Arcing High Voltage,FJ18N473J101ET,FJ,0603,NP0 (C0G); ±5%; Ag/Ni/Sn; 7-inch Reeled,100V,47 nF,,,,,,,Published
MLCC,Anti-Arcing High Voltage,FJ18N473J101EG,FJ,0603,NP0 (C0G); ±5%; Ag/Ni/Sn; 13-inch Reeled,100V,47 nF,,,,,,,Published
MLCC,Anti-Arcing High Voltage,FJ18N473J202PT,FJ,0603,NP0 (C0G); ±5%; Pd/Ag; 7-inch Reeled,2000V,47 nF,,,,,,,Published
MLCC,Anti-Arcing High Voltage,FJ18N473J202PG,FJ,0603,NP0 (C0G); ±5%; Pd/Ag; 13-inch Reeled,2000V,47 nF,,,,,,,Published
MLCC,Anti-Arcing High Voltage,FJ18N473J202ET,FJ,0603,NP0 (C0G); ±5%; Ag/Ni/Sn; 7-inch Reeled,2000V,47 nF,,,,,,,Published
MLCC,Anti-Arcing High Voltage,FJ18N473J202EG,FJ,0603,NP0 (C0G); ±5%; Ag/Ni/Sn; 13-inch Reeled,2000V,47 nF,,,,,,,Published
MLCC,Anti-Arcing High Voltage,FJ18N473K101PT,FJ,0603,NP0 (C0G); ±10%; Pd/Ag; 7-inch Reeled,100V,47 nF,,,,,,,Published
MLCC,Anti-Arcing High Voltage,FJ18N473K101PG,FJ,0603,NP0 (C0G); ±10%; Pd/Ag; 13-inch Reeled,100V,47 nF,,,,,,,Published
MLCC,Anti-Arcing High Voltage,FJ18N473K101ET,FJ,0603,NP0 (C0G); ±10%; Ag/Ni/Sn; 7-inch Reeled,100V,47 nF,,,,,,,Published
MLCC,Anti-Arcing High Voltage,FJ18N473K101EG,FJ,0603,NP0 (C0G); ±10%; Ag/Ni/Sn; 13-inch Reeled,100V,47 nF,,,,,,,Published
MLCC,Anti-Arcing High Voltage,FJ18N473K202PT,FJ,0603,NP0 (C0G); ±10%; Pd/Ag; 7-inch Reeled,2000V,47 nF,,,,,,,Published
MLCC,Anti-Arcing High Voltage,FJ18N473K202PG,FJ,0603,NP0 (C0G); ±10%; Pd/Ag; 13-inch Reeled,2000V,47 nF,,,,,,,Published
MLCC,Anti-Arcing High Voltage,FJ18N473K202ET,FJ,0603,NP0 (C0G); ±10%; Ag/Ni/Sn; 7-inch Reeled,2000V,47 nF,,,,,,,Published
MLCC,Anti-Arcing High Voltage,FJ18N473K202EG,FJ,0603,NP0 (C0G); ±10%; Ag/Ni/Sn; 13-inch Reeled,2000V,47 nF,,,,,,,Published
MLCC,Anti-Arcing High Voltage,FJ18N474J101PT,FJ,0603,NP0 (C0G); ±5%; Pd/Ag; 7-inch Reeled,100V,470 nF,,,,,,,Published
MLCC,Anti-Arcing High Voltage,FJ18N474J101PG,FJ,0603,NP0 (C0G); ±5%; Pd/Ag; 13-inch Reeled,100V,470 nF,,,,,,,Published
MLCC,Anti-Arcing High Voltage,FJ18N474J101ET,FJ,0603,NP0 (C0G); ±5%; Ag/Ni/Sn; 7-inch Reeled,100V,470 nF,,,,,,,Published
MLCC,Anti-Arcing High Voltage,FJ18N474J101EG,FJ,0603,NP0 (C0G); ±5%; Ag/Ni/Sn; 13-inch Reeled,100V,470 nF,,,,,,,Published
MLCC,Anti-Arcing High Voltage,FJ18N474J202PT,FJ,0603,NP0 (C0G); ±5%; Pd/Ag; 7-inch Reeled,2000V,470 nF,,,,,,,Published
MLCC,Anti-Arcing High Voltage,FJ18N474J202PG,FJ,0603,NP0 (C0G); ±5%; Pd/Ag; 13-inch Reeled,2000V,470 nF,,,,,,,Published
MLCC,Anti-Arcing High Voltage,FJ18N474J202ET,FJ,0603,NP0 (C0G); ±5%; Ag/Ni/Sn; 7-inch Reeled,2000V,470 nF,,,,,,,Published
MLCC,Anti-Arcing High Voltage,FJ18N474J202EG,FJ,0603,NP0 (C0G); ±5%; Ag/Ni/Sn; 13-inch Reeled,2000V,470 nF,,,,,,,Published
MLCC,Anti-Arcing High Voltage,FJ18N474K101PT,FJ,0603,NP0 (C0G); ±10%; Pd/Ag; 7-inch Reeled,100V,470 nF,,,,,,,Published
MLCC,Anti-Arcing High Voltage,FJ18N474K101PG,FJ,0603,NP0 (C0G); ±10%; Pd/Ag; 13-inch Reeled,100V,470 nF,,,,,,,Published
MLCC,Anti-Arcing High Voltage,FJ18N474K101ET,FJ,0603,NP0 (C0G); ±10%; Ag/Ni/Sn; 7-inch Reeled,100V,470 nF,,,,,,,Published
MLCC,Anti-Arcing High Voltage,FJ18N474K101EG,FJ,0603,NP0 (C0G); ±10%; Ag/Ni/Sn; 13-inch Reeled,100V,470 nF,,,,,,,Published
MLCC,Anti-Arcing High Voltage,FJ18N474K202PT,FJ,0603,NP0 (C0G); ±10%; Pd/Ag; 7-inch Reeled,2000V,470 nF,,,,,,,Published
MLCC,Anti-Arcing High Voltage,FJ18N474K202PG,FJ,0603,NP0 (C0G); ±10%; Pd/Ag; 13-inch Reeled,2000V,470 nF,,,,,,,Published
MLCC,Anti-Arcing High Voltage,FJ18N474K202ET,FJ,0603,NP0 (C0G); ±10%; Ag/Ni/Sn; 7-inch Reeled,2000V,470 nF,,,,,,,Published
MLCC,Anti-Arcing High Voltage,FJ18N474K202EG,FJ,0603,NP0 (C0G); ±10%; Ag/Ni/Sn; 13-inch Reeled,2000V,470 nF,,,,,,,Published
MLCC,Anti-Arcing High Voltage,FJ18N680J101PT,FJ,0603,NP0 (C0G); ±5%; Pd/Ag; 7-inch Reeled,100V,68 pF,,,,,,,Published
MLCC,Anti-Arcing High Voltage,FJ18N680J101PG,FJ,0603,NP0 (C0G); ±5%; Pd/Ag; 13-inch Reeled,100V,68 pF,,,,,,,Published
MLCC,Anti-Arcing High Voltage,FJ18N680J101ET,FJ,0603,NP0 (C0G); ±5%; Ag/Ni/Sn; 7-inch Reeled,100V,68 pF,,,,,,,Published
MLCC,Anti-Arcing High Voltage,FJ18N680J101EG,FJ,0603,NP0 (C0G); ±5%; Ag/Ni/Sn; 13-inch Reeled,100V,68 pF,,,,,,,Published
MLCC,Anti-Arcing High Voltage,FJ18N680J202PT,FJ,0603,NP0 (C0G); ±5%; Pd/Ag; 7-inch Reeled,2000V,68 pF,,,,,,,Published
MLCC,Anti-Arcing High Voltage,FJ18N680J202PG,FJ,0603,NP0 (C0G); ±5%; Pd/Ag; 13-inch Reeled,2000V,68 pF,,,,,,,Published
MLCC,Anti-Arcing High Voltage,FJ18N680J202ET,FJ,0603,NP0 (C0G); ±5%; Ag/Ni/Sn; 7-inch Reeled,2000V,68 pF,,,,,,,Published
MLCC,Anti-Arcing High Voltage,FJ18N680J202EG,FJ,0603,NP0 (C0G); ±5%; Ag/Ni/Sn; 13-inch Reeled,2000V,68 pF,,,,,,,Published
MLCC,Anti-Arcing High Voltage,FJ18N680K101PT,FJ,0603,NP0 (C0G); ±10%; Pd/Ag; 7-inch Reeled,100V,68 pF,,,,,,,Published
MLCC,Anti-Arcing High Voltage,FJ18N680K101PG,FJ,0603,NP0 (C0G); ±10%; Pd/Ag; 13-inch Reeled,100V,68 pF,,,,,,,Published
MLCC,Anti-Arcing High Voltage,FJ18N680K101ET,FJ,0603,NP0 (C0G); ±10%; Ag/Ni/Sn; 7-inch Reeled,100V,68 pF,,,,,,,Published
MLCC,Anti-Arcing High Voltage,FJ18N680K101EG,FJ,0603,NP0 (C0G); ±10%; Ag/Ni/Sn; 13-inch Reeled,100V,68 pF,,,,,,,Published
MLCC,Anti-Arcing High Voltage,FJ18N680K202PT,FJ,0603,NP0 (C0G); ±10%; Pd/Ag; 7-inch Reeled,2000V,68 pF,,,,,,,Published
MLCC,Anti-Arcing High Voltage,FJ18N680K202PG,FJ,0603,NP0 (C0G); ±10%; Pd/Ag; 13-inch Reeled,2000V,68 pF,,,,,,,Published
MLCC,Anti-Arcing High Voltage,FJ18N680K202ET,FJ,0603,NP0 (C0G); ±10%; Ag/Ni/Sn; 7-inch Reeled,2000V,68 pF,,,,,,,Published
MLCC,Anti-Arcing High Voltage,FJ18N680K202EG,FJ,0603,NP0 (C0G); ±10%; Ag/Ni/Sn; 13-inch Reeled,2000V,68 pF,,,,,,,Published
MLCC,Anti-Arcing High Voltage,FJ18N681J101PT,FJ,0603,NP0 (C0G); ±5%; Pd/Ag; 7-inch Reeled,100V,680 pF,,,,,,,Published
MLCC,Anti-Arcing High Voltage,FJ18N681J101PG,FJ,0603,NP0 (C0G); ±5%; Pd/Ag; 13-inch Reeled,100V,680 pF,,,,,,,Published
MLCC,Anti-Arcing High Voltage,FJ18N681J101ET,FJ,0603,NP0 (C0G); ±5%; Ag/Ni/Sn; 7-inch Reeled,100V,680 pF,,,,,,,Published
MLCC,Anti-Arcing High Voltage,FJ18N681J101EG,FJ,0603,NP0 (C0G); ±5%; Ag/Ni/Sn; 13-inch Reeled,100V,680 pF,,,,,,,Published
MLCC,Anti-Arcing High Voltage,FJ18N681J202PT,FJ,0603,NP0 (C0G); ±5%; Pd/Ag; 7-inch Reeled,2000V,680 pF,,,,,,,Published
MLCC,Anti-Arcing High Voltage,FJ18N681J202PG,FJ,0603,NP0 (C0G); ±5%; Pd/Ag; 13-inch Reeled,2000V,680 pF,,,,,,,Published
MLCC,Anti-Arcing High Voltage,FJ18N681J202ET,FJ,0603,NP0 (C0G); ±5%; Ag/Ni/Sn; 7-inch Reeled,2000V,680 pF,,,,,,,Published
MLCC,Anti-Arcing High Voltage,FJ18N681J202EG,FJ,0603,NP0 (C0G); ±5%; Ag/Ni/Sn; 13-inch Reeled,2000V,680 pF,,,,,,,Published
MLCC,Anti-Arcing High Voltage,FJ18N681K101PT,FJ,0603,NP0 (C0G); ±10%; Pd/Ag; 7-inch Reeled,100V,680 pF,,,,,,,Published
MLCC,Anti-Arcing High Voltage,FJ18N681K101PG,FJ,0603,NP0 (C0G); ±10%; Pd/Ag; 13-inch Reeled,100V,680 pF,,,,,,,Published
MLCC,Anti-Arcing High Voltage,FJ18N681K101ET,FJ,0603,NP0 (C0G); ±10%; Ag/Ni/Sn; 7-inch Reeled,100V,680 pF,,,,,,,Published
MLCC,Anti-Arcing High Voltage,FJ18N681K101EG,FJ,0603,NP0 (C0G); ±10%; Ag/Ni/Sn; 13-inch Reeled,100V,680 pF,,,,,,,Published
MLCC,Anti-Arcing High Voltage,FJ18N681K202PT,FJ,0603,NP0 (C0G); ±10%; Pd/Ag; 7-inch Reeled,2000V,680 pF,,,,,,,Published
MLCC,Anti-Arcing High Voltage,FJ18N681K202PG,FJ,0603,NP0 (C0G); ±10%; Pd/Ag; 13-inch Reeled,2000V,680 pF,,,,,,,Published
MLCC,Anti-Arcing High Voltage,FJ18N681K202ET,FJ,0603,NP0 (C0G); ±10%; Ag/Ni/Sn; 7-inch Reeled,2000V,680 pF,,,,,,,Published
MLCC,Anti-Arcing High Voltage,FJ18N681K202EG,FJ,0603,NP0 (C0G); ±10%; Ag/Ni/Sn; 13-inch Reeled,2000V,680 pF,,,,,,,Published
MLCC,Anti-Arcing High Voltage,FJ18N682J101PT,FJ,0603,NP0 (C0G); ±5%; Pd/Ag; 7-inch Reeled,100V,6.8 nF,,,,,,,Published
MLCC,Anti-Arcing High Voltage,FJ18N682J101PG,FJ,0603,NP0 (C0G); ±5%; Pd/Ag; 13-inch Reeled,100V,6.8 nF,,,,,,,Published
MLCC,Anti-Arcing High Voltage,FJ18N682J101ET,FJ,0603,NP0 (C0G); ±5%; Ag/Ni/Sn; 7-inch Reeled,100V,6.8 nF,,,,,,,Published
MLCC,Anti-Arcing High Voltage,FJ18N682J101EG,FJ,0603,NP0 (C0G); ±5%; Ag/Ni/Sn; 13-inch Reeled,100V,6.8 nF,,,,,,,Published
MLCC,Anti-Arcing High Voltage,FJ18N682J202PT,FJ,0603,NP0 (C0G); ±5%; Pd/Ag; 7-inch Reeled,2000V,6.8 nF,,,,,,,Published
MLCC,Anti-Arcing High Voltage,FJ18N682J202PG,FJ,0603,NP0 (C0G); ±5%; Pd/Ag; 13-inch Reeled,2000V,6.8 nF,,,,,,,Published
MLCC,Anti-Arcing High Voltage,FJ18N682J202ET,FJ,0603,NP0 (C0G); ±5%; Ag/Ni/Sn; 7-inch Reeled,2000V,6.8 nF,,,,,,,Published
MLCC,Anti-Arcing High Voltage,FJ18N682J202EG,FJ,0603,NP0 (C0G); ±5%; Ag/Ni/Sn; 13-inch Reeled,2000V,6.8 nF,,,,,,,Published
MLCC,Anti-Arcing High Voltage,FJ18N682K101PT,FJ,0603,NP0 (C0G); ±10%; Pd/Ag; 7-inch Reeled,100V,6.8 nF,,,,,,,Published
MLCC,Anti-Arcing High Voltage,FJ18N682K101PG,FJ,0603,NP0 (C0G); ±10%; Pd/Ag; 13-inch Reeled,100V,6.8 nF,,,,,,,Published
MLCC,Anti-Arcing High Voltage,FJ18N682K101ET,FJ,0603,NP0 (C0G); ±10%; Ag/Ni/Sn; 7-inch Reeled,100V,6.8 nF,,,,,,,Published
MLCC,Anti-Arcing High Voltage,FJ18N682K101EG,FJ,0603,NP0 (C0G); ±10%; Ag/Ni/Sn; 13-inch Reeled,100V,6.8 nF,,,,,,,Published
MLCC,Anti-Arcing High Voltage,FJ18N682K202PT,FJ,0603,NP0 (C0G); ±10%; Pd/Ag; 7-inch Reeled,2000V,6.8 nF,,,,,,,Published
MLCC,Anti-Arcing High Voltage,FJ18N682K202PG,FJ,0603,NP0 (C0G); ±10%; Pd/Ag; 13-inch Reeled,2000V,6.8 nF,,,,,,,Published
MLCC,Anti-Arcing High Voltage,FJ18N682K202ET,FJ,0603,NP0 (C0G); ±10%; Ag/Ni/Sn; 7-inch Reeled,2000V,6.8 nF,,,,,,,Published
MLCC,Anti-Arcing High Voltage,FJ18N682K202EG,FJ,0603,NP0 (C0G); ±10%; Ag/Ni/Sn; 13-inch Reeled,2000V,6.8 nF,,,,,,,Published
MLCC,Anti-Arcing High Voltage,FJ18N683J101PT,FJ,0603,NP0 (C0G); ±5%; Pd/Ag; 7-inch Reeled,100V,68 nF,,,,,,,Published
MLCC,Anti-Arcing High Voltage,FJ18N683J101PG,FJ,0603,NP0 (C0G); ±5%; Pd/Ag; 13-inch Reeled,100V,68 nF,,,,,,,Published
MLCC,Anti-Arcing High Voltage,FJ18N683J101ET,FJ,0603,NP0 (C0G); ±5%; Ag/Ni/Sn; 7-inch Reeled,100V,68 nF,,,,,,,Published
MLCC,Anti-Arcing High Voltage,FJ18N683J101EG,FJ,0603,NP0 (C0G); ±5%; Ag/Ni/Sn; 13-inch Reeled,100V,68 nF,,,,,,,Published
MLCC,Anti-Arcing High Voltage,FJ18N683J202PT,FJ,0603,NP0 (C0G); ±5%; Pd/Ag; 7-inch Reeled,2000V,68 nF,,,,,,,Published
MLCC,Anti-Arcing High Voltage,FJ18N683J202PG,FJ,0603,NP0 (C0G); ±5%; Pd/Ag; 13-inch Reeled,2000V,68 nF,,,,,,,Published
MLCC,Anti-Arcing High Voltage,FJ18N683J202ET,FJ,0603,NP0 (C0G); ±5%; Ag/Ni/Sn; 7-inch Reeled,2000V,68 nF,,,,,,,Published
MLCC,Anti-Arcing High Voltage,FJ18N683J202EG,FJ,0603,NP0 (C0G); ±5%; Ag/Ni/Sn; 13-inch Reeled,2000V,68 nF,,,,,,,Published
MLCC,Anti-Arcing High Voltage,FJ18N683K101PT,FJ,0603,NP0 (C0G); ±10%; Pd/Ag; 7-inch Reeled,100V,68 nF,,,,,,,Published
MLCC,Anti-Arcing High Voltage,FJ18N683K101PG,FJ,0603,NP0 (C0G); ±10%; Pd/Ag; 13-inch Reeled,100V,68 nF,,,,,,,Published
MLCC,Anti-Arcing High Voltage,FJ18N683K101ET,FJ,0603,NP0 (C0G); ±10%; Ag/Ni/Sn; 7-inch Reeled,100V,68 nF,,,,,,,Published
MLCC,Anti-Arcing High Voltage,FJ18N683K101EG,FJ,0603,NP0 (C0G); ±10%; Ag/Ni/Sn; 13-inch Reeled,100V,68 nF,,,,,,,Published
MLCC,Anti-Arcing High Voltage,FJ18N683K202PT,FJ,0603,NP0 (C0G); ±10%; Pd/Ag; 7-inch Reeled,2000V,68 nF,,,,,,,Published
MLCC,Anti-Arcing High Voltage,FJ18N683K202PG,FJ,0603,NP0 (C0G); ±10%; Pd/Ag; 13-inch Reeled,2000V,68 nF,,,,,,,Published
MLCC,Anti-Arcing High Voltage,FJ18N683K202ET,FJ,0603,NP0 (C0G); ±10%; Ag/Ni/Sn; 7-inch Reeled,2000V,68 nF,,,,,,,Published
MLCC,Anti-Arcing High Voltage,FJ18N683K202EG,FJ,0603,NP0 (C0G); ±10%; Ag/Ni/Sn; 13-inch Reeled,2000V,68 nF,,,,,,,Published
MLCC,Anti-Arcing High Voltage,FJ18N684J101PT,FJ,0603,NP0 (C0G); ±5%; Pd/Ag; 7-inch Reeled,100V,680 nF,,,,,,,Published
MLCC,Anti-Arcing High Voltage,FJ18N684J101PG,FJ,0603,NP0 (C0G); ±5%; Pd/Ag; 13-inch Reeled,100V,680 nF,,,,,,,Published
MLCC,Anti-Arcing High Voltage,FJ18N684J101ET,FJ,0603,NP0 (C0G); ±5%; Ag/Ni/Sn; 7-inch Reeled,100V,680 nF,,,,,,,Published
MLCC,Anti-Arcing High Voltage,FJ18N684J101EG,FJ,0603,NP0 (C0G); ±5%; Ag/Ni/Sn; 13-inch Reeled,100V,680 nF,,,,,,,Published
MLCC,Anti-Arcing High Voltage,FJ18N684J202PT,FJ,0603,NP0 (C0G); ±5%; Pd/Ag; 7-inch Reeled,2000V,680 nF,,,,,,,Published
MLCC,Anti-Arcing High Voltage,FJ18N684J202PG,FJ,0603,NP0 (C0G); ±5%; Pd/Ag; 13-inch Reeled,2000V,680 nF,,,,,,,Published
MLCC,Anti-Arcing High Voltage,FJ18N684J202ET,FJ,0603,NP0 (C0G); ±5%; Ag/Ni/Sn; 7-inch Reeled,2000V,680 nF,,,,,,,Published
MLCC,Anti-Arcing High Voltage,FJ18N684J202EG,FJ,0603,NP0 (C0G); ±5%; Ag/Ni/Sn; 13-inch Reeled,2000V,680 nF,,,,,,,Published
MLCC,Anti-Arcing High Voltage,FJ18N684K101PT,FJ,0603,NP0 (C0G); ±10%; Pd/Ag; 7-inch Reeled,100V,680 nF,,,,,,,Published
MLCC,Anti-Arcing High Voltage,FJ18N684K101PG,FJ,0603,NP0 (C0G); ±10%; Pd/Ag; 13-inch Reeled,100V,680 nF,,,,,,,Published
MLCC,Anti-Arcing High Voltage,FJ18N684K101ET,FJ,0603,NP0 (C0G); ±10%; Ag/Ni/Sn; 7-inch Reeled,100V,680 nF,,,,,,,Published
MLCC,Anti-Arcing High Voltage,FJ18N684K101EG,FJ,0603,NP0 (C0G); ±10%; Ag/Ni/Sn; 13-inch Reeled,100V,680 nF,,,,,,,Published
MLCC,Anti-Arcing High Voltage,FJ18N684K202PT,FJ,0603,NP0 (C0G); ±10%; Pd/Ag; 7-inch Reeled,2000V,680 nF,,,,,,,Published
MLCC,Anti-Arcing High Voltage,FJ18N684K202PG,FJ,0603,NP0 (C0G); ±10%; Pd/Ag; 13-inch Reeled,2000V,680 nF,,,,,,,Published
MLCC,Anti-Arcing High Voltage,FJ18N684K202ET,FJ,0603,NP0 (C0G); ±10%; Ag/Ni/Sn; 7-inch Reeled,2000V,680 nF,,,,,,,Published
MLCC,Anti-Arcing High Voltage,FJ18N684K202EG,FJ,0603,NP0 (C0G); ±10%; Ag/Ni/Sn; 13-inch Reeled,2000V,680 nF,,,,,,,Published
MLCC,Anti-Arcing High Voltage,FJ18X100J101PT,FJ,0603,X7R; ±5%; Pd/Ag; 7-inch Reeled,100V,10 pF,,,,,,,Published
MLCC,Anti-Arcing High Voltage,FJ18X100J101PG,FJ,0603,X7R; ±5%; Pd/Ag; 13-inch Reeled,100V,10 pF,,,,,,,Published
MLCC,Anti-Arcing High Voltage,FJ18X100J101ET,FJ,0603,X7R; ±5%; Ag/Ni/Sn; 7-inch Reeled,100V,10 pF,,,,,,,Published
MLCC,Anti-Arcing High Voltage,FJ18X100J101EG,FJ,0603,X7R; ±5%; Ag/Ni/Sn; 13-inch Reeled,100V,10 pF,,,,,,,Published
MLCC,Anti-Arcing High Voltage,FJ18X100J202PT,FJ,0603,X7R; ±5%; Pd/Ag; 7-inch Reeled,2000V,10 pF,,,,,,,Published
MLCC,Anti-Arcing High Voltage,FJ18X100J202PG,FJ,0603,X7R; ±5%; Pd/Ag; 13-inch Reeled,2000V,10 pF,,,,,,,Published
MLCC,Anti-Arcing High Voltage,FJ18X100J202ET,FJ,0603,X7R; ±5%; Ag/Ni/Sn; 7-inch Reeled,2000V,10 pF,,,,,,,Published
MLCC,Anti-Arcing High Voltage,FJ18X100J202EG,FJ,0603,X7R; ±5%; Ag/Ni/Sn; 13-inch Reeled,2000V,10 pF,,,,,,,Published
MLCC,Anti-Arcing High Voltage,FJ18X100K101PT,FJ,0603,X7R; ±10%; Pd/Ag; 7-inch Reeled,100V,10 pF,,,,,,,Published
MLCC,Anti-Arcing High Voltage,FJ18X100K101PG,FJ,0603,X7R; ±10%; Pd/Ag; 13-inch Reeled,100V,10 pF,,,,,,,Published
MLCC,Anti-Arcing High Voltage,FJ18X100K101ET,FJ,0603,X7R; ±10%; Ag/Ni/Sn; 7-inch Reeled,100V,10 pF,,,,,,,Published
MLCC,Anti-Arcing High Voltage,FJ18X100K101EG,FJ,0603,X7R; ±10%; Ag/Ni/Sn; 13-inch Reeled,100V,10 pF,,,,,,,Published
MLCC,Anti-Arcing High Voltage,FJ18X100K202PT,FJ,0603,X7R; ±10%; Pd/Ag; 7-inch Reeled,2000V,10 pF,,,,,,,Published
MLCC,Anti-Arcing High Voltage,FJ18X100K202PG,FJ,0603,X7R; ±10%; Pd/Ag; 13-inch Reeled,2000V,10 pF,,,,,,,Published
MLCC,Anti-Arcing High Voltage,FJ18X100K202ET,FJ,0603,X7R; ±10%; Ag/Ni/Sn; 7-inch Reeled,2000V,10 pF,,,,,,,Published
MLCC,Anti-Arcing High Voltage,FJ18X100K202EG,FJ,0603,X7R; ±10%; Ag/Ni/Sn; 13-inch Reeled,2000V,10 pF,,,,,,,Published
MLCC,Anti-Arcing High Voltage,FJ18X100M101PT,FJ,0603,X7R; ±20%; Pd/Ag; 7-inch Reeled,100V,10 pF,,,,,,,Published
MLCC,Anti-Arcing High Voltage,FJ18X100M101PG,FJ,0603,X7R; ±20%; Pd/Ag; 13-inch Reeled,100V,10 pF,,,,,,,Published
MLCC,Anti-Arcing High Voltage,FJ18X100M101ET,FJ,0603,X7R; ±20%; Ag/Ni/Sn; 7-inch Reeled,100V,10 pF,,,,,,,Published
MLCC,Anti-Arcing High Voltage,FJ18X100M101EG,FJ,0603,X7R; ±20%; Ag/Ni/Sn; 13-inch Reeled,100V,10 pF,,,,,,,Published
MLCC,Anti-Arcing High Voltage,FJ18X100M202PT,FJ,0603,X7R; ±20%; Pd/Ag; 7-inch Reeled,2000V,10 pF,,,,,,,Published
MLCC,Anti-Arcing High Voltage,FJ18X100M202PG,FJ,0603,X7R; ±20%; Pd/Ag; 13-inch Reeled,2000V,10 pF,,,,,,,Published
MLCC,Anti-Arcing High Voltage,FJ18X100M202ET,FJ,0603,X7R; ±20%; Ag/Ni/Sn; 7-inch Reeled,2000V,10 pF,,,,,,,Published
MLCC,Anti-Arcing High Voltage,FJ18X100M202EG,FJ,0603,X7R; ±20%; Ag/Ni/Sn; 13-inch Reeled,2000V,10 pF,,,,,,,Published
MLCC,Anti-Arcing High Voltage,FJ18X101J101PT,FJ,0603,X7R; ±5%; Pd/Ag; 7-inch Reeled,100V,100 pF,,,,,,,Published
MLCC,Anti-Arcing High Voltage,FJ18X101J101PG,FJ,0603,X7R; ±5%; Pd/Ag; 13-inch Reeled,100V,100 pF,,,,,,,Published
MLCC,Anti-Arcing High Voltage,FJ18X101J101ET,FJ,0603,X7R; ±5%; Ag/Ni/Sn; 7-inch Reeled,100V,100 pF,,,,,,,Published
MLCC,Anti-Arcing High Voltage,FJ18X101J101EG,FJ,0603,X7R; ±5%; Ag/Ni/Sn; 13-inch Reeled,100V,100 pF,,,,,,,Published
MLCC,Anti-Arcing High Voltage,FJ18X101J202PT,FJ,0603,X7R; ±5%; Pd/Ag; 7-inch Reeled,2000V,100 pF,,,,,,,Published
MLCC,Anti-Arcing High Voltage,FJ18X101J202PG,FJ,0603,X7R; ±5%; Pd/Ag; 13-inch Reeled,2000V,100 pF,,,,,,,Published
MLCC,Anti-Arcing High Voltage,FJ18X101J202ET,FJ,0603,X7R; ±5%; Ag/Ni/Sn; 7-inch Reeled,2000V,100 pF,,,,,,,Published
MLCC,Anti-Arcing High Voltage,FJ18X101J202EG,FJ,0603,X7R; ±5%; Ag/Ni/Sn; 13-inch Reeled,2000V,100 pF,,,,,,,Published
MLCC,Anti-Arcing High Voltage,FJ18X101K101PT,FJ,0603,X7R; ±10%; Pd/Ag; 7-inch Reeled,100V,100 pF,,,,,,,Published
MLCC,Anti-Arcing High Voltage,FJ18X101K101PG,FJ,0603,X7R; ±10%; Pd/Ag; 13-inch Reeled,100V,100 pF,,,,,,,Published
MLCC,Anti-Arcing High Voltage,FJ18X101K101ET,FJ,0603,X7R; ±10%; Ag/Ni/Sn; 7-inch Reeled,100V,100 pF,,,,,,,Published
MLCC,Anti-Arcing High Voltage,FJ18X101K101EG,FJ,0603,X7R; ±10%; Ag/Ni/Sn; 13-inch Reeled,100V,100 pF,,,,,,,Published
MLCC,Anti-Arcing High Voltage,FJ18X101K202PT,FJ,0603,X7R; ±10%; Pd/Ag; 7-inch Reeled,2000V,100 pF,,,,,,,Published
MLCC,Anti-Arcing High Voltage,FJ18X101K202PG,FJ,0603,X7R; ±10%; Pd/Ag; 13-inch Reeled,2000V,100 pF,,,,,,,Published
MLCC,Anti-Arcing High Voltage,FJ18X101K202ET,FJ,0603,X7R; ±10%; Ag/Ni/Sn; 7-inch Reeled,2000V,100 pF,,,,,,,Published
MLCC,Anti-Arcing High Voltage,FJ18X101K202EG,FJ,0603,X7R; ±10%; Ag/Ni/Sn; 13-inch Reeled,2000V,100 pF,,,,,,,Published
MLCC,Anti-Arcing High Voltage,FJ18X101M101PT,FJ,0603,X7R; ±20%; Pd/Ag; 7-inch Reeled,100V,100 pF,,,,,,,Published
MLCC,Anti-Arcing High Voltage,FJ18X101M101PG,FJ,0603,X7R; ±20%; Pd/Ag; 13-inch Reeled,100V,100 pF,,,,,,,Published
MLCC,Anti-Arcing High Voltage,FJ18X101M101ET,FJ,0603,X7R; ±20%; Ag/Ni/Sn; 7-inch Reeled,100V,100 pF,,,,,,,Published
MLCC,Anti-Arcing High Voltage,FJ18X101M101EG,FJ,0603,X7R; ±20%; Ag/Ni/Sn; 13-inch Reeled,100V,100 pF,,,,,,,Published
MLCC,Anti-Arcing High Voltage,FJ18X101M202PT,FJ,0603,X7R; ±20%; Pd/Ag; 7-inch Reeled,2000V,100 pF,,,,,,,Published
MLCC,Anti-Arcing High Voltage,FJ18X101M202PG,FJ,0603,X7R; ±20%; Pd/Ag; 13-inch Reeled,2000V,100 pF,,,,,,,Published
MLCC,Anti-Arcing High Voltage,FJ18X101M202ET,FJ,0603,X7R; ±20%; Ag/Ni/Sn; 7-inch Reeled,2000V,100 pF,,,,,,,Published
MLCC,Anti-Arcing High Voltage,FJ18X101M202EG,FJ,0603,X7R; ±20%; Ag/Ni/Sn; 13-inch Reeled,2000V,100 pF,,,,,,,Published
MLCC,Anti-Arcing High Voltage,FJ18X102J101PT,FJ,0603,X7R; ±5%; Pd/Ag; 7-inch Reeled,100V,1 nF,,,,,,,Published
MLCC,Anti-Arcing High Voltage,FJ18X102J101PG,FJ,0603,X7R; ±5%; Pd/Ag; 13-inch Reeled,100V,1 nF,,,,,,,Published
MLCC,Anti-Arcing High Voltage,FJ18X102J101ET,FJ,0603,X7R; ±5%; Ag/Ni/Sn; 7-inch Reeled,100V,1 nF,,,,,,,Published
MLCC,Anti-Arcing High Voltage,FJ18X102J101EG,FJ,0603,X7R; ±5%; Ag/Ni/Sn; 13-inch Reeled,100V,1 nF,,,,,,,Published
MLCC,Anti-Arcing High Voltage,FJ18X102J202PT,FJ,0603,X7R; ±5%; Pd/Ag; 7-inch Reeled,2000V,1 nF,,,,,,,Published
MLCC,Anti-Arcing High Voltage,FJ18X102J202PG,FJ,0603,X7R; ±5%; Pd/Ag; 13-inch Reeled,2000V,1 nF,,,,,,,Published
MLCC,Anti-Arcing High Voltage,FJ18X102J202ET,FJ,0603,X7R; ±5%; Ag/Ni/Sn; 7-inch Reeled,2000V,1 nF,,,,,,,Published
MLCC,Anti-Arcing High Voltage,FJ18X102J202EG,FJ,0603,X7R; ±5%; Ag/Ni/Sn; 13-inch Reeled,2000V,1 nF,,,,,,,Published
MLCC,Anti-Arcing High Voltage,FJ18X102K101PT,FJ,0603,X7R; ±10%; Pd/Ag; 7-inch Reeled,100V,1 nF,,,,,,,Published
MLCC,Anti-Arcing High Voltage,FJ18X102K101PG,FJ,0603,X7R; ±10%; Pd/Ag; 13-inch Reeled,100V,1 nF,,,,,,,Published
MLCC,Anti-Arcing High Voltage,FJ18X102K101ET,FJ,0603,X7R; ±10%; Ag/Ni/Sn; 7-inch Reeled,100V,1 nF,,,,,,,Published
MLCC,Anti-Arcing High Voltage,FJ18X102K101EG,FJ,0603,X7R; ±10%; Ag/Ni/Sn; 13-inch Reeled,100V,1 nF,,,,,,,Published
MLCC,Anti-Arcing High Voltage,FJ18X102K202PT,FJ,0603,X7R; ±10%; Pd/Ag; 7-inch Reeled,2000V,1 nF,,,,,,,Published
MLCC,Anti-Arcing High Voltage,FJ18X102K202PG,FJ,0603,X7R; ±10%; Pd/Ag; 13-inch Reeled,2000V,1 nF,,,,,,,Published
MLCC,Anti-Arcing High Voltage,FJ18X102K202ET,FJ,0603,X7R; ±10%; Ag/Ni/Sn; 7-inch Reeled,2000V,1 nF,,,,,,,Published
MLCC,Anti-Arcing High Voltage,FJ18X102K202EG,FJ,0603,X7R; ±10%; Ag/Ni/Sn; 13-inch Reeled,2000V,1 nF,,,,,,,Published
MLCC,Anti-Arcing High Voltage,FJ18X102M101PT,FJ,0603,X7R; ±20%; Pd/Ag; 7-inch Reeled,100V,1 nF,,,,,,,Published
MLCC,Anti-Arcing High Voltage,FJ18X102M101PG,FJ,0603,X7R; ±20%; Pd/Ag; 13-inch Reeled,100V,1 nF,,,,,,,Published
MLCC,Anti-Arcing High Voltage,FJ18X102M101ET,FJ,0603,X7R; ±20%; Ag/Ni/Sn; 7-inch Reeled,100V,1 nF,,,,,,,Published
MLCC,Anti-Arcing High Voltage,FJ18X102M101EG,FJ,0603,X7R; ±20%; Ag/Ni/Sn; 13-inch Reeled,100V,1 nF,,,,,,,Published
MLCC,Anti-Arcing High Voltage,FJ18X102M202PT,FJ,0603,X7R; ±20%; Pd/Ag; 7-inch Reeled,2000V,1 nF,,,,,,,Published
MLCC,Anti-Arcing High Voltage,FJ18X102M202PG,FJ,0603,X7R; ±20%; Pd/Ag; 13-inch Reeled,2000V,1 nF,,,,,,,Published
MLCC,Anti-Arcing High Voltage,FJ18X102M202ET,FJ,0603,X7R; ±20%; Ag/Ni/Sn; 7-inch Reeled,2000V,1 nF,,,,,,,Published
MLCC,Anti-Arcing High Voltage,FJ18X102M202EG,FJ,0603,X7R; ±20%; Ag/Ni/Sn; 13-inch Reeled,2000V,1 nF,,,,,,,Published
MLCC,Anti-Arcing High Voltage,FJ18X103J101PT,FJ,0603,X7R; ±5%; Pd/Ag; 7-inch Reeled,100V,10 nF,,,,,,,Published
MLCC,Anti-Arcing High Voltage,FJ18X103J101PG,FJ,0603,X7R; ±5%; Pd/Ag; 13-inch Reeled,100V,10 nF,,,,,,,Published
MLCC,Anti-Arcing High Voltage,FJ18X103J101ET,FJ,0603,X7R; ±5%; Ag/Ni/Sn; 7-inch Reeled,100V,10 nF,,,,,,,Published
MLCC,Anti-Arcing High Voltage,FJ18X103J101EG,FJ,0603,X7R; ±5%; Ag/Ni/Sn; 13-inch Reeled,100V,10 nF,,,,,,,Published
MLCC,Anti-Arcing High Voltage,FJ18X103J202PT,FJ,0603,X7R; ±5%; Pd/Ag; 7-inch Reeled,2000V,10 nF,,,,,,,Published
MLCC,Anti-Arcing High Voltage,FJ18X103J202PG,FJ,0603,X7R; ±5%; Pd/Ag; 13-inch Reeled,2000V,10 nF,,,,,,,Published
MLCC,Anti-Arcing High Voltage,FJ18X103J202ET,FJ,0603,X7R; ±5%; Ag/Ni/Sn; 7-inch Reeled,2000V,10 nF,,,,,,,Published
MLCC,Anti-Arcing High Voltage,FJ18X103J202EG,FJ,0603,X7R; ±5%; Ag/Ni/Sn; 13-inch Reeled,2000V,10 nF,,,,,,,Published
MLCC,Anti-Arcing High Voltage,FJ18X103K101PT,FJ,0603,X7R; ±10%; Pd/Ag; 7-inch Reeled,100V,10 nF,,,,,,,Published
MLCC,Anti-Arcing High Voltage,FJ18X103K101PG,FJ,0603,X7R; ±10%; Pd/Ag; 13-inch Reeled,100V,10 nF,,,,,,,Published
MLCC,Anti-Arcing High Voltage,FJ18X103K101ET,FJ,0603,X7R; ±10%; Ag/Ni/Sn; 7-inch Reeled,100V,10 nF,,,,,,,Published
MLCC,Anti-Arcing High Voltage,FJ18X103K101EG,FJ,0603,X7R; ±10%; Ag/Ni/Sn; 13-inch Reeled,100V,10 nF,,,,,,,Published
MLCC,Anti-Arcing High Voltage,FJ18X103K202PT,FJ,0603,X7R; ±10%; Pd/Ag; 7-inch Reeled,2000V,10 nF,,,,,,,Published
MLCC,Anti-Arcing High Voltage,FJ18X103K202PG,FJ,0603,X7R; ±10%; Pd/Ag; 13-inch Reeled,2000V,10 nF,,,,,,,Published
MLCC,Anti-Arcing High Voltage,FJ18X103K202ET,FJ,0603,X7R; ±10%; Ag/Ni/Sn; 7-inch Reeled,2000V,10 nF,,,,,,,Published
MLCC,Anti-Arcing High Voltage,FJ18X103K202EG,FJ,0603,X7R; ±10%; Ag/Ni/Sn; 13-inch Reeled,2000V,10 nF,,,,,,,Published
MLCC,Anti-Arcing High Voltage,FJ18X103M101PT,FJ,0603,X7R; ±20%; Pd/Ag; 7-inch Reeled,100V,10 nF,,,,,,,Published
MLCC,Anti-Arcing High Voltage,FJ18X103M101PG,FJ,0603,X7R; ±20%; Pd/Ag; 13-inch Reeled,100V,10 nF,,,,,,,Published
MLCC,Anti-Arcing High Voltage,FJ18X103M101ET,FJ,0603,X7R; ±20%; Ag/Ni/Sn; 7-inch Reeled,100V,10 nF,,,,,,,Published
MLCC,Anti-Arcing High Voltage,FJ18X103M101EG,FJ,0603,X7R; ±20%; Ag/Ni/Sn; 13-inch Reeled,100V,10 nF,,,,,,,Published
MLCC,Anti-Arcing High Voltage,FJ18X103M202PT,FJ,0603,X7R; ±20%; Pd/Ag; 7-inch Reeled,2000V,10 nF,,,,,,,Published
MLCC,Anti-Arcing High Voltage,FJ18X103M202PG,FJ,0603,X7R; ±20%; Pd/Ag; 13-inch Reeled,2000V,10 nF,,,,,,,Published
MLCC,Anti-Arcing High Voltage,FJ18X103M202ET,FJ,0603,X7R; ±20%; Ag/Ni/Sn; 7-inch Reeled,2000V,10 nF,,,,,,,Published
MLCC,Anti-Arcing High Voltage,FJ18X103M202EG,FJ,0603,X7R; ±20%; Ag/Ni/Sn; 13-inch Reeled,2000V,10 nF,,,,,,,Published
MLCC,Anti-Arcing High Voltage,FJ18X104J101PT,FJ,0603,X7R; ±5%; Pd/Ag; 7-inch Reeled,100V,100 nF,,,,,,,Published
MLCC,Anti-Arcing High Voltage,FJ18X104J101PG,FJ,0603,X7R; ±5%; Pd/Ag; 13-inch Reeled,100V,100 nF,,,,,,,Published
MLCC,Anti-Arcing High Voltage,FJ18X104J101ET,FJ,0603,X7R; ±5%; Ag/Ni/Sn; 7-inch Reeled,100V,100 nF,,,,,,,Published
MLCC,Anti-Arcing High Voltage,FJ18X104J101EG,FJ,0603,X7R; ±5%; Ag/Ni/Sn; 13-inch Reeled,100V,100 nF,,,,,,,Published
MLCC,Anti-Arcing High Voltage,FJ18X104J202PT,FJ,0603,X7R; ±5%; Pd/Ag; 7-inch Reeled,2000V,100 nF,,,,,,,Published
MLCC,Anti-Arcing High Voltage,FJ18X104J202PG,FJ,0603,X7R; ±5%; Pd/Ag; 13-inch Reeled,2000V,100 nF,,,,,,,Published
MLCC,Anti-Arcing High Voltage,FJ18X104J202ET,FJ,0603,X7R; ±5%; Ag/Ni/Sn; 7-inch Reeled,2000V,100 nF,,,,,,,Published
MLCC,Anti-Arcing High Voltage,FJ18X104J202EG,FJ,0603,X7R; ±5%; Ag/Ni/Sn; 13-inch Reeled,2000V,100 nF,,,,,,,Published
MLCC,Anti-Arcing High Voltage,FJ18X104K101PT,FJ,0603,X7R; ±10%; Pd/Ag; 7-inch Reeled,100V,100 nF,,,,,,,Published
MLCC,Anti-Arcing High Voltage,FJ18X104K101PG,FJ,0603,X7R; ±10%; Pd/Ag; 13-inch Reeled,100V,100 nF,,,,,,,Published
MLCC,Anti-Arcing High Voltage,FJ18X104K101ET,FJ,0603,X7R; ±10%; Ag/Ni/Sn; 7-inch Reeled,100V,100 nF,,,,,,,Published
MLCC,Anti-Arcing High Voltage,FJ18X104K101EG,FJ,0603,X7R; ±10%; Ag/Ni/Sn; 13-inch Reeled,100V,100 nF,,,,,,,Published
MLCC,Anti-Arcing High Voltage,FJ18X104K202PT,FJ,0603,X7R; ±10%; Pd/Ag; 7-inch Reeled,2000V,100 nF,,,,,,,Published
MLCC,Anti-Arcing High Voltage,FJ18X104K202PG,FJ,0603,X7R; ±10%; Pd/Ag; 13-inch Reeled,2000V,100 nF,,,,,,,Published
MLCC,Anti-Arcing High Voltage,FJ18X104K202ET,FJ,0603,X7R; ±10%; Ag/Ni/Sn; 7-inch Reeled,2000V,100 nF,,,,,,,Published
MLCC,Anti-Arcing High Voltage,FJ18X104K202EG,FJ,0603,X7R; ±10%; Ag/Ni/Sn; 13-inch Reeled,2000V,100 nF,,,,,,,Published
MLCC,Anti-Arcing High Voltage,FJ18X104M101PT,FJ,0603,X7R; ±20%; Pd/Ag; 7-inch Reeled,100V,100 nF,,,,,,,Published
MLCC,Anti-Arcing High Voltage,FJ18X104M101PG,FJ,0603,X7R; ±20%; Pd/Ag; 13-inch Reeled,100V,100 nF,,,,,,,Published
MLCC,Anti-Arcing High Voltage,FJ18X104M101ET,FJ,0603,X7R; ±20%; Ag/Ni/Sn; 7-inch Reeled,100V,100 nF,,,,,,,Published
MLCC,Anti-Arcing High Voltage,FJ18X104M101EG,FJ,0603,X7R; ±20%; Ag/Ni/Sn; 13-inch Reeled,100V,100 nF,,,,,,,Published
MLCC,Anti-Arcing High Voltage,FJ18X104M202PT,FJ,0603,X7R; ±20%; Pd/Ag; 7-inch Reeled,2000V,100 nF,,,,,,,Published
MLCC,Anti-Arcing High Voltage,FJ18X104M202PG,FJ,0603,X7R; ±20%; Pd/Ag; 13-inch Reeled,2000V,100 nF,,,,,,,Published
MLCC,Anti-Arcing High Voltage,FJ18X104M202ET,FJ,0603,X7R; ±20%; Ag/Ni/Sn; 7-inch Reeled,2000V,100 nF,,,,,,,Published
MLCC,Anti-Arcing High Voltage,FJ18X104M202EG,FJ,0603,X7R; ±20%; Ag/Ni/Sn; 13-inch Reeled,2000V,100 nF,,,,,,,Published
MLCC,Anti-Arcing High Voltage,FJ18X150J101PT,FJ,0603,X7R; ±5%; Pd/Ag; 7-inch Reeled,100V,15 pF,,,,,,,Published
MLCC,Anti-Arcing High Voltage,FJ18X150J101PG,FJ,0603,X7R; ±5%; Pd/Ag; 13-inch Reeled,100V,15 pF,,,,,,,Published
MLCC,Anti-Arcing High Voltage,FJ18X150J101ET,FJ,0603,X7R; ±5%; Ag/Ni/Sn; 7-inch Reeled,100V,15 pF,,,,,,,Published
MLCC,Anti-Arcing High Voltage,FJ18X150J101EG,FJ,0603,X7R; ±5%; Ag/Ni/Sn; 13-inch Reeled,100V,15 pF,,,,,,,Published
MLCC,Anti-Arcing High Voltage,FJ18X150J202PT,FJ,0603,X7R; ±5%; Pd/Ag; 7-inch Reeled,2000V,15 pF,,,,,,,Published
MLCC,Anti-Arcing High Voltage,FJ18X150J202PG,FJ,0603,X7R; ±5%; Pd/Ag; 13-inch Reeled,2000V,15 pF,,,,,,,Published
MLCC,Anti-Arcing High Voltage,FJ18X150J202ET,FJ,0603,X7R; ±5%; Ag/Ni/Sn; 7-inch Reeled,2000V,15 pF,,,,,,,Published
MLCC,Anti-Arcing High Voltage,FJ18X150J202EG,FJ,0603,X7R; ±5%; Ag/Ni/Sn; 13-inch Reeled,2000V,15 pF,,,,,,,Published
MLCC,Anti-Arcing High Voltage,FJ18X150K101PT,FJ,0603,X7R; ±10%; Pd/Ag; 7-inch Reeled,100V,15 pF,,,,,,,Published
MLCC,Anti-Arcing High Voltage,FJ18X150K101PG,FJ,0603,X7R; ±10%; Pd/Ag; 13-inch Reeled,100V,15 pF,,,,,,,Published
MLCC,Anti-Arcing High Voltage,FJ18X150K101ET,FJ,0603,X7R; ±10%; Ag/Ni/Sn; 7-inch Reeled,100V,15 pF,,,,,,,Published
MLCC,Anti-Arcing High Voltage,FJ18X150K101EG,FJ,0603,X7R; ±10%; Ag/Ni/Sn; 13-inch Reeled,100V,15 pF,,,,,,,Published
MLCC,Anti-Arcing High Voltage,FJ18X150K202PT,FJ,0603,X7R; ±10%; Pd/Ag; 7-inch Reeled,2000V,15 pF,,,,,,,Published
MLCC,Anti-Arcing High Voltage,FJ18X150K202PG,FJ,0603,X7R; ±10%; Pd/Ag; 13-inch Reeled,2000V,15 pF,,,,,,,Published
MLCC,Anti-Arcing High Voltage,FJ18X150K202ET,FJ,0603,X7R; ±10%; Ag/Ni/Sn; 7-inch Reeled,2000V,15 pF,,,,,,,Published
MLCC,Anti-Arcing High Voltage,FJ18X150K202EG,FJ,0603,X7R; ±10%; Ag/Ni/Sn; 13-inch Reeled,2000V,15 pF,,,,,,,Published
MLCC,Anti-Arcing High Voltage,FJ18X150M101PT,FJ,0603,X7R; ±20%; Pd/Ag; 7-inch Reeled,100V,15 pF,,,,,,,Published
MLCC,Anti-Arcing High Voltage,FJ18X150M101PG,FJ,0603,X7R; ±20%; Pd/Ag; 13-inch Reeled,100V,15 pF,,,,,,,Published
MLCC,Anti-Arcing High Voltage,FJ18X150M101ET,FJ,0603,X7R; ±20%; Ag/Ni/Sn; 7-inch Reeled,100V,15 pF,,,,,,,Published
MLCC,Anti-Arcing High Voltage,FJ18X150M101EG,FJ,0603,X7R; ±20%; Ag/Ni/Sn; 13-inch Reeled,100V,15 pF,,,,,,,Published
MLCC,Anti-Arcing High Voltage,FJ18X150M202PT,FJ,0603,X7R; ±20%; Pd/Ag; 7-inch Reeled,2000V,15 pF,,,,,,,Published
MLCC,Anti-Arcing High Voltage,FJ18X150M202PG,FJ,0603,X7R; ±20%; Pd/Ag; 13-inch Reeled,2000V,15 pF,,,,,,,Published
MLCC,Anti-Arcing High Voltage,FJ18X150M202ET,FJ,0603,X7R; ±20%; Ag/Ni/Sn; 7-inch Reeled,2000V,15 pF,,,,,,,Published
MLCC,Anti-Arcing High Voltage,FJ18X150M202EG,FJ,0603,X7R; ±20%; Ag/Ni/Sn; 13-inch Reeled,2000V,15 pF,,,,,,,Published
MLCC,Anti-Arcing High Voltage,FJ18X151J101PT,FJ,0603,X7R; ±5%; Pd/Ag; 7-inch Reeled,100V,150 pF,,,,,,,Published
MLCC,Anti-Arcing High Voltage,FJ18X151J101PG,FJ,0603,X7R; ±5%; Pd/Ag; 13-inch Reeled,100V,150 pF,,,,,,,Published
MLCC,Anti-Arcing High Voltage,FJ18X151J101ET,FJ,0603,X7R; ±5%; Ag/Ni/Sn; 7-inch Reeled,100V,150 pF,,,,,,,Published
MLCC,Anti-Arcing High Voltage,FJ18X151J101EG,FJ,0603,X7R; ±5%; Ag/Ni/Sn; 13-inch Reeled,100V,150 pF,,,,,,,Published
MLCC,Anti-Arcing High Voltage,FJ18X151J202PT,FJ,0603,X7R; ±5%; Pd/Ag; 7-inch Reeled,2000V,150 pF,,,,,,,Published
MLCC,Anti-Arcing High Voltage,FJ18X151J202PG,FJ,0603,X7R; ±5%; Pd/Ag; 13-inch Reeled,2000V,150 pF,,,,,,,Published
MLCC,Anti-Arcing High Voltage,FJ18X151J202ET,FJ,0603,X7R; ±5%; Ag/Ni/Sn; 7-inch Reeled,2000V,150 pF,,,,,,,Published
MLCC,Anti-Arcing High Voltage,FJ18X151J202EG,FJ,0603,X7R; ±5%; Ag/Ni/Sn; 13-inch Reeled,2000V,150 pF,,,,,,,Published
MLCC,Anti-Arcing High Voltage,FJ18X151K101PT,FJ,0603,X7R; ±10%; Pd/Ag; 7-inch Reeled,100V,150 pF,,,,,,,Published
MLCC,Anti-Arcing High Voltage,FJ18X151K101PG,FJ,0603,X7R; ±10%; Pd/Ag; 13-inch Reeled,100V,150 pF,,,,,,,Published
MLCC,Anti-Arcing High Voltage,FJ18X151K101ET,FJ,0603,X7R; ±10%; Ag/Ni/Sn; 7-inch Reeled,100V,150 pF,,,,,,,Published
MLCC,Anti-Arcing High Voltage,FJ18X151K101EG,FJ,0603,X7R; ±10%; Ag/Ni/Sn; 13-inch Reeled,100V,150 pF,,,,,,,Published
MLCC,Anti-Arcing High Voltage,FJ18X151K202PT,FJ,0603,X7R; ±10%; Pd/Ag; 7-inch Reeled,2000V,150 pF,,,,,,,Published
MLCC,Anti-Arcing High Voltage,FJ18X151K202PG,FJ,0603,X7R; ±10%; Pd/Ag; 13-inch Reeled,2000V,150 pF,,,,,,,Published
MLCC,Anti-Arcing High Voltage,FJ18X151K202ET,FJ,0603,X7R; ±10%; Ag/Ni/Sn; 7-inch Reeled,2000V,150 pF,,,,,,,Published
MLCC,Anti-Arcing High Voltage,FJ18X151K202EG,FJ,0603,X7R; ±10%; Ag/Ni/Sn; 13-inch Reeled,2000V,150 pF,,,,,,,Published
MLCC,Anti-Arcing High Voltage,FJ18X151M101PT,FJ,0603,X7R; ±20%; Pd/Ag; 7-inch Reeled,100V,150 pF,,,,,,,Published
MLCC,Anti-Arcing High Voltage,FJ18X151M101PG,FJ,0603,X7R; ±20%; Pd/Ag; 13-inch Reeled,100V,150 pF,,,,,,,Published
MLCC,Anti-Arcing High Voltage,FJ18X151M101ET,FJ,0603,X7R; ±20%; Ag/Ni/Sn; 7-inch Reeled,100V,150 pF,,,,,,,Published
MLCC,Anti-Arcing High Voltage,FJ18X151M101EG,FJ,0603,X7R; ±20%; Ag/Ni/Sn; 13-inch Reeled,100V,150 pF,,,,,,,Published
MLCC,Anti-Arcing High Voltage,FJ18X151M202PT,FJ,0603,X7R; ±20%; Pd/Ag; 7-inch Reeled,2000V,150 pF,,,,,,,Published
MLCC,Anti-Arcing High Voltage,FJ18X151M202PG,FJ,0603,X7R; ±20%; Pd/Ag; 13-inch Reeled,2000V,150 pF,,,,,,,Published
MLCC,Anti-Arcing High Voltage,FJ18X151M202ET,FJ,0603,X7R; ±20%; Ag/Ni/Sn; 7-inch Reeled,2000V,150 pF,,,,,,,Published
MLCC,Anti-Arcing High Voltage,FJ18X151M202EG,FJ,0603,X7R; ±20%; Ag/Ni/Sn; 13-inch Reeled,2000V,150 pF,,,,,,,Published
MLCC,Anti-Arcing High Voltage,FJ18X152J101PT,FJ,0603,X7R; ±5%; Pd/Ag; 7-inch Reeled,100V,1.5 nF,,,,,,,Published
MLCC,Anti-Arcing High Voltage,FJ18X152J101PG,FJ,0603,X7R; ±5%; Pd/Ag; 13-inch Reeled,100V,1.5 nF,,,,,,,Published
MLCC,Anti-Arcing High Voltage,FJ18X152J101ET,FJ,0603,X7R; ±5%; Ag/Ni/Sn; 7-inch Reeled,100V,1.5 nF,,,,,,,Published
MLCC,Anti-Arcing High Voltage,FJ18X152J101EG,FJ,0603,X7R; ±5%; Ag/Ni/Sn; 13-inch Reeled,100V,1.5 nF,,,,,,,Published
MLCC,Anti-Arcing High Voltage,FJ18X152J202PT,FJ,0603,X7R; ±5%; Pd/Ag; 7-inch Reeled,2000V,1.5 nF,,,,,,,Published
MLCC,Anti-Arcing High Voltage,FJ18X152J202PG,FJ,0603,X7R; ±5%; Pd/Ag; 13-inch Reeled,2000V,1.5 nF,,,,,,,Published
MLCC,Anti-Arcing High Voltage,FJ18X152J202ET,FJ,0603,X7R; ±5%; Ag/Ni/Sn; 7-inch Reeled,2000V,1.5 nF,,,,,,,Published
MLCC,Anti-Arcing High Voltage,FJ18X152J202EG,FJ,0603,X7R; ±5%; Ag/Ni/Sn; 13-inch Reeled,2000V,1.5 nF,,,,,,,Published
MLCC,Anti-Arcing High Voltage,FJ18X152K101PT,FJ,0603,X7R; ±10%; Pd/Ag; 7-inch Reeled,100V,1.5 nF,,,,,,,Published
MLCC,Anti-Arcing High Voltage,FJ18X152K101PG,FJ,0603,X7R; ±10%; Pd/Ag; 13-inch Reeled,100V,1.5 nF,,,,,,,Published
MLCC,Anti-Arcing High Voltage,FJ18X152K101ET,FJ,0603,X7R; ±10%; Ag/Ni/Sn; 7-inch Reeled,100V,1.5 nF,,,,,,,Published
MLCC,Anti-Arcing High Voltage,FJ18X152K101EG,FJ,0603,X7R; ±10%; Ag/Ni/Sn; 13-inch Reeled,100V,1.5 nF,,,,,,,Published
MLCC,Anti-Arcing High Voltage,FJ18X152K202PT,FJ,0603,X7R; ±10%; Pd/Ag; 7-inch Reeled,2000V,1.5 nF,,,,,,,Published
MLCC,Anti-Arcing High Voltage,FJ18X152K202PG,FJ,0603,X7R; ±10%; Pd/Ag; 13-inch Reeled,2000V,1.5 nF,,,,,,,Published
MLCC,Anti-Arcing High Voltage,FJ18X152K202ET,FJ,0603,X7R; ±10%; Ag/Ni/Sn; 7-inch Reeled,2000V,1.5 nF,,,,,,,Published
MLCC,Anti-Arcing High Voltage,FJ18X152K202EG,FJ,0603,X7R; ±10%; Ag/Ni/Sn; 13-inch Reeled,2000V,1.5 nF,,,,,,,Published
MLCC,Anti-Arcing High Voltage,FJ18X152M101PT,FJ,0603,X7R; ±20%; Pd/Ag; 7-inch Reeled,100V,1.5 nF,,,,,,,Published
MLCC,Anti-Arcing High Voltage,FJ18X152M101PG,FJ,0603,X7R; ±20%; Pd/Ag; 13-inch Reeled,100V,1.5 nF,,,,,,,Published
MLCC,Anti-Arcing High Voltage,FJ18X152M101ET,FJ,0603,X7R; ±20%; Ag/Ni/Sn; 7-inch Reeled,100V,1.5 nF,,,,,,,Published
MLCC,Anti-Arcing High Voltage,FJ18X152M101EG,FJ,0603,X7R; ±20%; Ag/Ni/Sn; 13-inch Reeled,100V,1.5 nF,,,,,,,Published
MLCC,Anti-Arcing High Voltage,FJ18X152M202PT,FJ,0603,X7R; ±20%; Pd/Ag; 7-inch Reeled,2000V,1.5 nF,,,,,,,Published
MLCC,Anti-Arcing High Voltage,FJ18X152M202PG,FJ,0603,X7R; ±20%; Pd/Ag; 13-inch Reeled,2000V,1.5 nF,,,,,,,Published
MLCC,Anti-Arcing High Voltage,FJ18X152M202ET,FJ,0603,X7R; ±20%; Ag/Ni/Sn; 7-inch Reeled,2000V,1.5 nF,,,,,,,Published
MLCC,Anti-Arcing High Voltage,FJ18X152M202EG,FJ,0603,X7R; ±20%; Ag/Ni/Sn; 13-inch Reeled,2000V,1.5 nF,,,,,,,Published
MLCC,Anti-Arcing High Voltage,FJ18X153J101PT,FJ,0603,X7R; ±5%; Pd/Ag; 7-inch Reeled,100V,15 nF,,,,,,,Published
MLCC,Anti-Arcing High Voltage,FJ18X153J101PG,FJ,0603,X7R; ±5%; Pd/Ag; 13-inch Reeled,100V,15 nF,,,,,,,Published
MLCC,Anti-Arcing High Voltage,FJ18X153J101ET,FJ,0603,X7R; ±5%; Ag/Ni/Sn; 7-inch Reeled,100V,15 nF,,,,,,,Published
MLCC,Anti-Arcing High Voltage,FJ18X153J101EG,FJ,0603,X7R; ±5%; Ag/Ni/Sn; 13-inch Reeled,100V,15 nF,,,,,,,Published
MLCC,Anti-Arcing High Voltage,FJ18X153J202PT,FJ,0603,X7R; ±5%; Pd/Ag; 7-inch Reeled,2000V,15 nF,,,,,,,Published
MLCC,Anti-Arcing High Voltage,FJ18X153J202PG,FJ,0603,X7R; ±5%; Pd/Ag; 13-inch Reeled,2000V,15 nF,,,,,,,Published
MLCC,Anti-Arcing High Voltage,FJ18X153J202ET,FJ,0603,X7R; ±5%; Ag/Ni/Sn; 7-inch Reeled,2000V,15 nF,,,,,,,Published
MLCC,Anti-Arcing High Voltage,FJ18X153J202EG,FJ,0603,X7R; ±5%; Ag/Ni/Sn; 13-inch Reeled,2000V,15 nF,,,,,,,Published
MLCC,Anti-Arcing High Voltage,FJ18X153K101PT,FJ,0603,X7R; ±10%; Pd/Ag; 7-inch Reeled,100V,15 nF,,,,,,,Published
MLCC,Anti-Arcing High Voltage,FJ18X153K101PG,FJ,0603,X7R; ±10%; Pd/Ag; 13-inch Reeled,100V,15 nF,,,,,,,Published
MLCC,Anti-Arcing High Voltage,FJ18X153K101ET,FJ,0603,X7R; ±10%; Ag/Ni/Sn; 7-inch Reeled,100V,15 nF,,,,,,,Published
MLCC,Anti-Arcing High Voltage,FJ18X153K101EG,FJ,0603,X7R; ±10%; Ag/Ni/Sn; 13-inch Reeled,100V,15 nF,,,,,,,Published
MLCC,Anti-Arcing High Voltage,FJ18X153K202PT,FJ,0603,X7R; ±10%; Pd/Ag; 7-inch Reeled,2000V,15 nF,,,,,,,Published
MLCC,Anti-Arcing High Voltage,FJ18X153K202PG,FJ,0603,X7R; ±10%; Pd/Ag; 13-inch Reeled,2000V,15 nF,,,,,,,Published
MLCC,Anti-Arcing High Voltage,FJ18X153K202ET,FJ,0603,X7R; ±10%; Ag/Ni/Sn; 7-inch Reeled,2000V,15 nF,,,,,,,Published
MLCC,Anti-Arcing High Voltage,FJ18X153K202EG,FJ,0603,X7R; ±10%; Ag/Ni/Sn; 13-inch Reeled,2000V,15 nF,,,,,,,Published
MLCC,Anti-Arcing High Voltage,FJ18X153M101PT,FJ,0603,X7R; ±20%; Pd/Ag; 7-inch Reeled,100V,15 nF,,,,,,,Published
MLCC,Anti-Arcing High Voltage,FJ18X153M101PG,FJ,0603,X7R; ±20%; Pd/Ag; 13-inch Reeled,100V,15 nF,,,,,,,Published
MLCC,Anti-Arcing High Voltage,FJ18X153M101ET,FJ,0603,X7R; ±20%; Ag/Ni/Sn; 7-inch Reeled,100V,15 nF,,,,,,,Published
MLCC,Anti-Arcing High Voltage,FJ18X153M101EG,FJ,0603,X7R; ±20%; Ag/Ni/Sn; 13-inch Reeled,100V,15 nF,,,,,,,Published
MLCC,Anti-Arcing High Voltage,FJ18X153M202PT,FJ,0603,X7R; ±20%; Pd/Ag; 7-inch Reeled,2000V,15 nF,,,,,,,Published
MLCC,Anti-Arcing High Voltage,FJ18X153M202PG,FJ,0603,X7R; ±20%; Pd/Ag; 13-inch Reeled,2000V,15 nF,,,,,,,Published
MLCC,Anti-Arcing High Voltage,FJ18X153M202ET,FJ,0603,X7R; ±20%; Ag/Ni/Sn; 7-inch Reeled,2000V,15 nF,,,,,,,Published
MLCC,Anti-Arcing High Voltage,FJ18X153M202EG,FJ,0603,X7R; ±20%; Ag/Ni/Sn; 13-inch Reeled,2000V,15 nF,,,,,,,Published
MLCC,Anti-Arcing High Voltage,FJ18X154J101PT,FJ,0603,X7R; ±5%; Pd/Ag; 7-inch Reeled,100V,150 nF,,,,,,,Published
MLCC,Anti-Arcing High Voltage,FJ18X154J101PG,FJ,0603,X7R; ±5%; Pd/Ag; 13-inch Reeled,100V,150 nF,,,,,,,Published
MLCC,Anti-Arcing High Voltage,FJ18X154J101ET,FJ,0603,X7R; ±5%; Ag/Ni/Sn; 7-inch Reeled,100V,150 nF,,,,,,,Published
MLCC,Anti-Arcing High Voltage,FJ18X154J101EG,FJ,0603,X7R; ±5%; Ag/Ni/Sn; 13-inch Reeled,100V,150 nF,,,,,,,Published
MLCC,Anti-Arcing High Voltage,FJ18X154J202PT,FJ,0603,X7R; ±5%; Pd/Ag; 7-inch Reeled,2000V,150 nF,,,,,,,Published
MLCC,Anti-Arcing High Voltage,FJ18X154J202PG,FJ,0603,X7R; ±5%; Pd/Ag; 13-inch Reeled,2000V,150 nF,,,,,,,Published
MLCC,Anti-Arcing High Voltage,FJ18X154J202ET,FJ,0603,X7R; ±5%; Ag/Ni/Sn; 7-inch Reeled,2000V,150 nF,,,,,,,Published
MLCC,Anti-Arcing High Voltage,FJ18X154J202EG,FJ,0603,X7R; ±5%; Ag/Ni/Sn; 13-inch Reeled,2000V,150 nF,,,,,,,Published
MLCC,Anti-Arcing High Voltage,FJ18X154K101PT,FJ,0603,X7R; ±10%; Pd/Ag; 7-inch Reeled,100V,150 nF,,,,,,,Published
MLCC,Anti-Arcing High Voltage,FJ18X154K101PG,FJ,0603,X7R; ±10%; Pd/Ag; 13-inch Reeled,100V,150 nF,,,,,,,Published
MLCC,Anti-Arcing High Voltage,FJ18X154K101ET,FJ,0603,X7R; ±10%; Ag/Ni/Sn; 7-inch Reeled,100V,150 nF,,,,,,,Published
MLCC,Anti-Arcing High Voltage,FJ18X154K101EG,FJ,0603,X7R; ±10%; Ag/Ni/Sn; 13-inch Reeled,100V,150 nF,,,,,,,Published
MLCC,Anti-Arcing High Voltage,FJ18X154K202PT,FJ,0603,X7R; ±10%; Pd/Ag; 7-inch Reeled,2000V,150 nF,,,,,,,Published
MLCC,Anti-Arcing High Voltage,FJ18X154K202PG,FJ,0603,X7R; ±10%; Pd/Ag; 13-inch Reeled,2000V,150 nF,,,,,,,Published
MLCC,Anti-Arcing High Voltage,FJ18X154K202ET,FJ,0603,X7R; ±10%; Ag/Ni/Sn; 7-inch Reeled,2000V,150 nF,,,,,,,Published
MLCC,Anti-Arcing High Voltage,FJ18X154K202EG,FJ,0603,X7R; ±10%; Ag/Ni/Sn; 13-inch Reeled,2000V,150 nF,,,,,,,Published
MLCC,Anti-Arcing High Voltage,FJ18X154M101PT,FJ,0603,X7R; ±20%; Pd/Ag; 7-inch Reeled,100V,150 nF,,,,,,,Published
MLCC,Anti-Arcing High Voltage,FJ18X154M101PG,FJ,0603,X7R; ±20%; Pd/Ag; 13-inch Reeled,100V,150 nF,,,,,,,Published
MLCC,Anti-Arcing High Voltage,FJ18X154M101ET,FJ,0603,X7R; ±20%; Ag/Ni/Sn; 7-inch Reeled,100V,150 nF,,,,,,,Published
MLCC,Anti-Arcing High Voltage,FJ18X154M101EG,FJ,0603,X7R; ±20%; Ag/Ni/Sn; 13-inch Reeled,100V,150 nF,,,,,,,Published
MLCC,Anti-Arcing High Voltage,FJ18X154M202PT,FJ,0603,X7R; ±20%; Pd/Ag; 7-inch Reeled,2000V,150 nF,,,,,,,Published
MLCC,Anti-Arcing High Voltage,FJ18X154M202PG,FJ,0603,X7R; ±20%; Pd/Ag; 13-inch Reeled,2000V,150 nF,,,,,,,Published
MLCC,Anti-Arcing High Voltage,FJ18X154M202ET,FJ,0603,X7R; ±20%; Ag/Ni/Sn; 7-inch Reeled,2000V,150 nF,,,,,,,Published
MLCC,Anti-Arcing High Voltage,FJ18X154M202EG,FJ,0603,X7R; ±20%; Ag/Ni/Sn; 13-inch Reeled,2000V,150 nF,,,,,,,Published
MLCC,Anti-Arcing High Voltage,FJ18X220J101PT,FJ,0603,X7R; ±5%; Pd/Ag; 7-inch Reeled,100V,22 pF,,,,,,,Published
MLCC,Anti-Arcing High Voltage,FJ18X220J101PG,FJ,0603,X7R; ±5%; Pd/Ag; 13-inch Reeled,100V,22 pF,,,,,,,Published
MLCC,Anti-Arcing High Voltage,FJ18X220J101ET,FJ,0603,X7R; ±5%; Ag/Ni/Sn; 7-inch Reeled,100V,22 pF,,,,,,,Published
MLCC,Anti-Arcing High Voltage,FJ18X220J101EG,FJ,0603,X7R; ±5%; Ag/Ni/Sn; 13-inch Reeled,100V,22 pF,,,,,,,Published
MLCC,Anti-Arcing High Voltage,FJ18X220J202PT,FJ,0603,X7R; ±5%; Pd/Ag; 7-inch Reeled,2000V,22 pF,,,,,,,Published
MLCC,Anti-Arcing High Voltage,FJ18X220J202PG,FJ,0603,X7R; ±5%; Pd/Ag; 13-inch Reeled,2000V,22 pF,,,,,,,Published
MLCC,Anti-Arcing High Voltage,FJ18X220J202ET,FJ,0603,X7R; ±5%; Ag/Ni/Sn; 7-inch Reeled,2000V,22 pF,,,,,,,Published
MLCC,Anti-Arcing High Voltage,FJ18X220J202EG,FJ,0603,X7R; ±5%; Ag/Ni/Sn; 13-inch Reeled,2000V,22 pF,,,,,,,Published
MLCC,Anti-Arcing High Voltage,FJ18X220K101PT,FJ,0603,X7R; ±10%; Pd/Ag; 7-inch Reeled,100V,22 pF,,,,,,,Published
MLCC,Anti-Arcing High Voltage,FJ18X220K101PG,FJ,0603,X7R; ±10%; Pd/Ag; 13-inch Reeled,100V,22 pF,,,,,,,Published
MLCC,Anti-Arcing High Voltage,FJ18X220K101ET,FJ,0603,X7R; ±10%; Ag/Ni/Sn; 7-inch Reeled,100V,22 pF,,,,,,,Published
MLCC,Anti-Arcing High Voltage,FJ18X220K101EG,FJ,0603,X7R; ±10%; Ag/Ni/Sn; 13-inch Reeled,100V,22 pF,,,,,,,Published
MLCC,Anti-Arcing High Voltage,FJ18X220K202PT,FJ,0603,X7R; ±10%; Pd/Ag; 7-inch Reeled,2000V,22 pF,,,,,,,Published
MLCC,Anti-Arcing High Voltage,FJ18X220K202PG,FJ,0603,X7R; ±10%; Pd/Ag; 13-inch Reeled,2000V,22 pF,,,,,,,Published
MLCC,Anti-Arcing High Voltage,FJ18X220K202ET,FJ,0603,X7R; ±10%; Ag/Ni/Sn; 7-inch Reeled,2000V,22 pF,,,,,,,Published
MLCC,Anti-Arcing High Voltage,FJ18X220K202EG,FJ,0603,X7R; ±10%; Ag/Ni/Sn; 13-inch Reeled,2000V,22 pF,,,,,,,Published
MLCC,Anti-Arcing High Voltage,FJ18X220M101PT,FJ,0603,X7R; ±20%; Pd/Ag; 7-inch Reeled,100V,22 pF,,,,,,,Published
MLCC,Anti-Arcing High Voltage,FJ18X220M101PG,FJ,0603,X7R; ±20%; Pd/Ag; 13-inch Reeled,100V,22 pF,,,,,,,Published
MLCC,Anti-Arcing High Voltage,FJ18X220M101ET,FJ,0603,X7R; ±20%; Ag/Ni/Sn; 7-inch Reeled,100V,22 pF,,,,,,,Published
MLCC,Anti-Arcing High Voltage,FJ18X220M101EG,FJ,0603,X7R; ±20%; Ag/Ni/Sn; 13-inch Reeled,100V,22 pF,,,,,,,Published
MLCC,Anti-Arcing High Voltage,FJ18X220M202PT,FJ,0603,X7R; ±20%; Pd/Ag; 7-inch Reeled,2000V,22 pF,,,,,,,Published
MLCC,Anti-Arcing High Voltage,FJ18X220M202PG,FJ,0603,X7R; ±20%; Pd/Ag; 13-inch Reeled,2000V,22 pF,,,,,,,Published
MLCC,Anti-Arcing High Voltage,FJ18X220M202ET,FJ,0603,X7R; ±20%; Ag/Ni/Sn; 7-inch Reeled,2000V,22 pF,,,,,,,Published
MLCC,Anti-Arcing High Voltage,FJ18X220M202EG,FJ,0603,X7R; ±20%; Ag/Ni/Sn; 13-inch Reeled,2000V,22 pF,,,,,,,Published
MLCC,Anti-Arcing High Voltage,FJ18X221J101PT,FJ,0603,X7R; ±5%; Pd/Ag; 7-inch Reeled,100V,220 pF,,,,,,,Published
MLCC,Anti-Arcing High Voltage,FJ18X221J101PG,FJ,0603,X7R; ±5%; Pd/Ag; 13-inch Reeled,100V,220 pF,,,,,,,Published
MLCC,Anti-Arcing High Voltage,FJ18X221J101ET,FJ,0603,X7R; ±5%; Ag/Ni/Sn; 7-inch Reeled,100V,220 pF,,,,,,,Published
MLCC,Anti-Arcing High Voltage,FJ18X221J101EG,FJ,0603,X7R; ±5%; Ag/Ni/Sn; 13-inch Reeled,100V,220 pF,,,,,,,Published
MLCC,Anti-Arcing High Voltage,FJ18X221J202PT,FJ,0603,X7R; ±5%; Pd/Ag; 7-inch Reeled,2000V,220 pF,,,,,,,Published
MLCC,Anti-Arcing High Voltage,FJ18X221J202PG,FJ,0603,X7R; ±5%; Pd/Ag; 13-inch Reeled,2000V,220 pF,,,,,,,Published
MLCC,Anti-Arcing High Voltage,FJ18X221J202ET,FJ,0603,X7R; ±5%; Ag/Ni/Sn; 7-inch Reeled,2000V,220 pF,,,,,,,Published
MLCC,Anti-Arcing High Voltage,FJ18X221J202EG,FJ,0603,X7R; ±5%; Ag/Ni/Sn; 13-inch Reeled,2000V,220 pF,,,,,,,Published
MLCC,Anti-Arcing High Voltage,FJ18X221K101PT,FJ,0603,X7R; ±10%; Pd/Ag; 7-inch Reeled,100V,220 pF,,,,,,,Published
MLCC,Anti-Arcing High Voltage,FJ18X221K101PG,FJ,0603,X7R; ±10%; Pd/Ag; 13-inch Reeled,100V,220 pF,,,,,,,Published
MLCC,Anti-Arcing High Voltage,FJ18X221K101ET,FJ,0603,X7R; ±10%; Ag/Ni/Sn; 7-inch Reeled,100V,220 pF,,,,,,,Published
MLCC,Anti-Arcing High Voltage,FJ18X221K101EG,FJ,0603,X7R; ±10%; Ag/Ni/Sn; 13-inch Reeled,100V,220 pF,,,,,,,Published
MLCC,Anti-Arcing High Voltage,FJ18X221K202PT,FJ,0603,X7R; ±10%; Pd/Ag; 7-inch Reeled,2000V,220 pF,,,,,,,Published
MLCC,Anti-Arcing High Voltage,FJ18X221K202PG,FJ,0603,X7R; ±10%; Pd/Ag; 13-inch Reeled,2000V,220 pF,,,,,,,Published
MLCC,Anti-Arcing High Voltage,FJ18X221K202ET,FJ,0603,X7R; ±10%; Ag/Ni/Sn; 7-inch Reeled,2000V,220 pF,,,,,,,Published
MLCC,Anti-Arcing High Voltage,FJ18X221K202EG,FJ,0603,X7R; ±10%; Ag/Ni/Sn; 13-inch Reeled,2000V,220 pF,,,,,,,Published
MLCC,Anti-Arcing High Voltage,FJ18X221M101PT,FJ,0603,X7R; ±20%; Pd/Ag; 7-inch Reeled,100V,220 pF,,,,,,,Published
MLCC,Anti-Arcing High Voltage,FJ18X221M101PG,FJ,0603,X7R; ±20%; Pd/Ag; 13-inch Reeled,100V,220 pF,,,,,,,Published
MLCC,Anti-Arcing High Voltage,FJ18X221M101ET,FJ,0603,X7R; ±20%; Ag/Ni/Sn; 7-inch Reeled,100V,220 pF,,,,,,,Published
MLCC,Anti-Arcing High Voltage,FJ18X221M101EG,FJ,0603,X7R; ±20%; Ag/Ni/Sn; 13-inch Reeled,100V,220 pF,,,,,,,Published
MLCC,Anti-Arcing High Voltage,FJ18X221M202PT,FJ,0603,X7R; ±20%; Pd/Ag; 7-inch Reeled,2000V,220 pF,,,,,,,Published
MLCC,Anti-Arcing High Voltage,FJ18X221M202PG,FJ,0603,X7R; ±20%; Pd/Ag; 13-inch Reeled,2000V,220 pF,,,,,,,Published
MLCC,Anti-Arcing High Voltage,FJ18X221M202ET,FJ,0603,X7R; ±20%; Ag/Ni/Sn; 7-inch Reeled,2000V,220 pF,,,,,,,Published
MLCC,Anti-Arcing High Voltage,FJ18X221M202EG,FJ,0603,X7R; ±20%; Ag/Ni/Sn; 13-inch Reeled,2000V,220 pF,,,,,,,Published
MLCC,Anti-Arcing High Voltage,FJ18X222J101PT,FJ,0603,X7R; ±5%; Pd/Ag; 7-inch Reeled,100V,2.2 nF,,,,,,,Published
MLCC,Anti-Arcing High Voltage,FJ18X222J101PG,FJ,0603,X7R; ±5%; Pd/Ag; 13-inch Reeled,100V,2.2 nF,,,,,,,Published
MLCC,Anti-Arcing High Voltage,FJ18X222J101ET,FJ,0603,X7R; ±5%; Ag/Ni/Sn; 7-inch Reeled,100V,2.2 nF,,,,,,,Published
MLCC,Anti-Arcing High Voltage,FJ18X222J101EG,FJ,0603,X7R; ±5%; Ag/Ni/Sn; 13-inch Reeled,100V,2.2 nF,,,,,,,Published
MLCC,Anti-Arcing High Voltage,FJ18X222J202PT,FJ,0603,X7R; ±5%; Pd/Ag; 7-inch Reeled,2000V,2.2 nF,,,,,,,Published
MLCC,Anti-Arcing High Voltage,FJ18X222J202PG,FJ,0603,X7R; ±5%; Pd/Ag; 13-inch Reeled,2000V,2.2 nF,,,,,,,Published
MLCC,Anti-Arcing High Voltage,FJ18X222J202ET,FJ,0603,X7R; ±5%; Ag/Ni/Sn; 7-inch Reeled,2000V,2.2 nF,,,,,,,Published
MLCC,Anti-Arcing High Voltage,FJ18X222J202EG,FJ,0603,X7R; ±5%; Ag/Ni/Sn; 13-inch Reeled,2000V,2.2 nF,,,,,,,Published
MLCC,Anti-Arcing High Voltage,FJ18X222K101PT,FJ,0603,X7R; ±10%; Pd/Ag; 7-inch Reeled,100V,2.2 nF,,,,,,,Published
MLCC,Anti-Arcing High Voltage,FJ18X222K101PG,FJ,0603,X7R; ±10%; Pd/Ag; 13-inch Reeled,100V,2.2 nF,,,,,,,Published
MLCC,Anti-Arcing High Voltage,FJ18X222K101ET,FJ,0603,X7R; ±10%; Ag/Ni/Sn; 7-inch Reeled,100V,2.2 nF,,,,,,,Published
MLCC,Anti-Arcing High Voltage,FJ18X222K101EG,FJ,0603,X7R; ±10%; Ag/Ni/Sn; 13-inch Reeled,100V,2.2 nF,,,,,,,Published
MLCC,Anti-Arcing High Voltage,FJ18X222K202PT,FJ,0603,X7R; ±10%; Pd/Ag; 7-inch Reeled,2000V,2.2 nF,,,,,,,Published
MLCC,Anti-Arcing High Voltage,FJ18X222K202PG,FJ,0603,X7R; ±10%; Pd/Ag; 13-inch Reeled,2000V,2.2 nF,,,,,,,Published
MLCC,Anti-Arcing High Voltage,FJ18X222K202ET,FJ,0603,X7R; ±10%; Ag/Ni/Sn; 7-inch Reeled,2000V,2.2 nF,,,,,,,Published
MLCC,Anti-Arcing High Voltage,FJ18X222K202EG,FJ,0603,X7R; ±10%; Ag/Ni/Sn; 13-inch Reeled,2000V,2.2 nF,,,,,,,Published
MLCC,Anti-Arcing High Voltage,FJ18X222M101PT,FJ,0603,X7R; ±20%; Pd/Ag; 7-inch Reeled,100V,2.2 nF,,,,,,,Published
MLCC,Anti-Arcing High Voltage,FJ18X222M101PG,FJ,0603,X7R; ±20%; Pd/Ag; 13-inch Reeled,100V,2.2 nF,,,,,,,Published
MLCC,Anti-Arcing High Voltage,FJ18X222M101ET,FJ,0603,X7R; ±20%; Ag/Ni/Sn; 7-inch Reeled,100V,2.2 nF,,,,,,,Published
MLCC,Anti-Arcing High Voltage,FJ18X222M101EG,FJ,0603,X7R; ±20%; Ag/Ni/Sn; 13-inch Reeled,100V,2.2 nF,,,,,,,Published
MLCC,Anti-Arcing High Voltage,FJ18X222M202PT,FJ,0603,X7R; ±20%; Pd/Ag; 7-inch Reeled,2000V,2.2 nF,,,,,,,Published
MLCC,Anti-Arcing High Voltage,FJ18X222M202PG,FJ,0603,X7R; ±20%; Pd/Ag; 13-inch Reeled,2000V,2.2 nF,,,,,,,Published
MLCC,Anti-Arcing High Voltage,FJ18X222M202ET,FJ,0603,X7R; ±20%; Ag/Ni/Sn; 7-inch Reeled,2000V,2.2 nF,,,,,,,Published
MLCC,Anti-Arcing High Voltage,FJ18X222M202EG,FJ,0603,X7R; ±20%; Ag/Ni/Sn; 13-inch Reeled,2000V,2.2 nF,,,,,,,Published
MLCC,Anti-Arcing High Voltage,FJ18X223J101PT,FJ,0603,X7R; ±5%; Pd/Ag; 7-inch Reeled,100V,22 nF,,,,,,,Published
MLCC,Anti-Arcing High Voltage,FJ18X223J101PG,FJ,0603,X7R; ±5%; Pd/Ag; 13-inch Reeled,100V,22 nF,,,,,,,Published
MLCC,Anti-Arcing High Voltage,FJ18X223J101ET,FJ,0603,X7R; ±5%; Ag/Ni/Sn; 7-inch Reeled,100V,22 nF,,,,,,,Published
MLCC,Anti-Arcing High Voltage,FJ18X223J101EG,FJ,0603,X7R; ±5%; Ag/Ni/Sn; 13-inch Reeled,100V,22 nF,,,,,,,Published
MLCC,Anti-Arcing High Voltage,FJ18X223J202PT,FJ,0603,X7R; ±5%; Pd/Ag; 7-inch Reeled,2000V,22 nF,,,,,,,Published
MLCC,Anti-Arcing High Voltage,FJ18X223J202PG,FJ,0603,X7R; ±5%; Pd/Ag; 13-inch Reeled,2000V,22 nF,,,,,,,Published
MLCC,Anti-Arcing High Voltage,FJ18X223J202ET,FJ,0603,X7R; ±5%; Ag/Ni/Sn; 7-inch Reeled,2000V,22 nF,,,,,,,Published
MLCC,Anti-Arcing High Voltage,FJ18X223J202EG,FJ,0603,X7R; ±5%; Ag/Ni/Sn; 13-inch Reeled,2000V,22 nF,,,,,,,Published
MLCC,Anti-Arcing High Voltage,FJ18X223K101PT,FJ,0603,X7R; ±10%; Pd/Ag; 7-inch Reeled,100V,22 nF,,,,,,,Published
MLCC,Anti-Arcing High Voltage,FJ18X223K101PG,FJ,0603,X7R; ±10%; Pd/Ag; 13-inch Reeled,100V,22 nF,,,,,,,Published
MLCC,Anti-Arcing High Voltage,FJ18X223K101ET,FJ,0603,X7R; ±10%; Ag/Ni/Sn; 7-inch Reeled,100V,22 nF,,,,,,,Published
MLCC,Anti-Arcing High Voltage,FJ18X223K101EG,FJ,0603,X7R; ±10%; Ag/Ni/Sn; 13-inch Reeled,100V,22 nF,,,,,,,Published
MLCC,Anti-Arcing High Voltage,FJ18X223K202PT,FJ,0603,X7R; ±10%; Pd/Ag; 7-inch Reeled,2000V,22 nF,,,,,,,Published
MLCC,Anti-Arcing High Voltage,FJ18X223K202PG,FJ,0603,X7R; ±10%; Pd/Ag; 13-inch Reeled,2000V,22 nF,,,,,,,Published
MLCC,Anti-Arcing High Voltage,FJ18X223K202ET,FJ,0603,X7R; ±10%; Ag/Ni/Sn; 7-inch Reeled,2000V,22 nF,,,,,,,Published
MLCC,Anti-Arcing High Voltage,FJ18X223K202EG,FJ,0603,X7R; ±10%; Ag/Ni/Sn; 13-inch Reeled,2000V,22 nF,,,,,,,Published
MLCC,Anti-Arcing High Voltage,FJ18X223M101PT,FJ,0603,X7R; ±20%; Pd/Ag; 7-inch Reeled,100V,22 nF,,,,,,,Published
MLCC,Anti-Arcing High Voltage,FJ18X223M101PG,FJ,0603,X7R; ±20%; Pd/Ag; 13-inch Reeled,100V,22 nF,,,,,,,Published
MLCC,Anti-Arcing High Voltage,FJ18X223M101ET,FJ,0603,X7R; ±20%; Ag/Ni/Sn; 7-inch Reeled,100V,22 nF,,,,,,,Published
MLCC,Anti-Arcing High Voltage,FJ18X223M101EG,FJ,0603,X7R; ±20%; Ag/Ni/Sn; 13-inch Reeled,100V,22 nF,,,,,,,Published
MLCC,Anti-Arcing High Voltage,FJ18X223M202PT,FJ,0603,X7R; ±20%; Pd/Ag; 7-inch Reeled,2000V,22 nF,,,,,,,Published
MLCC,Anti-Arcing High Voltage,FJ18X223M202PG,FJ,0603,X7R; ±20%; Pd/Ag; 13-inch Reeled,2000V,22 nF,,,,,,,Published
MLCC,Anti-Arcing High Voltage,FJ18X223M202ET,FJ,0603,X7R; ±20%; Ag/Ni/Sn; 7-inch Reeled,2000V,22 nF,,,,,,,Published
MLCC,Anti-Arcing High Voltage,FJ18X223M202EG,FJ,0603,X7R; ±20%; Ag/Ni/Sn; 13-inch Reeled,2000V,22 nF,,,,,,,Published
MLCC,Anti-Arcing High Voltage,FJ18X224J101PT,FJ,0603,X7R; ±5%; Pd/Ag; 7-inch Reeled,100V,220 nF,,,,,,,Published
MLCC,Anti-Arcing High Voltage,FJ18X224J101PG,FJ,0603,X7R; ±5%; Pd/Ag; 13-inch Reeled,100V,220 nF,,,,,,,Published
MLCC,Anti-Arcing High Voltage,FJ18X224J101ET,FJ,0603,X7R; ±5%; Ag/Ni/Sn; 7-inch Reeled,100V,220 nF,,,,,,,Published
MLCC,Anti-Arcing High Voltage,FJ18X224J101EG,FJ,0603,X7R; ±5%; Ag/Ni/Sn; 13-inch Reeled,100V,220 nF,,,,,,,Published
MLCC,Anti-Arcing High Voltage,FJ18X224J202PT,FJ,0603,X7R; ±5%; Pd/Ag; 7-inch Reeled,2000V,220 nF,,,,,,,Published
MLCC,Anti-Arcing High Voltage,FJ18X224J202PG,FJ,0603,X7R; ±5%; Pd/Ag; 13-inch Reeled,2000V,220 nF,,,,,,,Published
MLCC,Anti-Arcing High Voltage,FJ18X224J202ET,FJ,0603,X7R; ±5%; Ag/Ni/Sn; 7-inch Reeled,2000V,220 nF,,,,,,,Published
MLCC,Anti-Arcing High Voltage,FJ18X224J202EG,FJ,0603,X7R; ±5%; Ag/Ni/Sn; 13-inch Reeled,2000V,220 nF,,,,,,,Published
MLCC,Anti-Arcing High Voltage,FJ18X224K101PT,FJ,0603,X7R; ±10%; Pd/Ag; 7-inch Reeled,100V,220 nF,,,,,,,Published
MLCC,Anti-Arcing High Voltage,FJ18X224K101PG,FJ,0603,X7R; ±10%; Pd/Ag; 13-inch Reeled,100V,220 nF,,,,,,,Published
MLCC,Anti-Arcing High Voltage,FJ18X224K101ET,FJ,0603,X7R; ±10%; Ag/Ni/Sn; 7-inch Reeled,100V,220 nF,,,,,,,Published
MLCC,Anti-Arcing High Voltage,FJ18X224K101EG,FJ,0603,X7R; ±10%; Ag/Ni/Sn; 13-inch Reeled,100V,220 nF,,,,,,,Published
MLCC,Anti-Arcing High Voltage,FJ18X224K202PT,FJ,0603,X7R; ±10%; Pd/Ag; 7-inch Reeled,2000V,220 nF,,,,,,,Published
MLCC,Anti-Arcing High Voltage,FJ18X224K202PG,FJ,0603,X7R; ±10%; Pd/Ag; 13-inch Reeled,2000V,220 nF,,,,,,,Published
MLCC,Anti-Arcing High Voltage,FJ18X224K202ET,FJ,0603,X7R; ±10%; Ag/Ni/Sn; 7-inch Reeled,2000V,220 nF,,,,,,,Published
MLCC,Anti-Arcing High Voltage,FJ18X224K202EG,FJ,0603,X7R; ±10%; Ag/Ni/Sn; 13-inch Reeled,2000V,220 nF,,,,,,,Published
MLCC,Anti-Arcing High Voltage,FJ18X224M101PT,FJ,0603,X7R; ±20%; Pd/Ag; 7-inch Reeled,100V,220 nF,,,,,,,Published
MLCC,Anti-Arcing High Voltage,FJ18X224M101PG,FJ,0603,X7R; ±20%; Pd/Ag; 13-inch Reeled,100V,220 nF,,,,,,,Published
MLCC,Anti-Arcing High Voltage,FJ18X224M101ET,FJ,0603,X7R; ±20%; Ag/Ni/Sn; 7-inch Reeled,100V,220 nF,,,,,,,Published
MLCC,Anti-Arcing High Voltage,FJ18X224M101EG,FJ,0603,X7R; ±20%; Ag/Ni/Sn; 13-inch Reeled,100V,220 nF,,,,,,,Published
MLCC,Anti-Arcing High Voltage,FJ18X224M202PT,FJ,0603,X7R; ±20%; Pd/Ag; 7-inch Reeled,2000V,220 nF,,,,,,,Published
MLCC,Anti-Arcing High Voltage,FJ18X224M202PG,FJ,0603,X7R; ±20%; Pd/Ag; 13-inch Reeled,2000V,220 nF,,,,,,,Published
MLCC,Anti-Arcing High Voltage,FJ18X224M202ET,FJ,0603,X7R; ±20%; Ag/Ni/Sn; 7-inch Reeled,2000V,220 nF,,,,,,,Published
MLCC,Anti-Arcing High Voltage,FJ18X224M202EG,FJ,0603,X7R; ±20%; Ag/Ni/Sn; 13-inch Reeled,2000V,220 nF,,,,,,,Published
MLCC,Anti-Arcing High Voltage,FJ18X330J101PT,FJ,0603,X7R; ±5%; Pd/Ag; 7-inch Reeled,100V,33 pF,,,,,,,Published
MLCC,Anti-Arcing High Voltage,FJ18X330J101PG,FJ,0603,X7R; ±5%; Pd/Ag; 13-inch Reeled,100V,33 pF,,,,,,,Published
MLCC,Anti-Arcing High Voltage,FJ18X330J101ET,FJ,0603,X7R; ±5%; Ag/Ni/Sn; 7-inch Reeled,100V,33 pF,,,,,,,Published
MLCC,Anti-Arcing High Voltage,FJ18X330J101EG,FJ,0603,X7R; ±5%; Ag/Ni/Sn; 13-inch Reeled,100V,33 pF,,,,,,,Published
MLCC,Anti-Arcing High Voltage,FJ18X330J202PT,FJ,0603,X7R; ±5%; Pd/Ag; 7-inch Reeled,2000V,33 pF,,,,,,,Published
MLCC,Anti-Arcing High Voltage,FJ18X330J202PG,FJ,0603,X7R; ±5%; Pd/Ag; 13-inch Reeled,2000V,33 pF,,,,,,,Published
MLCC,Anti-Arcing High Voltage,FJ18X330J202ET,FJ,0603,X7R; ±5%; Ag/Ni/Sn; 7-inch Reeled,2000V,33 pF,,,,,,,Published
MLCC,Anti-Arcing High Voltage,FJ18X330J202EG,FJ,0603,X7R; ±5%; Ag/Ni/Sn; 13-inch Reeled,2000V,33 pF,,,,,,,Published
MLCC,Anti-Arcing High Voltage,FJ18X330K101PT,FJ,0603,X7R; ±10%; Pd/Ag; 7-inch Reeled,100V,33 pF,,,,,,,Published
MLCC,Anti-Arcing High Voltage,FJ18X330K101PG,FJ,0603,X7R; ±10%; Pd/Ag; 13-inch Reeled,100V,33 pF,,,,,,,Published
MLCC,Anti-Arcing High Voltage,FJ18X330K101ET,FJ,0603,X7R; ±10%; Ag/Ni/Sn; 7-inch Reeled,100V,33 pF,,,,,,,Published
MLCC,Anti-Arcing High Voltage,FJ18X330K101EG,FJ,0603,X7R; ±10%; Ag/Ni/Sn; 13-inch Reeled,100V,33 pF,,,,,,,Published
MLCC,Anti-Arcing High Voltage,FJ18X330K202PT,FJ,0603,X7R; ±10%; Pd/Ag; 7-inch Reeled,2000V,33 pF,,,,,,,Published
MLCC,Anti-Arcing High Voltage,FJ18X330K202PG,FJ,0603,X7R; ±10%; Pd/Ag; 13-inch Reeled,2000V,33 pF,,,,,,,Published
MLCC,Anti-Arcing High Voltage,FJ18X330K202ET,FJ,0603,X7R; ±10%; Ag/Ni/Sn; 7-inch Reeled,2000V,33 pF,,,,,,,Published
MLCC,Anti-Arcing High Voltage,FJ18X330K202EG,FJ,0603,X7R; ±10%; Ag/Ni/Sn; 13-inch Reeled,2000V,33 pF,,,,,,,Published
MLCC,Anti-Arcing High Voltage,FJ18X330M101PT,FJ,0603,X7R; ±20%; Pd/Ag; 7-inch Reeled,100V,33 pF,,,,,,,Published
MLCC,Anti-Arcing High Voltage,FJ18X330M101PG,FJ,0603,X7R; ±20%; Pd/Ag; 13-inch Reeled,100V,33 pF,,,,,,,Published
MLCC,Anti-Arcing High Voltage,FJ18X330M101ET,FJ,0603,X7R; ±20%; Ag/Ni/Sn; 7-inch Reeled,100V,33 pF,,,,,,,Published
MLCC,Anti-Arcing High Voltage,FJ18X330M101EG,FJ,0603,X7R; ±20%; Ag/Ni/Sn; 13-inch Reeled,100V,33 pF,,,,,,,Published
MLCC,Anti-Arcing High Voltage,FJ18X330M202PT,FJ,0603,X7R; ±20%; Pd/Ag; 7-inch Reeled,2000V,33 pF,,,,,,,Published
MLCC,Anti-Arcing High Voltage,FJ18X330M202PG,FJ,0603,X7R; ±20%; Pd/Ag; 13-inch Reeled,2000V,33 pF,,,,,,,Published
MLCC,Anti-Arcing High Voltage,FJ18X330M202ET,FJ,0603,X7R; ±20%; Ag/Ni/Sn; 7-inch Reeled,2000V,33 pF,,,,,,,Published
MLCC,Anti-Arcing High Voltage,FJ18X330M202EG,FJ,0603,X7R; ±20%; Ag/Ni/Sn; 13-inch Reeled,2000V,33 pF,,,,,,,Published
MLCC,Anti-Arcing High Voltage,FJ18X331J101PT,FJ,0603,X7R; ±5%; Pd/Ag; 7-inch Reeled,100V,330 pF,,,,,,,Published
MLCC,Anti-Arcing High Voltage,FJ18X331J101PG,FJ,0603,X7R; ±5%; Pd/Ag; 13-inch Reeled,100V,330 pF,,,,,,,Published
MLCC,Anti-Arcing High Voltage,FJ18X331J101ET,FJ,0603,X7R; ±5%; Ag/Ni/Sn; 7-inch Reeled,100V,330 pF,,,,,,,Published
MLCC,Anti-Arcing High Voltage,FJ18X331J101EG,FJ,0603,X7R; ±5%; Ag/Ni/Sn; 13-inch Reeled,100V,330 pF,,,,,,,Published
MLCC,Anti-Arcing High Voltage,FJ18X331J202PT,FJ,0603,X7R; ±5%; Pd/Ag; 7-inch Reeled,2000V,330 pF,,,,,,,Published
MLCC,Anti-Arcing High Voltage,FJ18X331J202PG,FJ,0603,X7R; ±5%; Pd/Ag; 13-inch Reeled,2000V,330 pF,,,,,,,Published
MLCC,Anti-Arcing High Voltage,FJ18X331J202ET,FJ,0603,X7R; ±5%; Ag/Ni/Sn; 7-inch Reeled,2000V,330 pF,,,,,,,Published
MLCC,Anti-Arcing High Voltage,FJ18X331J202EG,FJ,0603,X7R; ±5%; Ag/Ni/Sn; 13-inch Reeled,2000V,330 pF,,,,,,,Published
MLCC,Anti-Arcing High Voltage,FJ18X331K101PT,FJ,0603,X7R; ±10%; Pd/Ag; 7-inch Reeled,100V,330 pF,,,,,,,Published
MLCC,Anti-Arcing High Voltage,FJ18X331K101PG,FJ,0603,X7R; ±10%; Pd/Ag; 13-inch Reeled,100V,330 pF,,,,,,,Published
MLCC,Anti-Arcing High Voltage,FJ18X331K101ET,FJ,0603,X7R; ±10%; Ag/Ni/Sn; 7-inch Reeled,100V,330 pF,,,,,,,Published
MLCC,Anti-Arcing High Voltage,FJ18X331K101EG,FJ,0603,X7R; ±10%; Ag/Ni/Sn; 13-inch Reeled,100V,330 pF,,,,,,,Published
MLCC,Anti-Arcing High Voltage,FJ18X331K202PT,FJ,0603,X7R; ±10%; Pd/Ag; 7-inch Reeled,2000V,330 pF,,,,,,,Published
MLCC,Anti-Arcing High Voltage,FJ18X331K202PG,FJ,0603,X7R; ±10%; Pd/Ag; 13-inch Reeled,2000V,330 pF,,,,,,,Published
MLCC,Anti-Arcing High Voltage,FJ18X331K202ET,FJ,0603,X7R; ±10%; Ag/Ni/Sn; 7-inch Reeled,2000V,330 pF,,,,,,,Published
MLCC,Anti-Arcing High Voltage,FJ18X331K202EG,FJ,0603,X7R; ±10%; Ag/Ni/Sn; 13-inch Reeled,2000V,330 pF,,,,,,,Published
MLCC,Anti-Arcing High Voltage,FJ18X331M101PT,FJ,0603,X7R; ±20%; Pd/Ag; 7-inch Reeled,100V,330 pF,,,,,,,Published
MLCC,Anti-Arcing High Voltage,FJ18X331M101PG,FJ,0603,X7R; ±20%; Pd/Ag; 13-inch Reeled,100V,330 pF,,,,,,,Published
MLCC,Anti-Arcing High Voltage,FJ18X331M101ET,FJ,0603,X7R; ±20%; Ag/Ni/Sn; 7-inch Reeled,100V,330 pF,,,,,,,Published
MLCC,Anti-Arcing High Voltage,FJ18X331M101EG,FJ,0603,X7R; ±20%; Ag/Ni/Sn; 13-inch Reeled,100V,330 pF,,,,,,,Published
MLCC,Anti-Arcing High Voltage,FJ18X331M202PT,FJ,0603,X7R; ±20%; Pd/Ag; 7-inch Reeled,2000V,330 pF,,,,,,,Published
MLCC,Anti-Arcing High Voltage,FJ18X331M202PG,FJ,0603,X7R; ±20%; Pd/Ag; 13-inch Reeled,2000V,330 pF,,,,,,,Published
MLCC,Anti-Arcing High Voltage,FJ18X331M202ET,FJ,0603,X7R; ±20%; Ag/Ni/Sn; 7-inch Reeled,2000V,330 pF,,,,,,,Published
MLCC,Anti-Arcing High Voltage,FJ18X331M202EG,FJ,0603,X7R; ±20%; Ag/Ni/Sn; 13-inch Reeled,2000V,330 pF,,,,,,,Published
MLCC,Anti-Arcing High Voltage,FJ18X332J101PT,FJ,0603,X7R; ±5%; Pd/Ag; 7-inch Reeled,100V,3.3 nF,,,,,,,Published
MLCC,Anti-Arcing High Voltage,FJ18X332J101PG,FJ,0603,X7R; ±5%; Pd/Ag; 13-inch Reeled,100V,3.3 nF,,,,,,,Published
MLCC,Anti-Arcing High Voltage,FJ18X332J101ET,FJ,0603,X7R; ±5%; Ag/Ni/Sn; 7-inch Reeled,100V,3.3 nF,,,,,,,Published
MLCC,Anti-Arcing High Voltage,FJ18X332J101EG,FJ,0603,X7R; ±5%; Ag/Ni/Sn; 13-inch Reeled,100V,3.3 nF,,,,,,,Published
MLCC,Anti-Arcing High Voltage,FJ18X332J202PT,FJ,0603,X7R; ±5%; Pd/Ag; 7-inch Reeled,2000V,3.3 nF,,,,,,,Published
MLCC,Anti-Arcing High Voltage,FJ18X332J202PG,FJ,0603,X7R; ±5%; Pd/Ag; 13-inch Reeled,2000V,3.3 nF,,,,,,,Published
MLCC,Anti-Arcing High Voltage,FJ18X332J202ET,FJ,0603,X7R; ±5%; Ag/Ni/Sn; 7-inch Reeled,2000V,3.3 nF,,,,,,,Published
MLCC,Anti-Arcing High Voltage,FJ18X332J202EG,FJ,0603,X7R; ±5%; Ag/Ni/Sn; 13-inch Reeled,2000V,3.3 nF,,,,,,,Published
MLCC,Anti-Arcing High Voltage,FJ18X332K101PT,FJ,0603,X7R; ±10%; Pd/Ag; 7-inch Reeled,100V,3.3 nF,,,,,,,Published
MLCC,Anti-Arcing High Voltage,FJ18X332K101PG,FJ,0603,X7R; ±10%; Pd/Ag; 13-inch Reeled,100V,3.3 nF,,,,,,,Published
MLCC,Anti-Arcing High Voltage,FJ18X332K101ET,FJ,0603,X7R; ±10%; Ag/Ni/Sn; 7-inch Reeled,100V,3.3 nF,,,,,,,Published
MLCC,Anti-Arcing High Voltage,FJ18X332K101EG,FJ,0603,X7R; ±10%; Ag/Ni/Sn; 13-inch Reeled,100V,3.3 nF,,,,,,,Published
MLCC,Anti-Arcing High Voltage,FJ18X332K202PT,FJ,0603,X7R; ±10%; Pd/Ag; 7-inch Reeled,2000V,3.3 nF,,,,,,,Published
MLCC,Anti-Arcing High Voltage,FJ18X332K202PG,FJ,0603,X7R; ±10%; Pd/Ag; 13-inch Reeled,2000V,3.3 nF,,,,,,,Published
MLCC,Anti-Arcing High Voltage,FJ18X332K202ET,FJ,0603,X7R; ±10%; Ag/Ni/Sn; 7-inch Reeled,2000V,3.3 nF,,,,,,,Published
MLCC,Anti-Arcing High Voltage,FJ18X332K202EG,FJ,0603,X7R; ±10%; Ag/Ni/Sn; 13-inch Reeled,2000V,3.3 nF,,,,,,,Published
MLCC,Anti-Arcing High Voltage,FJ18X332M101PT,FJ,0603,X7R; ±20%; Pd/Ag; 7-inch Reeled,100V,3.3 nF,,,,,,,Published
MLCC,Anti-Arcing High Voltage,FJ18X332M101PG,FJ,0603,X7R; ±20%; Pd/Ag; 13-inch Reeled,100V,3.3 nF,,,,,,,Published
MLCC,Anti-Arcing High Voltage,FJ18X332M101ET,FJ,0603,X7R; ±20%; Ag/Ni/Sn; 7-inch Reeled,100V,3.3 nF,,,,,,,Published
MLCC,Anti-Arcing High Voltage,FJ18X332M101EG,FJ,0603,X7R; ±20%; Ag/Ni/Sn; 13-inch Reeled,100V,3.3 nF,,,,,,,Published
MLCC,Anti-Arcing High Voltage,FJ18X332M202PT,FJ,0603,X7R; ±20%; Pd/Ag; 7-inch Reeled,2000V,3.3 nF,,,,,,,Published
MLCC,Anti-Arcing High Voltage,FJ18X332M202PG,FJ,0603,X7R; ±20%; Pd/Ag; 13-inch Reeled,2000V,3.3 nF,,,,,,,Published
MLCC,Anti-Arcing High Voltage,FJ18X332M202ET,FJ,0603,X7R; ±20%; Ag/Ni/Sn; 7-inch Reeled,2000V,3.3 nF,,,,,,,Published
MLCC,Anti-Arcing High Voltage,FJ18X332M202EG,FJ,0603,X7R; ±20%; Ag/Ni/Sn; 13-inch Reeled,2000V,3.3 nF,,,,,,,Published
MLCC,Anti-Arcing High Voltage,FJ18X333J101PT,FJ,0603,X7R; ±5%; Pd/Ag; 7-inch Reeled,100V,33 nF,,,,,,,Published
MLCC,Anti-Arcing High Voltage,FJ18X333J101PG,FJ,0603,X7R; ±5%; Pd/Ag; 13-inch Reeled,100V,33 nF,,,,,,,Published
MLCC,Anti-Arcing High Voltage,FJ18X333J101ET,FJ,0603,X7R; ±5%; Ag/Ni/Sn; 7-inch Reeled,100V,33 nF,,,,,,,Published
MLCC,Anti-Arcing High Voltage,FJ18X333J101EG,FJ,0603,X7R; ±5%; Ag/Ni/Sn; 13-inch Reeled,100V,33 nF,,,,,,,Published
MLCC,Anti-Arcing High Voltage,FJ18X333J202PT,FJ,0603,X7R; ±5%; Pd/Ag; 7-inch Reeled,2000V,33 nF,,,,,,,Published
MLCC,Anti-Arcing High Voltage,FJ18X333J202PG,FJ,0603,X7R; ±5%; Pd/Ag; 13-inch Reeled,2000V,33 nF,,,,,,,Published
MLCC,Anti-Arcing High Voltage,FJ18X333J202ET,FJ,0603,X7R; ±5%; Ag/Ni/Sn; 7-inch Reeled,2000V,33 nF,,,,,,,Published
MLCC,Anti-Arcing High Voltage,FJ18X333J202EG,FJ,0603,X7R; ±5%; Ag/Ni/Sn; 13-inch Reeled,2000V,33 nF,,,,,,,Published
MLCC,Anti-Arcing High Voltage,FJ18X333K101PT,FJ,0603,X7R; ±10%; Pd/Ag; 7-inch Reeled,100V,33 nF,,,,,,,Published
MLCC,Anti-Arcing High Voltage,FJ18X333K101PG,FJ,0603,X7R; ±10%; Pd/Ag; 13-inch Reeled,100V,33 nF,,,,,,,Published
MLCC,Anti-Arcing High Voltage,FJ18X333K101ET,FJ,0603,X7R; ±10%; Ag/Ni/Sn; 7-inch Reeled,100V,33 nF,,,,,,,Published
MLCC,Anti-Arcing High Voltage,FJ18X333K101EG,FJ,0603,X7R; ±10%; Ag/Ni/Sn; 13-inch Reeled,100V,33 nF,,,,,,,Published
MLCC,Anti-Arcing High Voltage,FJ18X333K202PT,FJ,0603,X7R; ±10%; Pd/Ag; 7-inch Reeled,2000V,33 nF,,,,,,,Published
MLCC,Anti-Arcing High Voltage,FJ18X333K202PG,FJ,0603,X7R; ±10%; Pd/Ag; 13-inch Reeled,2000V,33 nF,,,,,,,Published
MLCC,Anti-Arcing High Voltage,FJ18X333K202ET,FJ,0603,X7R; ±10%; Ag/Ni/Sn; 7-inch Reeled,2000V,33 nF,,,,,,,Published
MLCC,Anti-Arcing High Voltage,FJ18X333K202EG,FJ,0603,X7R; ±10%; Ag/Ni/Sn; 13-inch Reeled,2000V,33 nF,,,,,,,Published
MLCC,Anti-Arcing High Voltage,FJ18X333M101PT,FJ,0603,X7R; ±20%; Pd/Ag; 7-inch Reeled,100V,33 nF,,,,,,,Published
MLCC,Anti-Arcing High Voltage,FJ18X333M101PG,FJ,0603,X7R; ±20%; Pd/Ag; 13-inch Reeled,100V,33 nF,,,,,,,Published
MLCC,Anti-Arcing High Voltage,FJ18X333M101ET,FJ,0603,X7R; ±20%; Ag/Ni/Sn; 7-inch Reeled,100V,33 nF,,,,,,,Published
MLCC,Anti-Arcing High Voltage,FJ18X333M101EG,FJ,0603,X7R; ±20%; Ag/Ni/Sn; 13-inch Reeled,100V,33 nF,,,,,,,Published
MLCC,Anti-Arcing High Voltage,FJ18X333M202PT,FJ,0603,X7R; ±20%; Pd/Ag; 7-inch Reeled,2000V,33 nF,,,,,,,Published
MLCC,Anti-Arcing High Voltage,FJ18X333M202PG,FJ,0603,X7R; ±20%; Pd/Ag; 13-inch Reeled,2000V,33 nF,,,,,,,Published
MLCC,Anti-Arcing High Voltage,FJ18X333M202ET,FJ,0603,X7R; ±20%; Ag/Ni/Sn; 7-inch Reeled,2000V,33 nF,,,,,,,Published
MLCC,Anti-Arcing High Voltage,FJ18X333M202EG,FJ,0603,X7R; ±20%; Ag/Ni/Sn; 13-inch Reeled,2000V,33 nF,,,,,,,Published
MLCC,Anti-Arcing High Voltage,FJ18X334J101PT,FJ,0603,X7R; ±5%; Pd/Ag; 7-inch Reeled,100V,330 nF,,,,,,,Published
MLCC,Anti-Arcing High Voltage,FJ18X334J101PG,FJ,0603,X7R; ±5%; Pd/Ag; 13-inch Reeled,100V,330 nF,,,,,,,Published
MLCC,Anti-Arcing High Voltage,FJ18X334J101ET,FJ,0603,X7R; ±5%; Ag/Ni/Sn; 7-inch Reeled,100V,330 nF,,,,,,,Published
MLCC,Anti-Arcing High Voltage,FJ18X334J101EG,FJ,0603,X7R; ±5%; Ag/Ni/Sn; 13-inch Reeled,100V,330 nF,,,,,,,Published
MLCC,Anti-Arcing High Voltage,FJ18X334J202PT,FJ,0603,X7R; ±5%; Pd/Ag; 7-inch Reeled,2000V,330 nF,,,,,,,Published
MLCC,Anti-Arcing High Voltage,FJ18X334J202PG,FJ,0603,X7R; ±5%; Pd/Ag; 13-inch Reeled,2000V,330 nF,,,,,,,Published
MLCC,Anti-Arcing High Voltage,FJ18X334J202ET,FJ,0603,X7R; ±5%; Ag/Ni/Sn; 7-inch Reeled,2000V,330 nF,,,,,,,Published
MLCC,Anti-Arcing High Voltage,FJ18X334J202EG,FJ,0603,X7R; ±5%; Ag/Ni/Sn; 13-inch Reeled,2000V,330 nF,,,,,,,Published
MLCC,Anti-Arcing High Voltage,FJ18X334K101PT,FJ,0603,X7R; ±10%; Pd/Ag; 7-inch Reeled,100V,330 nF,,,,,,,Published
MLCC,Anti-Arcing High Voltage,FJ18X334K101PG,FJ,0603,X7R; ±10%; Pd/Ag; 13-inch Reeled,100V,330 nF,,,,,,,Published
MLCC,Anti-Arcing High Voltage,FJ18X334K101ET,FJ,0603,X7R; ±10%; Ag/Ni/Sn; 7-inch Reeled,100V,330 nF,,,,,,,Published
MLCC,Anti-Arcing High Voltage,FJ18X334K101EG,FJ,0603,X7R; ±10%; Ag/Ni/Sn; 13-inch Reeled,100V,330 nF,,,,,,,Published
MLCC,Anti-Arcing High Voltage,FJ18X334K202PT,FJ,0603,X7R; ±10%; Pd/Ag; 7-inch Reeled,2000V,330 nF,,,,,,,Published
MLCC,Anti-Arcing High Voltage,FJ18X334K202PG,FJ,0603,X7R; ±10%; Pd/Ag; 13-inch Reeled,2000V,330 nF,,,,,,,Published
MLCC,Anti-Arcing High Voltage,FJ18X334K202ET,FJ,0603,X7R; ±10%; Ag/Ni/Sn; 7-inch Reeled,2000V,330 nF,,,,,,,Published
MLCC,Anti-Arcing High Voltage,FJ18X334K202EG,FJ,0603,X7R; ±10%; Ag/Ni/Sn; 13-inch Reeled,2000V,330 nF,,,,,,,Published
MLCC,Anti-Arcing High Voltage,FJ18X334M101PT,FJ,0603,X7R; ±20%; Pd/Ag; 7-inch Reeled,100V,330 nF,,,,,,,Published
MLCC,Anti-Arcing High Voltage,FJ18X334M101PG,FJ,0603,X7R; ±20%; Pd/Ag; 13-inch Reeled,100V,330 nF,,,,,,,Published
MLCC,Anti-Arcing High Voltage,FJ18X334M101ET,FJ,0603,X7R; ±20%; Ag/Ni/Sn; 7-inch Reeled,100V,330 nF,,,,,,,Published
MLCC,Anti-Arcing High Voltage,FJ18X334M101EG,FJ,0603,X7R; ±20%; Ag/Ni/Sn; 13-inch Reeled,100V,330 nF,,,,,,,Published
MLCC,Anti-Arcing High Voltage,FJ18X334M202PT,FJ,0603,X7R; ±20%; Pd/Ag; 7-inch Reeled,2000V,330 nF,,,,,,,Published
MLCC,Anti-Arcing High Voltage,FJ18X334M202PG,FJ,0603,X7R; ±20%; Pd/Ag; 13-inch Reeled,2000V,330 nF,,,,,,,Published
MLCC,Anti-Arcing High Voltage,FJ18X334M202ET,FJ,0603,X7R; ±20%; Ag/Ni/Sn; 7-inch Reeled,2000V,330 nF,,,,,,,Published
MLCC,Anti-Arcing High Voltage,FJ18X334M202EG,FJ,0603,X7R; ±20%; Ag/Ni/Sn; 13-inch Reeled,2000V,330 nF,,,,,,,Published
MLCC,Anti-Arcing High Voltage,FJ18X470J101PT,FJ,0603,X7R; ±5%; Pd/Ag; 7-inch Reeled,100V,47 pF,,,,,,,Published
MLCC,Anti-Arcing High Voltage,FJ18X470J101PG,FJ,0603,X7R; ±5%; Pd/Ag; 13-inch Reeled,100V,47 pF,,,,,,,Published
MLCC,Anti-Arcing High Voltage,FJ18X470J101ET,FJ,0603,X7R; ±5%; Ag/Ni/Sn; 7-inch Reeled,100V,47 pF,,,,,,,Published
MLCC,Anti-Arcing High Voltage,FJ18X470J101EG,FJ,0603,X7R; ±5%; Ag/Ni/Sn; 13-inch Reeled,100V,47 pF,,,,,,,Published
MLCC,Anti-Arcing High Voltage,FJ18X470J202PT,FJ,0603,X7R; ±5%; Pd/Ag; 7-inch Reeled,2000V,47 pF,,,,,,,Published
MLCC,Anti-Arcing High Voltage,FJ18X470J202PG,FJ,0603,X7R; ±5%; Pd/Ag; 13-inch Reeled,2000V,47 pF,,,,,,,Published
MLCC,Anti-Arcing High Voltage,FJ18X470J202ET,FJ,0603,X7R; ±5%; Ag/Ni/Sn; 7-inch Reeled,2000V,47 pF,,,,,,,Published
MLCC,Anti-Arcing High Voltage,FJ18X470J202EG,FJ,0603,X7R; ±5%; Ag/Ni/Sn; 13-inch Reeled,2000V,47 pF,,,,,,,Published
MLCC,Anti-Arcing High Voltage,FJ18X470K101PT,FJ,0603,X7R; ±10%; Pd/Ag; 7-inch Reeled,100V,47 pF,,,,,,,Published
MLCC,Anti-Arcing High Voltage,FJ18X470K101PG,FJ,0603,X7R; ±10%; Pd/Ag; 13-inch Reeled,100V,47 pF,,,,,,,Published
MLCC,Anti-Arcing High Voltage,FJ18X470K101ET,FJ,0603,X7R; ±10%; Ag/Ni/Sn; 7-inch Reeled,100V,47 pF,,,,,,,Published
MLCC,Anti-Arcing High Voltage,FJ18X470K101EG,FJ,0603,X7R; ±10%; Ag/Ni/Sn; 13-inch Reeled,100V,47 pF,,,,,,,Published
MLCC,Anti-Arcing High Voltage,FJ18X470K202PT,FJ,0603,X7R; ±10%; Pd/Ag; 7-inch Reeled,2000V,47 pF,,,,,,,Published
MLCC,Anti-Arcing High Voltage,FJ18X470K202PG,FJ,0603,X7R; ±10%; Pd/Ag; 13-inch Reeled,2000V,47 pF,,,,,,,Published
MLCC,Anti-Arcing High Voltage,FJ18X470K202ET,FJ,0603,X7R; ±10%; Ag/Ni/Sn; 7-inch Reeled,2000V,47 pF,,,,,,,Published
MLCC,Anti-Arcing High Voltage,FJ18X470K202EG,FJ,0603,X7R; ±10%; Ag/Ni/Sn; 13-inch Reeled,2000V,47 pF,,,,,,,Published
MLCC,Anti-Arcing High Voltage,FJ18X470M101PT,FJ,0603,X7R; ±20%; Pd/Ag; 7-inch Reeled,100V,47 pF,,,,,,,Published
MLCC,Anti-Arcing High Voltage,FJ18X470M101PG,FJ,0603,X7R; ±20%; Pd/Ag; 13-inch Reeled,100V,47 pF,,,,,,,Published
MLCC,Anti-Arcing High Voltage,FJ18X470M101ET,FJ,0603,X7R; ±20%; Ag/Ni/Sn; 7-inch Reeled,100V,47 pF,,,,,,,Published
MLCC,Anti-Arcing High Voltage,FJ18X470M101EG,FJ,0603,X7R; ±20%; Ag/Ni/Sn; 13-inch Reeled,100V,47 pF,,,,,,,Published
MLCC,Anti-Arcing High Voltage,FJ18X470M202PT,FJ,0603,X7R; ±20%; Pd/Ag; 7-inch Reeled,2000V,47 pF,,,,,,,Published
MLCC,Anti-Arcing High Voltage,FJ18X470M202PG,FJ,0603,X7R; ±20%; Pd/Ag; 13-inch Reeled,2000V,47 pF,,,,,,,Published
MLCC,Anti-Arcing High Voltage,FJ18X470M202ET,FJ,0603,X7R; ±20%; Ag/Ni/Sn; 7-inch Reeled,2000V,47 pF,,,,,,,Published
MLCC,Anti-Arcing High Voltage,FJ18X470M202EG,FJ,0603,X7R; ±20%; Ag/Ni/Sn; 13-inch Reeled,2000V,47 pF,,,,,,,Published
MLCC,Anti-Arcing High Voltage,FJ18X471J101PT,FJ,0603,X7R; ±5%; Pd/Ag; 7-inch Reeled,100V,470 pF,,,,,,,Published
MLCC,Anti-Arcing High Voltage,FJ18X471J101PG,FJ,0603,X7R; ±5%; Pd/Ag; 13-inch Reeled,100V,470 pF,,,,,,,Published
MLCC,Anti-Arcing High Voltage,FJ18X471J101ET,FJ,0603,X7R; ±5%; Ag/Ni/Sn; 7-inch Reeled,100V,470 pF,,,,,,,Published
MLCC,Anti-Arcing High Voltage,FJ18X471J101EG,FJ,0603,X7R; ±5%; Ag/Ni/Sn; 13-inch Reeled,100V,470 pF,,,,,,,Published
MLCC,Anti-Arcing High Voltage,FJ18X471J202PT,FJ,0603,X7R; ±5%; Pd/Ag; 7-inch Reeled,2000V,470 pF,,,,,,,Published
MLCC,Anti-Arcing High Voltage,FJ18X471J202PG,FJ,0603,X7R; ±5%; Pd/Ag; 13-inch Reeled,2000V,470 pF,,,,,,,Published
MLCC,Anti-Arcing High Voltage,FJ18X471J202ET,FJ,0603,X7R; ±5%; Ag/Ni/Sn; 7-inch Reeled,2000V,470 pF,,,,,,,Published
MLCC,Anti-Arcing High Voltage,FJ18X471J202EG,FJ,0603,X7R; ±5%; Ag/Ni/Sn; 13-inch Reeled,2000V,470 pF,,,,,,,Published
MLCC,Anti-Arcing High Voltage,FJ18X471K101PT,FJ,0603,X7R; ±10%; Pd/Ag; 7-inch Reeled,100V,470 pF,,,,,,,Published
MLCC,Anti-Arcing High Voltage,FJ18X471K101PG,FJ,0603,X7R; ±10%; Pd/Ag; 13-inch Reeled,100V,470 pF,,,,,,,Published
MLCC,Anti-Arcing High Voltage,FJ18X471K101ET,FJ,0603,X7R; ±10%; Ag/Ni/Sn; 7-inch Reeled,100V,470 pF,,,,,,,Published
MLCC,Anti-Arcing High Voltage,FJ18X471K101EG,FJ,0603,X7R; ±10%; Ag/Ni/Sn; 13-inch Reeled,100V,470 pF,,,,,,,Published
MLCC,Anti-Arcing High Voltage,FJ18X471K202PT,FJ,0603,X7R; ±10%; Pd/Ag; 7-inch Reeled,2000V,470 pF,,,,,,,Published
MLCC,Anti-Arcing High Voltage,FJ18X471K202PG,FJ,0603,X7R; ±10%; Pd/Ag; 13-inch Reeled,2000V,470 pF,,,,,,,Published
MLCC,Anti-Arcing High Voltage,FJ18X471K202ET,FJ,0603,X7R; ±10%; Ag/Ni/Sn; 7-inch Reeled,2000V,470 pF,,,,,,,Published
MLCC,Anti-Arcing High Voltage,FJ18X471K202EG,FJ,0603,X7R; ±10%; Ag/Ni/Sn; 13-inch Reeled,2000V,470 pF,,,,,,,Published
MLCC,Anti-Arcing High Voltage,FJ18X471M101PT,FJ,0603,X7R; ±20%; Pd/Ag; 7-inch Reeled,100V,470 pF,,,,,,,Published
MLCC,Anti-Arcing High Voltage,FJ18X471M101PG,FJ,0603,X7R; ±20%; Pd/Ag; 13-inch Reeled,100V,470 pF,,,,,,,Published
MLCC,Anti-Arcing High Voltage,FJ18X471M101ET,FJ,0603,X7R; ±20%; Ag/Ni/Sn; 7-inch Reeled,100V,470 pF,,,,,,,Published
MLCC,Anti-Arcing High Voltage,FJ18X471M101EG,FJ,0603,X7R; ±20%; Ag/Ni/Sn; 13-inch Reeled,100V,470 pF,,,,,,,Published
MLCC,Anti-Arcing High Voltage,FJ18X471M202PT,FJ,0603,X7R; ±20%; Pd/Ag; 7-inch Reeled,2000V,470 pF,,,,,,,Published
MLCC,Anti-Arcing High Voltage,FJ18X471M202PG,FJ,0603,X7R; ±20%; Pd/Ag; 13-inch Reeled,2000V,470 pF,,,,,,,Published
MLCC,Anti-Arcing High Voltage,FJ18X471M202ET,FJ,0603,X7R; ±20%; Ag/Ni/Sn; 7-inch Reeled,2000V,470 pF,,,,,,,Published
MLCC,Anti-Arcing High Voltage,FJ18X471M202EG,FJ,0603,X7R; ±20%; Ag/Ni/Sn; 13-inch Reeled,2000V,470 pF,,,,,,,Published
MLCC,Anti-Arcing High Voltage,FJ18X472J101PT,FJ,0603,X7R; ±5%; Pd/Ag; 7-inch Reeled,100V,4.7 nF,,,,,,,Published
MLCC,Anti-Arcing High Voltage,FJ18X472J101PG,FJ,0603,X7R; ±5%; Pd/Ag; 13-inch Reeled,100V,4.7 nF,,,,,,,Published
MLCC,Anti-Arcing High Voltage,FJ18X472J101ET,FJ,0603,X7R; ±5%; Ag/Ni/Sn; 7-inch Reeled,100V,4.7 nF,,,,,,,Published
MLCC,Anti-Arcing High Voltage,FJ18X472J101EG,FJ,0603,X7R; ±5%; Ag/Ni/Sn; 13-inch Reeled,100V,4.7 nF,,,,,,,Published
MLCC,Anti-Arcing High Voltage,FJ18X472J202PT,FJ,0603,X7R; ±5%; Pd/Ag; 7-inch Reeled,2000V,4.7 nF,,,,,,,Published
MLCC,Anti-Arcing High Voltage,FJ18X472J202PG,FJ,0603,X7R; ±5%; Pd/Ag; 13-inch Reeled,2000V,4.7 nF,,,,,,,Published
MLCC,Anti-Arcing High Voltage,FJ18X472J202ET,FJ,0603,X7R; ±5%; Ag/Ni/Sn; 7-inch Reeled,2000V,4.7 nF,,,,,,,Published
MLCC,Anti-Arcing High Voltage,FJ18X472J202EG,FJ,0603,X7R; ±5%; Ag/Ni/Sn; 13-inch Reeled,2000V,4.7 nF,,,,,,,Published
MLCC,Anti-Arcing High Voltage,FJ18X472K101PT,FJ,0603,X7R; ±10%; Pd/Ag; 7-inch Reeled,100V,4.7 nF,,,,,,,Published
MLCC,Anti-Arcing High Voltage,FJ18X472K101PG,FJ,0603,X7R; ±10%; Pd/Ag; 13-inch Reeled,100V,4.7 nF,,,,,,,Published
MLCC,Anti-Arcing High Voltage,FJ18X472K101ET,FJ,0603,X7R; ±10%; Ag/Ni/Sn; 7-inch Reeled,100V,4.7 nF,,,,,,,Published
MLCC,Anti-Arcing High Voltage,FJ18X472K101EG,FJ,0603,X7R; ±10%; Ag/Ni/Sn; 13-inch Reeled,100V,4.7 nF,,,,,,,Published
MLCC,Anti-Arcing High Voltage,FJ18X472K202PT,FJ,0603,X7R; ±10%; Pd/Ag; 7-inch Reeled,2000V,4.7 nF,,,,,,,Published
MLCC,Anti-Arcing High Voltage,FJ18X472K202PG,FJ,0603,X7R; ±10%; Pd/Ag; 13-inch Reeled,2000V,4.7 nF,,,,,,,Published
MLCC,Anti-Arcing High Voltage,FJ18X472K202ET,FJ,0603,X7R; ±10%; Ag/Ni/Sn; 7-inch Reeled,2000V,4.7 nF,,,,,,,Published
MLCC,Anti-Arcing High Voltage,FJ18X472K202EG,FJ,0603,X7R; ±10%; Ag/Ni/Sn; 13-inch Reeled,2000V,4.7 nF,,,,,,,Published
MLCC,Anti-Arcing High Voltage,FJ18X472M101PT,FJ,0603,X7R; ±20%; Pd/Ag; 7-inch Reeled,100V,4.7 nF,,,,,,,Published
MLCC,Anti-Arcing High Voltage,FJ18X472M101PG,FJ,0603,X7R; ±20%; Pd/Ag; 13-inch Reeled,100V,4.7 nF,,,,,,,Published
MLCC,Anti-Arcing High Voltage,FJ18X472M101ET,FJ,0603,X7R; ±20%; Ag/Ni/Sn; 7-inch Reeled,100V,4.7 nF,,,,,,,Published
MLCC,Anti-Arcing High Voltage,FJ18X472M101EG,FJ,0603,X7R; ±20%; Ag/Ni/Sn; 13-inch Reeled,100V,4.7 nF,,,,,,,Published
MLCC,Anti-Arcing High Voltage,FJ18X472M202PT,FJ,0603,X7R; ±20%; Pd/Ag; 7-inch Reeled,2000V,4.7 nF,,,,,,,Published
MLCC,Anti-Arcing High Voltage,FJ18X472M202PG,FJ,0603,X7R; ±20%; Pd/Ag; 13-inch Reeled,2000V,4.7 nF,,,,,,,Published
MLCC,Anti-Arcing High Voltage,FJ18X472M202ET,FJ,0603,X7R; ±20%; Ag/Ni/Sn; 7-inch Reeled,2000V,4.7 nF,,,,,,,Published
MLCC,Anti-Arcing High Voltage,FJ18X472M202EG,FJ,0603,X7R; ±20%; Ag/Ni/Sn; 13-inch Reeled,2000V,4.7 nF,,,,,,,Published
MLCC,Anti-Arcing High Voltage,FJ18X473J101PT,FJ,0603,X7R; ±5%; Pd/Ag; 7-inch Reeled,100V,47 nF,,,,,,,Published
MLCC,Anti-Arcing High Voltage,FJ18X473J101PG,FJ,0603,X7R; ±5%; Pd/Ag; 13-inch Reeled,100V,47 nF,,,,,,,Published
MLCC,Anti-Arcing High Voltage,FJ18X473J101ET,FJ,0603,X7R; ±5%; Ag/Ni/Sn; 7-inch Reeled,100V,47 nF,,,,,,,Published
MLCC,Anti-Arcing High Voltage,FJ18X473J101EG,FJ,0603,X7R; ±5%; Ag/Ni/Sn; 13-inch Reeled,100V,47 nF,,,,,,,Published
MLCC,Anti-Arcing High Voltage,FJ18X473J202PT,FJ,0603,X7R; ±5%; Pd/Ag; 7-inch Reeled,2000V,47 nF,,,,,,,Published
MLCC,Anti-Arcing High Voltage,FJ18X473J202PG,FJ,0603,X7R; ±5%; Pd/Ag; 13-inch Reeled,2000V,47 nF,,,,,,,Published
MLCC,Anti-Arcing High Voltage,FJ18X473J202ET,FJ,0603,X7R; ±5%; Ag/Ni/Sn; 7-inch Reeled,2000V,47 nF,,,,,,,Published
MLCC,Anti-Arcing High Voltage,FJ18X473J202EG,FJ,0603,X7R; ±5%; Ag/Ni/Sn; 13-inch Reeled,2000V,47 nF,,,,,,,Published
MLCC,Anti-Arcing High Voltage,FJ18X473K101PT,FJ,0603,X7R; ±10%; Pd/Ag; 7-inch Reeled,100V,47 nF,,,,,,,Published
MLCC,Anti-Arcing High Voltage,FJ18X473K101PG,FJ,0603,X7R; ±10%; Pd/Ag; 13-inch Reeled,100V,47 nF,,,,,,,Published
MLCC,Anti-Arcing High Voltage,FJ18X473K101ET,FJ,0603,X7R; ±10%; Ag/Ni/Sn; 7-inch Reeled,100V,47 nF,,,,,,,Published
MLCC,Anti-Arcing High Voltage,FJ18X473K101EG,FJ,0603,X7R; ±10%; Ag/Ni/Sn; 13-inch Reeled,100V,47 nF,,,,,,,Published
MLCC,Anti-Arcing High Voltage,FJ18X473K202PT,FJ,0603,X7R; ±10%; Pd/Ag; 7-inch Reeled,2000V,47 nF,,,,,,,Published
MLCC,Anti-Arcing High Voltage,FJ18X473K202PG,FJ,0603,X7R; ±10%; Pd/Ag; 13-inch Reeled,2000V,47 nF,,,,,,,Published
MLCC,Anti-Arcing High Voltage,FJ18X473K202ET,FJ,0603,X7R; ±10%; Ag/Ni/Sn; 7-inch Reeled,2000V,47 nF,,,,,,,Published
MLCC,Anti-Arcing High Voltage,FJ18X473K202EG,FJ,0603,X7R; ±10%; Ag/Ni/Sn; 13-inch Reeled,2000V,47 nF,,,,,,,Published
MLCC,Anti-Arcing High Voltage,FJ18X473M101PT,FJ,0603,X7R; ±20%; Pd/Ag; 7-inch Reeled,100V,47 nF,,,,,,,Published
MLCC,Anti-Arcing High Voltage,FJ18X473M101PG,FJ,0603,X7R; ±20%; Pd/Ag; 13-inch Reeled,100V,47 nF,,,,,,,Published
MLCC,Anti-Arcing High Voltage,FJ18X473M101ET,FJ,0603,X7R; ±20%; Ag/Ni/Sn; 7-inch Reeled,100V,47 nF,,,,,,,Published
MLCC,Anti-Arcing High Voltage,FJ18X473M101EG,FJ,0603,X7R; ±20%; Ag/Ni/Sn; 13-inch Reeled,100V,47 nF,,,,,,,Published
MLCC,Anti-Arcing High Voltage,FJ18X473M202PT,FJ,0603,X7R; ±20%; Pd/Ag; 7-inch Reeled,2000V,47 nF,,,,,,,Published
MLCC,Anti-Arcing High Voltage,FJ18X473M202PG,FJ,0603,X7R; ±20%; Pd/Ag; 13-inch Reeled,2000V,47 nF,,,,,,,Published
MLCC,Anti-Arcing High Voltage,FJ18X473M202ET,FJ,0603,X7R; ±20%; Ag/Ni/Sn; 7-inch Reeled,2000V,47 nF,,,,,,,Published
MLCC,Anti-Arcing High Voltage,FJ18X473M202EG,FJ,0603,X7R; ±20%; Ag/Ni/Sn; 13-inch Reeled,2000V,47 nF,,,,,,,Published
MLCC,Anti-Arcing High Voltage,FJ18X474J101PT,FJ,0603,X7R; ±5%; Pd/Ag; 7-inch Reeled,100V,470 nF,,,,,,,Published
MLCC,Anti-Arcing High Voltage,FJ18X474J101PG,FJ,0603,X7R; ±5%; Pd/Ag; 13-inch Reeled,100V,470 nF,,,,,,,Published
MLCC,Anti-Arcing High Voltage,FJ18X474J101ET,FJ,0603,X7R; ±5%; Ag/Ni/Sn; 7-inch Reeled,100V,470 nF,,,,,,,Published
MLCC,Anti-Arcing High Voltage,FJ18X474J101EG,FJ,0603,X7R; ±5%; Ag/Ni/Sn; 13-inch Reeled,100V,470 nF,,,,,,,Published
MLCC,Anti-Arcing High Voltage,FJ18X474J202PT,FJ,0603,X7R; ±5%; Pd/Ag; 7-inch Reeled,2000V,470 nF,,,,,,,Published
MLCC,Anti-Arcing High Voltage,FJ18X474J202PG,FJ,0603,X7R; ±5%; Pd/Ag; 13-inch Reeled,2000V,470 nF,,,,,,,Published
MLCC,Anti-Arcing High Voltage,FJ18X474J202ET,FJ,0603,X7R; ±5%; Ag/Ni/Sn; 7-inch Reeled,2000V,470 nF,,,,,,,Published
MLCC,Anti-Arcing High Voltage,FJ18X474J202EG,FJ,0603,X7R; ±5%; Ag/Ni/Sn; 13-inch Reeled,2000V,470 nF,,,,,,,Published
MLCC,Anti-Arcing High Voltage,FJ18X474K101PT,FJ,0603,X7R; ±10%; Pd/Ag; 7-inch Reeled,100V,470 nF,,,,,,,Published
MLCC,Anti-Arcing High Voltage,FJ18X474K101PG,FJ,0603,X7R; ±10%; Pd/Ag; 13-inch Reeled,100V,470 nF,,,,,,,Published
MLCC,Anti-Arcing High Voltage,FJ18X474K101ET,FJ,0603,X7R; ±10%; Ag/Ni/Sn; 7-inch Reeled,100V,470 nF,,,,,,,Published
MLCC,Anti-Arcing High Voltage,FJ18X474K101EG,FJ,0603,X7R; ±10%; Ag/Ni/Sn; 13-inch Reeled,100V,470 nF,,,,,,,Published
MLCC,Anti-Arcing High Voltage,FJ18X474K202PT,FJ,0603,X7R; ±10%; Pd/Ag; 7-inch Reeled,2000V,470 nF,,,,,,,Published
MLCC,Anti-Arcing High Voltage,FJ18X474K202PG,FJ,0603,X7R; ±10%; Pd/Ag; 13-inch Reeled,2000V,470 nF,,,,,,,Published
MLCC,Anti-Arcing High Voltage,FJ18X474K202ET,FJ,0603,X7R; ±10%; Ag/Ni/Sn; 7-inch Reeled,2000V,470 nF,,,,,,,Published
MLCC,Anti-Arcing High Voltage,FJ18X474K202EG,FJ,0603,X7R; ±10%; Ag/Ni/Sn; 13-inch Reeled,2000V,470 nF,,,,,,,Published
MLCC,Anti-Arcing High Voltage,FJ18X474M101PT,FJ,0603,X7R; ±20%; Pd/Ag; 7-inch Reeled,100V,470 nF,,,,,,,Published
MLCC,Anti-Arcing High Voltage,FJ18X474M101PG,FJ,0603,X7R; ±20%; Pd/Ag; 13-inch Reeled,100V,470 nF,,,,,,,Published
MLCC,Anti-Arcing High Voltage,FJ18X474M101ET,FJ,0603,X7R; ±20%; Ag/Ni/Sn; 7-inch Reeled,100V,470 nF,,,,,,,Published
MLCC,Anti-Arcing High Voltage,FJ18X474M101EG,FJ,0603,X7R; ±20%; Ag/Ni/Sn; 13-inch Reeled,100V,470 nF,,,,,,,Published
MLCC,Anti-Arcing High Voltage,FJ18X474M202PT,FJ,0603,X7R; ±20%; Pd/Ag; 7-inch Reeled,2000V,470 nF,,,,,,,Published
MLCC,Anti-Arcing High Voltage,FJ18X474M202PG,FJ,0603,X7R; ±20%; Pd/Ag; 13-inch Reeled,2000V,470 nF,,,,,,,Published
MLCC,Anti-Arcing High Voltage,FJ18X474M202ET,FJ,0603,X7R; ±20%; Ag/Ni/Sn; 7-inch Reeled,2000V,470 nF,,,,,,,Published
MLCC,Anti-Arcing High Voltage,FJ18X474M202EG,FJ,0603,X7R; ±20%; Ag/Ni/Sn; 13-inch Reeled,2000V,470 nF,,,,,,,Published
MLCC,Anti-Arcing High Voltage,FJ18X680J101PT,FJ,0603,X7R; ±5%; Pd/Ag; 7-inch Reeled,100V,68 pF,,,,,,,Published
MLCC,Anti-Arcing High Voltage,FJ18X680J101PG,FJ,0603,X7R; ±5%; Pd/Ag; 13-inch Reeled,100V,68 pF,,,,,,,Published
MLCC,Anti-Arcing High Voltage,FJ18X680J101ET,FJ,0603,X7R; ±5%; Ag/Ni/Sn; 7-inch Reeled,100V,68 pF,,,,,,,Published
MLCC,Anti-Arcing High Voltage,FJ18X680J101EG,FJ,0603,X7R; ±5%; Ag/Ni/Sn; 13-inch Reeled,100V,68 pF,,,,,,,Published
MLCC,Anti-Arcing High Voltage,FJ18X680J202PT,FJ,0603,X7R; ±5%; Pd/Ag; 7-inch Reeled,2000V,68 pF,,,,,,,Published
MLCC,Anti-Arcing High Voltage,FJ18X680J202PG,FJ,0603,X7R; ±5%; Pd/Ag; 13-inch Reeled,2000V,68 pF,,,,,,,Published
MLCC,Anti-Arcing High Voltage,FJ18X680J202ET,FJ,0603,X7R; ±5%; Ag/Ni/Sn; 7-inch Reeled,2000V,68 pF,,,,,,,Published
MLCC,Anti-Arcing High Voltage,FJ18X680J202EG,FJ,0603,X7R; ±5%; Ag/Ni/Sn; 13-inch Reeled,2000V,68 pF,,,,,,,Published
MLCC,Anti-Arcing High Voltage,FJ18X680K101PT,FJ,0603,X7R; ±10%; Pd/Ag; 7-inch Reeled,100V,68 pF,,,,,,,Published
MLCC,Anti-Arcing High Voltage,FJ18X680K101PG,FJ,0603,X7R; ±10%; Pd/Ag; 13-inch Reeled,100V,68 pF,,,,,,,Published
MLCC,Anti-Arcing High Voltage,FJ18X680K101ET,FJ,0603,X7R; ±10%; Ag/Ni/Sn; 7-inch Reeled,100V,68 pF,,,,,,,Published
MLCC,Anti-Arcing High Voltage,FJ18X680K101EG,FJ,0603,X7R; ±10%; Ag/Ni/Sn; 13-inch Reeled,100V,68 pF,,,,,,,Published
MLCC,Anti-Arcing High Voltage,FJ18X680K202PT,FJ,0603,X7R; ±10%; Pd/Ag; 7-inch Reeled,2000V,68 pF,,,,,,,Published
MLCC,Anti-Arcing High Voltage,FJ18X680K202PG,FJ,0603,X7R; ±10%; Pd/Ag; 13-inch Reeled,2000V,68 pF,,,,,,,Published
MLCC,Anti-Arcing High Voltage,FJ18X680K202ET,FJ,0603,X7R; ±10%; Ag/Ni/Sn; 7-inch Reeled,2000V,68 pF,,,,,,,Published
MLCC,Anti-Arcing High Voltage,FJ18X680K202EG,FJ,0603,X7R; ±10%; Ag/Ni/Sn; 13-inch Reeled,2000V,68 pF,,,,,,,Published
MLCC,Anti-Arcing High Voltage,FJ18X680M101PT,FJ,0603,X7R; ±20%; Pd/Ag; 7-inch Reeled,100V,68 pF,,,,,,,Published
MLCC,Anti-Arcing High Voltage,FJ18X680M101PG,FJ,0603,X7R; ±20%; Pd/Ag; 13-inch Reeled,100V,68 pF,,,,,,,Published
MLCC,Anti-Arcing High Voltage,FJ18X680M101ET,FJ,0603,X7R; ±20%; Ag/Ni/Sn; 7-inch Reeled,100V,68 pF,,,,,,,Published
MLCC,Anti-Arcing High Voltage,FJ18X680M101EG,FJ,0603,X7R; ±20%; Ag/Ni/Sn; 13-inch Reeled,100V,68 pF,,,,,,,Published
MLCC,Anti-Arcing High Voltage,FJ18X680M202PT,FJ,0603,X7R; ±20%; Pd/Ag; 7-inch Reeled,2000V,68 pF,,,,,,,Published
MLCC,Anti-Arcing High Voltage,FJ18X680M202PG,FJ,0603,X7R; ±20%; Pd/Ag; 13-inch Reeled,2000V,68 pF,,,,,,,Published
MLCC,Anti-Arcing High Voltage,FJ18X680M202ET,FJ,0603,X7R; ±20%; Ag/Ni/Sn; 7-inch Reeled,2000V,68 pF,,,,,,,Published
MLCC,Anti-Arcing High Voltage,FJ18X680M202EG,FJ,0603,X7R; ±20%; Ag/Ni/Sn; 13-inch Reeled,2000V,68 pF,,,,,,,Published
MLCC,Anti-Arcing High Voltage,FJ18X681J101PT,FJ,0603,X7R; ±5%; Pd/Ag; 7-inch Reeled,100V,680 pF,,,,,,,Published
MLCC,Anti-Arcing High Voltage,FJ18X681J101PG,FJ,0603,X7R; ±5%; Pd/Ag; 13-inch Reeled,100V,680 pF,,,,,,,Published
MLCC,Anti-Arcing High Voltage,FJ18X681J101ET,FJ,0603,X7R; ±5%; Ag/Ni/Sn; 7-inch Reeled,100V,680 pF,,,,,,,Published
MLCC,Anti-Arcing High Voltage,FJ18X681J101EG,FJ,0603,X7R; ±5%; Ag/Ni/Sn; 13-inch Reeled,100V,680 pF,,,,,,,Published
MLCC,Anti-Arcing High Voltage,FJ18X681J202PT,FJ,0603,X7R; ±5%; Pd/Ag; 7-inch Reeled,2000V,680 pF,,,,,,,Published
MLCC,Anti-Arcing High Voltage,FJ18X681J202PG,FJ,0603,X7R; ±5%; Pd/Ag; 13-inch Reeled,2000V,680 pF,,,,,,,Published
MLCC,Anti-Arcing High Voltage,FJ18X681J202ET,FJ,0603,X7R; ±5%; Ag/Ni/Sn; 7-inch Reeled,2000V,680 pF,,,,,,,Published
MLCC,Anti-Arcing High Voltage,FJ18X681J202EG,FJ,0603,X7R; ±5%; Ag/Ni/Sn; 13-inch Reeled,2000V,680 pF,,,,,,,Published
MLCC,Anti-Arcing High Voltage,FJ18X681K101PT,FJ,0603,X7R; ±10%; Pd/Ag; 7-inch Reeled,100V,680 pF,,,,,,,Published
MLCC,Anti-Arcing High Voltage,FJ18X681K101PG,FJ,0603,X7R; ±10%; Pd/Ag; 13-inch Reeled,100V,680 pF,,,,,,,Published
MLCC,Anti-Arcing High Voltage,FJ18X681K101ET,FJ,0603,X7R; ±10%; Ag/Ni/Sn; 7-inch Reeled,100V,680 pF,,,,,,,Published
MLCC,Anti-Arcing High Voltage,FJ18X681K101EG,FJ,0603,X7R; ±10%; Ag/Ni/Sn; 13-inch Reeled,100V,680 pF,,,,,,,Published
MLCC,Anti-Arcing High Voltage,FJ18X681K202PT,FJ,0603,X7R; ±10%; Pd/Ag; 7-inch Reeled,2000V,680 pF,,,,,,,Published
MLCC,Anti-Arcing High Voltage,FJ18X681K202PG,FJ,0603,X7R; ±10%; Pd/Ag; 13-inch Reeled,2000V,680 pF,,,,,,,Published
MLCC,Anti-Arcing High Voltage,FJ18X681K202ET,FJ,0603,X7R; ±10%; Ag/Ni/Sn; 7-inch Reeled,2000V,680 pF,,,,,,,Published
MLCC,Anti-Arcing High Voltage,FJ18X681K202EG,FJ,0603,X7R; ±10%; Ag/Ni/Sn; 13-inch Reeled,2000V,680 pF,,,,,,,Published
MLCC,Anti-Arcing High Voltage,FJ18X681M101PT,FJ,0603,X7R; ±20%; Pd/Ag; 7-inch Reeled,100V,680 pF,,,,,,,Published
MLCC,Anti-Arcing High Voltage,FJ18X681M101PG,FJ,0603,X7R; ±20%; Pd/Ag; 13-inch Reeled,100V,680 pF,,,,,,,Published
MLCC,Anti-Arcing High Voltage,FJ18X681M101ET,FJ,0603,X7R; ±20%; Ag/Ni/Sn; 7-inch Reeled,100V,680 pF,,,,,,,Published
MLCC,Anti-Arcing High Voltage,FJ18X681M101EG,FJ,0603,X7R; ±20%; Ag/Ni/Sn; 13-inch Reeled,100V,680 pF,,,,,,,Published
MLCC,Anti-Arcing High Voltage,FJ18X681M202PT,FJ,0603,X7R; ±20%; Pd/Ag; 7-inch Reeled,2000V,680 pF,,,,,,,Published
MLCC,Anti-Arcing High Voltage,FJ18X681M202PG,FJ,0603,X7R; ±20%; Pd/Ag; 13-inch Reeled,2000V,680 pF,,,,,,,Published
MLCC,Anti-Arcing High Voltage,FJ18X681M202ET,FJ,0603,X7R; ±20%; Ag/Ni/Sn; 7-inch Reeled,2000V,680 pF,,,,,,,Published
MLCC,Anti-Arcing High Voltage,FJ18X681M202EG,FJ,0603,X7R; ±20%; Ag/Ni/Sn; 13-inch Reeled,2000V,680 pF,,,,,,,Published
MLCC,Anti-Arcing High Voltage,FJ18X682J101PT,FJ,0603,X7R; ±5%; Pd/Ag; 7-inch Reeled,100V,6.8 nF,,,,,,,Published
MLCC,Anti-Arcing High Voltage,FJ18X682J101PG,FJ,0603,X7R; ±5%; Pd/Ag; 13-inch Reeled,100V,6.8 nF,,,,,,,Published
MLCC,Anti-Arcing High Voltage,FJ18X682J101ET,FJ,0603,X7R; ±5%; Ag/Ni/Sn; 7-inch Reeled,100V,6.8 nF,,,,,,,Published
MLCC,Anti-Arcing High Voltage,FJ18X682J101EG,FJ,0603,X7R; ±5%; Ag/Ni/Sn; 13-inch Reeled,100V,6.8 nF,,,,,,,Published
MLCC,Anti-Arcing High Voltage,FJ18X682J202PT,FJ,0603,X7R; ±5%; Pd/Ag; 7-inch Reeled,2000V,6.8 nF,,,,,,,Published
MLCC,Anti-Arcing High Voltage,FJ18X682J202PG,FJ,0603,X7R; ±5%; Pd/Ag; 13-inch Reeled,2000V,6.8 nF,,,,,,,Published
MLCC,Anti-Arcing High Voltage,FJ18X682J202ET,FJ,0603,X7R; ±5%; Ag/Ni/Sn; 7-inch Reeled,2000V,6.8 nF,,,,,,,Published
MLCC,Anti-Arcing High Voltage,FJ18X682J202EG,FJ,0603,X7R; ±5%; Ag/Ni/Sn; 13-inch Reeled,2000V,6.8 nF,,,,,,,Published
MLCC,Anti-Arcing High Voltage,FJ18X682K101PT,FJ,0603,X7R; ±10%; Pd/Ag; 7-inch Reeled,100V,6.8 nF,,,,,,,Published
MLCC,Anti-Arcing High Voltage,FJ18X682K101PG,FJ,0603,X7R; ±10%; Pd/Ag; 13-inch Reeled,100V,6.8 nF,,,,,,,Published
MLCC,Anti-Arcing High Voltage,FJ18X682K101ET,FJ,0603,X7R; ±10%; Ag/Ni/Sn; 7-inch Reeled,100V,6.8 nF,,,,,,,Published
MLCC,Anti-Arcing High Voltage,FJ18X682K101EG,FJ,0603,X7R; ±10%; Ag/Ni/Sn; 13-inch Reeled,100V,6.8 nF,,,,,,,Published
MLCC,Anti-Arcing High Voltage,FJ18X682K202PT,FJ,0603,X7R; ±10%; Pd/Ag; 7-inch Reeled,2000V,6.8 nF,,,,,,,Published
MLCC,Anti-Arcing High Voltage,FJ18X682K202PG,FJ,0603,X7R; ±10%; Pd/Ag; 13-inch Reeled,2000V,6.8 nF,,,,,,,Published
MLCC,Anti-Arcing High Voltage,FJ18X682K202ET,FJ,0603,X7R; ±10%; Ag/Ni/Sn; 7-inch Reeled,2000V,6.8 nF,,,,,,,Published
MLCC,Anti-Arcing High Voltage,FJ18X682K202EG,FJ,0603,X7R; ±10%; Ag/Ni/Sn; 13-inch Reeled,2000V,6.8 nF,,,,,,,Published
MLCC,Anti-Arcing High Voltage,FJ18X682M101PT,FJ,0603,X7R; ±20%; Pd/Ag; 7-inch Reeled,100V,6.8 nF,,,,,,,Published
MLCC,Anti-Arcing High Voltage,FJ18X682M101PG,FJ,0603,X7R; ±20%; Pd/Ag; 13-inch Reeled,100V,6.8 nF,,,,,,,Published
MLCC,Anti-Arcing High Voltage,FJ18X682M101ET,FJ,0603,X7R; ±20%; Ag/Ni/Sn; 7-inch Reeled,100V,6.8 nF,,,,,,,Published
MLCC,Anti-Arcing High Voltage,FJ18X682M101EG,FJ,0603,X7R; ±20%; Ag/Ni/Sn; 13-inch Reeled,100V,6.8 nF,,,,,,,Published
MLCC,Anti-Arcing High Voltage,FJ18X682M202PT,FJ,0603,X7R; ±20%; Pd/Ag; 7-inch Reeled,2000V,6.8 nF,,,,,,,Published
MLCC,Anti-Arcing High Voltage,FJ18X682M202PG,FJ,0603,X7R; ±20%; Pd/Ag; 13-inch Reeled,2000V,6.8 nF,,,,,,,Published
MLCC,Anti-Arcing High Voltage,FJ18X682M202ET,FJ,0603,X7R; ±20%; Ag/Ni/Sn; 7-inch Reeled,2000V,6.8 nF,,,,,,,Published
MLCC,Anti-Arcing High Voltage,FJ18X682M202EG,FJ,0603,X7R; ±20%; Ag/Ni/Sn; 13-inch Reeled,2000V,6.8 nF,,,,,,,Published
MLCC,Anti-Arcing High Voltage,FJ18X683J101PT,FJ,0603,X7R; ±5%; Pd/Ag; 7-inch Reeled,100V,68 nF,,,,,,,Published
MLCC,Anti-Arcing High Voltage,FJ18X683J101PG,FJ,0603,X7R; ±5%; Pd/Ag; 13-inch Reeled,100V,68 nF,,,,,,,Published
MLCC,Anti-Arcing High Voltage,FJ18X683J101ET,FJ,0603,X7R; ±5%; Ag/Ni/Sn; 7-inch Reeled,100V,68 nF,,,,,,,Published
MLCC,Anti-Arcing High Voltage,FJ18X683J101EG,FJ,0603,X7R; ±5%; Ag/Ni/Sn; 13-inch Reeled,100V,68 nF,,,,,,,Published
MLCC,Anti-Arcing High Voltage,FJ18X683J202PT,FJ,0603,X7R; ±5%; Pd/Ag; 7-inch Reeled,2000V,68 nF,,,,,,,Published
MLCC,Anti-Arcing High Voltage,FJ18X683J202PG,FJ,0603,X7R; ±5%; Pd/Ag; 13-inch Reeled,2000V,68 nF,,,,,,,Published
MLCC,Anti-Arcing High Voltage,FJ18X683J202ET,FJ,0603,X7R; ±5%; Ag/Ni/Sn; 7-inch Reeled,2000V,68 nF,,,,,,,Published
MLCC,Anti-Arcing High Voltage,FJ18X683J202EG,FJ,0603,X7R; ±5%; Ag/Ni/Sn; 13-inch Reeled,2000V,68 nF,,,,,,,Published
MLCC,Anti-Arcing High Voltage,FJ18X683K101PT,FJ,0603,X7R; ±10%; Pd/Ag; 7-inch Reeled,100V,68 nF,,,,,,,Published
MLCC,Anti-Arcing High Voltage,FJ18X683K101PG,FJ,0603,X7R; ±10%; Pd/Ag; 13-inch Reeled,100V,68 nF,,,,,,,Published
MLCC,Anti-Arcing High Voltage,FJ18X683K101ET,FJ,0603,X7R; ±10%; Ag/Ni/Sn; 7-inch Reeled,100V,68 nF,,,,,,,Published
MLCC,Anti-Arcing High Voltage,FJ18X683K101EG,FJ,0603,X7R; ±10%; Ag/Ni/Sn; 13-inch Reeled,100V,68 nF,,,,,,,Published
MLCC,Anti-Arcing High Voltage,FJ18X683K202PT,FJ,0603,X7R; ±10%; Pd/Ag; 7-inch Reeled,2000V,68 nF,,,,,,,Published
MLCC,Anti-Arcing High Voltage,FJ18X683K202PG,FJ,0603,X7R; ±10%; Pd/Ag; 13-inch Reeled,2000V,68 nF,,,,,,,Published
MLCC,Anti-Arcing High Voltage,FJ18X683K202ET,FJ,0603,X7R; ±10%; Ag/Ni/Sn; 7-inch Reeled,2000V,68 nF,,,,,,,Published
MLCC,Anti-Arcing High Voltage,FJ18X683K202EG,FJ,0603,X7R; ±10%; Ag/Ni/Sn; 13-inch Reeled,2000V,68 nF,,,,,,,Published
MLCC,Anti-Arcing High Voltage,FJ18X683M101PT,FJ,0603,X7R; ±20%; Pd/Ag; 7-inch Reeled,100V,68 nF,,,,,,,Published
MLCC,Anti-Arcing High Voltage,FJ18X683M101PG,FJ,0603,X7R; ±20%; Pd/Ag; 13-inch Reeled,100V,68 nF,,,,,,,Published
MLCC,Anti-Arcing High Voltage,FJ18X683M101ET,FJ,0603,X7R; ±20%; Ag/Ni/Sn; 7-inch Reeled,100V,68 nF,,,,,,,Published
MLCC,Anti-Arcing High Voltage,FJ18X683M101EG,FJ,0603,X7R; ±20%; Ag/Ni/Sn; 13-inch Reeled,100V,68 nF,,,,,,,Published
MLCC,Anti-Arcing High Voltage,FJ18X683M202PT,FJ,0603,X7R; ±20%; Pd/Ag; 7-inch Reeled,2000V,68 nF,,,,,,,Published
MLCC,Anti-Arcing High Voltage,FJ18X683M202PG,FJ,0603,X7R; ±20%; Pd/Ag; 13-inch Reeled,2000V,68 nF,,,,,,,Published
MLCC,Anti-Arcing High Voltage,FJ18X683M202ET,FJ,0603,X7R; ±20%; Ag/Ni/Sn; 7-inch Reeled,2000V,68 nF,,,,,,,Published
MLCC,Anti-Arcing High Voltage,FJ18X683M202EG,FJ,0603,X7R; ±20%; Ag/Ni/Sn; 13-inch Reeled,2000V,68 nF,,,,,,,Published
MLCC,Anti-Arcing High Voltage,FJ18X684J101PT,FJ,0603,X7R; ±5%; Pd/Ag; 7-inch Reeled,100V,680 nF,,,,,,,Published
MLCC,Anti-Arcing High Voltage,FJ18X684J101PG,FJ,0603,X7R; ±5%; Pd/Ag; 13-inch Reeled,100V,680 nF,,,,,,,Published
MLCC,Anti-Arcing High Voltage,FJ18X684J101ET,FJ,0603,X7R; ±5%; Ag/Ni/Sn; 7-inch Reeled,100V,680 nF,,,,,,,Published
MLCC,Anti-Arcing High Voltage,FJ18X684J101EG,FJ,0603,X7R; ±5%; Ag/Ni/Sn; 13-inch Reeled,100V,680 nF,,,,,,,Published
MLCC,Anti-Arcing High Voltage,FJ18X684J202PT,FJ,0603,X7R; ±5%; Pd/Ag; 7-inch Reeled,2000V,680 nF,,,,,,,Published
MLCC,Anti-Arcing High Voltage,FJ18X684J202PG,FJ,0603,X7R; ±5%; Pd/Ag; 13-inch Reeled,2000V,680 nF,,,,,,,Published
MLCC,Anti-Arcing High Voltage,FJ18X684J202ET,FJ,0603,X7R; ±5%; Ag/Ni/Sn; 7-inch Reeled,2000V,680 nF,,,,,,,Published
MLCC,Anti-Arcing High Voltage,FJ18X684J202EG,FJ,0603,X7R; ±5%; Ag/Ni/Sn; 13-inch Reeled,2000V,680 nF,,,,,,,Published
MLCC,Anti-Arcing High Voltage,FJ18X684K101PT,FJ,0603,X7R; ±10%; Pd/Ag; 7-inch Reeled,100V,680 nF,,,,,,,Published
MLCC,Anti-Arcing High Voltage,FJ18X684K101PG,FJ,0603,X7R; ±10%; Pd/Ag; 13-inch Reeled,100V,680 nF,,,,,,,Published
MLCC,Anti-Arcing High Voltage,FJ18X684K101ET,FJ,0603,X7R; ±10%; Ag/Ni/Sn; 7-inch Reeled,100V,680 nF,,,,,,,Published
MLCC,Anti-Arcing High Voltage,FJ18X684K101EG,FJ,0603,X7R; ±10%; Ag/Ni/Sn; 13-inch Reeled,100V,680 nF,,,,,,,Published
MLCC,Anti-Arcing High Voltage,FJ18X684K202PT,FJ,0603,X7R; ±10%; Pd/Ag; 7-inch Reeled,2000V,680 nF,,,,,,,Published
MLCC,Anti-Arcing High Voltage,FJ18X684K202PG,FJ,0603,X7R; ±10%; Pd/Ag; 13-inch Reeled,2000V,680 nF,,,,,,,Published
MLCC,Anti-Arcing High Voltage,FJ18X684K202ET,FJ,0603,X7R; ±10%; Ag/Ni/Sn; 7-inch Reeled,2000V,680 nF,,,,,,,Published
MLCC,Anti-Arcing High Voltage,FJ18X684K202EG,FJ,0603,X7R; ±10%; Ag/Ni/Sn; 13-inch Reeled,2000V,680 nF,,,,,,,Published
MLCC,Anti-Arcing High Voltage,FJ18X684M101PT,FJ,0603,X7R; ±20%; Pd/Ag; 7-inch Reeled,100V,680 nF,,,,,,,Published
MLCC,Anti-Arcing High Voltage,FJ18X684M101PG,FJ,0603,X7R; ±20%; Pd/Ag; 13-inch Reeled,100V,680 nF,,,,,,,Published
MLCC,Anti-Arcing High Voltage,FJ18X684M101ET,FJ,0603,X7R; ±20%; Ag/Ni/Sn; 7-inch Reeled,100V,680 nF,,,,,,,Published
MLCC,Anti-Arcing High Voltage,FJ18X684M101EG,FJ,0603,X7R; ±20%; Ag/Ni/Sn; 13-inch Reeled,100V,680 nF,,,,,,,Published
MLCC,Anti-Arcing High Voltage,FJ18X684M202PT,FJ,0603,X7R; ±20%; Pd/Ag; 7-inch Reeled,2000V,680 nF,,,,,,,Published
MLCC,Anti-Arcing High Voltage,FJ18X684M202PG,FJ,0603,X7R; ±20%; Pd/Ag; 13-inch Reeled,2000V,680 nF,,,,,,,Published
MLCC,Anti-Arcing High Voltage,FJ18X684M202ET,FJ,0603,X7R; ±20%; Ag/Ni/Sn; 7-inch Reeled,2000V,680 nF,,,,,,,Published
MLCC,Anti-Arcing High Voltage,FJ18X684M202EG,FJ,0603,X7R; ±20%; Ag/Ni/Sn; 13-inch Reeled,2000V,680 nF,,,,,,,Published
MLCC,Anti-Arcing High Voltage,FJ21N100J101PT,FJ,0805,NP0 (C0G); ±5%; Pd/Ag; 7-inch Reeled,100V,10 pF,,,,,,,Published
MLCC,Anti-Arcing High Voltage,FJ21N100J101PG,FJ,0805,NP0 (C0G); ±5%; Pd/Ag; 13-inch Reeled,100V,10 pF,,,,,,,Published
MLCC,Anti-Arcing High Voltage,FJ21N100J101ET,FJ,0805,NP0 (C0G); ±5%; Ag/Ni/Sn; 7-inch Reeled,100V,10 pF,,,,,,,Published
MLCC,Anti-Arcing High Voltage,FJ21N100J101EG,FJ,0805,NP0 (C0G); ±5%; Ag/Ni/Sn; 13-inch Reeled,100V,10 pF,,,,,,,Published
MLCC,Anti-Arcing High Voltage,FJ21N100J202PT,FJ,0805,NP0 (C0G); ±5%; Pd/Ag; 7-inch Reeled,2000V,10 pF,,,,,,,Published
MLCC,Anti-Arcing High Voltage,FJ21N100J202PG,FJ,0805,NP0 (C0G); ±5%; Pd/Ag; 13-inch Reeled,2000V,10 pF,,,,,,,Published
MLCC,Anti-Arcing High Voltage,FJ21N100J202ET,FJ,0805,NP0 (C0G); ±5%; Ag/Ni/Sn; 7-inch Reeled,2000V,10 pF,,,,,,,Published
MLCC,Anti-Arcing High Voltage,FJ21N100J202EG,FJ,0805,NP0 (C0G); ±5%; Ag/Ni/Sn; 13-inch Reeled,2000V,10 pF,,,,,,,Published
MLCC,Anti-Arcing High Voltage,FJ21N100K101PT,FJ,0805,NP0 (C0G); ±10%; Pd/Ag; 7-inch Reeled,100V,10 pF,,,,,,,Published
MLCC,Anti-Arcing High Voltage,FJ21N100K101PG,FJ,0805,NP0 (C0G); ±10%; Pd/Ag; 13-inch Reeled,100V,10 pF,,,,,,,Published
MLCC,Anti-Arcing High Voltage,FJ21N100K101ET,FJ,0805,NP0 (C0G); ±10%; Ag/Ni/Sn; 7-inch Reeled,100V,10 pF,,,,,,,Published
MLCC,Anti-Arcing High Voltage,FJ21N100K101EG,FJ,0805,NP0 (C0G); ±10%; Ag/Ni/Sn; 13-inch Reeled,100V,10 pF,,,,,,,Published
MLCC,Anti-Arcing High Voltage,FJ21N100K202PT,FJ,0805,NP0 (C0G); ±10%; Pd/Ag; 7-inch Reeled,2000V,10 pF,,,,,,,Published
MLCC,Anti-Arcing High Voltage,FJ21N100K202PG,FJ,0805,NP0 (C0G); ±10%; Pd/Ag; 13-inch Reeled,2000V,10 pF,,,,,,,Published
MLCC,Anti-Arcing High Voltage,FJ21N100K202ET,FJ,0805,NP0 (C0G); ±10%; Ag/Ni/Sn; 7-inch Reeled,2000V,10 pF,,,,,,,Published
MLCC,Anti-Arcing High Voltage,FJ21N100K202EG,FJ,0805,NP0 (C0G); ±10%; Ag/Ni/Sn; 13-inch Reeled,2000V,10 pF,,,,,,,Published
MLCC,Anti-Arcing High Voltage,FJ21N101J101PT,FJ,0805,NP0 (C0G); ±5%; Pd/Ag; 7-inch Reeled,100V,100 pF,,,,,,,Published
MLCC,Anti-Arcing High Voltage,FJ21N101J101PG,FJ,0805,NP0 (C0G); ±5%; Pd/Ag; 13-inch Reeled,100V,100 pF,,,,,,,Published
MLCC,Anti-Arcing High Voltage,FJ21N101J101ET,FJ,0805,NP0 (C0G); ±5%; Ag/Ni/Sn; 7-inch Reeled,100V,100 pF,,,,,,,Published
MLCC,Anti-Arcing High Voltage,FJ21N101J101EG,FJ,0805,NP0 (C0G); ±5%; Ag/Ni/Sn; 13-inch Reeled,100V,100 pF,,,,,,,Published
MLCC,Anti-Arcing High Voltage,FJ21N101J202PT,FJ,0805,NP0 (C0G); ±5%; Pd/Ag; 7-inch Reeled,2000V,100 pF,,,,,,,Published
MLCC,Anti-Arcing High Voltage,FJ21N101J202PG,FJ,0805,NP0 (C0G); ±5%; Pd/Ag; 13-inch Reeled,2000V,100 pF,,,,,,,Published
MLCC,Anti-Arcing High Voltage,FJ21N101J202ET,FJ,0805,NP0 (C0G); ±5%; Ag/Ni/Sn; 7-inch Reeled,2000V,100 pF,,,,,,,Published
MLCC,Anti-Arcing High Voltage,FJ21N101J202EG,FJ,0805,NP0 (C0G); ±5%; Ag/Ni/Sn; 13-inch Reeled,2000V,100 pF,,,,,,,Published
MLCC,Anti-Arcing High Voltage,FJ21N101K101PT,FJ,0805,NP0 (C0G); ±10%; Pd/Ag; 7-inch Reeled,100V,100 pF,,,,,,,Published
MLCC,Anti-Arcing High Voltage,FJ21N101K101PG,FJ,0805,NP0 (C0G); ±10%; Pd/Ag; 13-inch Reeled,100V,100 pF,,,,,,,Published
MLCC,Anti-Arcing High Voltage,FJ21N101K101ET,FJ,0805,NP0 (C0G); ±10%; Ag/Ni/Sn; 7-inch Reeled,100V,100 pF,,,,,,,Published
MLCC,Anti-Arcing High Voltage,FJ21N101K101EG,FJ,0805,NP0 (C0G); ±10%; Ag/Ni/Sn; 13-inch Reeled,100V,100 pF,,,,,,,Published
MLCC,Anti-Arcing High Voltage,FJ21N101K202PT,FJ,0805,NP0 (C0G); ±10%; Pd/Ag; 7-inch Reeled,2000V,100 pF,,,,,,,Published
MLCC,Anti-Arcing High Voltage,FJ21N101K202PG,FJ,0805,NP0 (C0G); ±10%; Pd/Ag; 13-inch Reeled,2000V,100 pF,,,,,,,Published
MLCC,Anti-Arcing High Voltage,FJ21N101K202ET,FJ,0805,NP0 (C0G); ±10%; Ag/Ni/Sn; 7-inch Reeled,2000V,100 pF,,,,,,,Published
MLCC,Anti-Arcing High Voltage,FJ21N101K202EG,FJ,0805,NP0 (C0G); ±10%; Ag/Ni/Sn; 13-inch Reeled,2000V,100 pF,,,,,,,Published
MLCC,Anti-Arcing High Voltage,FJ21N102J101PT,FJ,0805,NP0 (C0G); ±5%; Pd/Ag; 7-inch Reeled,100V,1 nF,,,,,,,Published
MLCC,Anti-Arcing High Voltage,FJ21N102J101PG,FJ,0805,NP0 (C0G); ±5%; Pd/Ag; 13-inch Reeled,100V,1 nF,,,,,,,Published
MLCC,Anti-Arcing High Voltage,FJ21N102J101ET,FJ,0805,NP0 (C0G); ±5%; Ag/Ni/Sn; 7-inch Reeled,100V,1 nF,,,,,,,Published
MLCC,Anti-Arcing High Voltage,FJ21N102J101EG,FJ,0805,NP0 (C0G); ±5%; Ag/Ni/Sn; 13-inch Reeled,100V,1 nF,,,,,,,Published
MLCC,Anti-Arcing High Voltage,FJ21N102J202PT,FJ,0805,NP0 (C0G); ±5%; Pd/Ag; 7-inch Reeled,2000V,1 nF,,,,,,,Published
MLCC,Anti-Arcing High Voltage,FJ21N102J202PG,FJ,0805,NP0 (C0G); ±5%; Pd/Ag; 13-inch Reeled,2000V,1 nF,,,,,,,Published
MLCC,Anti-Arcing High Voltage,FJ21N102J202ET,FJ,0805,NP0 (C0G); ±5%; Ag/Ni/Sn; 7-inch Reeled,2000V,1 nF,,,,,,,Published
MLCC,Anti-Arcing High Voltage,FJ21N102J202EG,FJ,0805,NP0 (C0G); ±5%; Ag/Ni/Sn; 13-inch Reeled,2000V,1 nF,,,,,,,Published
MLCC,Anti-Arcing High Voltage,FJ21N102K101PT,FJ,0805,NP0 (C0G); ±10%; Pd/Ag; 7-inch Reeled,100V,1 nF,,,,,,,Published
MLCC,Anti-Arcing High Voltage,FJ21N102K101PG,FJ,0805,NP0 (C0G); ±10%; Pd/Ag; 13-inch Reeled,100V,1 nF,,,,,,,Published
MLCC,Anti-Arcing High Voltage,FJ21N102K101ET,FJ,0805,NP0 (C0G); ±10%; Ag/Ni/Sn; 7-inch Reeled,100V,1 nF,,,,,,,Published
MLCC,Anti-Arcing High Voltage,FJ21N102K101EG,FJ,0805,NP0 (C0G); ±10%; Ag/Ni/Sn; 13-inch Reeled,100V,1 nF,,,,,,,Published
MLCC,Anti-Arcing High Voltage,FJ21N102K202PT,FJ,0805,NP0 (C0G); ±10%; Pd/Ag; 7-inch Reeled,2000V,1 nF,,,,,,,Published
MLCC,Anti-Arcing High Voltage,FJ21N102K202PG,FJ,0805,NP0 (C0G); ±10%; Pd/Ag; 13-inch Reeled,2000V,1 nF,,,,,,,Published
MLCC,Anti-Arcing High Voltage,FJ21N102K202ET,FJ,0805,NP0 (C0G); ±10%; Ag/Ni/Sn; 7-inch Reeled,2000V,1 nF,,,,,,,Published
MLCC,Anti-Arcing High Voltage,FJ21N102K202EG,FJ,0805,NP0 (C0G); ±10%; Ag/Ni/Sn; 13-inch Reeled,2000V,1 nF,,,,,,,Published
MLCC,Anti-Arcing High Voltage,FJ21N103J101PT,FJ,0805,NP0 (C0G); ±5%; Pd/Ag; 7-inch Reeled,100V,10 nF,,,,,,,Published
MLCC,Anti-Arcing High Voltage,FJ21N103J101PG,FJ,0805,NP0 (C0G); ±5%; Pd/Ag; 13-inch Reeled,100V,10 nF,,,,,,,Published
MLCC,Anti-Arcing High Voltage,FJ21N103J101ET,FJ,0805,NP0 (C0G); ±5%; Ag/Ni/Sn; 7-inch Reeled,100V,10 nF,,,,,,,Published
MLCC,Anti-Arcing High Voltage,FJ21N103J101EG,FJ,0805,NP0 (C0G); ±5%; Ag/Ni/Sn; 13-inch Reeled,100V,10 nF,,,,,,,Published
MLCC,Anti-Arcing High Voltage,FJ21N103J202PT,FJ,0805,NP0 (C0G); ±5%; Pd/Ag; 7-inch Reeled,2000V,10 nF,,,,,,,Published
MLCC,Anti-Arcing High Voltage,FJ21N103J202PG,FJ,0805,NP0 (C0G); ±5%; Pd/Ag; 13-inch Reeled,2000V,10 nF,,,,,,,Published
MLCC,Anti-Arcing High Voltage,FJ21N103J202ET,FJ,0805,NP0 (C0G); ±5%; Ag/Ni/Sn; 7-inch Reeled,2000V,10 nF,,,,,,,Published
MLCC,Anti-Arcing High Voltage,FJ21N103J202EG,FJ,0805,NP0 (C0G); ±5%; Ag/Ni/Sn; 13-inch Reeled,2000V,10 nF,,,,,,,Published
MLCC,Anti-Arcing High Voltage,FJ21N103K101PT,FJ,0805,NP0 (C0G); ±10%; Pd/Ag; 7-inch Reeled,100V,10 nF,,,,,,,Published
MLCC,Anti-Arcing High Voltage,FJ21N103K101PG,FJ,0805,NP0 (C0G); ±10%; Pd/Ag; 13-inch Reeled,100V,10 nF,,,,,,,Published
MLCC,Anti-Arcing High Voltage,FJ21N103K101ET,FJ,0805,NP0 (C0G); ±10%; Ag/Ni/Sn; 7-inch Reeled,100V,10 nF,,,,,,,Published
MLCC,Anti-Arcing High Voltage,FJ21N103K101EG,FJ,0805,NP0 (C0G); ±10%; Ag/Ni/Sn; 13-inch Reeled,100V,10 nF,,,,,,,Published
MLCC,Anti-Arcing High Voltage,FJ21N103K202PT,FJ,0805,NP0 (C0G); ±10%; Pd/Ag; 7-inch Reeled,2000V,10 nF,,,,,,,Published
MLCC,Anti-Arcing High Voltage,FJ21N103K202PG,FJ,0805,NP0 (C0G); ±10%; Pd/Ag; 13-inch Reeled,2000V,10 nF,,,,,,,Published
MLCC,Anti-Arcing High Voltage,FJ21N103K202ET,FJ,0805,NP0 (C0G); ±10%; Ag/Ni/Sn; 7-inch Reeled,2000V,10 nF,,,,,,,Published
MLCC,Anti-Arcing High Voltage,FJ21N103K202EG,FJ,0805,NP0 (C0G); ±10%; Ag/Ni/Sn; 13-inch Reeled,2000V,10 nF,,,,,,,Published
MLCC,Anti-Arcing High Voltage,FJ21N104J101PT,FJ,0805,NP0 (C0G); ±5%; Pd/Ag; 7-inch Reeled,100V,100 nF,,,,,,,Published
MLCC,Anti-Arcing High Voltage,FJ21N104J101PG,FJ,0805,NP0 (C0G); ±5%; Pd/Ag; 13-inch Reeled,100V,100 nF,,,,,,,Published
MLCC,Anti-Arcing High Voltage,FJ21N104J101ET,FJ,0805,NP0 (C0G); ±5%; Ag/Ni/Sn; 7-inch Reeled,100V,100 nF,,,,,,,Published
MLCC,Anti-Arcing High Voltage,FJ21N104J101EG,FJ,0805,NP0 (C0G); ±5%; Ag/Ni/Sn; 13-inch Reeled,100V,100 nF,,,,,,,Published
MLCC,Anti-Arcing High Voltage,FJ21N104J202PT,FJ,0805,NP0 (C0G); ±5%; Pd/Ag; 7-inch Reeled,2000V,100 nF,,,,,,,Published
MLCC,Anti-Arcing High Voltage,FJ21N104J202PG,FJ,0805,NP0 (C0G); ±5%; Pd/Ag; 13-inch Reeled,2000V,100 nF,,,,,,,Published
MLCC,Anti-Arcing High Voltage,FJ21N104J202ET,FJ,0805,NP0 (C0G); ±5%; Ag/Ni/Sn; 7-inch Reeled,2000V,100 nF,,,,,,,Published
MLCC,Anti-Arcing High Voltage,FJ21N104J202EG,FJ,0805,NP0 (C0G); ±5%; Ag/Ni/Sn; 13-inch Reeled,2000V,100 nF,,,,,,,Published
MLCC,Anti-Arcing High Voltage,FJ21N104K101PT,FJ,0805,NP0 (C0G); ±10%; Pd/Ag; 7-inch Reeled,100V,100 nF,,,,,,,Published
MLCC,Anti-Arcing High Voltage,FJ21N104K101PG,FJ,0805,NP0 (C0G); ±10%; Pd/Ag; 13-inch Reeled,100V,100 nF,,,,,,,Published
MLCC,Anti-Arcing High Voltage,FJ21N104K101ET,FJ,0805,NP0 (C0G); ±10%; Ag/Ni/Sn; 7-inch Reeled,100V,100 nF,,,,,,,Published
MLCC,Anti-Arcing High Voltage,FJ21N104K101EG,FJ,0805,NP0 (C0G); ±10%; Ag/Ni/Sn; 13-inch Reeled,100V,100 nF,,,,,,,Published
MLCC,Anti-Arcing High Voltage,FJ21N104K202PT,FJ,0805,NP0 (C0G); ±10%; Pd/Ag; 7-inch Reeled,2000V,100 nF,,,,,,,Published
MLCC,Anti-Arcing High Voltage,FJ21N104K202PG,FJ,0805,NP0 (C0G); ±10%; Pd/Ag; 13-inch Reeled,2000V,100 nF,,,,,,,Published
MLCC,Anti-Arcing High Voltage,FJ21N104K202ET,FJ,0805,NP0 (C0G); ±10%; Ag/Ni/Sn; 7-inch Reeled,2000V,100 nF,,,,,,,Published
MLCC,Anti-Arcing High Voltage,FJ21N104K202EG,FJ,0805,NP0 (C0G); ±10%; Ag/Ni/Sn; 13-inch Reeled,2000V,100 nF,,,,,,,Published
MLCC,Anti-Arcing High Voltage,FJ21N150J101PT,FJ,0805,NP0 (C0G); ±5%; Pd/Ag; 7-inch Reeled,100V,15 pF,,,,,,,Published
MLCC,Anti-Arcing High Voltage,FJ21N150J101PG,FJ,0805,NP0 (C0G); ±5%; Pd/Ag; 13-inch Reeled,100V,15 pF,,,,,,,Published
MLCC,Anti-Arcing High Voltage,FJ21N150J101ET,FJ,0805,NP0 (C0G); ±5%; Ag/Ni/Sn; 7-inch Reeled,100V,15 pF,,,,,,,Published
MLCC,Anti-Arcing High Voltage,FJ21N150J101EG,FJ,0805,NP0 (C0G); ±5%; Ag/Ni/Sn; 13-inch Reeled,100V,15 pF,,,,,,,Published
MLCC,Anti-Arcing High Voltage,FJ21N150J202PT,FJ,0805,NP0 (C0G); ±5%; Pd/Ag; 7-inch Reeled,2000V,15 pF,,,,,,,Published
MLCC,Anti-Arcing High Voltage,FJ21N150J202PG,FJ,0805,NP0 (C0G); ±5%; Pd/Ag; 13-inch Reeled,2000V,15 pF,,,,,,,Published
MLCC,Anti-Arcing High Voltage,FJ21N150J202ET,FJ,0805,NP0 (C0G); ±5%; Ag/Ni/Sn; 7-inch Reeled,2000V,15 pF,,,,,,,Published
MLCC,Anti-Arcing High Voltage,FJ21N150J202EG,FJ,0805,NP0 (C0G); ±5%; Ag/Ni/Sn; 13-inch Reeled,2000V,15 pF,,,,,,,Published
MLCC,Anti-Arcing High Voltage,FJ21N150K101PT,FJ,0805,NP0 (C0G); ±10%; Pd/Ag; 7-inch Reeled,100V,15 pF,,,,,,,Published
MLCC,Anti-Arcing High Voltage,FJ21N150K101PG,FJ,0805,NP0 (C0G); ±10%; Pd/Ag; 13-inch Reeled,100V,15 pF,,,,,,,Published
MLCC,Anti-Arcing High Voltage,FJ21N150K101ET,FJ,0805,NP0 (C0G); ±10%; Ag/Ni/Sn; 7-inch Reeled,100V,15 pF,,,,,,,Published
MLCC,Anti-Arcing High Voltage,FJ21N150K101EG,FJ,0805,NP0 (C0G); ±10%; Ag/Ni/Sn; 13-inch Reeled,100V,15 pF,,,,,,,Published
MLCC,Anti-Arcing High Voltage,FJ21N150K202PT,FJ,0805,NP0 (C0G); ±10%; Pd/Ag; 7-inch Reeled,2000V,15 pF,,,,,,,Published
MLCC,Anti-Arcing High Voltage,FJ21N150K202PG,FJ,0805,NP0 (C0G); ±10%; Pd/Ag; 13-inch Reeled,2000V,15 pF,,,,,,,Published
MLCC,Anti-Arcing High Voltage,FJ21N150K202ET,FJ,0805,NP0 (C0G); ±10%; Ag/Ni/Sn; 7-inch Reeled,2000V,15 pF,,,,,,,Published
MLCC,Anti-Arcing High Voltage,FJ21N150K202EG,FJ,0805,NP0 (C0G); ±10%; Ag/Ni/Sn; 13-inch Reeled,2000V,15 pF,,,,,,,Published
MLCC,Anti-Arcing High Voltage,FJ21N151J101PT,FJ,0805,NP0 (C0G); ±5%; Pd/Ag; 7-inch Reeled,100V,150 pF,,,,,,,Published
MLCC,Anti-Arcing High Voltage,FJ21N151J101PG,FJ,0805,NP0 (C0G); ±5%; Pd/Ag; 13-inch Reeled,100V,150 pF,,,,,,,Published
MLCC,Anti-Arcing High Voltage,FJ21N151J101ET,FJ,0805,NP0 (C0G); ±5%; Ag/Ni/Sn; 7-inch Reeled,100V,150 pF,,,,,,,Published
MLCC,Anti-Arcing High Voltage,FJ21N151J101EG,FJ,0805,NP0 (C0G); ±5%; Ag/Ni/Sn; 13-inch Reeled,100V,150 pF,,,,,,,Published
MLCC,Anti-Arcing High Voltage,FJ21N151J202PT,FJ,0805,NP0 (C0G); ±5%; Pd/Ag; 7-inch Reeled,2000V,150 pF,,,,,,,Published
MLCC,Anti-Arcing High Voltage,FJ21N151J202PG,FJ,0805,NP0 (C0G); ±5%; Pd/Ag; 13-inch Reeled,2000V,150 pF,,,,,,,Published
MLCC,Anti-Arcing High Voltage,FJ21N151J202ET,FJ,0805,NP0 (C0G); ±5%; Ag/Ni/Sn; 7-inch Reeled,2000V,150 pF,,,,,,,Published
MLCC,Anti-Arcing High Voltage,FJ21N151J202EG,FJ,0805,NP0 (C0G); ±5%; Ag/Ni/Sn; 13-inch Reeled,2000V,150 pF,,,,,,,Published
MLCC,Anti-Arcing High Voltage,FJ21N151K101PT,FJ,0805,NP0 (C0G); ±10%; Pd/Ag; 7-inch Reeled,100V,150 pF,,,,,,,Published
MLCC,Anti-Arcing High Voltage,FJ21N151K101PG,FJ,0805,NP0 (C0G); ±10%; Pd/Ag; 13-inch Reeled,100V,150 pF,,,,,,,Published
MLCC,Anti-Arcing High Voltage,FJ21N151K101ET,FJ,0805,NP0 (C0G); ±10%; Ag/Ni/Sn; 7-inch Reeled,100V,150 pF,,,,,,,Published
MLCC,Anti-Arcing High Voltage,FJ21N151K101EG,FJ,0805,NP0 (C0G); ±10%; Ag/Ni/Sn; 13-inch Reeled,100V,150 pF,,,,,,,Published
MLCC,Anti-Arcing High Voltage,FJ21N151K202PT,FJ,0805,NP0 (C0G); ±10%; Pd/Ag; 7-inch Reeled,2000V,150 pF,,,,,,,Published
MLCC,Anti-Arcing High Voltage,FJ21N151K202PG,FJ,0805,NP0 (C0G); ±10%; Pd/Ag; 13-inch Reeled,2000V,150 pF,,,,,,,Published
MLCC,Anti-Arcing High Voltage,FJ21N151K202ET,FJ,0805,NP0 (C0G); ±10%; Ag/Ni/Sn; 7-inch Reeled,2000V,150 pF,,,,,,,Published
MLCC,Anti-Arcing High Voltage,FJ21N151K202EG,FJ,0805,NP0 (C0G); ±10%; Ag/Ni/Sn; 13-inch Reeled,2000V,150 pF,,,,,,,Published
MLCC,Anti-Arcing High Voltage,FJ21N152J101PT,FJ,0805,NP0 (C0G); ±5%; Pd/Ag; 7-inch Reeled,100V,1.5 nF,,,,,,,Published
MLCC,Anti-Arcing High Voltage,FJ21N152J101PG,FJ,0805,NP0 (C0G); ±5%; Pd/Ag; 13-inch Reeled,100V,1.5 nF,,,,,,,Published
MLCC,Anti-Arcing High Voltage,FJ21N152J101ET,FJ,0805,NP0 (C0G); ±5%; Ag/Ni/Sn; 7-inch Reeled,100V,1.5 nF,,,,,,,Published
MLCC,Anti-Arcing High Voltage,FJ21N152J101EG,FJ,0805,NP0 (C0G); ±5%; Ag/Ni/Sn; 13-inch Reeled,100V,1.5 nF,,,,,,,Published
MLCC,Anti-Arcing High Voltage,FJ21N152J202PT,FJ,0805,NP0 (C0G); ±5%; Pd/Ag; 7-inch Reeled,2000V,1.5 nF,,,,,,,Published
MLCC,Anti-Arcing High Voltage,FJ21N152J202PG,FJ,0805,NP0 (C0G); ±5%; Pd/Ag; 13-inch Reeled,2000V,1.5 nF,,,,,,,Published
MLCC,Anti-Arcing High Voltage,FJ21N152J202ET,FJ,0805,NP0 (C0G); ±5%; Ag/Ni/Sn; 7-inch Reeled,2000V,1.5 nF,,,,,,,Published
MLCC,Anti-Arcing High Voltage,FJ21N152J202EG,FJ,0805,NP0 (C0G); ±5%; Ag/Ni/Sn; 13-inch Reeled,2000V,1.5 nF,,,,,,,Published
MLCC,Anti-Arcing High Voltage,FJ21N152K101PT,FJ,0805,NP0 (C0G); ±10%; Pd/Ag; 7-inch Reeled,100V,1.5 nF,,,,,,,Published
MLCC,Anti-Arcing High Voltage,FJ21N152K101PG,FJ,0805,NP0 (C0G); ±10%; Pd/Ag; 13-inch Reeled,100V,1.5 nF,,,,,,,Published
MLCC,Anti-Arcing High Voltage,FJ21N152K101ET,FJ,0805,NP0 (C0G); ±10%; Ag/Ni/Sn; 7-inch Reeled,100V,1.5 nF,,,,,,,Published
MLCC,Anti-Arcing High Voltage,FJ21N152K101EG,FJ,0805,NP0 (C0G); ±10%; Ag/Ni/Sn; 13-inch Reeled,100V,1.5 nF,,,,,,,Published
MLCC,Anti-Arcing High Voltage,FJ21N152K202PT,FJ,0805,NP0 (C0G); ±10%; Pd/Ag; 7-inch Reeled,2000V,1.5 nF,,,,,,,Published
MLCC,Anti-Arcing High Voltage,FJ21N152K202PG,FJ,0805,NP0 (C0G); ±10%; Pd/Ag; 13-inch Reeled,2000V,1.5 nF,,,,,,,Published
MLCC,Anti-Arcing High Voltage,FJ21N152K202ET,FJ,0805,NP0 (C0G); ±10%; Ag/Ni/Sn; 7-inch Reeled,2000V,1.5 nF,,,,,,,Published
MLCC,Anti-Arcing High Voltage,FJ21N152K202EG,FJ,0805,NP0 (C0G); ±10%; Ag/Ni/Sn; 13-inch Reeled,2000V,1.5 nF,,,,,,,Published
MLCC,Anti-Arcing High Voltage,FJ21N153J101PT,FJ,0805,NP0 (C0G); ±5%; Pd/Ag; 7-inch Reeled,100V,15 nF,,,,,,,Published
MLCC,Anti-Arcing High Voltage,FJ21N153J101PG,FJ,0805,NP0 (C0G); ±5%; Pd/Ag; 13-inch Reeled,100V,15 nF,,,,,,,Published
MLCC,Anti-Arcing High Voltage,FJ21N153J101ET,FJ,0805,NP0 (C0G); ±5%; Ag/Ni/Sn; 7-inch Reeled,100V,15 nF,,,,,,,Published
MLCC,Anti-Arcing High Voltage,FJ21N153J101EG,FJ,0805,NP0 (C0G); ±5%; Ag/Ni/Sn; 13-inch Reeled,100V,15 nF,,,,,,,Published
MLCC,Anti-Arcing High Voltage,FJ21N153J202PT,FJ,0805,NP0 (C0G); ±5%; Pd/Ag; 7-inch Reeled,2000V,15 nF,,,,,,,Published
MLCC,Anti-Arcing High Voltage,FJ21N153J202PG,FJ,0805,NP0 (C0G); ±5%; Pd/Ag; 13-inch Reeled,2000V,15 nF,,,,,,,Published
MLCC,Anti-Arcing High Voltage,FJ21N153J202ET,FJ,0805,NP0 (C0G); ±5%; Ag/Ni/Sn; 7-inch Reeled,2000V,15 nF,,,,,,,Published
MLCC,Anti-Arcing High Voltage,FJ21N153J202EG,FJ,0805,NP0 (C0G); ±5%; Ag/Ni/Sn; 13-inch Reeled,2000V,15 nF,,,,,,,Published
MLCC,Anti-Arcing High Voltage,FJ21N153K101PT,FJ,0805,NP0 (C0G); ±10%; Pd/Ag; 7-inch Reeled,100V,15 nF,,,,,,,Published
MLCC,Anti-Arcing High Voltage,FJ21N153K101PG,FJ,0805,NP0 (C0G); ±10%; Pd/Ag; 13-inch Reeled,100V,15 nF,,,,,,,Published
MLCC,Anti-Arcing High Voltage,FJ21N153K101ET,FJ,0805,NP0 (C0G); ±10%; Ag/Ni/Sn; 7-inch Reeled,100V,15 nF,,,,,,,Published
MLCC,Anti-Arcing High Voltage,FJ21N153K101EG,FJ,0805,NP0 (C0G); ±10%; Ag/Ni/Sn; 13-inch Reeled,100V,15 nF,,,,,,,Published
MLCC,Anti-Arcing High Voltage,FJ21N153K202PT,FJ,0805,NP0 (C0G); ±10%; Pd/Ag; 7-inch Reeled,2000V,15 nF,,,,,,,Published
MLCC,Anti-Arcing High Voltage,FJ21N153K202PG,FJ,0805,NP0 (C0G); ±10%; Pd/Ag; 13-inch Reeled,2000V,15 nF,,,,,,,Published
MLCC,Anti-Arcing High Voltage,FJ21N153K202ET,FJ,0805,NP0 (C0G); ±10%; Ag/Ni/Sn; 7-inch Reeled,2000V,15 nF,,,,,,,Published
MLCC,Anti-Arcing High Voltage,FJ21N153K202EG,FJ,0805,NP0 (C0G); ±10%; Ag/Ni/Sn; 13-inch Reeled,2000V,15 nF,,,,,,,Published
MLCC,Anti-Arcing High Voltage,FJ21N154J101PT,FJ,0805,NP0 (C0G); ±5%; Pd/Ag; 7-inch Reeled,100V,150 nF,,,,,,,Published
MLCC,Anti-Arcing High Voltage,FJ21N154J101PG,FJ,0805,NP0 (C0G); ±5%; Pd/Ag; 13-inch Reeled,100V,150 nF,,,,,,,Published
MLCC,Anti-Arcing High Voltage,FJ21N154J101ET,FJ,0805,NP0 (C0G); ±5%; Ag/Ni/Sn; 7-inch Reeled,100V,150 nF,,,,,,,Published
MLCC,Anti-Arcing High Voltage,FJ21N154J101EG,FJ,0805,NP0 (C0G); ±5%; Ag/Ni/Sn; 13-inch Reeled,100V,150 nF,,,,,,,Published
MLCC,Anti-Arcing High Voltage,FJ21N154J202PT,FJ,0805,NP0 (C0G); ±5%; Pd/Ag; 7-inch Reeled,2000V,150 nF,,,,,,,Published
MLCC,Anti-Arcing High Voltage,FJ21N154J202PG,FJ,0805,NP0 (C0G); ±5%; Pd/Ag; 13-inch Reeled,2000V,150 nF,,,,,,,Published
MLCC,Anti-Arcing High Voltage,FJ21N154J202ET,FJ,0805,NP0 (C0G); ±5%; Ag/Ni/Sn; 7-inch Reeled,2000V,150 nF,,,,,,,Published
MLCC,Anti-Arcing High Voltage,FJ21N154J202EG,FJ,0805,NP0 (C0G); ±5%; Ag/Ni/Sn; 13-inch Reeled,2000V,150 nF,,,,,,,Published
MLCC,Anti-Arcing High Voltage,FJ21N154K101PT,FJ,0805,NP0 (C0G); ±10%; Pd/Ag; 7-inch Reeled,100V,150 nF,,,,,,,Published
MLCC,Anti-Arcing High Voltage,FJ21N154K101PG,FJ,0805,NP0 (C0G); ±10%; Pd/Ag; 13-inch Reeled,100V,150 nF,,,,,,,Published
MLCC,Anti-Arcing High Voltage,FJ21N154K101ET,FJ,0805,NP0 (C0G); ±10%; Ag/Ni/Sn; 7-inch Reeled,100V,150 nF,,,,,,,Published
MLCC,Anti-Arcing High Voltage,FJ21N154K101EG,FJ,0805,NP0 (C0G); ±10%; Ag/Ni/Sn; 13-inch Reeled,100V,150 nF,,,,,,,Published
MLCC,Anti-Arcing High Voltage,FJ21N154K202PT,FJ,0805,NP0 (C0G); ±10%; Pd/Ag; 7-inch Reeled,2000V,150 nF,,,,,,,Published
MLCC,Anti-Arcing High Voltage,FJ21N154K202PG,FJ,0805,NP0 (C0G); ±10%; Pd/Ag; 13-inch Reeled,2000V,150 nF,,,,,,,Published
MLCC,Anti-Arcing High Voltage,FJ21N154K202ET,FJ,0805,NP0 (C0G); ±10%; Ag/Ni/Sn; 7-inch Reeled,2000V,150 nF,,,,,,,Published
MLCC,Anti-Arcing High Voltage,FJ21N154K202EG,FJ,0805,NP0 (C0G); ±10%; Ag/Ni/Sn; 13-inch Reeled,2000V,150 nF,,,,,,,Published
MLCC,Anti-Arcing High Voltage,FJ21N220J101PT,FJ,0805,NP0 (C0G); ±5%; Pd/Ag; 7-inch Reeled,100V,22 pF,,,,,,,Published
MLCC,Anti-Arcing High Voltage,FJ21N220J101PG,FJ,0805,NP0 (C0G); ±5%; Pd/Ag; 13-inch Reeled,100V,22 pF,,,,,,,Published
MLCC,Anti-Arcing High Voltage,FJ21N220J101ET,FJ,0805,NP0 (C0G); ±5%; Ag/Ni/Sn; 7-inch Reeled,100V,22 pF,,,,,,,Published
MLCC,Anti-Arcing High Voltage,FJ21N220J101EG,FJ,0805,NP0 (C0G); ±5%; Ag/Ni/Sn; 13-inch Reeled,100V,22 pF,,,,,,,Published
MLCC,Anti-Arcing High Voltage,FJ21N220J202PT,FJ,0805,NP0 (C0G); ±5%; Pd/Ag; 7-inch Reeled,2000V,22 pF,,,,,,,Published
MLCC,Anti-Arcing High Voltage,FJ21N220J202PG,FJ,0805,NP0 (C0G); ±5%; Pd/Ag; 13-inch Reeled,2000V,22 pF,,,,,,,Published
MLCC,Anti-Arcing High Voltage,FJ21N220J202ET,FJ,0805,NP0 (C0G); ±5%; Ag/Ni/Sn; 7-inch Reeled,2000V,22 pF,,,,,,,Published
MLCC,Anti-Arcing High Voltage,FJ21N220J202EG,FJ,0805,NP0 (C0G); ±5%; Ag/Ni/Sn; 13-inch Reeled,2000V,22 pF,,,,,,,Published
MLCC,Anti-Arcing High Voltage,FJ21N220K101PT,FJ,0805,NP0 (C0G); ±10%; Pd/Ag; 7-inch Reeled,100V,22 pF,,,,,,,Published
MLCC,Anti-Arcing High Voltage,FJ21N220K101PG,FJ,0805,NP0 (C0G); ±10%; Pd/Ag; 13-inch Reeled,100V,22 pF,,,,,,,Published
MLCC,Anti-Arcing High Voltage,FJ21N220K101ET,FJ,0805,NP0 (C0G); ±10%; Ag/Ni/Sn; 7-inch Reeled,100V,22 pF,,,,,,,Published
MLCC,Anti-Arcing High Voltage,FJ21N220K101EG,FJ,0805,NP0 (C0G); ±10%; Ag/Ni/Sn; 13-inch Reeled,100V,22 pF,,,,,,,Published
MLCC,Anti-Arcing High Voltage,FJ21N220K202PT,FJ,0805,NP0 (C0G); ±10%; Pd/Ag; 7-inch Reeled,2000V,22 pF,,,,,,,Published
MLCC,Anti-Arcing High Voltage,FJ21N220K202PG,FJ,0805,NP0 (C0G); ±10%; Pd/Ag; 13-inch Reeled,2000V,22 pF,,,,,,,Published
MLCC,Anti-Arcing High Voltage,FJ21N220K202ET,FJ,0805,NP0 (C0G); ±10%; Ag/Ni/Sn; 7-inch Reeled,2000V,22 pF,,,,,,,Published
MLCC,Anti-Arcing High Voltage,FJ21N220K202EG,FJ,0805,NP0 (C0G); ±10%; Ag/Ni/Sn; 13-inch Reeled,2000V,22 pF,,,,,,,Published
MLCC,Anti-Arcing High Voltage,FJ21N221J101PT,FJ,0805,NP0 (C0G); ±5%; Pd/Ag; 7-inch Reeled,100V,220 pF,,,,,,,Published
MLCC,Anti-Arcing High Voltage,FJ21N221J101PG,FJ,0805,NP0 (C0G); ±5%; Pd/Ag; 13-inch Reeled,100V,220 pF,,,,,,,Published
MLCC,Anti-Arcing High Voltage,FJ21N221J101ET,FJ,0805,NP0 (C0G); ±5%; Ag/Ni/Sn; 7-inch Reeled,100V,220 pF,,,,,,,Published
MLCC,Anti-Arcing High Voltage,FJ21N221J101EG,FJ,0805,NP0 (C0G); ±5%; Ag/Ni/Sn; 13-inch Reeled,100V,220 pF,,,,,,,Published
MLCC,Anti-Arcing High Voltage,FJ21N221J202PT,FJ,0805,NP0 (C0G); ±5%; Pd/Ag; 7-inch Reeled,2000V,220 pF,,,,,,,Published
MLCC,Anti-Arcing High Voltage,FJ21N221J202PG,FJ,0805,NP0 (C0G); ±5%; Pd/Ag; 13-inch Reeled,2000V,220 pF,,,,,,,Published
MLCC,Anti-Arcing High Voltage,FJ21N221J202ET,FJ,0805,NP0 (C0G); ±5%; Ag/Ni/Sn; 7-inch Reeled,2000V,220 pF,,,,,,,Published
MLCC,Anti-Arcing High Voltage,FJ21N221J202EG,FJ,0805,NP0 (C0G); ±5%; Ag/Ni/Sn; 13-inch Reeled,2000V,220 pF,,,,,,,Published
MLCC,Anti-Arcing High Voltage,FJ21N221K101PT,FJ,0805,NP0 (C0G); ±10%; Pd/Ag; 7-inch Reeled,100V,220 pF,,,,,,,Published
MLCC,Anti-Arcing High Voltage,FJ21N221K101PG,FJ,0805,NP0 (C0G); ±10%; Pd/Ag; 13-inch Reeled,100V,220 pF,,,,,,,Published
MLCC,Anti-Arcing High Voltage,FJ21N221K101ET,FJ,0805,NP0 (C0G); ±10%; Ag/Ni/Sn; 7-inch Reeled,100V,220 pF,,,,,,,Published
MLCC,Anti-Arcing High Voltage,FJ21N221K101EG,FJ,0805,NP0 (C0G); ±10%; Ag/Ni/Sn; 13-inch Reeled,100V,220 pF,,,,,,,Published
MLCC,Anti-Arcing High Voltage,FJ21N221K202PT,FJ,0805,NP0 (C0G); ±10%; Pd/Ag; 7-inch Reeled,2000V,220 pF,,,,,,,Published
MLCC,Anti-Arcing High Voltage,FJ21N221K202PG,FJ,0805,NP0 (C0G); ±10%; Pd/Ag; 13-inch Reeled,2000V,220 pF,,,,,,,Published
MLCC,Anti-Arcing High Voltage,FJ21N221K202ET,FJ,0805,NP0 (C0G); ±10%; Ag/Ni/Sn; 7-inch Reeled,2000V,220 pF,,,,,,,Published
MLCC,Anti-Arcing High Voltage,FJ21N221K202EG,FJ,0805,NP0 (C0G); ±10%; Ag/Ni/Sn; 13-inch Reeled,2000V,220 pF,,,,,,,Published
MLCC,Anti-Arcing High Voltage,FJ21N222J101PT,FJ,0805,NP0 (C0G); ±5%; Pd/Ag; 7-inch Reeled,100V,2.2 nF,,,,,,,Published
MLCC,Anti-Arcing High Voltage,FJ21N222J101PG,FJ,0805,NP0 (C0G); ±5%; Pd/Ag; 13-inch Reeled,100V,2.2 nF,,,,,,,Published
MLCC,Anti-Arcing High Voltage,FJ21N222J101ET,FJ,0805,NP0 (C0G); ±5%; Ag/Ni/Sn; 7-inch Reeled,100V,2.2 nF,,,,,,,Published
MLCC,Anti-Arcing High Voltage,FJ21N222J101EG,FJ,0805,NP0 (C0G); ±5%; Ag/Ni/Sn; 13-inch Reeled,100V,2.2 nF,,,,,,,Published
MLCC,Anti-Arcing High Voltage,FJ21N222J202PT,FJ,0805,NP0 (C0G); ±5%; Pd/Ag; 7-inch Reeled,2000V,2.2 nF,,,,,,,Published
MLCC,Anti-Arcing High Voltage,FJ21N222J202PG,FJ,0805,NP0 (C0G); ±5%; Pd/Ag; 13-inch Reeled,2000V,2.2 nF,,,,,,,Published
MLCC,Anti-Arcing High Voltage,FJ21N222J202ET,FJ,0805,NP0 (C0G); ±5%; Ag/Ni/Sn; 7-inch Reeled,2000V,2.2 nF,,,,,,,Published
MLCC,Anti-Arcing High Voltage,FJ21N222J202EG,FJ,0805,NP0 (C0G); ±5%; Ag/Ni/Sn; 13-inch Reeled,2000V,2.2 nF,,,,,,,Published
MLCC,Anti-Arcing High Voltage,FJ21N222K101PT,FJ,0805,NP0 (C0G); ±10%; Pd/Ag; 7-inch Reeled,100V,2.2 nF,,,,,,,Published
MLCC,Anti-Arcing High Voltage,FJ21N222K101PG,FJ,0805,NP0 (C0G); ±10%; Pd/Ag; 13-inch Reeled,100V,2.2 nF,,,,,,,Published
MLCC,Anti-Arcing High Voltage,FJ21N222K101ET,FJ,0805,NP0 (C0G); ±10%; Ag/Ni/Sn; 7-inch Reeled,100V,2.2 nF,,,,,,,Published
MLCC,Anti-Arcing High Voltage,FJ21N222K101EG,FJ,0805,NP0 (C0G); ±10%; Ag/Ni/Sn; 13-inch Reeled,100V,2.2 nF,,,,,,,Published
MLCC,Anti-Arcing High Voltage,FJ21N222K202PT,FJ,0805,NP0 (C0G); ±10%; Pd/Ag; 7-inch Reeled,2000V,2.2 nF,,,,,,,Published
MLCC,Anti-Arcing High Voltage,FJ21N222K202PG,FJ,0805,NP0 (C0G); ±10%; Pd/Ag; 13-inch Reeled,2000V,2.2 nF,,,,,,,Published
MLCC,Anti-Arcing High Voltage,FJ21N222K202ET,FJ,0805,NP0 (C0G); ±10%; Ag/Ni/Sn; 7-inch Reeled,2000V,2.2 nF,,,,,,,Published
MLCC,Anti-Arcing High Voltage,FJ21N222K202EG,FJ,0805,NP0 (C0G); ±10%; Ag/Ni/Sn; 13-inch Reeled,2000V,2.2 nF,,,,,,,Published
MLCC,Anti-Arcing High Voltage,FJ21N223J101PT,FJ,0805,NP0 (C0G); ±5%; Pd/Ag; 7-inch Reeled,100V,22 nF,,,,,,,Published
MLCC,Anti-Arcing High Voltage,FJ21N223J101PG,FJ,0805,NP0 (C0G); ±5%; Pd/Ag; 13-inch Reeled,100V,22 nF,,,,,,,Published
MLCC,Anti-Arcing High Voltage,FJ21N223J101ET,FJ,0805,NP0 (C0G); ±5%; Ag/Ni/Sn; 7-inch Reeled,100V,22 nF,,,,,,,Published
MLCC,Anti-Arcing High Voltage,FJ21N223J101EG,FJ,0805,NP0 (C0G); ±5%; Ag/Ni/Sn; 13-inch Reeled,100V,22 nF,,,,,,,Published
MLCC,Anti-Arcing High Voltage,FJ21N223J202PT,FJ,0805,NP0 (C0G); ±5%; Pd/Ag; 7-inch Reeled,2000V,22 nF,,,,,,,Published
MLCC,Anti-Arcing High Voltage,FJ21N223J202PG,FJ,0805,NP0 (C0G); ±5%; Pd/Ag; 13-inch Reeled,2000V,22 nF,,,,,,,Published
MLCC,Anti-Arcing High Voltage,FJ21N223J202ET,FJ,0805,NP0 (C0G); ±5%; Ag/Ni/Sn; 7-inch Reeled,2000V,22 nF,,,,,,,Published
MLCC,Anti-Arcing High Voltage,FJ21N223J202EG,FJ,0805,NP0 (C0G); ±5%; Ag/Ni/Sn; 13-inch Reeled,2000V,22 nF,,,,,,,Published
MLCC,Anti-Arcing High Voltage,FJ21N223K101PT,FJ,0805,NP0 (C0G); ±10%; Pd/Ag; 7-inch Reeled,100V,22 nF,,,,,,,Published
MLCC,Anti-Arcing High Voltage,FJ21N223K101PG,FJ,0805,NP0 (C0G); ±10%; Pd/Ag; 13-inch Reeled,100V,22 nF,,,,,,,Published
MLCC,Anti-Arcing High Voltage,FJ21N223K101ET,FJ,0805,NP0 (C0G); ±10%; Ag/Ni/Sn; 7-inch Reeled,100V,22 nF,,,,,,,Published
MLCC,Anti-Arcing High Voltage,FJ21N223K101EG,FJ,0805,NP0 (C0G); ±10%; Ag/Ni/Sn; 13-inch Reeled,100V,22 nF,,,,,,,Published
MLCC,Anti-Arcing High Voltage,FJ21N223K202PT,FJ,0805,NP0 (C0G); ±10%; Pd/Ag; 7-inch Reeled,2000V,22 nF,,,,,,,Published
MLCC,Anti-Arcing High Voltage,FJ21N223K202PG,FJ,0805,NP0 (C0G); ±10%; Pd/Ag; 13-inch Reeled,2000V,22 nF,,,,,,,Published
MLCC,Anti-Arcing High Voltage,FJ21N223K202ET,FJ,0805,NP0 (C0G); ±10%; Ag/Ni/Sn; 7-inch Reeled,2000V,22 nF,,,,,,,Published
MLCC,Anti-Arcing High Voltage,FJ21N223K202EG,FJ,0805,NP0 (C0G); ±10%; Ag/Ni/Sn; 13-inch Reeled,2000V,22 nF,,,,,,,Published
MLCC,Anti-Arcing High Voltage,FJ21N224J101PT,FJ,0805,NP0 (C0G); ±5%; Pd/Ag; 7-inch Reeled,100V,220 nF,,,,,,,Published
MLCC,Anti-Arcing High Voltage,FJ21N224J101PG,FJ,0805,NP0 (C0G); ±5%; Pd/Ag; 13-inch Reeled,100V,220 nF,,,,,,,Published
MLCC,Anti-Arcing High Voltage,FJ21N224J101ET,FJ,0805,NP0 (C0G); ±5%; Ag/Ni/Sn; 7-inch Reeled,100V,220 nF,,,,,,,Published
MLCC,Anti-Arcing High Voltage,FJ21N224J101EG,FJ,0805,NP0 (C0G); ±5%; Ag/Ni/Sn; 13-inch Reeled,100V,220 nF,,,,,,,Published
MLCC,Anti-Arcing High Voltage,FJ21N224J202PT,FJ,0805,NP0 (C0G); ±5%; Pd/Ag; 7-inch Reeled,2000V,220 nF,,,,,,,Published
MLCC,Anti-Arcing High Voltage,FJ21N224J202PG,FJ,0805,NP0 (C0G); ±5%; Pd/Ag; 13-inch Reeled,2000V,220 nF,,,,,,,Published
MLCC,Anti-Arcing High Voltage,FJ21N224J202ET,FJ,0805,NP0 (C0G); ±5%; Ag/Ni/Sn; 7-inch Reeled,2000V,220 nF,,,,,,,Published
MLCC,Anti-Arcing High Voltage,FJ21N224J202EG,FJ,0805,NP0 (C0G); ±5%; Ag/Ni/Sn; 13-inch Reeled,2000V,220 nF,,,,,,,Published
MLCC,Anti-Arcing High Voltage,FJ21N224K101PT,FJ,0805,NP0 (C0G); ±10%; Pd/Ag; 7-inch Reeled,100V,220 nF,,,,,,,Published
MLCC,Anti-Arcing High Voltage,FJ21N224K101PG,FJ,0805,NP0 (C0G); ±10%; Pd/Ag; 13-inch Reeled,100V,220 nF,,,,,,,Published
MLCC,Anti-Arcing High Voltage,FJ21N224K101ET,FJ,0805,NP0 (C0G); ±10%; Ag/Ni/Sn; 7-inch Reeled,100V,220 nF,,,,,,,Published
MLCC,Anti-Arcing High Voltage,FJ21N224K101EG,FJ,0805,NP0 (C0G); ±10%; Ag/Ni/Sn; 13-inch Reeled,100V,220 nF,,,,,,,Published
MLCC,Anti-Arcing High Voltage,FJ21N224K202PT,FJ,0805,NP0 (C0G); ±10%; Pd/Ag; 7-inch Reeled,2000V,220 nF,,,,,,,Published
MLCC,Anti-Arcing High Voltage,FJ21N224K202PG,FJ,0805,NP0 (C0G); ±10%; Pd/Ag; 13-inch Reeled,2000V,220 nF,,,,,,,Published
MLCC,Anti-Arcing High Voltage,FJ21N224K202ET,FJ,0805,NP0 (C0G); ±10%; Ag/Ni/Sn; 7-inch Reeled,2000V,220 nF,,,,,,,Published
MLCC,Anti-Arcing High Voltage,FJ21N224K202EG,FJ,0805,NP0 (C0G); ±10%; Ag/Ni/Sn; 13-inch Reeled,2000V,220 nF,,,,,,,Published
MLCC,Anti-Arcing High Voltage,FJ21N330J101PT,FJ,0805,NP0 (C0G); ±5%; Pd/Ag; 7-inch Reeled,100V,33 pF,,,,,,,Published
MLCC,Anti-Arcing High Voltage,FJ21N330J101PG,FJ,0805,NP0 (C0G); ±5%; Pd/Ag; 13-inch Reeled,100V,33 pF,,,,,,,Published
MLCC,Anti-Arcing High Voltage,FJ21N330J101ET,FJ,0805,NP0 (C0G); ±5%; Ag/Ni/Sn; 7-inch Reeled,100V,33 pF,,,,,,,Published
MLCC,Anti-Arcing High Voltage,FJ21N330J101EG,FJ,0805,NP0 (C0G); ±5%; Ag/Ni/Sn; 13-inch Reeled,100V,33 pF,,,,,,,Published
MLCC,Anti-Arcing High Voltage,FJ21N330J202PT,FJ,0805,NP0 (C0G); ±5%; Pd/Ag; 7-inch Reeled,2000V,33 pF,,,,,,,Published
MLCC,Anti-Arcing High Voltage,FJ21N330J202PG,FJ,0805,NP0 (C0G); ±5%; Pd/Ag; 13-inch Reeled,2000V,33 pF,,,,,,,Published
MLCC,Anti-Arcing High Voltage,FJ21N330J202ET,FJ,0805,NP0 (C0G); ±5%; Ag/Ni/Sn; 7-inch Reeled,2000V,33 pF,,,,,,,Published
MLCC,Anti-Arcing High Voltage,FJ21N330J202EG,FJ,0805,NP0 (C0G); ±5%; Ag/Ni/Sn; 13-inch Reeled,2000V,33 pF,,,,,,,Published
MLCC,Anti-Arcing High Voltage,FJ21N330K101PT,FJ,0805,NP0 (C0G); ±10%; Pd/Ag; 7-inch Reeled,100V,33 pF,,,,,,,Published
MLCC,Anti-Arcing High Voltage,FJ21N330K101PG,FJ,0805,NP0 (C0G); ±10%; Pd/Ag; 13-inch Reeled,100V,33 pF,,,,,,,Published
MLCC,Anti-Arcing High Voltage,FJ21N330K101ET,FJ,0805,NP0 (C0G); ±10%; Ag/Ni/Sn; 7-inch Reeled,100V,33 pF,,,,,,,Published
MLCC,Anti-Arcing High Voltage,FJ21N330K101EG,FJ,0805,NP0 (C0G); ±10%; Ag/Ni/Sn; 13-inch Reeled,100V,33 pF,,,,,,,Published
MLCC,Anti-Arcing High Voltage,FJ21N330K202PT,FJ,0805,NP0 (C0G); ±10%; Pd/Ag; 7-inch Reeled,2000V,33 pF,,,,,,,Published
MLCC,Anti-Arcing High Voltage,FJ21N330K202PG,FJ,0805,NP0 (C0G); ±10%; Pd/Ag; 13-inch Reeled,2000V,33 pF,,,,,,,Published
MLCC,Anti-Arcing High Voltage,FJ21N330K202ET,FJ,0805,NP0 (C0G); ±10%; Ag/Ni/Sn; 7-inch Reeled,2000V,33 pF,,,,,,,Published
MLCC,Anti-Arcing High Voltage,FJ21N330K202EG,FJ,0805,NP0 (C0G); ±10%; Ag/Ni/Sn; 13-inch Reeled,2000V,33 pF,,,,,,,Published
MLCC,Anti-Arcing High Voltage,FJ21N331J101PT,FJ,0805,NP0 (C0G); ±5%; Pd/Ag; 7-inch Reeled,100V,330 pF,,,,,,,Published
MLCC,Anti-Arcing High Voltage,FJ21N331J101PG,FJ,0805,NP0 (C0G); ±5%; Pd/Ag; 13-inch Reeled,100V,330 pF,,,,,,,Published
MLCC,Anti-Arcing High Voltage,FJ21N331J101ET,FJ,0805,NP0 (C0G); ±5%; Ag/Ni/Sn; 7-inch Reeled,100V,330 pF,,,,,,,Published
MLCC,Anti-Arcing High Voltage,FJ21N331J101EG,FJ,0805,NP0 (C0G); ±5%; Ag/Ni/Sn; 13-inch Reeled,100V,330 pF,,,,,,,Published
MLCC,Anti-Arcing High Voltage,FJ21N331J202PT,FJ,0805,NP0 (C0G); ±5%; Pd/Ag; 7-inch Reeled,2000V,330 pF,,,,,,,Published
MLCC,Anti-Arcing High Voltage,FJ21N331J202PG,FJ,0805,NP0 (C0G); ±5%; Pd/Ag; 13-inch Reeled,2000V,330 pF,,,,,,,Published
MLCC,Anti-Arcing High Voltage,FJ21N331J202ET,FJ,0805,NP0 (C0G); ±5%; Ag/Ni/Sn; 7-inch Reeled,2000V,330 pF,,,,,,,Published
MLCC,Anti-Arcing High Voltage,FJ21N331J202EG,FJ,0805,NP0 (C0G); ±5%; Ag/Ni/Sn; 13-inch Reeled,2000V,330 pF,,,,,,,Published
MLCC,Anti-Arcing High Voltage,FJ21N331K101PT,FJ,0805,NP0 (C0G); ±10%; Pd/Ag; 7-inch Reeled,100V,330 pF,,,,,,,Published
MLCC,Anti-Arcing High Voltage,FJ21N331K101PG,FJ,0805,NP0 (C0G); ±10%; Pd/Ag; 13-inch Reeled,100V,330 pF,,,,,,,Published
MLCC,Anti-Arcing High Voltage,FJ21N331K101ET,FJ,0805,NP0 (C0G); ±10%; Ag/Ni/Sn; 7-inch Reeled,100V,330 pF,,,,,,,Published
MLCC,Anti-Arcing High Voltage,FJ21N331K101EG,FJ,0805,NP0 (C0G); ±10%; Ag/Ni/Sn; 13-inch Reeled,100V,330 pF,,,,,,,Published
MLCC,Anti-Arcing High Voltage,FJ21N331K202PT,FJ,0805,NP0 (C0G); ±10%; Pd/Ag; 7-inch Reeled,2000V,330 pF,,,,,,,Published
MLCC,Anti-Arcing High Voltage,FJ21N331K202PG,FJ,0805,NP0 (C0G); ±10%; Pd/Ag; 13-inch Reeled,2000V,330 pF,,,,,,,Published
MLCC,Anti-Arcing High Voltage,FJ21N331K202ET,FJ,0805,NP0 (C0G); ±10%; Ag/Ni/Sn; 7-inch Reeled,2000V,330 pF,,,,,,,Published
MLCC,Anti-Arcing High Voltage,FJ21N331K202EG,FJ,0805,NP0 (C0G); ±10%; Ag/Ni/Sn; 13-inch Reeled,2000V,330 pF,,,,,,,Published
MLCC,Anti-Arcing High Voltage,FJ21N332J101PT,FJ,0805,NP0 (C0G); ±5%; Pd/Ag; 7-inch Reeled,100V,3.3 nF,,,,,,,Published
MLCC,Anti-Arcing High Voltage,FJ21N332J101PG,FJ,0805,NP0 (C0G); ±5%; Pd/Ag; 13-inch Reeled,100V,3.3 nF,,,,,,,Published
MLCC,Anti-Arcing High Voltage,FJ21N332J101ET,FJ,0805,NP0 (C0G); ±5%; Ag/Ni/Sn; 7-inch Reeled,100V,3.3 nF,,,,,,,Published
MLCC,Anti-Arcing High Voltage,FJ21N332J101EG,FJ,0805,NP0 (C0G); ±5%; Ag/Ni/Sn; 13-inch Reeled,100V,3.3 nF,,,,,,,Published
MLCC,Anti-Arcing High Voltage,FJ21N332J202PT,FJ,0805,NP0 (C0G); ±5%; Pd/Ag; 7-inch Reeled,2000V,3.3 nF,,,,,,,Published
MLCC,Anti-Arcing High Voltage,FJ21N332J202PG,FJ,0805,NP0 (C0G); ±5%; Pd/Ag; 13-inch Reeled,2000V,3.3 nF,,,,,,,Published
MLCC,Anti-Arcing High Voltage,FJ21N332J202ET,FJ,0805,NP0 (C0G); ±5%; Ag/Ni/Sn; 7-inch Reeled,2000V,3.3 nF,,,,,,,Published
MLCC,Anti-Arcing High Voltage,FJ21N332J202EG,FJ,0805,NP0 (C0G); ±5%; Ag/Ni/Sn; 13-inch Reeled,2000V,3.3 nF,,,,,,,Published
MLCC,Anti-Arcing High Voltage,FJ21N332K101PT,FJ,0805,NP0 (C0G); ±10%; Pd/Ag; 7-inch Reeled,100V,3.3 nF,,,,,,,Published
MLCC,Anti-Arcing High Voltage,FJ21N332K101PG,FJ,0805,NP0 (C0G); ±10%; Pd/Ag; 13-inch Reeled,100V,3.3 nF,,,,,,,Published
MLCC,Anti-Arcing High Voltage,FJ21N332K101ET,FJ,0805,NP0 (C0G); ±10%; Ag/Ni/Sn; 7-inch Reeled,100V,3.3 nF,,,,,,,Published
MLCC,Anti-Arcing High Voltage,FJ21N332K101EG,FJ,0805,NP0 (C0G); ±10%; Ag/Ni/Sn; 13-inch Reeled,100V,3.3 nF,,,,,,,Published
MLCC,Anti-Arcing High Voltage,FJ21N332K202PT,FJ,0805,NP0 (C0G); ±10%; Pd/Ag; 7-inch Reeled,2000V,3.3 nF,,,,,,,Published
MLCC,Anti-Arcing High Voltage,FJ21N332K202PG,FJ,0805,NP0 (C0G); ±10%; Pd/Ag; 13-inch Reeled,2000V,3.3 nF,,,,,,,Published
MLCC,Anti-Arcing High Voltage,FJ21N332K202ET,FJ,0805,NP0 (C0G); ±10%; Ag/Ni/Sn; 7-inch Reeled,2000V,3.3 nF,,,,,,,Published
MLCC,Anti-Arcing High Voltage,FJ21N332K202EG,FJ,0805,NP0 (C0G); ±10%; Ag/Ni/Sn; 13-inch Reeled,2000V,3.3 nF,,,,,,,Published
MLCC,Anti-Arcing High Voltage,FJ21N333J101PT,FJ,0805,NP0 (C0G); ±5%; Pd/Ag; 7-inch Reeled,100V,33 nF,,,,,,,Published
MLCC,Anti-Arcing High Voltage,FJ21N333J101PG,FJ,0805,NP0 (C0G); ±5%; Pd/Ag; 13-inch Reeled,100V,33 nF,,,,,,,Published
MLCC,Anti-Arcing High Voltage,FJ21N333J101ET,FJ,0805,NP0 (C0G); ±5%; Ag/Ni/Sn; 7-inch Reeled,100V,33 nF,,,,,,,Published
MLCC,Anti-Arcing High Voltage,FJ21N333J101EG,FJ,0805,NP0 (C0G); ±5%; Ag/Ni/Sn; 13-inch Reeled,100V,33 nF,,,,,,,Published
MLCC,Anti-Arcing High Voltage,FJ21N333J202PT,FJ,0805,NP0 (C0G); ±5%; Pd/Ag; 7-inch Reeled,2000V,33 nF,,,,,,,Published
MLCC,Anti-Arcing High Voltage,FJ21N333J202PG,FJ,0805,NP0 (C0G); ±5%; Pd/Ag; 13-inch Reeled,2000V,33 nF,,,,,,,Published
MLCC,Anti-Arcing High Voltage,FJ21N333J202ET,FJ,0805,NP0 (C0G); ±5%; Ag/Ni/Sn; 7-inch Reeled,2000V,33 nF,,,,,,,Published
MLCC,Anti-Arcing High Voltage,FJ21N333J202EG,FJ,0805,NP0 (C0G); ±5%; Ag/Ni/Sn; 13-inch Reeled,2000V,33 nF,,,,,,,Published
MLCC,Anti-Arcing High Voltage,FJ21N333K101PT,FJ,0805,NP0 (C0G); ±10%; Pd/Ag; 7-inch Reeled,100V,33 nF,,,,,,,Published
MLCC,Anti-Arcing High Voltage,FJ21N333K101PG,FJ,0805,NP0 (C0G); ±10%; Pd/Ag; 13-inch Reeled,100V,33 nF,,,,,,,Published
MLCC,Anti-Arcing High Voltage,FJ21N333K101ET,FJ,0805,NP0 (C0G); ±10%; Ag/Ni/Sn; 7-inch Reeled,100V,33 nF,,,,,,,Published
MLCC,Anti-Arcing High Voltage,FJ21N333K101EG,FJ,0805,NP0 (C0G); ±10%; Ag/Ni/Sn; 13-inch Reeled,100V,33 nF,,,,,,,Published
MLCC,Anti-Arcing High Voltage,FJ21N333K202PT,FJ,0805,NP0 (C0G); ±10%; Pd/Ag; 7-inch Reeled,2000V,33 nF,,,,,,,Published
MLCC,Anti-Arcing High Voltage,FJ21N333K202PG,FJ,0805,NP0 (C0G); ±10%; Pd/Ag; 13-inch Reeled,2000V,33 nF,,,,,,,Published
MLCC,Anti-Arcing High Voltage,FJ21N333K202ET,FJ,0805,NP0 (C0G); ±10%; Ag/Ni/Sn; 7-inch Reeled,2000V,33 nF,,,,,,,Published
MLCC,Anti-Arcing High Voltage,FJ21N333K202EG,FJ,0805,NP0 (C0G); ±10%; Ag/Ni/Sn; 13-inch Reeled,2000V,33 nF,,,,,,,Published
MLCC,Anti-Arcing High Voltage,FJ21N334J101PT,FJ,0805,NP0 (C0G); ±5%; Pd/Ag; 7-inch Reeled,100V,330 nF,,,,,,,Published
MLCC,Anti-Arcing High Voltage,FJ21N334J101PG,FJ,0805,NP0 (C0G); ±5%; Pd/Ag; 13-inch Reeled,100V,330 nF,,,,,,,Published
MLCC,Anti-Arcing High Voltage,FJ21N334J101ET,FJ,0805,NP0 (C0G); ±5%; Ag/Ni/Sn; 7-inch Reeled,100V,330 nF,,,,,,,Published
MLCC,Anti-Arcing High Voltage,FJ21N334J101EG,FJ,0805,NP0 (C0G); ±5%; Ag/Ni/Sn; 13-inch Reeled,100V,330 nF,,,,,,,Published
MLCC,Anti-Arcing High Voltage,FJ21N334J202PT,FJ,0805,NP0 (C0G); ±5%; Pd/Ag; 7-inch Reeled,2000V,330 nF,,,,,,,Published
MLCC,Anti-Arcing High Voltage,FJ21N334J202PG,FJ,0805,NP0 (C0G); ±5%; Pd/Ag; 13-inch Reeled,2000V,330 nF,,,,,,,Published
MLCC,Anti-Arcing High Voltage,FJ21N334J202ET,FJ,0805,NP0 (C0G); ±5%; Ag/Ni/Sn; 7-inch Reeled,2000V,330 nF,,,,,,,Published
MLCC,Anti-Arcing High Voltage,FJ21N334J202EG,FJ,0805,NP0 (C0G); ±5%; Ag/Ni/Sn; 13-inch Reeled,2000V,330 nF,,,,,,,Published
MLCC,Anti-Arcing High Voltage,FJ21N334K101PT,FJ,0805,NP0 (C0G); ±10%; Pd/Ag; 7-inch Reeled,100V,330 nF,,,,,,,Published
MLCC,Anti-Arcing High Voltage,FJ21N334K101PG,FJ,0805,NP0 (C0G); ±10%; Pd/Ag; 13-inch Reeled,100V,330 nF,,,,,,,Published
MLCC,Anti-Arcing High Voltage,FJ21N334K101ET,FJ,0805,NP0 (C0G); ±10%; Ag/Ni/Sn; 7-inch Reeled,100V,330 nF,,,,,,,Published
MLCC,Anti-Arcing High Voltage,FJ21N334K101EG,FJ,0805,NP0 (C0G); ±10%; Ag/Ni/Sn; 13-inch Reeled,100V,330 nF,,,,,,,Published
MLCC,Anti-Arcing High Voltage,FJ21N334K202PT,FJ,0805,NP0 (C0G); ±10%; Pd/Ag; 7-inch Reeled,2000V,330 nF,,,,,,,Published
MLCC,Anti-Arcing High Voltage,FJ21N334K202PG,FJ,0805,NP0 (C0G); ±10%; Pd/Ag; 13-inch Reeled,2000V,330 nF,,,,,,,Published
MLCC,Anti-Arcing High Voltage,FJ21N334K202ET,FJ,0805,NP0 (C0G); ±10%; Ag/Ni/Sn; 7-inch Reeled,2000V,330 nF,,,,,,,Published
MLCC,Anti-Arcing High Voltage,FJ21N334K202EG,FJ,0805,NP0 (C0G); ±10%; Ag/Ni/Sn; 13-inch Reeled,2000V,330 nF,,,,,,,Published
MLCC,Anti-Arcing High Voltage,FJ21N470J101PT,FJ,0805,NP0 (C0G); ±5%; Pd/Ag; 7-inch Reeled,100V,47 pF,,,,,,,Published
MLCC,Anti-Arcing High Voltage,FJ21N470J101PG,FJ,0805,NP0 (C0G); ±5%; Pd/Ag; 13-inch Reeled,100V,47 pF,,,,,,,Published
MLCC,Anti-Arcing High Voltage,FJ21N470J101ET,FJ,0805,NP0 (C0G); ±5%; Ag/Ni/Sn; 7-inch Reeled,100V,47 pF,,,,,,,Published
MLCC,Anti-Arcing High Voltage,FJ21N470J101EG,FJ,0805,NP0 (C0G); ±5%; Ag/Ni/Sn; 13-inch Reeled,100V,47 pF,,,,,,,Published
MLCC,Anti-Arcing High Voltage,FJ21N470J202PT,FJ,0805,NP0 (C0G); ±5%; Pd/Ag; 7-inch Reeled,2000V,47 pF,,,,,,,Published
MLCC,Anti-Arcing High Voltage,FJ21N470J202PG,FJ,0805,NP0 (C0G); ±5%; Pd/Ag; 13-inch Reeled,2000V,47 pF,,,,,,,Published
MLCC,Anti-Arcing High Voltage,FJ21N470J202ET,FJ,0805,NP0 (C0G); ±5%; Ag/Ni/Sn; 7-inch Reeled,2000V,47 pF,,,,,,,Published
MLCC,Anti-Arcing High Voltage,FJ21N470J202EG,FJ,0805,NP0 (C0G); ±5%; Ag/Ni/Sn; 13-inch Reeled,2000V,47 pF,,,,,,,Published
MLCC,Anti-Arcing High Voltage,FJ21N470K101PT,FJ,0805,NP0 (C0G); ±10%; Pd/Ag; 7-inch Reeled,100V,47 pF,,,,,,,Published
MLCC,Anti-Arcing High Voltage,FJ21N470K101PG,FJ,0805,NP0 (C0G); ±10%; Pd/Ag; 13-inch Reeled,100V,47 pF,,,,,,,Published
MLCC,Anti-Arcing High Voltage,FJ21N470K101ET,FJ,0805,NP0 (C0G); ±10%; Ag/Ni/Sn; 7-inch Reeled,100V,47 pF,,,,,,,Published
MLCC,Anti-Arcing High Voltage,FJ21N470K101EG,FJ,0805,NP0 (C0G); ±10%; Ag/Ni/Sn; 13-inch Reeled,100V,47 pF,,,,,,,Published
MLCC,Anti-Arcing High Voltage,FJ21N470K202PT,FJ,0805,NP0 (C0G); ±10%; Pd/Ag; 7-inch Reeled,2000V,47 pF,,,,,,,Published
MLCC,Anti-Arcing High Voltage,FJ21N470K202PG,FJ,0805,NP0 (C0G); ±10%; Pd/Ag; 13-inch Reeled,2000V,47 pF,,,,,,,Published
MLCC,Anti-Arcing High Voltage,FJ21N470K202ET,FJ,0805,NP0 (C0G); ±10%; Ag/Ni/Sn; 7-inch Reeled,2000V,47 pF,,,,,,,Published
MLCC,Anti-Arcing High Voltage,FJ21N470K202EG,FJ,0805,NP0 (C0G); ±10%; Ag/Ni/Sn; 13-inch Reeled,2000V,47 pF,,,,,,,Published
MLCC,Anti-Arcing High Voltage,FJ21N471J101PT,FJ,0805,NP0 (C0G); ±5%; Pd/Ag; 7-inch Reeled,100V,470 pF,,,,,,,Published
MLCC,Anti-Arcing High Voltage,FJ21N471J101PG,FJ,0805,NP0 (C0G); ±5%; Pd/Ag; 13-inch Reeled,100V,470 pF,,,,,,,Published
MLCC,Anti-Arcing High Voltage,FJ21N471J101ET,FJ,0805,NP0 (C0G); ±5%; Ag/Ni/Sn; 7-inch Reeled,100V,470 pF,,,,,,,Published
MLCC,Anti-Arcing High Voltage,FJ21N471J101EG,FJ,0805,NP0 (C0G); ±5%; Ag/Ni/Sn; 13-inch Reeled,100V,470 pF,,,,,,,Published
MLCC,Anti-Arcing High Voltage,FJ21N471J202PT,FJ,0805,NP0 (C0G); ±5%; Pd/Ag; 7-inch Reeled,2000V,470 pF,,,,,,,Published
MLCC,Anti-Arcing High Voltage,FJ21N471J202PG,FJ,0805,NP0 (C0G); ±5%; Pd/Ag; 13-inch Reeled,2000V,470 pF,,,,,,,Published
MLCC,Anti-Arcing High Voltage,FJ21N471J202ET,FJ,0805,NP0 (C0G); ±5%; Ag/Ni/Sn; 7-inch Reeled,2000V,470 pF,,,,,,,Published
MLCC,Anti-Arcing High Voltage,FJ21N471J202EG,FJ,0805,NP0 (C0G); ±5%; Ag/Ni/Sn; 13-inch Reeled,2000V,470 pF,,,,,,,Published
MLCC,Anti-Arcing High Voltage,FJ21N471K101PT,FJ,0805,NP0 (C0G); ±10%; Pd/Ag; 7-inch Reeled,100V,470 pF,,,,,,,Published
MLCC,Anti-Arcing High Voltage,FJ21N471K101PG,FJ,0805,NP0 (C0G); ±10%; Pd/Ag; 13-inch Reeled,100V,470 pF,,,,,,,Published
MLCC,Anti-Arcing High Voltage,FJ21N471K101ET,FJ,0805,NP0 (C0G); ±10%; Ag/Ni/Sn; 7-inch Reeled,100V,470 pF,,,,,,,Published
MLCC,Anti-Arcing High Voltage,FJ21N471K101EG,FJ,0805,NP0 (C0G); ±10%; Ag/Ni/Sn; 13-inch Reeled,100V,470 pF,,,,,,,Published
MLCC,Anti-Arcing High Voltage,FJ21N471K202PT,FJ,0805,NP0 (C0G); ±10%; Pd/Ag; 7-inch Reeled,2000V,470 pF,,,,,,,Published
MLCC,Anti-Arcing High Voltage,FJ21N471K202PG,FJ,0805,NP0 (C0G); ±10%; Pd/Ag; 13-inch Reeled,2000V,470 pF,,,,,,,Published
MLCC,Anti-Arcing High Voltage,FJ21N471K202ET,FJ,0805,NP0 (C0G); ±10%; Ag/Ni/Sn; 7-inch Reeled,2000V,470 pF,,,,,,,Published
MLCC,Anti-Arcing High Voltage,FJ21N471K202EG,FJ,0805,NP0 (C0G); ±10%; Ag/Ni/Sn; 13-inch Reeled,2000V,470 pF,,,,,,,Published
MLCC,Anti-Arcing High Voltage,FJ21N472J101PT,FJ,0805,NP0 (C0G); ±5%; Pd/Ag; 7-inch Reeled,100V,4.7 nF,,,,,,,Published
MLCC,Anti-Arcing High Voltage,FJ21N472J101PG,FJ,0805,NP0 (C0G); ±5%; Pd/Ag; 13-inch Reeled,100V,4.7 nF,,,,,,,Published
MLCC,Anti-Arcing High Voltage,FJ21N472J101ET,FJ,0805,NP0 (C0G); ±5%; Ag/Ni/Sn; 7-inch Reeled,100V,4.7 nF,,,,,,,Published
MLCC,Anti-Arcing High Voltage,FJ21N472J101EG,FJ,0805,NP0 (C0G); ±5%; Ag/Ni/Sn; 13-inch Reeled,100V,4.7 nF,,,,,,,Published
MLCC,Anti-Arcing High Voltage,FJ21N472J202PT,FJ,0805,NP0 (C0G); ±5%; Pd/Ag; 7-inch Reeled,2000V,4.7 nF,,,,,,,Published
MLCC,Anti-Arcing High Voltage,FJ21N472J202PG,FJ,0805,NP0 (C0G); ±5%; Pd/Ag; 13-inch Reeled,2000V,4.7 nF,,,,,,,Published
MLCC,Anti-Arcing High Voltage,FJ21N472J202ET,FJ,0805,NP0 (C0G); ±5%; Ag/Ni/Sn; 7-inch Reeled,2000V,4.7 nF,,,,,,,Published
MLCC,Anti-Arcing High Voltage,FJ21N472J202EG,FJ,0805,NP0 (C0G); ±5%; Ag/Ni/Sn; 13-inch Reeled,2000V,4.7 nF,,,,,,,Published
MLCC,Anti-Arcing High Voltage,FJ21N472K101PT,FJ,0805,NP0 (C0G); ±10%; Pd/Ag; 7-inch Reeled,100V,4.7 nF,,,,,,,Published
MLCC,Anti-Arcing High Voltage,FJ21N472K101PG,FJ,0805,NP0 (C0G); ±10%; Pd/Ag; 13-inch Reeled,100V,4.7 nF,,,,,,,Published
MLCC,Anti-Arcing High Voltage,FJ21N472K101ET,FJ,0805,NP0 (C0G); ±10%; Ag/Ni/Sn; 7-inch Reeled,100V,4.7 nF,,,,,,,Published
MLCC,Anti-Arcing High Voltage,FJ21N472K101EG,FJ,0805,NP0 (C0G); ±10%; Ag/Ni/Sn; 13-inch Reeled,100V,4.7 nF,,,,,,,Published
MLCC,Anti-Arcing High Voltage,FJ21N472K202PT,FJ,0805,NP0 (C0G); ±10%; Pd/Ag; 7-inch Reeled,2000V,4.7 nF,,,,,,,Published
MLCC,Anti-Arcing High Voltage,FJ21N472K202PG,FJ,0805,NP0 (C0G); ±10%; Pd/Ag; 13-inch Reeled,2000V,4.7 nF,,,,,,,Published
MLCC,Anti-Arcing High Voltage,FJ21N472K202ET,FJ,0805,NP0 (C0G); ±10%; Ag/Ni/Sn; 7-inch Reeled,2000V,4.7 nF,,,,,,,Published
MLCC,Anti-Arcing High Voltage,FJ21N472K202EG,FJ,0805,NP0 (C0G); ±10%; Ag/Ni/Sn; 13-inch Reeled,2000V,4.7 nF,,,,,,,Published
MLCC,Anti-Arcing High Voltage,FJ21N473J101PT,FJ,0805,NP0 (C0G); ±5%; Pd/Ag; 7-inch Reeled,100V,47 nF,,,,,,,Published
MLCC,Anti-Arcing High Voltage,FJ21N473J101PG,FJ,0805,NP0 (C0G); ±5%; Pd/Ag; 13-inch Reeled,100V,47 nF,,,,,,,Published
MLCC,Anti-Arcing High Voltage,FJ21N473J101ET,FJ,0805,NP0 (C0G); ±5%; Ag/Ni/Sn; 7-inch Reeled,100V,47 nF,,,,,,,Published
MLCC,Anti-Arcing High Voltage,FJ21N473J101EG,FJ,0805,NP0 (C0G); ±5%; Ag/Ni/Sn; 13-inch Reeled,100V,47 nF,,,,,,,Published
MLCC,Anti-Arcing High Voltage,FJ21N473J202PT,FJ,0805,NP0 (C0G); ±5%; Pd/Ag; 7-inch Reeled,2000V,47 nF,,,,,,,Published
MLCC,Anti-Arcing High Voltage,FJ21N473J202PG,FJ,0805,NP0 (C0G); ±5%; Pd/Ag; 13-inch Reeled,2000V,47 nF,,,,,,,Published
MLCC,Anti-Arcing High Voltage,FJ21N473J202ET,FJ,0805,NP0 (C0G); ±5%; Ag/Ni/Sn; 7-inch Reeled,2000V,47 nF,,,,,,,Published
MLCC,Anti-Arcing High Voltage,FJ21N473J202EG,FJ,0805,NP0 (C0G); ±5%; Ag/Ni/Sn; 13-inch Reeled,2000V,47 nF,,,,,,,Published
MLCC,Anti-Arcing High Voltage,FJ21N473K101PT,FJ,0805,NP0 (C0G); ±10%; Pd/Ag; 7-inch Reeled,100V,47 nF,,,,,,,Published
MLCC,Anti-Arcing High Voltage,FJ21N473K101PG,FJ,0805,NP0 (C0G); ±10%; Pd/Ag; 13-inch Reeled,100V,47 nF,,,,,,,Published
MLCC,Anti-Arcing High Voltage,FJ21N473K101ET,FJ,0805,NP0 (C0G); ±10%; Ag/Ni/Sn; 7-inch Reeled,100V,47 nF,,,,,,,Published
MLCC,Anti-Arcing High Voltage,FJ21N473K101EG,FJ,0805,NP0 (C0G); ±10%; Ag/Ni/Sn; 13-inch Reeled,100V,47 nF,,,,,,,Published
MLCC,Anti-Arcing High Voltage,FJ21N473K202PT,FJ,0805,NP0 (C0G); ±10%; Pd/Ag; 7-inch Reeled,2000V,47 nF,,,,,,,Published
MLCC,Anti-Arcing High Voltage,FJ21N473K202PG,FJ,0805,NP0 (C0G); ±10%; Pd/Ag; 13-inch Reeled,2000V,47 nF,,,,,,,Published
MLCC,Anti-Arcing High Voltage,FJ21N473K202ET,FJ,0805,NP0 (C0G); ±10%; Ag/Ni/Sn; 7-inch Reeled,2000V,47 nF,,,,,,,Published
MLCC,Anti-Arcing High Voltage,FJ21N473K202EG,FJ,0805,NP0 (C0G); ±10%; Ag/Ni/Sn; 13-inch Reeled,2000V,47 nF,,,,,,,Published
MLCC,Anti-Arcing High Voltage,FJ21N474J101PT,FJ,0805,NP0 (C0G); ±5%; Pd/Ag; 7-inch Reeled,100V,470 nF,,,,,,,Published
MLCC,Anti-Arcing High Voltage,FJ21N474J101PG,FJ,0805,NP0 (C0G); ±5%; Pd/Ag; 13-inch Reeled,100V,470 nF,,,,,,,Published
MLCC,Anti-Arcing High Voltage,FJ21N474J101ET,FJ,0805,NP0 (C0G); ±5%; Ag/Ni/Sn; 7-inch Reeled,100V,470 nF,,,,,,,Published
MLCC,Anti-Arcing High Voltage,FJ21N474J101EG,FJ,0805,NP0 (C0G); ±5%; Ag/Ni/Sn; 13-inch Reeled,100V,470 nF,,,,,,,Published
MLCC,Anti-Arcing High Voltage,FJ21N474J202PT,FJ,0805,NP0 (C0G); ±5%; Pd/Ag; 7-inch Reeled,2000V,470 nF,,,,,,,Published
MLCC,Anti-Arcing High Voltage,FJ21N474J202PG,FJ,0805,NP0 (C0G); ±5%; Pd/Ag; 13-inch Reeled,2000V,470 nF,,,,,,,Published
MLCC,Anti-Arcing High Voltage,FJ21N474J202ET,FJ,0805,NP0 (C0G); ±5%; Ag/Ni/Sn; 7-inch Reeled,2000V,470 nF,,,,,,,Published
MLCC,Anti-Arcing High Voltage,FJ21N474J202EG,FJ,0805,NP0 (C0G); ±5%; Ag/Ni/Sn; 13-inch Reeled,2000V,470 nF,,,,,,,Published
MLCC,Anti-Arcing High Voltage,FJ21N474K101PT,FJ,0805,NP0 (C0G); ±10%; Pd/Ag; 7-inch Reeled,100V,470 nF,,,,,,,Published
MLCC,Anti-Arcing High Voltage,FJ21N474K101PG,FJ,0805,NP0 (C0G); ±10%; Pd/Ag; 13-inch Reeled,100V,470 nF,,,,,,,Published
MLCC,Anti-Arcing High Voltage,FJ21N474K101ET,FJ,0805,NP0 (C0G); ±10%; Ag/Ni/Sn; 7-inch Reeled,100V,470 nF,,,,,,,Published
MLCC,Anti-Arcing High Voltage,FJ21N474K101EG,FJ,0805,NP0 (C0G); ±10%; Ag/Ni/Sn; 13-inch Reeled,100V,470 nF,,,,,,,Published
MLCC,Anti-Arcing High Voltage,FJ21N474K202PT,FJ,0805,NP0 (C0G); ±10%; Pd/Ag; 7-inch Reeled,2000V,470 nF,,,,,,,Published
MLCC,Anti-Arcing High Voltage,FJ21N474K202PG,FJ,0805,NP0 (C0G); ±10%; Pd/Ag; 13-inch Reeled,2000V,470 nF,,,,,,,Published
MLCC,Anti-Arcing High Voltage,FJ21N474K202ET,FJ,0805,NP0 (C0G); ±10%; Ag/Ni/Sn; 7-inch Reeled,2000V,470 nF,,,,,,,Published
MLCC,Anti-Arcing High Voltage,FJ21N474K202EG,FJ,0805,NP0 (C0G); ±10%; Ag/Ni/Sn; 13-inch Reeled,2000V,470 nF,,,,,,,Published
MLCC,Anti-Arcing High Voltage,FJ21N680J101PT,FJ,0805,NP0 (C0G); ±5%; Pd/Ag; 7-inch Reeled,100V,68 pF,,,,,,,Published
MLCC,Anti-Arcing High Voltage,FJ21N680J101PG,FJ,0805,NP0 (C0G); ±5%; Pd/Ag; 13-inch Reeled,100V,68 pF,,,,,,,Published
MLCC,Anti-Arcing High Voltage,FJ21N680J101ET,FJ,0805,NP0 (C0G); ±5%; Ag/Ni/Sn; 7-inch Reeled,100V,68 pF,,,,,,,Published
MLCC,Anti-Arcing High Voltage,FJ21N680J101EG,FJ,0805,NP0 (C0G); ±5%; Ag/Ni/Sn; 13-inch Reeled,100V,68 pF,,,,,,,Published
MLCC,Anti-Arcing High Voltage,FJ21N680J202PT,FJ,0805,NP0 (C0G); ±5%; Pd/Ag; 7-inch Reeled,2000V,68 pF,,,,,,,Published
MLCC,Anti-Arcing High Voltage,FJ21N680J202PG,FJ,0805,NP0 (C0G); ±5%; Pd/Ag; 13-inch Reeled,2000V,68 pF,,,,,,,Published
MLCC,Anti-Arcing High Voltage,FJ21N680J202ET,FJ,0805,NP0 (C0G); ±5%; Ag/Ni/Sn; 7-inch Reeled,2000V,68 pF,,,,,,,Published
MLCC,Anti-Arcing High Voltage,FJ21N680J202EG,FJ,0805,NP0 (C0G); ±5%; Ag/Ni/Sn; 13-inch Reeled,2000V,68 pF,,,,,,,Published
MLCC,Anti-Arcing High Voltage,FJ21N680K101PT,FJ,0805,NP0 (C0G); ±10%; Pd/Ag; 7-inch Reeled,100V,68 pF,,,,,,,Published
MLCC,Anti-Arcing High Voltage,FJ21N680K101PG,FJ,0805,NP0 (C0G); ±10%; Pd/Ag; 13-inch Reeled,100V,68 pF,,,,,,,Published
MLCC,Anti-Arcing High Voltage,FJ21N680K101ET,FJ,0805,NP0 (C0G); ±10%; Ag/Ni/Sn; 7-inch Reeled,100V,68 pF,,,,,,,Published
MLCC,Anti-Arcing High Voltage,FJ21N680K101EG,FJ,0805,NP0 (C0G); ±10%; Ag/Ni/Sn; 13-inch Reeled,100V,68 pF,,,,,,,Published
MLCC,Anti-Arcing High Voltage,FJ21N680K202PT,FJ,0805,NP0 (C0G); ±10%; Pd/Ag; 7-inch Reeled,2000V,68 pF,,,,,,,Published
MLCC,Anti-Arcing High Voltage,FJ21N680K202PG,FJ,0805,NP0 (C0G); ±10%; Pd/Ag; 13-inch Reeled,2000V,68 pF,,,,,,,Published
MLCC,Anti-Arcing High Voltage,FJ21N680K202ET,FJ,0805,NP0 (C0G); ±10%; Ag/Ni/Sn; 7-inch Reeled,2000V,68 pF,,,,,,,Published
MLCC,Anti-Arcing High Voltage,FJ21N680K202EG,FJ,0805,NP0 (C0G); ±10%; Ag/Ni/Sn; 13-inch Reeled,2000V,68 pF,,,,,,,Published
MLCC,Anti-Arcing High Voltage,FJ21N681J101PT,FJ,0805,NP0 (C0G); ±5%; Pd/Ag; 7-inch Reeled,100V,680 pF,,,,,,,Published
MLCC,Anti-Arcing High Voltage,FJ21N681J101PG,FJ,0805,NP0 (C0G); ±5%; Pd/Ag; 13-inch Reeled,100V,680 pF,,,,,,,Published
MLCC,Anti-Arcing High Voltage,FJ21N681J101ET,FJ,0805,NP0 (C0G); ±5%; Ag/Ni/Sn; 7-inch Reeled,100V,680 pF,,,,,,,Published
MLCC,Anti-Arcing High Voltage,FJ21N681J101EG,FJ,0805,NP0 (C0G); ±5%; Ag/Ni/Sn; 13-inch Reeled,100V,680 pF,,,,,,,Published
MLCC,Anti-Arcing High Voltage,FJ21N681J202PT,FJ,0805,NP0 (C0G); ±5%; Pd/Ag; 7-inch Reeled,2000V,680 pF,,,,,,,Published
MLCC,Anti-Arcing High Voltage,FJ21N681J202PG,FJ,0805,NP0 (C0G); ±5%; Pd/Ag; 13-inch Reeled,2000V,680 pF,,,,,,,Published
MLCC,Anti-Arcing High Voltage,FJ21N681J202ET,FJ,0805,NP0 (C0G); ±5%; Ag/Ni/Sn; 7-inch Reeled,2000V,680 pF,,,,,,,Published
MLCC,Anti-Arcing High Voltage,FJ21N681J202EG,FJ,0805,NP0 (C0G); ±5%; Ag/Ni/Sn; 13-inch Reeled,2000V,680 pF,,,,,,,Published
MLCC,Anti-Arcing High Voltage,FJ21N681K101PT,FJ,0805,NP0 (C0G); ±10%; Pd/Ag; 7-inch Reeled,100V,680 pF,,,,,,,Published
MLCC,Anti-Arcing High Voltage,FJ21N681K101PG,FJ,0805,NP0 (C0G); ±10%; Pd/Ag; 13-inch Reeled,100V,680 pF,,,,,,,Published
MLCC,Anti-Arcing High Voltage,FJ21N681K101ET,FJ,0805,NP0 (C0G); ±10%; Ag/Ni/Sn; 7-inch Reeled,100V,680 pF,,,,,,,Published
MLCC,Anti-Arcing High Voltage,FJ21N681K101EG,FJ,0805,NP0 (C0G); ±10%; Ag/Ni/Sn; 13-inch Reeled,100V,680 pF,,,,,,,Published
MLCC,Anti-Arcing High Voltage,FJ21N681K202PT,FJ,0805,NP0 (C0G); ±10%; Pd/Ag; 7-inch Reeled,2000V,680 pF,,,,,,,Published
MLCC,Anti-Arcing High Voltage,FJ21N681K202PG,FJ,0805,NP0 (C0G); ±10%; Pd/Ag; 13-inch Reeled,2000V,680 pF,,,,,,,Published
MLCC,Anti-Arcing High Voltage,FJ21N681K202ET,FJ,0805,NP0 (C0G); ±10%; Ag/Ni/Sn; 7-inch Reeled,2000V,680 pF,,,,,,,Published
MLCC,Anti-Arcing High Voltage,FJ21N681K202EG,FJ,0805,NP0 (C0G); ±10%; Ag/Ni/Sn; 13-inch Reeled,2000V,680 pF,,,,,,,Published
MLCC,Anti-Arcing High Voltage,FJ21N682J101PT,FJ,0805,NP0 (C0G); ±5%; Pd/Ag; 7-inch Reeled,100V,6.8 nF,,,,,,,Published
MLCC,Anti-Arcing High Voltage,FJ21N682J101PG,FJ,0805,NP0 (C0G); ±5%; Pd/Ag; 13-inch Reeled,100V,6.8 nF,,,,,,,Published
MLCC,Anti-Arcing High Voltage,FJ21N682J101ET,FJ,0805,NP0 (C0G); ±5%; Ag/Ni/Sn; 7-inch Reeled,100V,6.8 nF,,,,,,,Published
MLCC,Anti-Arcing High Voltage,FJ21N682J101EG,FJ,0805,NP0 (C0G); ±5%; Ag/Ni/Sn; 13-inch Reeled,100V,6.8 nF,,,,,,,Published
MLCC,Anti-Arcing High Voltage,FJ21N682J202PT,FJ,0805,NP0 (C0G); ±5%; Pd/Ag; 7-inch Reeled,2000V,6.8 nF,,,,,,,Published
MLCC,Anti-Arcing High Voltage,FJ21N682J202PG,FJ,0805,NP0 (C0G); ±5%; Pd/Ag; 13-inch Reeled,2000V,6.8 nF,,,,,,,Published
MLCC,Anti-Arcing High Voltage,FJ21N682J202ET,FJ,0805,NP0 (C0G); ±5%; Ag/Ni/Sn; 7-inch Reeled,2000V,6.8 nF,,,,,,,Published
MLCC,Anti-Arcing High Voltage,FJ21N682J202EG,FJ,0805,NP0 (C0G); ±5%; Ag/Ni/Sn; 13-inch Reeled,2000V,6.8 nF,,,,,,,Published
MLCC,Anti-Arcing High Voltage,FJ21N682K101PT,FJ,0805,NP0 (C0G); ±10%; Pd/Ag; 7-inch Reeled,100V,6.8 nF,,,,,,,Published
MLCC,Anti-Arcing High Voltage,FJ21N682K101PG,FJ,0805,NP0 (C0G); ±10%; Pd/Ag; 13-inch Reeled,100V,6.8 nF,,,,,,,Published
MLCC,Anti-Arcing High Voltage,FJ21N682K101ET,FJ,0805,NP0 (C0G); ±10%; Ag/Ni/Sn; 7-inch Reeled,100V,6.8 nF,,,,,,,Published
MLCC,Anti-Arcing High Voltage,FJ21N682K101EG,FJ,0805,NP0 (C0G); ±10%; Ag/Ni/Sn; 13-inch Reeled,100V,6.8 nF,,,,,,,Published
MLCC,Anti-Arcing High Voltage,FJ21N682K202PT,FJ,0805,NP0 (C0G); ±10%; Pd/Ag; 7-inch Reeled,2000V,6.8 nF,,,,,,,Published
MLCC,Anti-Arcing High Voltage,FJ21N682K202PG,FJ,0805,NP0 (C0G); ±10%; Pd/Ag; 13-inch Reeled,2000V,6.8 nF,,,,,,,Published
MLCC,Anti-Arcing High Voltage,FJ21N682K202ET,FJ,0805,NP0 (C0G); ±10%; Ag/Ni/Sn; 7-inch Reeled,2000V,6.8 nF,,,,,,,Published
MLCC,Anti-Arcing High Voltage,FJ21N682K202EG,FJ,0805,NP0 (C0G); ±10%; Ag/Ni/Sn; 13-inch Reeled,2000V,6.8 nF,,,,,,,Published
MLCC,Anti-Arcing High Voltage,FJ21N683J101PT,FJ,0805,NP0 (C0G); ±5%; Pd/Ag; 7-inch Reeled,100V,68 nF,,,,,,,Published
MLCC,Anti-Arcing High Voltage,FJ21N683J101PG,FJ,0805,NP0 (C0G); ±5%; Pd/Ag; 13-inch Reeled,100V,68 nF,,,,,,,Published
MLCC,Anti-Arcing High Voltage,FJ21N683J101ET,FJ,0805,NP0 (C0G); ±5%; Ag/Ni/Sn; 7-inch Reeled,100V,68 nF,,,,,,,Published
MLCC,Anti-Arcing High Voltage,FJ21N683J101EG,FJ,0805,NP0 (C0G); ±5%; Ag/Ni/Sn; 13-inch Reeled,100V,68 nF,,,,,,,Published
MLCC,Anti-Arcing High Voltage,FJ21N683J202PT,FJ,0805,NP0 (C0G); ±5%; Pd/Ag; 7-inch Reeled,2000V,68 nF,,,,,,,Published
MLCC,Anti-Arcing High Voltage,FJ21N683J202PG,FJ,0805,NP0 (C0G); ±5%; Pd/Ag; 13-inch Reeled,2000V,68 nF,,,,,,,Published
MLCC,Anti-Arcing High Voltage,FJ21N683J202ET,FJ,0805,NP0 (C0G); ±5%; Ag/Ni/Sn; 7-inch Reeled,2000V,68 nF,,,,,,,Published
MLCC,Anti-Arcing High Voltage,FJ21N683J202EG,FJ,0805,NP0 (C0G); ±5%; Ag/Ni/Sn; 13-inch Reeled,2000V,68 nF,,,,,,,Published
MLCC,Anti-Arcing High Voltage,FJ21N683K101PT,FJ,0805,NP0 (C0G); ±10%; Pd/Ag; 7-inch Reeled,100V,68 nF,,,,,,,Published
MLCC,Anti-Arcing High Voltage,FJ21N683K101PG,FJ,0805,NP0 (C0G); ±10%; Pd/Ag; 13-inch Reeled,100V,68 nF,,,,,,,Published
MLCC,Anti-Arcing High Voltage,FJ21N683K101ET,FJ,0805,NP0 (C0G); ±10%; Ag/Ni/Sn; 7-inch Reeled,100V,68 nF,,,,,,,Published
MLCC,Anti-Arcing High Voltage,FJ21N683K101EG,FJ,0805,NP0 (C0G); ±10%; Ag/Ni/Sn; 13-inch Reeled,100V,68 nF,,,,,,,Published
MLCC,Anti-Arcing High Voltage,FJ21N683K202PT,FJ,0805,NP0 (C0G); ±10%; Pd/Ag; 7-inch Reeled,2000V,68 nF,,,,,,,Published
MLCC,Anti-Arcing High Voltage,FJ21N683K202PG,FJ,0805,NP0 (C0G); ±10%; Pd/Ag; 13-inch Reeled,2000V,68 nF,,,,,,,Published
MLCC,Anti-Arcing High Voltage,FJ21N683K202ET,FJ,0805,NP0 (C0G); ±10%; Ag/Ni/Sn; 7-inch Reeled,2000V,68 nF,,,,,,,Published
MLCC,Anti-Arcing High Voltage,FJ21N683K202EG,FJ,0805,NP0 (C0G); ±10%; Ag/Ni/Sn; 13-inch Reeled,2000V,68 nF,,,,,,,Published
MLCC,Anti-Arcing High Voltage,FJ21N684J101PT,FJ,0805,NP0 (C0G); ±5%; Pd/Ag; 7-inch Reeled,100V,680 nF,,,,,,,Published
MLCC,Anti-Arcing High Voltage,FJ21N684J101PG,FJ,0805,NP0 (C0G); ±5%; Pd/Ag; 13-inch Reeled,100V,680 nF,,,,,,,Published
MLCC,Anti-Arcing High Voltage,FJ21N684J101ET,FJ,0805,NP0 (C0G); ±5%; Ag/Ni/Sn; 7-inch Reeled,100V,680 nF,,,,,,,Published
MLCC,Anti-Arcing High Voltage,FJ21N684J101EG,FJ,0805,NP0 (C0G); ±5%; Ag/Ni/Sn; 13-inch Reeled,100V,680 nF,,,,,,,Published
MLCC,Anti-Arcing High Voltage,FJ21N684J202PT,FJ,0805,NP0 (C0G); ±5%; Pd/Ag; 7-inch Reeled,2000V,680 nF,,,,,,,Published
MLCC,Anti-Arcing High Voltage,FJ21N684J202PG,FJ,0805,NP0 (C0G); ±5%; Pd/Ag; 13-inch Reeled,2000V,680 nF,,,,,,,Published
MLCC,Anti-Arcing High Voltage,FJ21N684J202ET,FJ,0805,NP0 (C0G); ±5%; Ag/Ni/Sn; 7-inch Reeled,2000V,680 nF,,,,,,,Published
MLCC,Anti-Arcing High Voltage,FJ21N684J202EG,FJ,0805,NP0 (C0G); ±5%; Ag/Ni/Sn; 13-inch Reeled,2000V,680 nF,,,,,,,Published
MLCC,Anti-Arcing High Voltage,FJ21N684K101PT,FJ,0805,NP0 (C0G); ±10%; Pd/Ag; 7-inch Reeled,100V,680 nF,,,,,,,Published
MLCC,Anti-Arcing High Voltage,FJ21N684K101PG,FJ,0805,NP0 (C0G); ±10%; Pd/Ag; 13-inch Reeled,100V,680 nF,,,,,,,Published
MLCC,Anti-Arcing High Voltage,FJ21N684K101ET,FJ,0805,NP0 (C0G); ±10%; Ag/Ni/Sn; 7-inch Reeled,100V,680 nF,,,,,,,Published
MLCC,Anti-Arcing High Voltage,FJ21N684K101EG,FJ,0805,NP0 (C0G); ±10%; Ag/Ni/Sn; 13-inch Reeled,100V,680 nF,,,,,,,Published
MLCC,Anti-Arcing High Voltage,FJ21N684K202PT,FJ,0805,NP0 (C0G); ±10%; Pd/Ag; 7-inch Reeled,2000V,680 nF,,,,,,,Published
MLCC,Anti-Arcing High Voltage,FJ21N684K202PG,FJ,0805,NP0 (C0G); ±10%; Pd/Ag; 13-inch Reeled,2000V,680 nF,,,,,,,Published
MLCC,Anti-Arcing High Voltage,FJ21N684K202ET,FJ,0805,NP0 (C0G); ±10%; Ag/Ni/Sn; 7-inch Reeled,2000V,680 nF,,,,,,,Published
MLCC,Anti-Arcing High Voltage,FJ21N684K202EG,FJ,0805,NP0 (C0G); ±10%; Ag/Ni/Sn; 13-inch Reeled,2000V,680 nF,,,,,,,Published
MLCC,Anti-Arcing High Voltage,FJ21X100J101PT,FJ,0805,X7R; ±5%; Pd/Ag; 7-inch Reeled,100V,10 pF,,,,,,,Published
MLCC,Anti-Arcing High Voltage,FJ21X100J101PG,FJ,0805,X7R; ±5%; Pd/Ag; 13-inch Reeled,100V,10 pF,,,,,,,Published
MLCC,Anti-Arcing High Voltage,FJ21X100J101ET,FJ,0805,X7R; ±5%; Ag/Ni/Sn; 7-inch Reeled,100V,10 pF,,,,,,,Published
MLCC,Anti-Arcing High Voltage,FJ21X100J101EG,FJ,0805,X7R; ±5%; Ag/Ni/Sn; 13-inch Reeled,100V,10 pF,,,,,,,Published
MLCC,Anti-Arcing High Voltage,FJ21X100J202PT,FJ,0805,X7R; ±5%; Pd/Ag; 7-inch Reeled,2000V,10 pF,,,,,,,Published
MLCC,Anti-Arcing High Voltage,FJ21X100J202PG,FJ,0805,X7R; ±5%; Pd/Ag; 13-inch Reeled,2000V,10 pF,,,,,,,Published
MLCC,Anti-Arcing High Voltage,FJ21X100J202ET,FJ,0805,X7R; ±5%; Ag/Ni/Sn; 7-inch Reeled,2000V,10 pF,,,,,,,Published
MLCC,Anti-Arcing High Voltage,FJ21X100J202EG,FJ,0805,X7R; ±5%; Ag/Ni/Sn; 13-inch Reeled,2000V,10 pF,,,,,,,Published
MLCC,Anti-Arcing High Voltage,FJ21X100K101PT,FJ,0805,X7R; ±10%; Pd/Ag; 7-inch Reeled,100V,10 pF,,,,,,,Published
MLCC,Anti-Arcing High Voltage,FJ21X100K101PG,FJ,0805,X7R; ±10%; Pd/Ag; 13-inch Reeled,100V,10 pF,,,,,,,Published
MLCC,Anti-Arcing High Voltage,FJ21X100K101ET,FJ,0805,X7R; ±10%; Ag/Ni/Sn; 7-inch Reeled,100V,10 pF,,,,,,,Published
MLCC,Anti-Arcing High Voltage,FJ21X100K101EG,FJ,0805,X7R; ±10%; Ag/Ni/Sn; 13-inch Reeled,100V,10 pF,,,,,,,Published
MLCC,Anti-Arcing High Voltage,FJ21X100K202PT,FJ,0805,X7R; ±10%; Pd/Ag; 7-inch Reeled,2000V,10 pF,,,,,,,Published
MLCC,Anti-Arcing High Voltage,FJ21X100K202PG,FJ,0805,X7R; ±10%; Pd/Ag; 13-inch Reeled,2000V,10 pF,,,,,,,Published
MLCC,Anti-Arcing High Voltage,FJ21X100K202ET,FJ,0805,X7R; ±10%; Ag/Ni/Sn; 7-inch Reeled,2000V,10 pF,,,,,,,Published
MLCC,Anti-Arcing High Voltage,FJ21X100K202EG,FJ,0805,X7R; ±10%; Ag/Ni/Sn; 13-inch Reeled,2000V,10 pF,,,,,,,Published
MLCC,Anti-Arcing High Voltage,FJ21X100M101PT,FJ,0805,X7R; ±20%; Pd/Ag; 7-inch Reeled,100V,10 pF,,,,,,,Published
MLCC,Anti-Arcing High Voltage,FJ21X100M101PG,FJ,0805,X7R; ±20%; Pd/Ag; 13-inch Reeled,100V,10 pF,,,,,,,Published
MLCC,Anti-Arcing High Voltage,FJ21X100M101ET,FJ,0805,X7R; ±20%; Ag/Ni/Sn; 7-inch Reeled,100V,10 pF,,,,,,,Published
MLCC,Anti-Arcing High Voltage,FJ21X100M101EG,FJ,0805,X7R; ±20%; Ag/Ni/Sn; 13-inch Reeled,100V,10 pF,,,,,,,Published
MLCC,Anti-Arcing High Voltage,FJ21X100M202PT,FJ,0805,X7R; ±20%; Pd/Ag; 7-inch Reeled,2000V,10 pF,,,,,,,Published
MLCC,Anti-Arcing High Voltage,FJ21X100M202PG,FJ,0805,X7R; ±20%; Pd/Ag; 13-inch Reeled,2000V,10 pF,,,,,,,Published
MLCC,Anti-Arcing High Voltage,FJ21X100M202ET,FJ,0805,X7R; ±20%; Ag/Ni/Sn; 7-inch Reeled,2000V,10 pF,,,,,,,Published
MLCC,Anti-Arcing High Voltage,FJ21X100M202EG,FJ,0805,X7R; ±20%; Ag/Ni/Sn; 13-inch Reeled,2000V,10 pF,,,,,,,Published
MLCC,Anti-Arcing High Voltage,FJ21X101J101PT,FJ,0805,X7R; ±5%; Pd/Ag; 7-inch Reeled,100V,100 pF,,,,,,,Published
MLCC,Anti-Arcing High Voltage,FJ21X101J101PG,FJ,0805,X7R; ±5%; Pd/Ag; 13-inch Reeled,100V,100 pF,,,,,,,Published
MLCC,Anti-Arcing High Voltage,FJ21X101J101ET,FJ,0805,X7R; ±5%; Ag/Ni/Sn; 7-inch Reeled,100V,100 pF,,,,,,,Published
MLCC,Anti-Arcing High Voltage,FJ21X101J101EG,FJ,0805,X7R; ±5%; Ag/Ni/Sn; 13-inch Reeled,100V,100 pF,,,,,,,Published
MLCC,Anti-Arcing High Voltage,FJ21X101J202PT,FJ,0805,X7R; ±5%; Pd/Ag; 7-inch Reeled,2000V,100 pF,,,,,,,Published
MLCC,Anti-Arcing High Voltage,FJ21X101J202PG,FJ,0805,X7R; ±5%; Pd/Ag; 13-inch Reeled,2000V,100 pF,,,,,,,Published
MLCC,Anti-Arcing High Voltage,FJ21X101J202ET,FJ,0805,X7R; ±5%; Ag/Ni/Sn; 7-inch Reeled,2000V,100 pF,,,,,,,Published
MLCC,Anti-Arcing High Voltage,FJ21X101J202EG,FJ,0805,X7R; ±5%; Ag/Ni/Sn; 13-inch Reeled,2000V,100 pF,,,,,,,Published
MLCC,Anti-Arcing High Voltage,FJ21X101K101PT,FJ,0805,X7R; ±10%; Pd/Ag; 7-inch Reeled,100V,100 pF,,,,,,,Published
MLCC,Anti-Arcing High Voltage,FJ21X101K101PG,FJ,0805,X7R; ±10%; Pd/Ag; 13-inch Reeled,100V,100 pF,,,,,,,Published
MLCC,Anti-Arcing High Voltage,FJ21X101K101ET,FJ,0805,X7R; ±10%; Ag/Ni/Sn; 7-inch Reeled,100V,100 pF,,,,,,,Published
MLCC,Anti-Arcing High Voltage,FJ21X101K101EG,FJ,0805,X7R; ±10%; Ag/Ni/Sn; 13-inch Reeled,100V,100 pF,,,,,,,Published
MLCC,Anti-Arcing High Voltage,FJ21X101K202PT,FJ,0805,X7R; ±10%; Pd/Ag; 7-inch Reeled,2000V,100 pF,,,,,,,Published
MLCC,Anti-Arcing High Voltage,FJ21X101K202PG,FJ,0805,X7R; ±10%; Pd/Ag; 13-inch Reeled,2000V,100 pF,,,,,,,Published
MLCC,Anti-Arcing High Voltage,FJ21X101K202ET,FJ,0805,X7R; ±10%; Ag/Ni/Sn; 7-inch Reeled,2000V,100 pF,,,,,,,Published
MLCC,Anti-Arcing High Voltage,FJ21X101K202EG,FJ,0805,X7R; ±10%; Ag/Ni/Sn; 13-inch Reeled,2000V,100 pF,,,,,,,Published
MLCC,Anti-Arcing High Voltage,FJ21X101M101PT,FJ,0805,X7R; ±20%; Pd/Ag; 7-inch Reeled,100V,100 pF,,,,,,,Published
MLCC,Anti-Arcing High Voltage,FJ21X101M101PG,FJ,0805,X7R; ±20%; Pd/Ag; 13-inch Reeled,100V,100 pF,,,,,,,Published
MLCC,Anti-Arcing High Voltage,FJ21X101M101ET,FJ,0805,X7R; ±20%; Ag/Ni/Sn; 7-inch Reeled,100V,100 pF,,,,,,,Published
MLCC,Anti-Arcing High Voltage,FJ21X101M101EG,FJ,0805,X7R; ±20%; Ag/Ni/Sn; 13-inch Reeled,100V,100 pF,,,,,,,Published
MLCC,Anti-Arcing High Voltage,FJ21X101M202PT,FJ,0805,X7R; ±20%; Pd/Ag; 7-inch Reeled,2000V,100 pF,,,,,,,Published
MLCC,Anti-Arcing High Voltage,FJ21X101M202PG,FJ,0805,X7R; ±20%; Pd/Ag; 13-inch Reeled,2000V,100 pF,,,,,,,Published
MLCC,Anti-Arcing High Voltage,FJ21X101M202ET,FJ,0805,X7R; ±20%; Ag/Ni/Sn; 7-inch Reeled,2000V,100 pF,,,,,,,Published
MLCC,Anti-Arcing High Voltage,FJ21X101M202EG,FJ,0805,X7R; ±20%; Ag/Ni/Sn; 13-inch Reeled,2000V,100 pF,,,,,,,Published
MLCC,Anti-Arcing High Voltage,FJ21X102J101PT,FJ,0805,X7R; ±5%; Pd/Ag; 7-inch Reeled,100V,1 nF,,,,,,,Published
MLCC,Anti-Arcing High Voltage,FJ21X102J101PG,FJ,0805,X7R; ±5%; Pd/Ag; 13-inch Reeled,100V,1 nF,,,,,,,Published
MLCC,Anti-Arcing High Voltage,FJ21X102J101ET,FJ,0805,X7R; ±5%; Ag/Ni/Sn; 7-inch Reeled,100V,1 nF,,,,,,,Published
MLCC,Anti-Arcing High Voltage,FJ21X102J101EG,FJ,0805,X7R; ±5%; Ag/Ni/Sn; 13-inch Reeled,100V,1 nF,,,,,,,Published
MLCC,Anti-Arcing High Voltage,FJ21X102J202PT,FJ,0805,X7R; ±5%; Pd/Ag; 7-inch Reeled,2000V,1 nF,,,,,,,Published
MLCC,Anti-Arcing High Voltage,FJ21X102J202PG,FJ,0805,X7R; ±5%; Pd/Ag; 13-inch Reeled,2000V,1 nF,,,,,,,Published
MLCC,Anti-Arcing High Voltage,FJ21X102J202ET,FJ,0805,X7R; ±5%; Ag/Ni/Sn; 7-inch Reeled,2000V,1 nF,,,,,,,Published
MLCC,Anti-Arcing High Voltage,FJ21X102J202EG,FJ,0805,X7R; ±5%; Ag/Ni/Sn; 13-inch Reeled,2000V,1 nF,,,,,,,Published
MLCC,Anti-Arcing High Voltage,FJ21X102K101PT,FJ,0805,X7R; ±10%; Pd/Ag; 7-inch Reeled,100V,1 nF,,,,,,,Published
MLCC,Anti-Arcing High Voltage,FJ21X102K101PG,FJ,0805,X7R; ±10%; Pd/Ag; 13-inch Reeled,100V,1 nF,,,,,,,Published
MLCC,Anti-Arcing High Voltage,FJ21X102K101ET,FJ,0805,X7R; ±10%; Ag/Ni/Sn; 7-inch Reeled,100V,1 nF,,,,,,,Published
MLCC,Anti-Arcing High Voltage,FJ21X102K101EG,FJ,0805,X7R; ±10%; Ag/Ni/Sn; 13-inch Reeled,100V,1 nF,,,,,,,Published
MLCC,Anti-Arcing High Voltage,FJ21X102K202PT,FJ,0805,X7R; ±10%; Pd/Ag; 7-inch Reeled,2000V,1 nF,,,,,,,Published
MLCC,Anti-Arcing High Voltage,FJ21X102K202PG,FJ,0805,X7R; ±10%; Pd/Ag; 13-inch Reeled,2000V,1 nF,,,,,,,Published
MLCC,Anti-Arcing High Voltage,FJ21X102K202ET,FJ,0805,X7R; ±10%; Ag/Ni/Sn; 7-inch Reeled,2000V,1 nF,,,,,,,Published
MLCC,Anti-Arcing High Voltage,FJ21X102K202EG,FJ,0805,X7R; ±10%; Ag/Ni/Sn; 13-inch Reeled,2000V,1 nF,,,,,,,Published
MLCC,Anti-Arcing High Voltage,FJ21X102M101PT,FJ,0805,X7R; ±20%; Pd/Ag; 7-inch Reeled,100V,1 nF,,,,,,,Published
MLCC,Anti-Arcing High Voltage,FJ21X102M101PG,FJ,0805,X7R; ±20%; Pd/Ag; 13-inch Reeled,100V,1 nF,,,,,,,Published
MLCC,Anti-Arcing High Voltage,FJ21X102M101ET,FJ,0805,X7R; ±20%; Ag/Ni/Sn; 7-inch Reeled,100V,1 nF,,,,,,,Published
MLCC,Anti-Arcing High Voltage,FJ21X102M101EG,FJ,0805,X7R; ±20%; Ag/Ni/Sn; 13-inch Reeled,100V,1 nF,,,,,,,Published
MLCC,Anti-Arcing High Voltage,FJ21X102M202PT,FJ,0805,X7R; ±20%; Pd/Ag; 7-inch Reeled,2000V,1 nF,,,,,,,Published
MLCC,Anti-Arcing High Voltage,FJ21X102M202PG,FJ,0805,X7R; ±20%; Pd/Ag; 13-inch Reeled,2000V,1 nF,,,,,,,Published
MLCC,Anti-Arcing High Voltage,FJ21X102M202ET,FJ,0805,X7R; ±20%; Ag/Ni/Sn; 7-inch Reeled,2000V,1 nF,,,,,,,Published
MLCC,Anti-Arcing High Voltage,FJ21X102M202EG,FJ,0805,X7R; ±20%; Ag/Ni/Sn; 13-inch Reeled,2000V,1 nF,,,,,,,Published
MLCC,Anti-Arcing High Voltage,FJ21X103J101PT,FJ,0805,X7R; ±5%; Pd/Ag; 7-inch Reeled,100V,10 nF,,,,,,,Published
MLCC,Anti-Arcing High Voltage,FJ21X103J101PG,FJ,0805,X7R; ±5%; Pd/Ag; 13-inch Reeled,100V,10 nF,,,,,,,Published
MLCC,Anti-Arcing High Voltage,FJ21X103J101ET,FJ,0805,X7R; ±5%; Ag/Ni/Sn; 7-inch Reeled,100V,10 nF,,,,,,,Published
MLCC,Anti-Arcing High Voltage,FJ21X103J101EG,FJ,0805,X7R; ±5%; Ag/Ni/Sn; 13-inch Reeled,100V,10 nF,,,,,,,Published
MLCC,Anti-Arcing High Voltage,FJ21X103J202PT,FJ,0805,X7R; ±5%; Pd/Ag; 7-inch Reeled,2000V,10 nF,,,,,,,Published
MLCC,Anti-Arcing High Voltage,FJ21X103J202PG,FJ,0805,X7R; ±5%; Pd/Ag; 13-inch Reeled,2000V,10 nF,,,,,,,Published
MLCC,Anti-Arcing High Voltage,FJ21X103J202ET,FJ,0805,X7R; ±5%; Ag/Ni/Sn; 7-inch Reeled,2000V,10 nF,,,,,,,Published
MLCC,Anti-Arcing High Voltage,FJ21X103J202EG,FJ,0805,X7R; ±5%; Ag/Ni/Sn; 13-inch Reeled,2000V,10 nF,,,,,,,Published
MLCC,Anti-Arcing High Voltage,FJ21X103K101PT,FJ,0805,X7R; ±10%; Pd/Ag; 7-inch Reeled,100V,10 nF,,,,,,,Published
MLCC,Anti-Arcing High Voltage,FJ21X103K101PG,FJ,0805,X7R; ±10%; Pd/Ag; 13-inch Reeled,100V,10 nF,,,,,,,Published
MLCC,Anti-Arcing High Voltage,FJ21X103K101ET,FJ,0805,X7R; ±10%; Ag/Ni/Sn; 7-inch Reeled,100V,10 nF,,,,,,,Published
MLCC,Anti-Arcing High Voltage,FJ21X103K101EG,FJ,0805,X7R; ±10%; Ag/Ni/Sn; 13-inch Reeled,100V,10 nF,,,,,,,Published
MLCC,Anti-Arcing High Voltage,FJ21X103K202PT,FJ,0805,X7R; ±10%; Pd/Ag; 7-inch Reeled,2000V,10 nF,,,,,,,Published
MLCC,Anti-Arcing High Voltage,FJ21X103K202PG,FJ,0805,X7R; ±10%; Pd/Ag; 13-inch Reeled,2000V,10 nF,,,,,,,Published
MLCC,Anti-Arcing High Voltage,FJ21X103K202ET,FJ,0805,X7R; ±10%; Ag/Ni/Sn; 7-inch Reeled,2000V,10 nF,,,,,,,Published
MLCC,Anti-Arcing High Voltage,FJ21X103K202EG,FJ,0805,X7R; ±10%; Ag/Ni/Sn; 13-inch Reeled,2000V,10 nF,,,,,,,Published
MLCC,Anti-Arcing High Voltage,FJ21X103M101PT,FJ,0805,X7R; ±20%; Pd/Ag; 7-inch Reeled,100V,10 nF,,,,,,,Published
MLCC,Anti-Arcing High Voltage,FJ21X103M101PG,FJ,0805,X7R; ±20%; Pd/Ag; 13-inch Reeled,100V,10 nF,,,,,,,Published
MLCC,Anti-Arcing High Voltage,FJ21X103M101ET,FJ,0805,X7R; ±20%; Ag/Ni/Sn; 7-inch Reeled,100V,10 nF,,,,,,,Published
MLCC,Anti-Arcing High Voltage,FJ21X103M101EG,FJ,0805,X7R; ±20%; Ag/Ni/Sn; 13-inch Reeled,100V,10 nF,,,,,,,Published
MLCC,Anti-Arcing High Voltage,FJ21X103M202PT,FJ,0805,X7R; ±20%; Pd/Ag; 7-inch Reeled,2000V,10 nF,,,,,,,Published
MLCC,Anti-Arcing High Voltage,FJ21X103M202PG,FJ,0805,X7R; ±20%; Pd/Ag; 13-inch Reeled,2000V,10 nF,,,,,,,Published
MLCC,Anti-Arcing High Voltage,FJ21X103M202ET,FJ,0805,X7R; ±20%; Ag/Ni/Sn; 7-inch Reeled,2000V,10 nF,,,,,,,Published
MLCC,Anti-Arcing High Voltage,FJ21X103M202EG,FJ,0805,X7R; ±20%; Ag/Ni/Sn; 13-inch Reeled,2000V,10 nF,,,,,,,Published
MLCC,Anti-Arcing High Voltage,FJ21X104J101PT,FJ,0805,X7R; ±5%; Pd/Ag; 7-inch Reeled,100V,100 nF,,,,,,,Published
MLCC,Anti-Arcing High Voltage,FJ21X104J101PG,FJ,0805,X7R; ±5%; Pd/Ag; 13-inch Reeled,100V,100 nF,,,,,,,Published
MLCC,Anti-Arcing High Voltage,FJ21X104J101ET,FJ,0805,X7R; ±5%; Ag/Ni/Sn; 7-inch Reeled,100V,100 nF,,,,,,,Published
MLCC,Anti-Arcing High Voltage,FJ21X104J101EG,FJ,0805,X7R; ±5%; Ag/Ni/Sn; 13-inch Reeled,100V,100 nF,,,,,,,Published
MLCC,Anti-Arcing High Voltage,FJ21X104J202PT,FJ,0805,X7R; ±5%; Pd/Ag; 7-inch Reeled,2000V,100 nF,,,,,,,Published
MLCC,Anti-Arcing High Voltage,FJ21X104J202PG,FJ,0805,X7R; ±5%; Pd/Ag; 13-inch Reeled,2000V,100 nF,,,,,,,Published
MLCC,Anti-Arcing High Voltage,FJ21X104J202ET,FJ,0805,X7R; ±5%; Ag/Ni/Sn; 7-inch Reeled,2000V,100 nF,,,,,,,Published
MLCC,Anti-Arcing High Voltage,FJ21X104J202EG,FJ,0805,X7R; ±5%; Ag/Ni/Sn; 13-inch Reeled,2000V,100 nF,,,,,,,Published
MLCC,Anti-Arcing High Voltage,FJ21X104K101PT,FJ,0805,X7R; ±10%; Pd/Ag; 7-inch Reeled,100V,100 nF,,,,,,,Published
MLCC,Anti-Arcing High Voltage,FJ21X104K101PG,FJ,0805,X7R; ±10%; Pd/Ag; 13-inch Reeled,100V,100 nF,,,,,,,Published
MLCC,Anti-Arcing High Voltage,FJ21X104K101ET,FJ,0805,X7R; ±10%; Ag/Ni/Sn; 7-inch Reeled,100V,100 nF,,,,,,,Published
MLCC,Anti-Arcing High Voltage,FJ21X104K101EG,FJ,0805,X7R; ±10%; Ag/Ni/Sn; 13-inch Reeled,100V,100 nF,,,,,,,Published
MLCC,Anti-Arcing High Voltage,FJ21X104K202PT,FJ,0805,X7R; ±10%; Pd/Ag; 7-inch Reeled,2000V,100 nF,,,,,,,Published
MLCC,Anti-Arcing High Voltage,FJ21X104K202PG,FJ,0805,X7R; ±10%; Pd/Ag; 13-inch Reeled,2000V,100 nF,,,,,,,Published
MLCC,Anti-Arcing High Voltage,FJ21X104K202ET,FJ,0805,X7R; ±10%; Ag/Ni/Sn; 7-inch Reeled,2000V,100 nF,,,,,,,Published
MLCC,Anti-Arcing High Voltage,FJ21X104K202EG,FJ,0805,X7R; ±10%; Ag/Ni/Sn; 13-inch Reeled,2000V,100 nF,,,,,,,Published
MLCC,Anti-Arcing High Voltage,FJ21X104M101PT,FJ,0805,X7R; ±20%; Pd/Ag; 7-inch Reeled,100V,100 nF,,,,,,,Published
MLCC,Anti-Arcing High Voltage,FJ21X104M101PG,FJ,0805,X7R; ±20%; Pd/Ag; 13-inch Reeled,100V,100 nF,,,,,,,Published
MLCC,Anti-Arcing High Voltage,FJ21X104M101ET,FJ,0805,X7R; ±20%; Ag/Ni/Sn; 7-inch Reeled,100V,100 nF,,,,,,,Published
MLCC,Anti-Arcing High Voltage,FJ21X104M101EG,FJ,0805,X7R; ±20%; Ag/Ni/Sn; 13-inch Reeled,100V,100 nF,,,,,,,Published
MLCC,Anti-Arcing High Voltage,FJ21X104M202PT,FJ,0805,X7R; ±20%; Pd/Ag; 7-inch Reeled,2000V,100 nF,,,,,,,Published
MLCC,Anti-Arcing High Voltage,FJ21X104M202PG,FJ,0805,X7R; ±20%; Pd/Ag; 13-inch Reeled,2000V,100 nF,,,,,,,Published
MLCC,Anti-Arcing High Voltage,FJ21X104M202ET,FJ,0805,X7R; ±20%; Ag/Ni/Sn; 7-inch Reeled,2000V,100 nF,,,,,,,Published
MLCC,Anti-Arcing High Voltage,FJ21X104M202EG,FJ,0805,X7R; ±20%; Ag/Ni/Sn; 13-inch Reeled,2000V,100 nF,,,,,,,Published
MLCC,Anti-Arcing High Voltage,FJ21X150J101PT,FJ,0805,X7R; ±5%; Pd/Ag; 7-inch Reeled,100V,15 pF,,,,,,,Published
MLCC,Anti-Arcing High Voltage,FJ21X150J101PG,FJ,0805,X7R; ±5%; Pd/Ag; 13-inch Reeled,100V,15 pF,,,,,,,Published
MLCC,Anti-Arcing High Voltage,FJ21X150J101ET,FJ,0805,X7R; ±5%; Ag/Ni/Sn; 7-inch Reeled,100V,15 pF,,,,,,,Published
MLCC,Anti-Arcing High Voltage,FJ21X150J101EG,FJ,0805,X7R; ±5%; Ag/Ni/Sn; 13-inch Reeled,100V,15 pF,,,,,,,Published
MLCC,Anti-Arcing High Voltage,FJ21X150J202PT,FJ,0805,X7R; ±5%; Pd/Ag; 7-inch Reeled,2000V,15 pF,,,,,,,Published
MLCC,Anti-Arcing High Voltage,FJ21X150J202PG,FJ,0805,X7R; ±5%; Pd/Ag; 13-inch Reeled,2000V,15 pF,,,,,,,Published
MLCC,Anti-Arcing High Voltage,FJ21X150J202ET,FJ,0805,X7R; ±5%; Ag/Ni/Sn; 7-inch Reeled,2000V,15 pF,,,,,,,Published
MLCC,Anti-Arcing High Voltage,FJ21X150J202EG,FJ,0805,X7R; ±5%; Ag/Ni/Sn; 13-inch Reeled,2000V,15 pF,,,,,,,Published
MLCC,Anti-Arcing High Voltage,FJ21X150K101PT,FJ,0805,X7R; ±10%; Pd/Ag; 7-inch Reeled,100V,15 pF,,,,,,,Published
MLCC,Anti-Arcing High Voltage,FJ21X150K101PG,FJ,0805,X7R; ±10%; Pd/Ag; 13-inch Reeled,100V,15 pF,,,,,,,Published
MLCC,Anti-Arcing High Voltage,FJ21X150K101ET,FJ,0805,X7R; ±10%; Ag/Ni/Sn; 7-inch Reeled,100V,15 pF,,,,,,,Published
MLCC,Anti-Arcing High Voltage,FJ21X150K101EG,FJ,0805,X7R; ±10%; Ag/Ni/Sn; 13-inch Reeled,100V,15 pF,,,,,,,Published
MLCC,Anti-Arcing High Voltage,FJ21X150K202PT,FJ,0805,X7R; ±10%; Pd/Ag; 7-inch Reeled,2000V,15 pF,,,,,,,Published
MLCC,Anti-Arcing High Voltage,FJ21X150K202PG,FJ,0805,X7R; ±10%; Pd/Ag; 13-inch Reeled,2000V,15 pF,,,,,,,Published
MLCC,Anti-Arcing High Voltage,FJ21X150K202ET,FJ,0805,X7R; ±10%; Ag/Ni/Sn; 7-inch Reeled,2000V,15 pF,,,,,,,Published
MLCC,Anti-Arcing High Voltage,FJ21X150K202EG,FJ,0805,X7R; ±10%; Ag/Ni/Sn; 13-inch Reeled,2000V,15 pF,,,,,,,Published
MLCC,Anti-Arcing High Voltage,FJ21X150M101PT,FJ,0805,X7R; ±20%; Pd/Ag; 7-inch Reeled,100V,15 pF,,,,,,,Published
MLCC,Anti-Arcing High Voltage,FJ21X150M101PG,FJ,0805,X7R; ±20%; Pd/Ag; 13-inch Reeled,100V,15 pF,,,,,,,Published
MLCC,Anti-Arcing High Voltage,FJ21X150M101ET,FJ,0805,X7R; ±20%; Ag/Ni/Sn; 7-inch Reeled,100V,15 pF,,,,,,,Published
MLCC,Anti-Arcing High Voltage,FJ21X150M101EG,FJ,0805,X7R; ±20%; Ag/Ni/Sn; 13-inch Reeled,100V,15 pF,,,,,,,Published
MLCC,Anti-Arcing High Voltage,FJ21X150M202PT,FJ,0805,X7R; ±20%; Pd/Ag; 7-inch Reeled,2000V,15 pF,,,,,,,Published
MLCC,Anti-Arcing High Voltage,FJ21X150M202PG,FJ,0805,X7R; ±20%; Pd/Ag; 13-inch Reeled,2000V,15 pF,,,,,,,Published
MLCC,Anti-Arcing High Voltage,FJ21X150M202ET,FJ,0805,X7R; ±20%; Ag/Ni/Sn; 7-inch Reeled,2000V,15 pF,,,,,,,Published
MLCC,Anti-Arcing High Voltage,FJ21X150M202EG,FJ,0805,X7R; ±20%; Ag/Ni/Sn; 13-inch Reeled,2000V,15 pF,,,,,,,Published
MLCC,Anti-Arcing High Voltage,FJ21X151J101PT,FJ,0805,X7R; ±5%; Pd/Ag; 7-inch Reeled,100V,150 pF,,,,,,,Published
MLCC,Anti-Arcing High Voltage,FJ21X151J101PG,FJ,0805,X7R; ±5%; Pd/Ag; 13-inch Reeled,100V,150 pF,,,,,,,Published
MLCC,Anti-Arcing High Voltage,FJ21X151J101ET,FJ,0805,X7R; ±5%; Ag/Ni/Sn; 7-inch Reeled,100V,150 pF,,,,,,,Published
MLCC,Anti-Arcing High Voltage,FJ21X151J101EG,FJ,0805,X7R; ±5%; Ag/Ni/Sn; 13-inch Reeled,100V,150 pF,,,,,,,Published
MLCC,Anti-Arcing High Voltage,FJ21X151J202PT,FJ,0805,X7R; ±5%; Pd/Ag; 7-inch Reeled,2000V,150 pF,,,,,,,Published
MLCC,Anti-Arcing High Voltage,FJ21X151J202PG,FJ,0805,X7R; ±5%; Pd/Ag; 13-inch Reeled,2000V,150 pF,,,,,,,Published
MLCC,Anti-Arcing High Voltage,FJ21X151J202ET,FJ,0805,X7R; ±5%; Ag/Ni/Sn; 7-inch Reeled,2000V,150 pF,,,,,,,Published
MLCC,Anti-Arcing High Voltage,FJ21X151J202EG,FJ,0805,X7R; ±5%; Ag/Ni/Sn; 13-inch Reeled,2000V,150 pF,,,,,,,Published
MLCC,Anti-Arcing High Voltage,FJ21X151K101PT,FJ,0805,X7R; ±10%; Pd/Ag; 7-inch Reeled,100V,150 pF,,,,,,,Published
MLCC,Anti-Arcing High Voltage,FJ21X151K101PG,FJ,0805,X7R; ±10%; Pd/Ag; 13-inch Reeled,100V,150 pF,,,,,,,Published
MLCC,Anti-Arcing High Voltage,FJ21X151K101ET,FJ,0805,X7R; ±10%; Ag/Ni/Sn; 7-inch Reeled,100V,150 pF,,,,,,,Published
MLCC,Anti-Arcing High Voltage,FJ21X151K101EG,FJ,0805,X7R; ±10%; Ag/Ni/Sn; 13-inch Reeled,100V,150 pF,,,,,,,Published
MLCC,Anti-Arcing High Voltage,FJ21X151K202PT,FJ,0805,X7R; ±10%; Pd/Ag; 7-inch Reeled,2000V,150 pF,,,,,,,Published
MLCC,Anti-Arcing High Voltage,FJ21X151K202PG,FJ,0805,X7R; ±10%; Pd/Ag; 13-inch Reeled,2000V,150 pF,,,,,,,Published
MLCC,Anti-Arcing High Voltage,FJ21X151K202ET,FJ,0805,X7R; ±10%; Ag/Ni/Sn; 7-inch Reeled,2000V,150 pF,,,,,,,Published
MLCC,Anti-Arcing High Voltage,FJ21X151K202EG,FJ,0805,X7R; ±10%; Ag/Ni/Sn; 13-inch Reeled,2000V,150 pF,,,,,,,Published
MLCC,Anti-Arcing High Voltage,FJ21X151M101PT,FJ,0805,X7R; ±20%; Pd/Ag; 7-inch Reeled,100V,150 pF,,,,,,,Published
MLCC,Anti-Arcing High Voltage,FJ21X151M101PG,FJ,0805,X7R; ±20%; Pd/Ag; 13-inch Reeled,100V,150 pF,,,,,,,Published
MLCC,Anti-Arcing High Voltage,FJ21X151M101ET,FJ,0805,X7R; ±20%; Ag/Ni/Sn; 7-inch Reeled,100V,150 pF,,,,,,,Published
MLCC,Anti-Arcing High Voltage,FJ21X151M101EG,FJ,0805,X7R; ±20%; Ag/Ni/Sn; 13-inch Reeled,100V,150 pF,,,,,,,Published
MLCC,Anti-Arcing High Voltage,FJ21X151M202PT,FJ,0805,X7R; ±20%; Pd/Ag; 7-inch Reeled,2000V,150 pF,,,,,,,Published
MLCC,Anti-Arcing High Voltage,FJ21X151M202PG,FJ,0805,X7R; ±20%; Pd/Ag; 13-inch Reeled,2000V,150 pF,,,,,,,Published
MLCC,Anti-Arcing High Voltage,FJ21X151M202ET,FJ,0805,X7R; ±20%; Ag/Ni/Sn; 7-inch Reeled,2000V,150 pF,,,,,,,Published
MLCC,Anti-Arcing High Voltage,FJ21X151M202EG,FJ,0805,X7R; ±20%; Ag/Ni/Sn; 13-inch Reeled,2000V,150 pF,,,,,,,Published
MLCC,Anti-Arcing High Voltage,FJ21X152J101PT,FJ,0805,X7R; ±5%; Pd/Ag; 7-inch Reeled,100V,1.5 nF,,,,,,,Published
MLCC,Anti-Arcing High Voltage,FJ21X152J101PG,FJ,0805,X7R; ±5%; Pd/Ag; 13-inch Reeled,100V,1.5 nF,,,,,,,Published
MLCC,Anti-Arcing High Voltage,FJ21X152J101ET,FJ,0805,X7R; ±5%; Ag/Ni/Sn; 7-inch Reeled,100V,1.5 nF,,,,,,,Published
MLCC,Anti-Arcing High Voltage,FJ21X152J101EG,FJ,0805,X7R; ±5%; Ag/Ni/Sn; 13-inch Reeled,100V,1.5 nF,,,,,,,Published
MLCC,Anti-Arcing High Voltage,FJ21X152J202PT,FJ,0805,X7R; ±5%; Pd/Ag; 7-inch Reeled,2000V,1.5 nF,,,,,,,Published
MLCC,Anti-Arcing High Voltage,FJ21X152J202PG,FJ,0805,X7R; ±5%; Pd/Ag; 13-inch Reeled,2000V,1.5 nF,,,,,,,Published
MLCC,Anti-Arcing High Voltage,FJ21X152J202ET,FJ,0805,X7R; ±5%; Ag/Ni/Sn; 7-inch Reeled,2000V,1.5 nF,,,,,,,Published
MLCC,Anti-Arcing High Voltage,FJ21X152J202EG,FJ,0805,X7R; ±5%; Ag/Ni/Sn; 13-inch Reeled,2000V,1.5 nF,,,,,,,Published
MLCC,Anti-Arcing High Voltage,FJ21X152K101PT,FJ,0805,X7R; ±10%; Pd/Ag; 7-inch Reeled,100V,1.5 nF,,,,,,,Published
MLCC,Anti-Arcing High Voltage,FJ21X152K101PG,FJ,0805,X7R; ±10%; Pd/Ag; 13-inch Reeled,100V,1.5 nF,,,,,,,Published
MLCC,Anti-Arcing High Voltage,FJ21X152K101ET,FJ,0805,X7R; ±10%; Ag/Ni/Sn; 7-inch Reeled,100V,1.5 nF,,,,,,,Published
MLCC,Anti-Arcing High Voltage,FJ21X152K101EG,FJ,0805,X7R; ±10%; Ag/Ni/Sn; 13-inch Reeled,100V,1.5 nF,,,,,,,Published
MLCC,Anti-Arcing High Voltage,FJ21X152K202PT,FJ,0805,X7R; ±10%; Pd/Ag; 7-inch Reeled,2000V,1.5 nF,,,,,,,Published
MLCC,Anti-Arcing High Voltage,FJ21X152K202PG,FJ,0805,X7R; ±10%; Pd/Ag; 13-inch Reeled,2000V,1.5 nF,,,,,,,Published
MLCC,Anti-Arcing High Voltage,FJ21X152K202ET,FJ,0805,X7R; ±10%; Ag/Ni/Sn; 7-inch Reeled,2000V,1.5 nF,,,,,,,Published
MLCC,Anti-Arcing High Voltage,FJ21X152K202EG,FJ,0805,X7R; ±10%; Ag/Ni/Sn; 13-inch Reeled,2000V,1.5 nF,,,,,,,Published
MLCC,Anti-Arcing High Voltage,FJ21X152M101PT,FJ,0805,X7R; ±20%; Pd/Ag; 7-inch Reeled,100V,1.5 nF,,,,,,,Published
MLCC,Anti-Arcing High Voltage,FJ21X152M101PG,FJ,0805,X7R; ±20%; Pd/Ag; 13-inch Reeled,100V,1.5 nF,,,,,,,Published
MLCC,Anti-Arcing High Voltage,FJ21X152M101ET,FJ,0805,X7R; ±20%; Ag/Ni/Sn; 7-inch Reeled,100V,1.5 nF,,,,,,,Published
MLCC,Anti-Arcing High Voltage,FJ21X152M101EG,FJ,0805,X7R; ±20%; Ag/Ni/Sn; 13-inch Reeled,100V,1.5 nF,,,,,,,Published
MLCC,Anti-Arcing High Voltage,FJ21X152M202PT,FJ,0805,X7R; ±20%; Pd/Ag; 7-inch Reeled,2000V,1.5 nF,,,,,,,Published
MLCC,Anti-Arcing High Voltage,FJ21X152M202PG,FJ,0805,X7R; ±20%; Pd/Ag; 13-inch Reeled,2000V,1.5 nF,,,,,,,Published
MLCC,Anti-Arcing High Voltage,FJ21X152M202ET,FJ,0805,X7R; ±20%; Ag/Ni/Sn; 7-inch Reeled,2000V,1.5 nF,,,,,,,Published
MLCC,Anti-Arcing High Voltage,FJ21X152M202EG,FJ,0805,X7R; ±20%; Ag/Ni/Sn; 13-inch Reeled,2000V,1.5 nF,,,,,,,Published
MLCC,Anti-Arcing High Voltage,FJ21X153J101PT,FJ,0805,X7R; ±5%; Pd/Ag; 7-inch Reeled,100V,15 nF,,,,,,,Published
MLCC,Anti-Arcing High Voltage,FJ21X153J101PG,FJ,0805,X7R; ±5%; Pd/Ag; 13-inch Reeled,100V,15 nF,,,,,,,Published
MLCC,Anti-Arcing High Voltage,FJ21X153J101ET,FJ,0805,X7R; ±5%; Ag/Ni/Sn; 7-inch Reeled,100V,15 nF,,,,,,,Published
MLCC,Anti-Arcing High Voltage,FJ21X153J101EG,FJ,0805,X7R; ±5%; Ag/Ni/Sn; 13-inch Reeled,100V,15 nF,,,,,,,Published
MLCC,Anti-Arcing High Voltage,FJ21X153J202PT,FJ,0805,X7R; ±5%; Pd/Ag; 7-inch Reeled,2000V,15 nF,,,,,,,Published
MLCC,Anti-Arcing High Voltage,FJ21X153J202PG,FJ,0805,X7R; ±5%; Pd/Ag; 13-inch Reeled,2000V,15 nF,,,,,,,Published
MLCC,Anti-Arcing High Voltage,FJ21X153J202ET,FJ,0805,X7R; ±5%; Ag/Ni/Sn; 7-inch Reeled,2000V,15 nF,,,,,,,Published
MLCC,Anti-Arcing High Voltage,FJ21X153J202EG,FJ,0805,X7R; ±5%; Ag/Ni/Sn; 13-inch Reeled,2000V,15 nF,,,,,,,Published
MLCC,Anti-Arcing High Voltage,FJ21X153K101PT,FJ,0805,X7R; ±10%; Pd/Ag; 7-inch Reeled,100V,15 nF,,,,,,,Published
MLCC,Anti-Arcing High Voltage,FJ21X153K101PG,FJ,0805,X7R; ±10%; Pd/Ag; 13-inch Reeled,100V,15 nF,,,,,,,Published
MLCC,Anti-Arcing High Voltage,FJ21X153K101ET,FJ,0805,X7R; ±10%; Ag/Ni/Sn; 7-inch Reeled,100V,15 nF,,,,,,,Published
MLCC,Anti-Arcing High Voltage,FJ21X153K101EG,FJ,0805,X7R; ±10%; Ag/Ni/Sn; 13-inch Reeled,100V,15 nF,,,,,,,Published
MLCC,Anti-Arcing High Voltage,FJ21X153K202PT,FJ,0805,X7R; ±10%; Pd/Ag; 7-inch Reeled,2000V,15 nF,,,,,,,Published
MLCC,Anti-Arcing High Voltage,FJ21X153K202PG,FJ,0805,X7R; ±10%; Pd/Ag; 13-inch Reeled,2000V,15 nF,,,,,,,Published
MLCC,Anti-Arcing High Voltage,FJ21X153K202ET,FJ,0805,X7R; ±10%; Ag/Ni/Sn; 7-inch Reeled,2000V,15 nF,,,,,,,Published
MLCC,Anti-Arcing High Voltage,FJ21X153K202EG,FJ,0805,X7R; ±10%; Ag/Ni/Sn; 13-inch Reeled,2000V,15 nF,,,,,,,Published
MLCC,Anti-Arcing High Voltage,FJ21X153M101PT,FJ,0805,X7R; ±20%; Pd/Ag; 7-inch Reeled,100V,15 nF,,,,,,,Published
MLCC,Anti-Arcing High Voltage,FJ21X153M101PG,FJ,0805,X7R; ±20%; Pd/Ag; 13-inch Reeled,100V,15 nF,,,,,,,Published
MLCC,Anti-Arcing High Voltage,FJ21X153M101ET,FJ,0805,X7R; ±20%; Ag/Ni/Sn; 7-inch Reeled,100V,15 nF,,,,,,,Published
MLCC,Anti-Arcing High Voltage,FJ21X153M101EG,FJ,0805,X7R; ±20%; Ag/Ni/Sn; 13-inch Reeled,100V,15 nF,,,,,,,Published
MLCC,Anti-Arcing High Voltage,FJ21X153M202PT,FJ,0805,X7R; ±20%; Pd/Ag; 7-inch Reeled,2000V,15 nF,,,,,,,Published
MLCC,Anti-Arcing High Voltage,FJ21X153M202PG,FJ,0805,X7R; ±20%; Pd/Ag; 13-inch Reeled,2000V,15 nF,,,,,,,Published
MLCC,Anti-Arcing High Voltage,FJ21X153M202ET,FJ,0805,X7R; ±20%; Ag/Ni/Sn; 7-inch Reeled,2000V,15 nF,,,,,,,Published
MLCC,Anti-Arcing High Voltage,FJ21X153M202EG,FJ,0805,X7R; ±20%; Ag/Ni/Sn; 13-inch Reeled,2000V,15 nF,,,,,,,Published
MLCC,Anti-Arcing High Voltage,FJ21X154J101PT,FJ,0805,X7R; ±5%; Pd/Ag; 7-inch Reeled,100V,150 nF,,,,,,,Published
MLCC,Anti-Arcing High Voltage,FJ21X154J101PG,FJ,0805,X7R; ±5%; Pd/Ag; 13-inch Reeled,100V,150 nF,,,,,,,Published
MLCC,Anti-Arcing High Voltage,FJ21X154J101ET,FJ,0805,X7R; ±5%; Ag/Ni/Sn; 7-inch Reeled,100V,150 nF,,,,,,,Published
MLCC,Anti-Arcing High Voltage,FJ21X154J101EG,FJ,0805,X7R; ±5%; Ag/Ni/Sn; 13-inch Reeled,100V,150 nF,,,,,,,Published
MLCC,Anti-Arcing High Voltage,FJ21X154J202PT,FJ,0805,X7R; ±5%; Pd/Ag; 7-inch Reeled,2000V,150 nF,,,,,,,Published
MLCC,Anti-Arcing High Voltage,FJ21X154J202PG,FJ,0805,X7R; ±5%; Pd/Ag; 13-inch Reeled,2000V,150 nF,,,,,,,Published
MLCC,Anti-Arcing High Voltage,FJ21X154J202ET,FJ,0805,X7R; ±5%; Ag/Ni/Sn; 7-inch Reeled,2000V,150 nF,,,,,,,Published
MLCC,Anti-Arcing High Voltage,FJ21X154J202EG,FJ,0805,X7R; ±5%; Ag/Ni/Sn; 13-inch Reeled,2000V,150 nF,,,,,,,Published
MLCC,Anti-Arcing High Voltage,FJ21X154K101PT,FJ,0805,X7R; ±10%; Pd/Ag; 7-inch Reeled,100V,150 nF,,,,,,,Published
MLCC,Anti-Arcing High Voltage,FJ21X154K101PG,FJ,0805,X7R; ±10%; Pd/Ag; 13-inch Reeled,100V,150 nF,,,,,,,Published
MLCC,Anti-Arcing High Voltage,FJ21X154K101ET,FJ,0805,X7R; ±10%; Ag/Ni/Sn; 7-inch Reeled,100V,150 nF,,,,,,,Published
MLCC,Anti-Arcing High Voltage,FJ21X154K101EG,FJ,0805,X7R; ±10%; Ag/Ni/Sn; 13-inch Reeled,100V,150 nF,,,,,,,Published
MLCC,Anti-Arcing High Voltage,FJ21X154K202PT,FJ,0805,X7R; ±10%; Pd/Ag; 7-inch Reeled,2000V,150 nF,,,,,,,Published
MLCC,Anti-Arcing High Voltage,FJ21X154K202PG,FJ,0805,X7R; ±10%; Pd/Ag; 13-inch Reeled,2000V,150 nF,,,,,,,Published
MLCC,Anti-Arcing High Voltage,FJ21X154K202ET,FJ,0805,X7R; ±10%; Ag/Ni/Sn; 7-inch Reeled,2000V,150 nF,,,,,,,Published
MLCC,Anti-Arcing High Voltage,FJ21X154K202EG,FJ,0805,X7R; ±10%; Ag/Ni/Sn; 13-inch Reeled,2000V,150 nF,,,,,,,Published
MLCC,Anti-Arcing High Voltage,FJ21X154M101PT,FJ,0805,X7R; ±20%; Pd/Ag; 7-inch Reeled,100V,150 nF,,,,,,,Published
MLCC,Anti-Arcing High Voltage,FJ21X154M101PG,FJ,0805,X7R; ±20%; Pd/Ag; 13-inch Reeled,100V,150 nF,,,,,,,Published
MLCC,Anti-Arcing High Voltage,FJ21X154M101ET,FJ,0805,X7R; ±20%; Ag/Ni/Sn; 7-inch Reeled,100V,150 nF,,,,,,,Published
MLCC,Anti-Arcing High Voltage,FJ21X154M101EG,FJ,0805,X7R; ±20%; Ag/Ni/Sn; 13-inch Reeled,100V,150 nF,,,,,,,Published
MLCC,Anti-Arcing High Voltage,FJ21X154M202PT,FJ,0805,X7R; ±20%; Pd/Ag; 7-inch Reeled,2000V,150 nF,,,,,,,Published
MLCC,Anti-Arcing High Voltage,FJ21X154M202PG,FJ,0805,X7R; ±20%; Pd/Ag; 13-inch Reeled,2000V,150 nF,,,,,,,Published
MLCC,Anti-Arcing High Voltage,FJ21X154M202ET,FJ,0805,X7R; ±20%; Ag/Ni/Sn; 7-inch Reeled,2000V,150 nF,,,,,,,Published
MLCC,Anti-Arcing High Voltage,FJ21X154M202EG,FJ,0805,X7R; ±20%; Ag/Ni/Sn; 13-inch Reeled,2000V,150 nF,,,,,,,Published
MLCC,Anti-Arcing High Voltage,FJ21X220J101PT,FJ,0805,X7R; ±5%; Pd/Ag; 7-inch Reeled,100V,22 pF,,,,,,,Published
MLCC,Anti-Arcing High Voltage,FJ21X220J101PG,FJ,0805,X7R; ±5%; Pd/Ag; 13-inch Reeled,100V,22 pF,,,,,,,Published
MLCC,Anti-Arcing High Voltage,FJ21X220J101ET,FJ,0805,X7R; ±5%; Ag/Ni/Sn; 7-inch Reeled,100V,22 pF,,,,,,,Published
MLCC,Anti-Arcing High Voltage,FJ21X220J101EG,FJ,0805,X7R; ±5%; Ag/Ni/Sn; 13-inch Reeled,100V,22 pF,,,,,,,Published
MLCC,Anti-Arcing High Voltage,FJ21X220J202PT,FJ,0805,X7R; ±5%; Pd/Ag; 7-inch Reeled,2000V,22 pF,,,,,,,Published
MLCC,Anti-Arcing High Voltage,FJ21X220J202PG,FJ,0805,X7R; ±5%; Pd/Ag; 13-inch Reeled,2000V,22 pF,,,,,,,Published
MLCC,Anti-Arcing High Voltage,FJ21X220J202ET,FJ,0805,X7R; ±5%; Ag/Ni/Sn; 7-inch Reeled,2000V,22 pF,,,,,,,Published
MLCC,Anti-Arcing High Voltage,FJ21X220J202EG,FJ,0805,X7R; ±5%; Ag/Ni/Sn; 13-inch Reeled,2000V,22 pF,,,,,,,Published
MLCC,Anti-Arcing High Voltage,FJ21X220K101PT,FJ,0805,X7R; ±10%; Pd/Ag; 7-inch Reeled,100V,22 pF,,,,,,,Published
MLCC,Anti-Arcing High Voltage,FJ21X220K101PG,FJ,0805,X7R; ±10%; Pd/Ag; 13-inch Reeled,100V,22 pF,,,,,,,Published
MLCC,Anti-Arcing High Voltage,FJ21X220K101ET,FJ,0805,X7R; ±10%; Ag/Ni/Sn; 7-inch Reeled,100V,22 pF,,,,,,,Published
MLCC,Anti-Arcing High Voltage,FJ21X220K101EG,FJ,0805,X7R; ±10%; Ag/Ni/Sn; 13-inch Reeled,100V,22 pF,,,,,,,Published
MLCC,Anti-Arcing High Voltage,FJ21X220K202PT,FJ,0805,X7R; ±10%; Pd/Ag; 7-inch Reeled,2000V,22 pF,,,,,,,Published
MLCC,Anti-Arcing High Voltage,FJ21X220K202PG,FJ,0805,X7R; ±10%; Pd/Ag; 13-inch Reeled,2000V,22 pF,,,,,,,Published
MLCC,Anti-Arcing High Voltage,FJ21X220K202ET,FJ,0805,X7R; ±10%; Ag/Ni/Sn; 7-inch Reeled,2000V,22 pF,,,,,,,Published
MLCC,Anti-Arcing High Voltage,FJ21X220K202EG,FJ,0805,X7R; ±10%; Ag/Ni/Sn; 13-inch Reeled,2000V,22 pF,,,,,,,Published
MLCC,Anti-Arcing High Voltage,FJ21X220M101PT,FJ,0805,X7R; ±20%; Pd/Ag; 7-inch Reeled,100V,22 pF,,,,,,,Published
MLCC,Anti-Arcing High Voltage,FJ21X220M101PG,FJ,0805,X7R; ±20%; Pd/Ag; 13-inch Reeled,100V,22 pF,,,,,,,Published
MLCC,Anti-Arcing High Voltage,FJ21X220M101ET,FJ,0805,X7R; ±20%; Ag/Ni/Sn; 7-inch Reeled,100V,22 pF,,,,,,,Published
MLCC,Anti-Arcing High Voltage,FJ21X220M101EG,FJ,0805,X7R; ±20%; Ag/Ni/Sn; 13-inch Reeled,100V,22 pF,,,,,,,Published
MLCC,Anti-Arcing High Voltage,FJ21X220M202PT,FJ,0805,X7R; ±20%; Pd/Ag; 7-inch Reeled,2000V,22 pF,,,,,,,Published
MLCC,Anti-Arcing High Voltage,FJ21X220M202PG,FJ,0805,X7R; ±20%; Pd/Ag; 13-inch Reeled,2000V,22 pF,,,,,,,Published
MLCC,Anti-Arcing High Voltage,FJ21X220M202ET,FJ,0805,X7R; ±20%; Ag/Ni/Sn; 7-inch Reeled,2000V,22 pF,,,,,,,Published
MLCC,Anti-Arcing High Voltage,FJ21X220M202EG,FJ,0805,X7R; ±20%; Ag/Ni/Sn; 13-inch Reeled,2000V,22 pF,,,,,,,Published
MLCC,Anti-Arcing High Voltage,FJ21X221J101PT,FJ,0805,X7R; ±5%; Pd/Ag; 7-inch Reeled,100V,220 pF,,,,,,,Published
MLCC,Anti-Arcing High Voltage,FJ21X221J101PG,FJ,0805,X7R; ±5%; Pd/Ag; 13-inch Reeled,100V,220 pF,,,,,,,Published
MLCC,Anti-Arcing High Voltage,FJ21X221J101ET,FJ,0805,X7R; ±5%; Ag/Ni/Sn; 7-inch Reeled,100V,220 pF,,,,,,,Published
MLCC,Anti-Arcing High Voltage,FJ21X221J101EG,FJ,0805,X7R; ±5%; Ag/Ni/Sn; 13-inch Reeled,100V,220 pF,,,,,,,Published
MLCC,Anti-Arcing High Voltage,FJ21X221J202PT,FJ,0805,X7R; ±5%; Pd/Ag; 7-inch Reeled,2000V,220 pF,,,,,,,Published
MLCC,Anti-Arcing High Voltage,FJ21X221J202PG,FJ,0805,X7R; ±5%; Pd/Ag; 13-inch Reeled,2000V,220 pF,,,,,,,Published
MLCC,Anti-Arcing High Voltage,FJ21X221J202ET,FJ,0805,X7R; ±5%; Ag/Ni/Sn; 7-inch Reeled,2000V,220 pF,,,,,,,Published
MLCC,Anti-Arcing High Voltage,FJ21X221J202EG,FJ,0805,X7R; ±5%; Ag/Ni/Sn; 13-inch Reeled,2000V,220 pF,,,,,,,Published
MLCC,Anti-Arcing High Voltage,FJ21X221K101PT,FJ,0805,X7R; ±10%; Pd/Ag; 7-inch Reeled,100V,220 pF,,,,,,,Published
MLCC,Anti-Arcing High Voltage,FJ21X221K101PG,FJ,0805,X7R; ±10%; Pd/Ag; 13-inch Reeled,100V,220 pF,,,,,,,Published
MLCC,Anti-Arcing High Voltage,FJ21X221K101ET,FJ,0805,X7R; ±10%; Ag/Ni/Sn; 7-inch Reeled,100V,220 pF,,,,,,,Published
MLCC,Anti-Arcing High Voltage,FJ21X221K101EG,FJ,0805,X7R; ±10%; Ag/Ni/Sn; 13-inch Reeled,100V,220 pF,,,,,,,Published
MLCC,Anti-Arcing High Voltage,FJ21X221K202PT,FJ,0805,X7R; ±10%; Pd/Ag; 7-inch Reeled,2000V,220 pF,,,,,,,Published
MLCC,Anti-Arcing High Voltage,FJ21X221K202PG,FJ,0805,X7R; ±10%; Pd/Ag; 13-inch Reeled,2000V,220 pF,,,,,,,Published
MLCC,Anti-Arcing High Voltage,FJ21X221K202ET,FJ,0805,X7R; ±10%; Ag/Ni/Sn; 7-inch Reeled,2000V,220 pF,,,,,,,Published
MLCC,Anti-Arcing High Voltage,FJ21X221K202EG,FJ,0805,X7R; ±10%; Ag/Ni/Sn; 13-inch Reeled,2000V,220 pF,,,,,,,Published
MLCC,Anti-Arcing High Voltage,FJ21X221M101PT,FJ,0805,X7R; ±20%; Pd/Ag; 7-inch Reeled,100V,220 pF,,,,,,,Published
MLCC,Anti-Arcing High Voltage,FJ21X221M101PG,FJ,0805,X7R; ±20%; Pd/Ag; 13-inch Reeled,100V,220 pF,,,,,,,Published
MLCC,Anti-Arcing High Voltage,FJ21X221M101ET,FJ,0805,X7R; ±20%; Ag/Ni/Sn; 7-inch Reeled,100V,220 pF,,,,,,,Published
MLCC,Anti-Arcing High Voltage,FJ21X221M101EG,FJ,0805,X7R; ±20%; Ag/Ni/Sn; 13-inch Reeled,100V,220 pF,,,,,,,Published
MLCC,Anti-Arcing High Voltage,FJ21X221M202PT,FJ,0805,X7R; ±20%; Pd/Ag; 7-inch Reeled,2000V,220 pF,,,,,,,Published
MLCC,Anti-Arcing High Voltage,FJ21X221M202PG,FJ,0805,X7R; ±20%; Pd/Ag; 13-inch Reeled,2000V,220 pF,,,,,,,Published
MLCC,Anti-Arcing High Voltage,FJ21X221M202ET,FJ,0805,X7R; ±20%; Ag/Ni/Sn; 7-inch Reeled,2000V,220 pF,,,,,,,Published
MLCC,Anti-Arcing High Voltage,FJ21X221M202EG,FJ,0805,X7R; ±20%; Ag/Ni/Sn; 13-inch Reeled,2000V,220 pF,,,,,,,Published
MLCC,Anti-Arcing High Voltage,FJ21X222J101PT,FJ,0805,X7R; ±5%; Pd/Ag; 7-inch Reeled,100V,2.2 nF,,,,,,,Published
MLCC,Anti-Arcing High Voltage,FJ21X222J101PG,FJ,0805,X7R; ±5%; Pd/Ag; 13-inch Reeled,100V,2.2 nF,,,,,,,Published
MLCC,Anti-Arcing High Voltage,FJ21X222J101ET,FJ,0805,X7R; ±5%; Ag/Ni/Sn; 7-inch Reeled,100V,2.2 nF,,,,,,,Published
MLCC,Anti-Arcing High Voltage,FJ21X222J101EG,FJ,0805,X7R; ±5%; Ag/Ni/Sn; 13-inch Reeled,100V,2.2 nF,,,,,,,Published
MLCC,Anti-Arcing High Voltage,FJ21X222J202PT,FJ,0805,X7R; ±5%; Pd/Ag; 7-inch Reeled,2000V,2.2 nF,,,,,,,Published
MLCC,Anti-Arcing High Voltage,FJ21X222J202PG,FJ,0805,X7R; ±5%; Pd/Ag; 13-inch Reeled,2000V,2.2 nF,,,,,,,Published
MLCC,Anti-Arcing High Voltage,FJ21X222J202ET,FJ,0805,X7R; ±5%; Ag/Ni/Sn; 7-inch Reeled,2000V,2.2 nF,,,,,,,Published
MLCC,Anti-Arcing High Voltage,FJ21X222J202EG,FJ,0805,X7R; ±5%; Ag/Ni/Sn; 13-inch Reeled,2000V,2.2 nF,,,,,,,Published
MLCC,Anti-Arcing High Voltage,FJ21X222K101PT,FJ,0805,X7R; ±10%; Pd/Ag; 7-inch Reeled,100V,2.2 nF,,,,,,,Published
MLCC,Anti-Arcing High Voltage,FJ21X222K101PG,FJ,0805,X7R; ±10%; Pd/Ag; 13-inch Reeled,100V,2.2 nF,,,,,,,Published
MLCC,Anti-Arcing High Voltage,FJ21X222K101ET,FJ,0805,X7R; ±10%; Ag/Ni/Sn; 7-inch Reeled,100V,2.2 nF,,,,,,,Published
MLCC,Anti-Arcing High Voltage,FJ21X222K101EG,FJ,0805,X7R; ±10%; Ag/Ni/Sn; 13-inch Reeled,100V,2.2 nF,,,,,,,Published
MLCC,Anti-Arcing High Voltage,FJ21X222K202PT,FJ,0805,X7R; ±10%; Pd/Ag; 7-inch Reeled,2000V,2.2 nF,,,,,,,Published
MLCC,Anti-Arcing High Voltage,FJ21X222K202PG,FJ,0805,X7R; ±10%; Pd/Ag; 13-inch Reeled,2000V,2.2 nF,,,,,,,Published
MLCC,Anti-Arcing High Voltage,FJ21X222K202ET,FJ,0805,X7R; ±10%; Ag/Ni/Sn; 7-inch Reeled,2000V,2.2 nF,,,,,,,Published
MLCC,Anti-Arcing High Voltage,FJ21X222K202EG,FJ,0805,X7R; ±10%; Ag/Ni/Sn; 13-inch Reeled,2000V,2.2 nF,,,,,,,Published
MLCC,Anti-Arcing High Voltage,FJ21X222M101PT,FJ,0805,X7R; ±20%; Pd/Ag; 7-inch Reeled,100V,2.2 nF,,,,,,,Published
MLCC,Anti-Arcing High Voltage,FJ21X222M101PG,FJ,0805,X7R; ±20%; Pd/Ag; 13-inch Reeled,100V,2.2 nF,,,,,,,Published
MLCC,Anti-Arcing High Voltage,FJ21X222M101ET,FJ,0805,X7R; ±20%; Ag/Ni/Sn; 7-inch Reeled,100V,2.2 nF,,,,,,,Published
MLCC,Anti-Arcing High Voltage,FJ21X222M101EG,FJ,0805,X7R; ±20%; Ag/Ni/Sn; 13-inch Reeled,100V,2.2 nF,,,,,,,Published
MLCC,Anti-Arcing High Voltage,FJ21X222M202PT,FJ,0805,X7R; ±20%; Pd/Ag; 7-inch Reeled,2000V,2.2 nF,,,,,,,Published
MLCC,Anti-Arcing High Voltage,FJ21X222M202PG,FJ,0805,X7R; ±20%; Pd/Ag; 13-inch Reeled,2000V,2.2 nF,,,,,,,Published
MLCC,Anti-Arcing High Voltage,FJ21X222M202ET,FJ,0805,X7R; ±20%; Ag/Ni/Sn; 7-inch Reeled,2000V,2.2 nF,,,,,,,Published
MLCC,Anti-Arcing High Voltage,FJ21X222M202EG,FJ,0805,X7R; ±20%; Ag/Ni/Sn; 13-inch Reeled,2000V,2.2 nF,,,,,,,Published
MLCC,Anti-Arcing High Voltage,FJ21X223J101PT,FJ,0805,X7R; ±5%; Pd/Ag; 7-inch Reeled,100V,22 nF,,,,,,,Published
MLCC,Anti-Arcing High Voltage,FJ21X223J101PG,FJ,0805,X7R; ±5%; Pd/Ag; 13-inch Reeled,100V,22 nF,,,,,,,Published
MLCC,Anti-Arcing High Voltage,FJ21X223J101ET,FJ,0805,X7R; ±5%; Ag/Ni/Sn; 7-inch Reeled,100V,22 nF,,,,,,,Published
MLCC,Anti-Arcing High Voltage,FJ21X223J101EG,FJ,0805,X7R; ±5%; Ag/Ni/Sn; 13-inch Reeled,100V,22 nF,,,,,,,Published
MLCC,Anti-Arcing High Voltage,FJ21X223J202PT,FJ,0805,X7R; ±5%; Pd/Ag; 7-inch Reeled,2000V,22 nF,,,,,,,Published
MLCC,Anti-Arcing High Voltage,FJ21X223J202PG,FJ,0805,X7R; ±5%; Pd/Ag; 13-inch Reeled,2000V,22 nF,,,,,,,Published
MLCC,Anti-Arcing High Voltage,FJ21X223J202ET,FJ,0805,X7R; ±5%; Ag/Ni/Sn; 7-inch Reeled,2000V,22 nF,,,,,,,Published
MLCC,Anti-Arcing High Voltage,FJ21X223J202EG,FJ,0805,X7R; ±5%; Ag/Ni/Sn; 13-inch Reeled,2000V,22 nF,,,,,,,Published
MLCC,Anti-Arcing High Voltage,FJ21X223K101PT,FJ,0805,X7R; ±10%; Pd/Ag; 7-inch Reeled,100V,22 nF,,,,,,,Published
MLCC,Anti-Arcing High Voltage,FJ21X223K101PG,FJ,0805,X7R; ±10%; Pd/Ag; 13-inch Reeled,100V,22 nF,,,,,,,Published
MLCC,Anti-Arcing High Voltage,FJ21X223K101ET,FJ,0805,X7R; ±10%; Ag/Ni/Sn; 7-inch Reeled,100V,22 nF,,,,,,,Published
MLCC,Anti-Arcing High Voltage,FJ21X223K101EG,FJ,0805,X7R; ±10%; Ag/Ni/Sn; 13-inch Reeled,100V,22 nF,,,,,,,Published
MLCC,Anti-Arcing High Voltage,FJ21X223K202PT,FJ,0805,X7R; ±10%; Pd/Ag; 7-inch Reeled,2000V,22 nF,,,,,,,Published
MLCC,Anti-Arcing High Voltage,FJ21X223K202PG,FJ,0805,X7R; ±10%; Pd/Ag; 13-inch Reeled,2000V,22 nF,,,,,,,Published
MLCC,Anti-Arcing High Voltage,FJ21X223K202ET,FJ,0805,X7R; ±10%; Ag/Ni/Sn; 7-inch Reeled,2000V,22 nF,,,,,,,Published
MLCC,Anti-Arcing High Voltage,FJ21X223K202EG,FJ,0805,X7R; ±10%; Ag/Ni/Sn; 13-inch Reeled,2000V,22 nF,,,,,,,Published
MLCC,Anti-Arcing High Voltage,FJ21X223M101PT,FJ,0805,X7R; ±20%; Pd/Ag; 7-inch Reeled,100V,22 nF,,,,,,,Published
MLCC,Anti-Arcing High Voltage,FJ21X223M101PG,FJ,0805,X7R; ±20%; Pd/Ag; 13-inch Reeled,100V,22 nF,,,,,,,Published
MLCC,Anti-Arcing High Voltage,FJ21X223M101ET,FJ,0805,X7R; ±20%; Ag/Ni/Sn; 7-inch Reeled,100V,22 nF,,,,,,,Published
MLCC,Anti-Arcing High Voltage,FJ21X223M101EG,FJ,0805,X7R; ±20%; Ag/Ni/Sn; 13-inch Reeled,100V,22 nF,,,,,,,Published
MLCC,Anti-Arcing High Voltage,FJ21X223M202PT,FJ,0805,X7R; ±20%; Pd/Ag; 7-inch Reeled,2000V,22 nF,,,,,,,Published
MLCC,Anti-Arcing High Voltage,FJ21X223M202PG,FJ,0805,X7R; ±20%; Pd/Ag; 13-inch Reeled,2000V,22 nF,,,,,,,Published
MLCC,Anti-Arcing High Voltage,FJ21X223M202ET,FJ,0805,X7R; ±20%; Ag/Ni/Sn; 7-inch Reeled,2000V,22 nF,,,,,,,Published
MLCC,Anti-Arcing High Voltage,FJ21X223M202EG,FJ,0805,X7R; ±20%; Ag/Ni/Sn; 13-inch Reeled,2000V,22 nF,,,,,,,Published
MLCC,Anti-Arcing High Voltage,FJ21X224J101PT,FJ,0805,X7R; ±5%; Pd/Ag; 7-inch Reeled,100V,220 nF,,,,,,,Published
MLCC,Anti-Arcing High Voltage,FJ21X224J101PG,FJ,0805,X7R; ±5%; Pd/Ag; 13-inch Reeled,100V,220 nF,,,,,,,Published
MLCC,Anti-Arcing High Voltage,FJ21X224J101ET,FJ,0805,X7R; ±5%; Ag/Ni/Sn; 7-inch Reeled,100V,220 nF,,,,,,,Published
MLCC,Anti-Arcing High Voltage,FJ21X224J101EG,FJ,0805,X7R; ±5%; Ag/Ni/Sn; 13-inch Reeled,100V,220 nF,,,,,,,Published
MLCC,Anti-Arcing High Voltage,FJ21X224J202PT,FJ,0805,X7R; ±5%; Pd/Ag; 7-inch Reeled,2000V,220 nF,,,,,,,Published
MLCC,Anti-Arcing High Voltage,FJ21X224J202PG,FJ,0805,X7R; ±5%; Pd/Ag; 13-inch Reeled,2000V,220 nF,,,,,,,Published
MLCC,Anti-Arcing High Voltage,FJ21X224J202ET,FJ,0805,X7R; ±5%; Ag/Ni/Sn; 7-inch Reeled,2000V,220 nF,,,,,,,Published
MLCC,Anti-Arcing High Voltage,FJ21X224J202EG,FJ,0805,X7R; ±5%; Ag/Ni/Sn; 13-inch Reeled,2000V,220 nF,,,,,,,Published
MLCC,Anti-Arcing High Voltage,FJ21X224K101PT,FJ,0805,X7R; ±10%; Pd/Ag; 7-inch Reeled,100V,220 nF,,,,,,,Published
MLCC,Anti-Arcing High Voltage,FJ21X224K101PG,FJ,0805,X7R; ±10%; Pd/Ag; 13-inch Reeled,100V,220 nF,,,,,,,Published
MLCC,Anti-Arcing High Voltage,FJ21X224K101ET,FJ,0805,X7R; ±10%; Ag/Ni/Sn; 7-inch Reeled,100V,220 nF,,,,,,,Published
MLCC,Anti-Arcing High Voltage,FJ21X224K101EG,FJ,0805,X7R; ±10%; Ag/Ni/Sn; 13-inch Reeled,100V,220 nF,,,,,,,Published
MLCC,Anti-Arcing High Voltage,FJ21X224K202PT,FJ,0805,X7R; ±10%; Pd/Ag; 7-inch Reeled,2000V,220 nF,,,,,,,Published
MLCC,Anti-Arcing High Voltage,FJ21X224K202PG,FJ,0805,X7R; ±10%; Pd/Ag; 13-inch Reeled,2000V,220 nF,,,,,,,Published
MLCC,Anti-Arcing High Voltage,FJ21X224K202ET,FJ,0805,X7R; ±10%; Ag/Ni/Sn; 7-inch Reeled,2000V,220 nF,,,,,,,Published
MLCC,Anti-Arcing High Voltage,FJ21X224K202EG,FJ,0805,X7R; ±10%; Ag/Ni/Sn; 13-inch Reeled,2000V,220 nF,,,,,,,Published
MLCC,Anti-Arcing High Voltage,FJ21X224M101PT,FJ,0805,X7R; ±20%; Pd/Ag; 7-inch Reeled,100V,220 nF,,,,,,,Published
MLCC,Anti-Arcing High Voltage,FJ21X224M101PG,FJ,0805,X7R; ±20%; Pd/Ag; 13-inch Reeled,100V,220 nF,,,,,,,Published
MLCC,Anti-Arcing High Voltage,FJ21X224M101ET,FJ,0805,X7R; ±20%; Ag/Ni/Sn; 7-inch Reeled,100V,220 nF,,,,,,,Published
MLCC,Anti-Arcing High Voltage,FJ21X224M101EG,FJ,0805,X7R; ±20%; Ag/Ni/Sn; 13-inch Reeled,100V,220 nF,,,,,,,Published
MLCC,Anti-Arcing High Voltage,FJ21X224M202PT,FJ,0805,X7R; ±20%; Pd/Ag; 7-inch Reeled,2000V,220 nF,,,,,,,Published
MLCC,Anti-Arcing High Voltage,FJ21X224M202PG,FJ,0805,X7R; ±20%; Pd/Ag; 13-inch Reeled,2000V,220 nF,,,,,,,Published
MLCC,Anti-Arcing High Voltage,FJ21X224M202ET,FJ,0805,X7R; ±20%; Ag/Ni/Sn; 7-inch Reeled,2000V,220 nF,,,,,,,Published
MLCC,Anti-Arcing High Voltage,FJ21X224M202EG,FJ,0805,X7R; ±20%; Ag/Ni/Sn; 13-inch Reeled,2000V,220 nF,,,,,,,Published
MLCC,Anti-Arcing High Voltage,FJ21X330J101PT,FJ,0805,X7R; ±5%; Pd/Ag; 7-inch Reeled,100V,33 pF,,,,,,,Published
MLCC,Anti-Arcing High Voltage,FJ21X330J101PG,FJ,0805,X7R; ±5%; Pd/Ag; 13-inch Reeled,100V,33 pF,,,,,,,Published
MLCC,Anti-Arcing High Voltage,FJ21X330J101ET,FJ,0805,X7R; ±5%; Ag/Ni/Sn; 7-inch Reeled,100V,33 pF,,,,,,,Published
MLCC,Anti-Arcing High Voltage,FJ21X330J101EG,FJ,0805,X7R; ±5%; Ag/Ni/Sn; 13-inch Reeled,100V,33 pF,,,,,,,Published
MLCC,Anti-Arcing High Voltage,FJ21X330J202PT,FJ,0805,X7R; ±5%; Pd/Ag; 7-inch Reeled,2000V,33 pF,,,,,,,Published
MLCC,Anti-Arcing High Voltage,FJ21X330J202PG,FJ,0805,X7R; ±5%; Pd/Ag; 13-inch Reeled,2000V,33 pF,,,,,,,Published
MLCC,Anti-Arcing High Voltage,FJ21X330J202ET,FJ,0805,X7R; ±5%; Ag/Ni/Sn; 7-inch Reeled,2000V,33 pF,,,,,,,Published
MLCC,Anti-Arcing High Voltage,FJ21X330J202EG,FJ,0805,X7R; ±5%; Ag/Ni/Sn; 13-inch Reeled,2000V,33 pF,,,,,,,Published
MLCC,Anti-Arcing High Voltage,FJ21X330K101PT,FJ,0805,X7R; ±10%; Pd/Ag; 7-inch Reeled,100V,33 pF,,,,,,,Published
MLCC,Anti-Arcing High Voltage,FJ21X330K101PG,FJ,0805,X7R; ±10%; Pd/Ag; 13-inch Reeled,100V,33 pF,,,,,,,Published
MLCC,Anti-Arcing High Voltage,FJ21X330K101ET,FJ,0805,X7R; ±10%; Ag/Ni/Sn; 7-inch Reeled,100V,33 pF,,,,,,,Published
MLCC,Anti-Arcing High Voltage,FJ21X330K101EG,FJ,0805,X7R; ±10%; Ag/Ni/Sn; 13-inch Reeled,100V,33 pF,,,,,,,Published
MLCC,Anti-Arcing High Voltage,FJ21X330K202PT,FJ,0805,X7R; ±10%; Pd/Ag; 7-inch Reeled,2000V,33 pF,,,,,,,Published
MLCC,Anti-Arcing High Voltage,FJ21X330K202PG,FJ,0805,X7R; ±10%; Pd/Ag; 13-inch Reeled,2000V,33 pF,,,,,,,Published
MLCC,Anti-Arcing High Voltage,FJ21X330K202ET,FJ,0805,X7R; ±10%; Ag/Ni/Sn; 7-inch Reeled,2000V,33 pF,,,,,,,Published
MLCC,Anti-Arcing High Voltage,FJ21X330K202EG,FJ,0805,X7R; ±10%; Ag/Ni/Sn; 13-inch Reeled,2000V,33 pF,,,,,,,Published
MLCC,Anti-Arcing High Voltage,FJ21X330M101PT,FJ,0805,X7R; ±20%; Pd/Ag; 7-inch Reeled,100V,33 pF,,,,,,,Published
MLCC,Anti-Arcing High Voltage,FJ21X330M101PG,FJ,0805,X7R; ±20%; Pd/Ag; 13-inch Reeled,100V,33 pF,,,,,,,Published
MLCC,Anti-Arcing High Voltage,FJ21X330M101ET,FJ,0805,X7R; ±20%; Ag/Ni/Sn; 7-inch Reeled,100V,33 pF,,,,,,,Published
MLCC,Anti-Arcing High Voltage,FJ21X330M101EG,FJ,0805,X7R; ±20%; Ag/Ni/Sn; 13-inch Reeled,100V,33 pF,,,,,,,Published
MLCC,Anti-Arcing High Voltage,FJ21X330M202PT,FJ,0805,X7R; ±20%; Pd/Ag; 7-inch Reeled,2000V,33 pF,,,,,,,Published
MLCC,Anti-Arcing High Voltage,FJ21X330M202PG,FJ,0805,X7R; ±20%; Pd/Ag; 13-inch Reeled,2000V,33 pF,,,,,,,Published
MLCC,Anti-Arcing High Voltage,FJ21X330M202ET,FJ,0805,X7R; ±20%; Ag/Ni/Sn; 7-inch Reeled,2000V,33 pF,,,,,,,Published
MLCC,Anti-Arcing High Voltage,FJ21X330M202EG,FJ,0805,X7R; ±20%; Ag/Ni/Sn; 13-inch Reeled,2000V,33 pF,,,,,,,Published
MLCC,Anti-Arcing High Voltage,FJ21X331J101PT,FJ,0805,X7R; ±5%; Pd/Ag; 7-inch Reeled,100V,330 pF,,,,,,,Published
MLCC,Anti-Arcing High Voltage,FJ21X331J101PG,FJ,0805,X7R; ±5%; Pd/Ag; 13-inch Reeled,100V,330 pF,,,,,,,Published
MLCC,Anti-Arcing High Voltage,FJ21X331J101ET,FJ,0805,X7R; ±5%; Ag/Ni/Sn; 7-inch Reeled,100V,330 pF,,,,,,,Published
MLCC,Anti-Arcing High Voltage,FJ21X331J101EG,FJ,0805,X7R; ±5%; Ag/Ni/Sn; 13-inch Reeled,100V,330 pF,,,,,,,Published
MLCC,Anti-Arcing High Voltage,FJ21X331J202PT,FJ,0805,X7R; ±5%; Pd/Ag; 7-inch Reeled,2000V,330 pF,,,,,,,Published
MLCC,Anti-Arcing High Voltage,FJ21X331J202PG,FJ,0805,X7R; ±5%; Pd/Ag; 13-inch Reeled,2000V,330 pF,,,,,,,Published
MLCC,Anti-Arcing High Voltage,FJ21X331J202ET,FJ,0805,X7R; ±5%; Ag/Ni/Sn; 7-inch Reeled,2000V,330 pF,,,,,,,Published
MLCC,Anti-Arcing High Voltage,FJ21X331J202EG,FJ,0805,X7R; ±5%; Ag/Ni/Sn; 13-inch Reeled,2000V,330 pF,,,,,,,Published
MLCC,Anti-Arcing High Voltage,FJ21X331K101PT,FJ,0805,X7R; ±10%; Pd/Ag; 7-inch Reeled,100V,330 pF,,,,,,,Published
MLCC,Anti-Arcing High Voltage,FJ21X331K101PG,FJ,0805,X7R; ±10%; Pd/Ag; 13-inch Reeled,100V,330 pF,,,,,,,Published
MLCC,Anti-Arcing High Voltage,FJ21X331K101ET,FJ,0805,X7R; ±10%; Ag/Ni/Sn; 7-inch Reeled,100V,330 pF,,,,,,,Published
MLCC,Anti-Arcing High Voltage,FJ21X331K101EG,FJ,0805,X7R; ±10%; Ag/Ni/Sn; 13-inch Reeled,100V,330 pF,,,,,,,Published
MLCC,Anti-Arcing High Voltage,FJ21X331K202PT,FJ,0805,X7R; ±10%; Pd/Ag; 7-inch Reeled,2000V,330 pF,,,,,,,Published
MLCC,Anti-Arcing High Voltage,FJ21X331K202PG,FJ,0805,X7R; ±10%; Pd/Ag; 13-inch Reeled,2000V,330 pF,,,,,,,Published
MLCC,Anti-Arcing High Voltage,FJ21X331K202ET,FJ,0805,X7R; ±10%; Ag/Ni/Sn; 7-inch Reeled,2000V,330 pF,,,,,,,Published
MLCC,Anti-Arcing High Voltage,FJ21X331K202EG,FJ,0805,X7R; ±10%; Ag/Ni/Sn; 13-inch Reeled,2000V,330 pF,,,,,,,Published
MLCC,Anti-Arcing High Voltage,FJ21X331M101PT,FJ,0805,X7R; ±20%; Pd/Ag; 7-inch Reeled,100V,330 pF,,,,,,,Published
MLCC,Anti-Arcing High Voltage,FJ21X331M101PG,FJ,0805,X7R; ±20%; Pd/Ag; 13-inch Reeled,100V,330 pF,,,,,,,Published
MLCC,Anti-Arcing High Voltage,FJ21X331M101ET,FJ,0805,X7R; ±20%; Ag/Ni/Sn; 7-inch Reeled,100V,330 pF,,,,,,,Published
MLCC,Anti-Arcing High Voltage,FJ21X331M101EG,FJ,0805,X7R; ±20%; Ag/Ni/Sn; 13-inch Reeled,100V,330 pF,,,,,,,Published
MLCC,Anti-Arcing High Voltage,FJ21X331M202PT,FJ,0805,X7R; ±20%; Pd/Ag; 7-inch Reeled,2000V,330 pF,,,,,,,Published
MLCC,Anti-Arcing High Voltage,FJ21X331M202PG,FJ,0805,X7R; ±20%; Pd/Ag; 13-inch Reeled,2000V,330 pF,,,,,,,Published
MLCC,Anti-Arcing High Voltage,FJ21X331M202ET,FJ,0805,X7R; ±20%; Ag/Ni/Sn; 7-inch Reeled,2000V,330 pF,,,,,,,Published
MLCC,Anti-Arcing High Voltage,FJ21X331M202EG,FJ,0805,X7R; ±20%; Ag/Ni/Sn; 13-inch Reeled,2000V,330 pF,,,,,,,Published
MLCC,Anti-Arcing High Voltage,FJ21X332J101PT,FJ,0805,X7R; ±5%; Pd/Ag; 7-inch Reeled,100V,3.3 nF,,,,,,,Published
MLCC,Anti-Arcing High Voltage,FJ21X332J101PG,FJ,0805,X7R; ±5%; Pd/Ag; 13-inch Reeled,100V,3.3 nF,,,,,,,Published
MLCC,Anti-Arcing High Voltage,FJ21X332J101ET,FJ,0805,X7R; ±5%; Ag/Ni/Sn; 7-inch Reeled,100V,3.3 nF,,,,,,,Published
MLCC,Anti-Arcing High Voltage,FJ21X332J101EG,FJ,0805,X7R; ±5%; Ag/Ni/Sn; 13-inch Reeled,100V,3.3 nF,,,,,,,Published
MLCC,Anti-Arcing High Voltage,FJ21X332J202PT,FJ,0805,X7R; ±5%; Pd/Ag; 7-inch Reeled,2000V,3.3 nF,,,,,,,Published
MLCC,Anti-Arcing High Voltage,FJ21X332J202PG,FJ,0805,X7R; ±5%; Pd/Ag; 13-inch Reeled,2000V,3.3 nF,,,,,,,Published
MLCC,Anti-Arcing High Voltage,FJ21X332J202ET,FJ,0805,X7R; ±5%; Ag/Ni/Sn; 7-inch Reeled,2000V,3.3 nF,,,,,,,Published
MLCC,Anti-Arcing High Voltage,FJ21X332J202EG,FJ,0805,X7R; ±5%; Ag/Ni/Sn; 13-inch Reeled,2000V,3.3 nF,,,,,,,Published
MLCC,Anti-Arcing High Voltage,FJ21X332K101PT,FJ,0805,X7R; ±10%; Pd/Ag; 7-inch Reeled,100V,3.3 nF,,,,,,,Published
MLCC,Anti-Arcing High Voltage,FJ21X332K101PG,FJ,0805,X7R; ±10%; Pd/Ag; 13-inch Reeled,100V,3.3 nF,,,,,,,Published
MLCC,Anti-Arcing High Voltage,FJ21X332K101ET,FJ,0805,X7R; ±10%; Ag/Ni/Sn; 7-inch Reeled,100V,3.3 nF,,,,,,,Published
MLCC,Anti-Arcing High Voltage,FJ21X332K101EG,FJ,0805,X7R; ±10%; Ag/Ni/Sn; 13-inch Reeled,100V,3.3 nF,,,,,,,Published
MLCC,Anti-Arcing High Voltage,FJ21X332K202PT,FJ,0805,X7R; ±10%; Pd/Ag; 7-inch Reeled,2000V,3.3 nF,,,,,,,Published
MLCC,Anti-Arcing High Voltage,FJ21X332K202PG,FJ,0805,X7R; ±10%; Pd/Ag; 13-inch Reeled,2000V,3.3 nF,,,,,,,Published
MLCC,Anti-Arcing High Voltage,FJ21X332K202ET,FJ,0805,X7R; ±10%; Ag/Ni/Sn; 7-inch Reeled,2000V,3.3 nF,,,,,,,Published
MLCC,Anti-Arcing High Voltage,FJ21X332K202EG,FJ,0805,X7R; ±10%; Ag/Ni/Sn; 13-inch Reeled,2000V,3.3 nF,,,,,,,Published
MLCC,Anti-Arcing High Voltage,FJ21X332M101PT,FJ,0805,X7R; ±20%; Pd/Ag; 7-inch Reeled,100V,3.3 nF,,,,,,,Published
MLCC,Anti-Arcing High Voltage,FJ21X332M101PG,FJ,0805,X7R; ±20%; Pd/Ag; 13-inch Reeled,100V,3.3 nF,,,,,,,Published
MLCC,Anti-Arcing High Voltage,FJ21X332M101ET,FJ,0805,X7R; ±20%; Ag/Ni/Sn; 7-inch Reeled,100V,3.3 nF,,,,,,,Published
MLCC,Anti-Arcing High Voltage,FJ21X332M101EG,FJ,0805,X7R; ±20%; Ag/Ni/Sn; 13-inch Reeled,100V,3.3 nF,,,,,,,Published
MLCC,Anti-Arcing High Voltage,FJ21X332M202PT,FJ,0805,X7R; ±20%; Pd/Ag; 7-inch Reeled,2000V,3.3 nF,,,,,,,Published
MLCC,Anti-Arcing High Voltage,FJ21X332M202PG,FJ,0805,X7R; ±20%; Pd/Ag; 13-inch Reeled,2000V,3.3 nF,,,,,,,Published
MLCC,Anti-Arcing High Voltage,FJ21X332M202ET,FJ,0805,X7R; ±20%; Ag/Ni/Sn; 7-inch Reeled,2000V,3.3 nF,,,,,,,Published
MLCC,Anti-Arcing High Voltage,FJ21X332M202EG,FJ,0805,X7R; ±20%; Ag/Ni/Sn; 13-inch Reeled,2000V,3.3 nF,,,,,,,Published
MLCC,Anti-Arcing High Voltage,FJ21X333J101PT,FJ,0805,X7R; ±5%; Pd/Ag; 7-inch Reeled,100V,33 nF,,,,,,,Published
MLCC,Anti-Arcing High Voltage,FJ21X333J101PG,FJ,0805,X7R; ±5%; Pd/Ag; 13-inch Reeled,100V,33 nF,,,,,,,Published
MLCC,Anti-Arcing High Voltage,FJ21X333J101ET,FJ,0805,X7R; ±5%; Ag/Ni/Sn; 7-inch Reeled,100V,33 nF,,,,,,,Published
MLCC,Anti-Arcing High Voltage,FJ21X333J101EG,FJ,0805,X7R; ±5%; Ag/Ni/Sn; 13-inch Reeled,100V,33 nF,,,,,,,Published
MLCC,Anti-Arcing High Voltage,FJ21X333J202PT,FJ,0805,X7R; ±5%; Pd/Ag; 7-inch Reeled,2000V,33 nF,,,,,,,Published
MLCC,Anti-Arcing High Voltage,FJ21X333J202PG,FJ,0805,X7R; ±5%; Pd/Ag; 13-inch Reeled,2000V,33 nF,,,,,,,Published
MLCC,Anti-Arcing High Voltage,FJ21X333J202ET,FJ,0805,X7R; ±5%; Ag/Ni/Sn; 7-inch Reeled,2000V,33 nF,,,,,,,Published
MLCC,Anti-Arcing High Voltage,FJ21X333J202EG,FJ,0805,X7R; ±5%; Ag/Ni/Sn; 13-inch Reeled,2000V,33 nF,,,,,,,Published
MLCC,Anti-Arcing High Voltage,FJ21X333K101PT,FJ,0805,X7R; ±10%; Pd/Ag; 7-inch Reeled,100V,33 nF,,,,,,,Published
MLCC,Anti-Arcing High Voltage,FJ21X333K101PG,FJ,0805,X7R; ±10%; Pd/Ag; 13-inch Reeled,100V,33 nF,,,,,,,Published
MLCC,Anti-Arcing High Voltage,FJ21X333K101ET,FJ,0805,X7R; ±10%; Ag/Ni/Sn; 7-inch Reeled,100V,33 nF,,,,,,,Published
MLCC,Anti-Arcing High Voltage,FJ21X333K101EG,FJ,0805,X7R; ±10%; Ag/Ni/Sn; 13-inch Reeled,100V,33 nF,,,,,,,Published
MLCC,Anti-Arcing High Voltage,FJ21X333K202PT,FJ,0805,X7R; ±10%; Pd/Ag; 7-inch Reeled,2000V,33 nF,,,,,,,Published
MLCC,Anti-Arcing High Voltage,FJ21X333K202PG,FJ,0805,X7R; ±10%; Pd/Ag; 13-inch Reeled,2000V,33 nF,,,,,,,Published
MLCC,Anti-Arcing High Voltage,FJ21X333K202ET,FJ,0805,X7R; ±10%; Ag/Ni/Sn; 7-inch Reeled,2000V,33 nF,,,,,,,Published
MLCC,Anti-Arcing High Voltage,FJ21X333K202EG,FJ,0805,X7R; ±10%; Ag/Ni/Sn; 13-inch Reeled,2000V,33 nF,,,,,,,Published
MLCC,Anti-Arcing High Voltage,FJ21X333M101PT,FJ,0805,X7R; ±20%; Pd/Ag; 7-inch Reeled,100V,33 nF,,,,,,,Published
MLCC,Anti-Arcing High Voltage,FJ21X333M101PG,FJ,0805,X7R; ±20%; Pd/Ag; 13-inch Reeled,100V,33 nF,,,,,,,Published
MLCC,Anti-Arcing High Voltage,FJ21X333M101ET,FJ,0805,X7R; ±20%; Ag/Ni/Sn; 7-inch Reeled,100V,33 nF,,,,,,,Published
MLCC,Anti-Arcing High Voltage,FJ21X333M101EG,FJ,0805,X7R; ±20%; Ag/Ni/Sn; 13-inch Reeled,100V,33 nF,,,,,,,Published
MLCC,Anti-Arcing High Voltage,FJ21X333M202PT,FJ,0805,X7R; ±20%; Pd/Ag; 7-inch Reeled,2000V,33 nF,,,,,,,Published
MLCC,Anti-Arcing High Voltage,FJ21X333M202PG,FJ,0805,X7R; ±20%; Pd/Ag; 13-inch Reeled,2000V,33 nF,,,,,,,Published
MLCC,Anti-Arcing High Voltage,FJ21X333M202ET,FJ,0805,X7R; ±20%; Ag/Ni/Sn; 7-inch Reeled,2000V,33 nF,,,,,,,Published
MLCC,Anti-Arcing High Voltage,FJ21X333M202EG,FJ,0805,X7R; ±20%; Ag/Ni/Sn; 13-inch Reeled,2000V,33 nF,,,,,,,Published
MLCC,Anti-Arcing High Voltage,FJ21X334J101PT,FJ,0805,X7R; ±5%; Pd/Ag; 7-inch Reeled,100V,330 nF,,,,,,,Published
MLCC,Anti-Arcing High Voltage,FJ21X334J101PG,FJ,0805,X7R; ±5%; Pd/Ag; 13-inch Reeled,100V,330 nF,,,,,,,Published
MLCC,Anti-Arcing High Voltage,FJ21X334J101ET,FJ,0805,X7R; ±5%; Ag/Ni/Sn; 7-inch Reeled,100V,330 nF,,,,,,,Published
MLCC,Anti-Arcing High Voltage,FJ21X334J101EG,FJ,0805,X7R; ±5%; Ag/Ni/Sn; 13-inch Reeled,100V,330 nF,,,,,,,Published
MLCC,Anti-Arcing High Voltage,FJ21X334J202PT,FJ,0805,X7R; ±5%; Pd/Ag; 7-inch Reeled,2000V,330 nF,,,,,,,Published
MLCC,Anti-Arcing High Voltage,FJ21X334J202PG,FJ,0805,X7R; ±5%; Pd/Ag; 13-inch Reeled,2000V,330 nF,,,,,,,Published
MLCC,Anti-Arcing High Voltage,FJ21X334J202ET,FJ,0805,X7R; ±5%; Ag/Ni/Sn; 7-inch Reeled,2000V,330 nF,,,,,,,Published
MLCC,Anti-Arcing High Voltage,FJ21X334J202EG,FJ,0805,X7R; ±5%; Ag/Ni/Sn; 13-inch Reeled,2000V,330 nF,,,,,,,Published
MLCC,Anti-Arcing High Voltage,FJ21X334K101PT,FJ,0805,X7R; ±10%; Pd/Ag; 7-inch Reeled,100V,330 nF,,,,,,,Published
MLCC,Anti-Arcing High Voltage,FJ21X334K101PG,FJ,0805,X7R; ±10%; Pd/Ag; 13-inch Reeled,100V,330 nF,,,,,,,Published
MLCC,Anti-Arcing High Voltage,FJ21X334K101ET,FJ,0805,X7R; ±10%; Ag/Ni/Sn; 7-inch Reeled,100V,330 nF,,,,,,,Published
MLCC,Anti-Arcing High Voltage,FJ21X334K101EG,FJ,0805,X7R; ±10%; Ag/Ni/Sn; 13-inch Reeled,100V,330 nF,,,,,,,Published
MLCC,Anti-Arcing High Voltage,FJ21X334K202PT,FJ,0805,X7R; ±10%; Pd/Ag; 7-inch Reeled,2000V,330 nF,,,,,,,Published
MLCC,Anti-Arcing High Voltage,FJ21X334K202PG,FJ,0805,X7R; ±10%; Pd/Ag; 13-inch Reeled,2000V,330 nF,,,,,,,Published
MLCC,Anti-Arcing High Voltage,FJ21X334K202ET,FJ,0805,X7R; ±10%; Ag/Ni/Sn; 7-inch Reeled,2000V,330 nF,,,,,,,Published
MLCC,Anti-Arcing High Voltage,FJ21X334K202EG,FJ,0805,X7R; ±10%; Ag/Ni/Sn; 13-inch Reeled,2000V,330 nF,,,,,,,Published
MLCC,Anti-Arcing High Voltage,FJ21X334M101PT,FJ,0805,X7R; ±20%; Pd/Ag; 7-inch Reeled,100V,330 nF,,,,,,,Published
MLCC,Anti-Arcing High Voltage,FJ21X334M101PG,FJ,0805,X7R; ±20%; Pd/Ag; 13-inch Reeled,100V,330 nF,,,,,,,Published
MLCC,Anti-Arcing High Voltage,FJ21X334M101ET,FJ,0805,X7R; ±20%; Ag/Ni/Sn; 7-inch Reeled,100V,330 nF,,,,,,,Published
MLCC,Anti-Arcing High Voltage,FJ21X334M101EG,FJ,0805,X7R; ±20%; Ag/Ni/Sn; 13-inch Reeled,100V,330 nF,,,,,,,Published
MLCC,Anti-Arcing High Voltage,FJ21X334M202PT,FJ,0805,X7R; ±20%; Pd/Ag; 7-inch Reeled,2000V,330 nF,,,,,,,Published
MLCC,Anti-Arcing High Voltage,FJ21X334M202PG,FJ,0805,X7R; ±20%; Pd/Ag; 13-inch Reeled,2000V,330 nF,,,,,,,Published
MLCC,Anti-Arcing High Voltage,FJ21X334M202ET,FJ,0805,X7R; ±20%; Ag/Ni/Sn; 7-inch Reeled,2000V,330 nF,,,,,,,Published
MLCC,Anti-Arcing High Voltage,FJ21X334M202EG,FJ,0805,X7R; ±20%; Ag/Ni/Sn; 13-inch Reeled,2000V,330 nF,,,,,,,Published
MLCC,Anti-Arcing High Voltage,FJ21X470J101PT,FJ,0805,X7R; ±5%; Pd/Ag; 7-inch Reeled,100V,47 pF,,,,,,,Published
MLCC,Anti-Arcing High Voltage,FJ21X470J101PG,FJ,0805,X7R; ±5%; Pd/Ag; 13-inch Reeled,100V,47 pF,,,,,,,Published
MLCC,Anti-Arcing High Voltage,FJ21X470J101ET,FJ,0805,X7R; ±5%; Ag/Ni/Sn; 7-inch Reeled,100V,47 pF,,,,,,,Published
MLCC,Anti-Arcing High Voltage,FJ21X470J101EG,FJ,0805,X7R; ±5%; Ag/Ni/Sn; 13-inch Reeled,100V,47 pF,,,,,,,Published
MLCC,Anti-Arcing High Voltage,FJ21X470J202PT,FJ,0805,X7R; ±5%; Pd/Ag; 7-inch Reeled,2000V,47 pF,,,,,,,Published
MLCC,Anti-Arcing High Voltage,FJ21X470J202PG,FJ,0805,X7R; ±5%; Pd/Ag; 13-inch Reeled,2000V,47 pF,,,,,,,Published
MLCC,Anti-Arcing High Voltage,FJ21X470J202ET,FJ,0805,X7R; ±5%; Ag/Ni/Sn; 7-inch Reeled,2000V,47 pF,,,,,,,Published
MLCC,Anti-Arcing High Voltage,FJ21X470J202EG,FJ,0805,X7R; ±5%; Ag/Ni/Sn; 13-inch Reeled,2000V,47 pF,,,,,,,Published
MLCC,Anti-Arcing High Voltage,FJ21X470K101PT,FJ,0805,X7R; ±10%; Pd/Ag; 7-inch Reeled,100V,47 pF,,,,,,,Published
MLCC,Anti-Arcing High Voltage,FJ21X470K101PG,FJ,0805,X7R; ±10%; Pd/Ag; 13-inch Reeled,100V,47 pF,,,,,,,Published
MLCC,Anti-Arcing High Voltage,FJ21X470K101ET,FJ,0805,X7R; ±10%; Ag/Ni/Sn; 7-inch Reeled,100V,47 pF,,,,,,,Published
MLCC,Anti-Arcing High Voltage,FJ21X470K101EG,FJ,0805,X7R; ±10%; Ag/Ni/Sn; 13-inch Reeled,100V,47 pF,,,,,,,Published
MLCC,Anti-Arcing High Voltage,FJ21X470K202PT,FJ,0805,X7R; ±10%; Pd/Ag; 7-inch Reeled,2000V,47 pF,,,,,,,Published
MLCC,Anti-Arcing High Voltage,FJ21X470K202PG,FJ,0805,X7R; ±10%; Pd/Ag; 13-inch Reeled,2000V,47 pF,,,,,,,Published
MLCC,Anti-Arcing High Voltage,FJ21X470K202ET,FJ,0805,X7R; ±10%; Ag/Ni/Sn; 7-inch Reeled,2000V,47 pF,,,,,,,Published
MLCC,Anti-Arcing High Voltage,FJ21X470K202EG,FJ,0805,X7R; ±10%; Ag/Ni/Sn; 13-inch Reeled,2000V,47 pF,,,,,,,Published
MLCC,Anti-Arcing High Voltage,FJ21X470M101PT,FJ,0805,X7R; ±20%; Pd/Ag; 7-inch Reeled,100V,47 pF,,,,,,,Published
MLCC,Anti-Arcing High Voltage,FJ21X470M101PG,FJ,0805,X7R; ±20%; Pd/Ag; 13-inch Reeled,100V,47 pF,,,,,,,Published
MLCC,Anti-Arcing High Voltage,FJ21X470M101ET,FJ,0805,X7R; ±20%; Ag/Ni/Sn; 7-inch Reeled,100V,47 pF,,,,,,,Published
MLCC,Anti-Arcing High Voltage,FJ21X470M101EG,FJ,0805,X7R; ±20%; Ag/Ni/Sn; 13-inch Reeled,100V,47 pF,,,,,,,Published
MLCC,Anti-Arcing High Voltage,FJ21X470M202PT,FJ,0805,X7R; ±20%; Pd/Ag; 7-inch Reeled,2000V,47 pF,,,,,,,Published
MLCC,Anti-Arcing High Voltage,FJ21X470M202PG,FJ,0805,X7R; ±20%; Pd/Ag; 13-inch Reeled,2000V,47 pF,,,,,,,Published
MLCC,Anti-Arcing High Voltage,FJ21X470M202ET,FJ,0805,X7R; ±20%; Ag/Ni/Sn; 7-inch Reeled,2000V,47 pF,,,,,,,Published
MLCC,Anti-Arcing High Voltage,FJ21X470M202EG,FJ,0805,X7R; ±20%; Ag/Ni/Sn; 13-inch Reeled,2000V,47 pF,,,,,,,Published
MLCC,Anti-Arcing High Voltage,FJ21X471J101PT,FJ,0805,X7R; ±5%; Pd/Ag; 7-inch Reeled,100V,470 pF,,,,,,,Published
MLCC,Anti-Arcing High Voltage,FJ21X471J101PG,FJ,0805,X7R; ±5%; Pd/Ag; 13-inch Reeled,100V,470 pF,,,,,,,Published
MLCC,Anti-Arcing High Voltage,FJ21X471J101ET,FJ,0805,X7R; ±5%; Ag/Ni/Sn; 7-inch Reeled,100V,470 pF,,,,,,,Published
MLCC,Anti-Arcing High Voltage,FJ21X471J101EG,FJ,0805,X7R; ±5%; Ag/Ni/Sn; 13-inch Reeled,100V,470 pF,,,,,,,Published
MLCC,Anti-Arcing High Voltage,FJ21X471J202PT,FJ,0805,X7R; ±5%; Pd/Ag; 7-inch Reeled,2000V,470 pF,,,,,,,Published
MLCC,Anti-Arcing High Voltage,FJ21X471J202PG,FJ,0805,X7R; ±5%; Pd/Ag; 13-inch Reeled,2000V,470 pF,,,,,,,Published
MLCC,Anti-Arcing High Voltage,FJ21X471J202ET,FJ,0805,X7R; ±5%; Ag/Ni/Sn; 7-inch Reeled,2000V,470 pF,,,,,,,Published
MLCC,Anti-Arcing High Voltage,FJ21X471J202EG,FJ,0805,X7R; ±5%; Ag/Ni/Sn; 13-inch Reeled,2000V,470 pF,,,,,,,Published
MLCC,Anti-Arcing High Voltage,FJ21X471K101PT,FJ,0805,X7R; ±10%; Pd/Ag; 7-inch Reeled,100V,470 pF,,,,,,,Published
MLCC,Anti-Arcing High Voltage,FJ21X471K101PG,FJ,0805,X7R; ±10%; Pd/Ag; 13-inch Reeled,100V,470 pF,,,,,,,Published
MLCC,Anti-Arcing High Voltage,FJ21X471K101ET,FJ,0805,X7R; ±10%; Ag/Ni/Sn; 7-inch Reeled,100V,470 pF,,,,,,,Published
MLCC,Anti-Arcing High Voltage,FJ21X471K101EG,FJ,0805,X7R; ±10%; Ag/Ni/Sn; 13-inch Reeled,100V,470 pF,,,,,,,Published
MLCC,Anti-Arcing High Voltage,FJ21X471K202PT,FJ,0805,X7R; ±10%; Pd/Ag; 7-inch Reeled,2000V,470 pF,,,,,,,Published
MLCC,Anti-Arcing High Voltage,FJ21X471K202PG,FJ,0805,X7R; ±10%; Pd/Ag; 13-inch Reeled,2000V,470 pF,,,,,,,Published
MLCC,Anti-Arcing High Voltage,FJ21X471K202ET,FJ,0805,X7R; ±10%; Ag/Ni/Sn; 7-inch Reeled,2000V,470 pF,,,,,,,Published
MLCC,Anti-Arcing High Voltage,FJ21X471K202EG,FJ,0805,X7R; ±10%; Ag/Ni/Sn; 13-inch Reeled,2000V,470 pF,,,,,,,Published
MLCC,Anti-Arcing High Voltage,FJ21X471M101PT,FJ,0805,X7R; ±20%; Pd/Ag; 7-inch Reeled,100V,470 pF,,,,,,,Published
MLCC,Anti-Arcing High Voltage,FJ21X471M101PG,FJ,0805,X7R; ±20%; Pd/Ag; 13-inch Reeled,100V,470 pF,,,,,,,Published
MLCC,Anti-Arcing High Voltage,FJ21X471M101ET,FJ,0805,X7R; ±20%; Ag/Ni/Sn; 7-inch Reeled,100V,470 pF,,,,,,,Published
MLCC,Anti-Arcing High Voltage,FJ21X471M101EG,FJ,0805,X7R; ±20%; Ag/Ni/Sn; 13-inch Reeled,100V,470 pF,,,,,,,Published
MLCC,Anti-Arcing High Voltage,FJ21X471M202PT,FJ,0805,X7R; ±20%; Pd/Ag; 7-inch Reeled,2000V,470 pF,,,,,,,Published
MLCC,Anti-Arcing High Voltage,FJ21X471M202PG,FJ,0805,X7R; ±20%; Pd/Ag; 13-inch Reeled,2000V,470 pF,,,,,,,Published
MLCC,Anti-Arcing High Voltage,FJ21X471M202ET,FJ,0805,X7R; ±20%; Ag/Ni/Sn; 7-inch Reeled,2000V,470 pF,,,,,,,Published
MLCC,Anti-Arcing High Voltage,FJ21X471M202EG,FJ,0805,X7R; ±20%; Ag/Ni/Sn; 13-inch Reeled,2000V,470 pF,,,,,,,Published
MLCC,Anti-Arcing High Voltage,FJ21X472J101PT,FJ,0805,X7R; ±5%; Pd/Ag; 7-inch Reeled,100V,4.7 nF,,,,,,,Published
MLCC,Anti-Arcing High Voltage,FJ21X472J101PG,FJ,0805,X7R; ±5%; Pd/Ag; 13-inch Reeled,100V,4.7 nF,,,,,,,Published
MLCC,Anti-Arcing High Voltage,FJ21X472J101ET,FJ,0805,X7R; ±5%; Ag/Ni/Sn; 7-inch Reeled,100V,4.7 nF,,,,,,,Published
MLCC,Anti-Arcing High Voltage,FJ21X472J101EG,FJ,0805,X7R; ±5%; Ag/Ni/Sn; 13-inch Reeled,100V,4.7 nF,,,,,,,Published
MLCC,Anti-Arcing High Voltage,FJ21X472J202PT,FJ,0805,X7R; ±5%; Pd/Ag; 7-inch Reeled,2000V,4.7 nF,,,,,,,Published
MLCC,Anti-Arcing High Voltage,FJ21X472J202PG,FJ,0805,X7R; ±5%; Pd/Ag; 13-inch Reeled,2000V,4.7 nF,,,,,,,Published
MLCC,Anti-Arcing High Voltage,FJ21X472J202ET,FJ,0805,X7R; ±5%; Ag/Ni/Sn; 7-inch Reeled,2000V,4.7 nF,,,,,,,Published
MLCC,Anti-Arcing High Voltage,FJ21X472J202EG,FJ,0805,X7R; ±5%; Ag/Ni/Sn; 13-inch Reeled,2000V,4.7 nF,,,,,,,Published
MLCC,Anti-Arcing High Voltage,FJ21X472K101PT,FJ,0805,X7R; ±10%; Pd/Ag; 7-inch Reeled,100V,4.7 nF,,,,,,,Published
MLCC,Anti-Arcing High Voltage,FJ21X472K101PG,FJ,0805,X7R; ±10%; Pd/Ag; 13-inch Reeled,100V,4.7 nF,,,,,,,Published
MLCC,Anti-Arcing High Voltage,FJ21X472K101ET,FJ,0805,X7R; ±10%; Ag/Ni/Sn; 7-inch Reeled,100V,4.7 nF,,,,,,,Published
MLCC,Anti-Arcing High Voltage,FJ21X472K101EG,FJ,0805,X7R; ±10%; Ag/Ni/Sn; 13-inch Reeled,100V,4.7 nF,,,,,,,Published
MLCC,Anti-Arcing High Voltage,FJ21X472K202PT,FJ,0805,X7R; ±10%; Pd/Ag; 7-inch Reeled,2000V,4.7 nF,,,,,,,Published
MLCC,Anti-Arcing High Voltage,FJ21X472K202PG,FJ,0805,X7R; ±10%; Pd/Ag; 13-inch Reeled,2000V,4.7 nF,,,,,,,Published
MLCC,Anti-Arcing High Voltage,FJ21X472K202ET,FJ,0805,X7R; ±10%; Ag/Ni/Sn; 7-inch Reeled,2000V,4.7 nF,,,,,,,Published
MLCC,Anti-Arcing High Voltage,FJ21X472K202EG,FJ,0805,X7R; ±10%; Ag/Ni/Sn; 13-inch Reeled,2000V,4.7 nF,,,,,,,Published
MLCC,Anti-Arcing High Voltage,FJ21X472M101PT,FJ,0805,X7R; ±20%; Pd/Ag; 7-inch Reeled,100V,4.7 nF,,,,,,,Published
MLCC,Anti-Arcing High Voltage,FJ21X472M101PG,FJ,0805,X7R; ±20%; Pd/Ag; 13-inch Reeled,100V,4.7 nF,,,,,,,Published
MLCC,Anti-Arcing High Voltage,FJ21X472M101ET,FJ,0805,X7R; ±20%; Ag/Ni/Sn; 7-inch Reeled,100V,4.7 nF,,,,,,,Published
MLCC,Anti-Arcing High Voltage,FJ21X472M101EG,FJ,0805,X7R; ±20%; Ag/Ni/Sn; 13-inch Reeled,100V,4.7 nF,,,,,,,Published
MLCC,Anti-Arcing High Voltage,FJ21X472M202PT,FJ,0805,X7R; ±20%; Pd/Ag; 7-inch Reeled,2000V,4.7 nF,,,,,,,Published
MLCC,Anti-Arcing High Voltage,FJ21X472M202PG,FJ,0805,X7R; ±20%; Pd/Ag; 13-inch Reeled,2000V,4.7 nF,,,,,,,Published
MLCC,Anti-Arcing High Voltage,FJ21X472M202ET,FJ,0805,X7R; ±20%; Ag/Ni/Sn; 7-inch Reeled,2000V,4.7 nF,,,,,,,Published
MLCC,Anti-Arcing High Voltage,FJ21X472M202EG,FJ,0805,X7R; ±20%; Ag/Ni/Sn; 13-inch Reeled,2000V,4.7 nF,,,,,,,Published
MLCC,Anti-Arcing High Voltage,FJ21X473J101PT,FJ,0805,X7R; ±5%; Pd/Ag; 7-inch Reeled,100V,47 nF,,,,,,,Published
MLCC,Anti-Arcing High Voltage,FJ21X473J101PG,FJ,0805,X7R; ±5%; Pd/Ag; 13-inch Reeled,100V,47 nF,,,,,,,Published
MLCC,Anti-Arcing High Voltage,FJ21X473J101ET,FJ,0805,X7R; ±5%; Ag/Ni/Sn; 7-inch Reeled,100V,47 nF,,,,,,,Published
MLCC,Anti-Arcing High Voltage,FJ21X473J101EG,FJ,0805,X7R; ±5%; Ag/Ni/Sn; 13-inch Reeled,100V,47 nF,,,,,,,Published
MLCC,Anti-Arcing High Voltage,FJ21X473J202PT,FJ,0805,X7R; ±5%; Pd/Ag; 7-inch Reeled,2000V,47 nF,,,,,,,Published
MLCC,Anti-Arcing High Voltage,FJ21X473J202PG,FJ,0805,X7R; ±5%; Pd/Ag; 13-inch Reeled,2000V,47 nF,,,,,,,Published
MLCC,Anti-Arcing High Voltage,FJ21X473J202ET,FJ,0805,X7R; ±5%; Ag/Ni/Sn; 7-inch Reeled,2000V,47 nF,,,,,,,Published
MLCC,Anti-Arcing High Voltage,FJ21X473J202EG,FJ,0805,X7R; ±5%; Ag/Ni/Sn; 13-inch Reeled,2000V,47 nF,,,,,,,Published
MLCC,Anti-Arcing High Voltage,FJ21X473K101PT,FJ,0805,X7R; ±10%; Pd/Ag; 7-inch Reeled,100V,47 nF,,,,,,,Published
MLCC,Anti-Arcing High Voltage,FJ21X473K101PG,FJ,0805,X7R; ±10%; Pd/Ag; 13-inch Reeled,100V,47 nF,,,,,,,Published
MLCC,Anti-Arcing High Voltage,FJ21X473K101ET,FJ,0805,X7R; ±10%; Ag/Ni/Sn; 7-inch Reeled,100V,47 nF,,,,,,,Published
MLCC,Anti-Arcing High Voltage,FJ21X473K101EG,FJ,0805,X7R; ±10%; Ag/Ni/Sn; 13-inch Reeled,100V,47 nF,,,,,,,Published
MLCC,Anti-Arcing High Voltage,FJ21X473K202PT,FJ,0805,X7R; ±10%; Pd/Ag; 7-inch Reeled,2000V,47 nF,,,,,,,Published
MLCC,Anti-Arcing High Voltage,FJ21X473K202PG,FJ,0805,X7R; ±10%; Pd/Ag; 13-inch Reeled,2000V,47 nF,,,,,,,Published
MLCC,Anti-Arcing High Voltage,FJ21X473K202ET,FJ,0805,X7R; ±10%; Ag/Ni/Sn; 7-inch Reeled,2000V,47 nF,,,,,,,Published
MLCC,Anti-Arcing High Voltage,FJ21X473K202EG,FJ,0805,X7R; ±10%; Ag/Ni/Sn; 13-inch Reeled,2000V,47 nF,,,,,,,Published
MLCC,Anti-Arcing High Voltage,FJ21X473M101PT,FJ,0805,X7R; ±20%; Pd/Ag; 7-inch Reeled,100V,47 nF,,,,,,,Published
MLCC,Anti-Arcing High Voltage,FJ21X473M101PG,FJ,0805,X7R; ±20%; Pd/Ag; 13-inch Reeled,100V,47 nF,,,,,,,Published
MLCC,Anti-Arcing High Voltage,FJ21X473M101ET,FJ,0805,X7R; ±20%; Ag/Ni/Sn; 7-inch Reeled,100V,47 nF,,,,,,,Published
MLCC,Anti-Arcing High Voltage,FJ21X473M101EG,FJ,0805,X7R; ±20%; Ag/Ni/Sn; 13-inch Reeled,100V,47 nF,,,,,,,Published
MLCC,Anti-Arcing High Voltage,FJ21X473M202PT,FJ,0805,X7R; ±20%; Pd/Ag; 7-inch Reeled,2000V,47 nF,,,,,,,Published
MLCC,Anti-Arcing High Voltage,FJ21X473M202PG,FJ,0805,X7R; ±20%; Pd/Ag; 13-inch Reeled,2000V,47 nF,,,,,,,Published
MLCC,Anti-Arcing High Voltage,FJ21X473M202ET,FJ,0805,X7R; ±20%; Ag/Ni/Sn; 7-inch Reeled,2000V,47 nF,,,,,,,Published
MLCC,Anti-Arcing High Voltage,FJ21X473M202EG,FJ,0805,X7R; ±20%; Ag/Ni/Sn; 13-inch Reeled,2000V,47 nF,,,,,,,Published
MLCC,Anti-Arcing High Voltage,FJ21X474J101PT,FJ,0805,X7R; ±5%; Pd/Ag; 7-inch Reeled,100V,470 nF,,,,,,,Published
MLCC,Anti-Arcing High Voltage,FJ21X474J101PG,FJ,0805,X7R; ±5%; Pd/Ag; 13-inch Reeled,100V,470 nF,,,,,,,Published
MLCC,Anti-Arcing High Voltage,FJ21X474J101ET,FJ,0805,X7R; ±5%; Ag/Ni/Sn; 7-inch Reeled,100V,470 nF,,,,,,,Published
MLCC,Anti-Arcing High Voltage,FJ21X474J101EG,FJ,0805,X7R; ±5%; Ag/Ni/Sn; 13-inch Reeled,100V,470 nF,,,,,,,Published
MLCC,Anti-Arcing High Voltage,FJ21X474J202PT,FJ,0805,X7R; ±5%; Pd/Ag; 7-inch Reeled,2000V,470 nF,,,,,,,Published
MLCC,Anti-Arcing High Voltage,FJ21X474J202PG,FJ,0805,X7R; ±5%; Pd/Ag; 13-inch Reeled,2000V,470 nF,,,,,,,Published
MLCC,Anti-Arcing High Voltage,FJ21X474J202ET,FJ,0805,X7R; ±5%; Ag/Ni/Sn; 7-inch Reeled,2000V,470 nF,,,,,,,Published
MLCC,Anti-Arcing High Voltage,FJ21X474J202EG,FJ,0805,X7R; ±5%; Ag/Ni/Sn; 13-inch Reeled,2000V,470 nF,,,,,,,Published
MLCC,Anti-Arcing High Voltage,FJ21X474K101PT,FJ,0805,X7R; ±10%; Pd/Ag; 7-inch Reeled,100V,470 nF,,,,,,,Published
MLCC,Anti-Arcing High Voltage,FJ21X474K101PG,FJ,0805,X7R; ±10%; Pd/Ag; 13-inch Reeled,100V,470 nF,,,,,,,Published
MLCC,Anti-Arcing High Voltage,FJ21X474K101ET,FJ,0805,X7R; ±10%; Ag/Ni/Sn; 7-inch Reeled,100V,470 nF,,,,,,,Published
MLCC,Anti-Arcing High Voltage,FJ21X474K101EG,FJ,0805,X7R; ±10%; Ag/Ni/Sn; 13-inch Reeled,100V,470 nF,,,,,,,Published
MLCC,Anti-Arcing High Voltage,FJ21X474K202PT,FJ,0805,X7R; ±10%; Pd/Ag; 7-inch Reeled,2000V,470 nF,,,,,,,Published
MLCC,Anti-Arcing High Voltage,FJ21X474K202PG,FJ,0805,X7R; ±10%; Pd/Ag; 13-inch Reeled,2000V,470 nF,,,,,,,Published
MLCC,Anti-Arcing High Voltage,FJ21X474K202ET,FJ,0805,X7R; ±10%; Ag/Ni/Sn; 7-inch Reeled,2000V,470 nF,,,,,,,Published
MLCC,Anti-Arcing High Voltage,FJ21X474K202EG,FJ,0805,X7R; ±10%; Ag/Ni/Sn; 13-inch Reeled,2000V,470 nF,,,,,,,Published
MLCC,Anti-Arcing High Voltage,FJ21X474M101PT,FJ,0805,X7R; ±20%; Pd/Ag; 7-inch Reeled,100V,470 nF,,,,,,,Published
MLCC,Anti-Arcing High Voltage,FJ21X474M101PG,FJ,0805,X7R; ±20%; Pd/Ag; 13-inch Reeled,100V,470 nF,,,,,,,Published
MLCC,Anti-Arcing High Voltage,FJ21X474M101ET,FJ,0805,X7R; ±20%; Ag/Ni/Sn; 7-inch Reeled,100V,470 nF,,,,,,,Published
MLCC,Anti-Arcing High Voltage,FJ21X474M101EG,FJ,0805,X7R; ±20%; Ag/Ni/Sn; 13-inch Reeled,100V,470 nF,,,,,,,Published
MLCC,Anti-Arcing High Voltage,FJ21X474M202PT,FJ,0805,X7R; ±20%; Pd/Ag; 7-inch Reeled,2000V,470 nF,,,,,,,Published
MLCC,Anti-Arcing High Voltage,FJ21X474M202PG,FJ,0805,X7R; ±20%; Pd/Ag; 13-inch Reeled,2000V,470 nF,,,,,,,Published
MLCC,Anti-Arcing High Voltage,FJ21X474M202ET,FJ,0805,X7R; ±20%; Ag/Ni/Sn; 7-inch Reeled,2000V,470 nF,,,,,,,Published
MLCC,Anti-Arcing High Voltage,FJ21X474M202EG,FJ,0805,X7R; ±20%; Ag/Ni/Sn; 13-inch Reeled,2000V,470 nF,,,,,,,Published
MLCC,Anti-Arcing High Voltage,FJ21X680J101PT,FJ,0805,X7R; ±5%; Pd/Ag; 7-inch Reeled,100V,68 pF,,,,,,,Published
MLCC,Anti-Arcing High Voltage,FJ21X680J101PG,FJ,0805,X7R; ±5%; Pd/Ag; 13-inch Reeled,100V,68 pF,,,,,,,Published
MLCC,Anti-Arcing High Voltage,FJ21X680J101ET,FJ,0805,X7R; ±5%; Ag/Ni/Sn; 7-inch Reeled,100V,68 pF,,,,,,,Published
MLCC,Anti-Arcing High Voltage,FJ21X680J101EG,FJ,0805,X7R; ±5%; Ag/Ni/Sn; 13-inch Reeled,100V,68 pF,,,,,,,Published
MLCC,Anti-Arcing High Voltage,FJ21X680J202PT,FJ,0805,X7R; ±5%; Pd/Ag; 7-inch Reeled,2000V,68 pF,,,,,,,Published
MLCC,Anti-Arcing High Voltage,FJ21X680J202PG,FJ,0805,X7R; ±5%; Pd/Ag; 13-inch Reeled,2000V,68 pF,,,,,,,Published
MLCC,Anti-Arcing High Voltage,FJ21X680J202ET,FJ,0805,X7R; ±5%; Ag/Ni/Sn; 7-inch Reeled,2000V,68 pF,,,,,,,Published
MLCC,Anti-Arcing High Voltage,FJ21X680J202EG,FJ,0805,X7R; ±5%; Ag/Ni/Sn; 13-inch Reeled,2000V,68 pF,,,,,,,Published
MLCC,Anti-Arcing High Voltage,FJ21X680K101PT,FJ,0805,X7R; ±10%; Pd/Ag; 7-inch Reeled,100V,68 pF,,,,,,,Published
MLCC,Anti-Arcing High Voltage,FJ21X680K101PG,FJ,0805,X7R; ±10%; Pd/Ag; 13-inch Reeled,100V,68 pF,,,,,,,Published
MLCC,Anti-Arcing High Voltage,FJ21X680K101ET,FJ,0805,X7R; ±10%; Ag/Ni/Sn; 7-inch Reeled,100V,68 pF,,,,,,,Published
MLCC,Anti-Arcing High Voltage,FJ21X680K101EG,FJ,0805,X7R; ±10%; Ag/Ni/Sn; 13-inch Reeled,100V,68 pF,,,,,,,Published
MLCC,Anti-Arcing High Voltage,FJ21X680K202PT,FJ,0805,X7R; ±10%; Pd/Ag; 7-inch Reeled,2000V,68 pF,,,,,,,Published
MLCC,Anti-Arcing High Voltage,FJ21X680K202PG,FJ,0805,X7R; ±10%; Pd/Ag; 13-inch Reeled,2000V,68 pF,,,,,,,Published
MLCC,Anti-Arcing High Voltage,FJ21X680K202ET,FJ,0805,X7R; ±10%; Ag/Ni/Sn; 7-inch Reeled,2000V,68 pF,,,,,,,Published
MLCC,Anti-Arcing High Voltage,FJ21X680K202EG,FJ,0805,X7R; ±10%; Ag/Ni/Sn; 13-inch Reeled,2000V,68 pF,,,,,,,Published
MLCC,Anti-Arcing High Voltage,FJ21X680M101PT,FJ,0805,X7R; ±20%; Pd/Ag; 7-inch Reeled,100V,68 pF,,,,,,,Published
MLCC,Anti-Arcing High Voltage,FJ21X680M101PG,FJ,0805,X7R; ±20%; Pd/Ag; 13-inch Reeled,100V,68 pF,,,,,,,Published
MLCC,Anti-Arcing High Voltage,FJ21X680M101ET,FJ,0805,X7R; ±20%; Ag/Ni/Sn; 7-inch Reeled,100V,68 pF,,,,,,,Published
MLCC,Anti-Arcing High Voltage,FJ21X680M101EG,FJ,0805,X7R; ±20%; Ag/Ni/Sn; 13-inch Reeled,100V,68 pF,,,,,,,Published
MLCC,Anti-Arcing High Voltage,FJ21X680M202PT,FJ,0805,X7R; ±20%; Pd/Ag; 7-inch Reeled,2000V,68 pF,,,,,,,Published
MLCC,Anti-Arcing High Voltage,FJ21X680M202PG,FJ,0805,X7R; ±20%; Pd/Ag; 13-inch Reeled,2000V,68 pF,,,,,,,Published
MLCC,Anti-Arcing High Voltage,FJ21X680M202ET,FJ,0805,X7R; ±20%; Ag/Ni/Sn; 7-inch Reeled,2000V,68 pF,,,,,,,Published
MLCC,Anti-Arcing High Voltage,FJ21X680M202EG,FJ,0805,X7R; ±20%; Ag/Ni/Sn; 13-inch Reeled,2000V,68 pF,,,,,,,Published
MLCC,Anti-Arcing High Voltage,FJ21X681J101PT,FJ,0805,X7R; ±5%; Pd/Ag; 7-inch Reeled,100V,680 pF,,,,,,,Published
MLCC,Anti-Arcing High Voltage,FJ21X681J101PG,FJ,0805,X7R; ±5%; Pd/Ag; 13-inch Reeled,100V,680 pF,,,,,,,Published
MLCC,Anti-Arcing High Voltage,FJ21X681J101ET,FJ,0805,X7R; ±5%; Ag/Ni/Sn; 7-inch Reeled,100V,680 pF,,,,,,,Published
MLCC,Anti-Arcing High Voltage,FJ21X681J101EG,FJ,0805,X7R; ±5%; Ag/Ni/Sn; 13-inch Reeled,100V,680 pF,,,,,,,Published
MLCC,Anti-Arcing High Voltage,FJ21X681J202PT,FJ,0805,X7R; ±5%; Pd/Ag; 7-inch Reeled,2000V,680 pF,,,,,,,Published
MLCC,Anti-Arcing High Voltage,FJ21X681J202PG,FJ,0805,X7R; ±5%; Pd/Ag; 13-inch Reeled,2000V,680 pF,,,,,,,Published
MLCC,Anti-Arcing High Voltage,FJ21X681J202ET,FJ,0805,X7R; ±5%; Ag/Ni/Sn; 7-inch Reeled,2000V,680 pF,,,,,,,Published
MLCC,Anti-Arcing High Voltage,FJ21X681J202EG,FJ,0805,X7R; ±5%; Ag/Ni/Sn; 13-inch Reeled,2000V,680 pF,,,,,,,Published
MLCC,Anti-Arcing High Voltage,FJ21X681K101PT,FJ,0805,X7R; ±10%; Pd/Ag; 7-inch Reeled,100V,680 pF,,,,,,,Published
MLCC,Anti-Arcing High Voltage,FJ21X681K101PG,FJ,0805,X7R; ±10%; Pd/Ag; 13-inch Reeled,100V,680 pF,,,,,,,Published
MLCC,Anti-Arcing High Voltage,FJ21X681K101ET,FJ,0805,X7R; ±10%; Ag/Ni/Sn; 7-inch Reeled,100V,680 pF,,,,,,,Published
MLCC,Anti-Arcing High Voltage,FJ21X681K101EG,FJ,0805,X7R; ±10%; Ag/Ni/Sn; 13-inch Reeled,100V,680 pF,,,,,,,Published
MLCC,Anti-Arcing High Voltage,FJ21X681K202PT,FJ,0805,X7R; ±10%; Pd/Ag; 7-inch Reeled,2000V,680 pF,,,,,,,Published
MLCC,Anti-Arcing High Voltage,FJ21X681K202PG,FJ,0805,X7R; ±10%; Pd/Ag; 13-inch Reeled,2000V,680 pF,,,,,,,Published
MLCC,Anti-Arcing High Voltage,FJ21X681K202ET,FJ,0805,X7R; ±10%; Ag/Ni/Sn; 7-inch Reeled,2000V,680 pF,,,,,,,Published
MLCC,Anti-Arcing High Voltage,FJ21X681K202EG,FJ,0805,X7R; ±10%; Ag/Ni/Sn; 13-inch Reeled,2000V,680 pF,,,,,,,Published
MLCC,Anti-Arcing High Voltage,FJ21X681M101PT,FJ,0805,X7R; ±20%; Pd/Ag; 7-inch Reeled,100V,680 pF,,,,,,,Published
MLCC,Anti-Arcing High Voltage,FJ21X681M101PG,FJ,0805,X7R; ±20%; Pd/Ag; 13-inch Reeled,100V,680 pF,,,,,,,Published
MLCC,Anti-Arcing High Voltage,FJ21X681M101ET,FJ,0805,X7R; ±20%; Ag/Ni/Sn; 7-inch Reeled,100V,680 pF,,,,,,,Published
MLCC,Anti-Arcing High Voltage,FJ21X681M101EG,FJ,0805,X7R; ±20%; Ag/Ni/Sn; 13-inch Reeled,100V,680 pF,,,,,,,Published
MLCC,Anti-Arcing High Voltage,FJ21X681M202PT,FJ,0805,X7R; ±20%; Pd/Ag; 7-inch Reeled,2000V,680 pF,,,,,,,Published
MLCC,Anti-Arcing High Voltage,FJ21X681M202PG,FJ,0805,X7R; ±20%; Pd/Ag; 13-inch Reeled,2000V,680 pF,,,,,,,Published
MLCC,Anti-Arcing High Voltage,FJ21X681M202ET,FJ,0805,X7R; ±20%; Ag/Ni/Sn; 7-inch Reeled,2000V,680 pF,,,,,,,Published
MLCC,Anti-Arcing High Voltage,FJ21X681M202EG,FJ,0805,X7R; ±20%; Ag/Ni/Sn; 13-inch Reeled,2000V,680 pF,,,,,,,Published
MLCC,Anti-Arcing High Voltage,FJ21X682J101PT,FJ,0805,X7R; ±5%; Pd/Ag; 7-inch Reeled,100V,6.8 nF,,,,,,,Published
MLCC,Anti-Arcing High Voltage,FJ21X682J101PG,FJ,0805,X7R; ±5%; Pd/Ag; 13-inch Reeled,100V,6.8 nF,,,,,,,Published
MLCC,Anti-Arcing High Voltage,FJ21X682J101ET,FJ,0805,X7R; ±5%; Ag/Ni/Sn; 7-inch Reeled,100V,6.8 nF,,,,,,,Published
MLCC,Anti-Arcing High Voltage,FJ21X682J101EG,FJ,0805,X7R; ±5%; Ag/Ni/Sn; 13-inch Reeled,100V,6.8 nF,,,,,,,Published
MLCC,Anti-Arcing High Voltage,FJ21X682J202PT,FJ,0805,X7R; ±5%; Pd/Ag; 7-inch Reeled,2000V,6.8 nF,,,,,,,Published
MLCC,Anti-Arcing High Voltage,FJ21X682J202PG,FJ,0805,X7R; ±5%; Pd/Ag; 13-inch Reeled,2000V,6.8 nF,,,,,,,Published
MLCC,Anti-Arcing High Voltage,FJ21X682J202ET,FJ,0805,X7R; ±5%; Ag/Ni/Sn; 7-inch Reeled,2000V,6.8 nF,,,,,,,Published
MLCC,Anti-Arcing High Voltage,FJ21X682J202EG,FJ,0805,X7R; ±5%; Ag/Ni/Sn; 13-inch Reeled,2000V,6.8 nF,,,,,,,Published
MLCC,Anti-Arcing High Voltage,FJ21X682K101PT,FJ,0805,X7R; ±10%; Pd/Ag; 7-inch Reeled,100V,6.8 nF,,,,,,,Published
MLCC,Anti-Arcing High Voltage,FJ21X682K101PG,FJ,0805,X7R; ±10%; Pd/Ag; 13-inch Reeled,100V,6.8 nF,,,,,,,Published
MLCC,Anti-Arcing High Voltage,FJ21X682K101ET,FJ,0805,X7R; ±10%; Ag/Ni/Sn; 7-inch Reeled,100V,6.8 nF,,,,,,,Published
MLCC,Anti-Arcing High Voltage,FJ21X682K101EG,FJ,0805,X7R; ±10%; Ag/Ni/Sn; 13-inch Reeled,100V,6.8 nF,,,,,,,Published
MLCC,Anti-Arcing High Voltage,FJ21X682K202PT,FJ,0805,X7R; ±10%; Pd/Ag; 7-inch Reeled,2000V,6.8 nF,,,,,,,Published
MLCC,Anti-Arcing High Voltage,FJ21X682K202PG,FJ,0805,X7R; ±10%; Pd/Ag; 13-inch Reeled,2000V,6.8 nF,,,,,,,Published
MLCC,Anti-Arcing High Voltage,FJ21X682K202ET,FJ,0805,X7R; ±10%; Ag/Ni/Sn; 7-inch Reeled,2000V,6.8 nF,,,,,,,Published
MLCC,Anti-Arcing High Voltage,FJ21X682K202EG,FJ,0805,X7R; ±10%; Ag/Ni/Sn; 13-inch Reeled,2000V,6.8 nF,,,,,,,Published
MLCC,Anti-Arcing High Voltage,FJ21X682M101PT,FJ,0805,X7R; ±20%; Pd/Ag; 7-inch Reeled,100V,6.8 nF,,,,,,,Published
MLCC,Anti-Arcing High Voltage,FJ21X682M101PG,FJ,0805,X7R; ±20%; Pd/Ag; 13-inch Reeled,100V,6.8 nF,,,,,,,Published
MLCC,Anti-Arcing High Voltage,FJ21X682M101ET,FJ,0805,X7R; ±20%; Ag/Ni/Sn; 7-inch Reeled,100V,6.8 nF,,,,,,,Published
MLCC,Anti-Arcing High Voltage,FJ21X682M101EG,FJ,0805,X7R; ±20%; Ag/Ni/Sn; 13-inch Reeled,100V,6.8 nF,,,,,,,Published
MLCC,Anti-Arcing High Voltage,FJ21X682M202PT,FJ,0805,X7R; ±20%; Pd/Ag; 7-inch Reeled,2000V,6.8 nF,,,,,,,Published
MLCC,Anti-Arcing High Voltage,FJ21X682M202PG,FJ,0805,X7R; ±20%; Pd/Ag; 13-inch Reeled,2000V,6.8 nF,,,,,,,Published
MLCC,Anti-Arcing High Voltage,FJ21X682M202ET,FJ,0805,X7R; ±20%; Ag/Ni/Sn; 7-inch Reeled,2000V,6.8 nF,,,,,,,Published
MLCC,Anti-Arcing High Voltage,FJ21X682M202EG,FJ,0805,X7R; ±20%; Ag/Ni/Sn; 13-inch Reeled,2000V,6.8 nF,,,,,,,Published
MLCC,Anti-Arcing High Voltage,FJ21X683J101PT,FJ,0805,X7R; ±5%; Pd/Ag; 7-inch Reeled,100V,68 nF,,,,,,,Published
MLCC,Anti-Arcing High Voltage,FJ21X683J101PG,FJ,0805,X7R; ±5%; Pd/Ag; 13-inch Reeled,100V,68 nF,,,,,,,Published
MLCC,Anti-Arcing High Voltage,FJ21X683J101ET,FJ,0805,X7R; ±5%; Ag/Ni/Sn; 7-inch Reeled,100V,68 nF,,,,,,,Published
MLCC,Anti-Arcing High Voltage,FJ21X683J101EG,FJ,0805,X7R; ±5%; Ag/Ni/Sn; 13-inch Reeled,100V,68 nF,,,,,,,Published
MLCC,Anti-Arcing High Voltage,FJ21X683J202PT,FJ,0805,X7R; ±5%; Pd/Ag; 7-inch Reeled,2000V,68 nF,,,,,,,Published
MLCC,Anti-Arcing High Voltage,FJ21X683J202PG,FJ,0805,X7R; ±5%; Pd/Ag; 13-inch Reeled,2000V,68 nF,,,,,,,Published
MLCC,Anti-Arcing High Voltage,FJ21X683J202ET,FJ,0805,X7R; ±5%; Ag/Ni/Sn; 7-inch Reeled,2000V,68 nF,,,,,,,Published
MLCC,Anti-Arcing High Voltage,FJ21X683J202EG,FJ,0805,X7R; ±5%; Ag/Ni/Sn; 13-inch Reeled,2000V,68 nF,,,,,,,Published
MLCC,Anti-Arcing High Voltage,FJ21X683K101PT,FJ,0805,X7R; ±10%; Pd/Ag; 7-inch Reeled,100V,68 nF,,,,,,,Published
MLCC,Anti-Arcing High Voltage,FJ21X683K101PG,FJ,0805,X7R; ±10%; Pd/Ag; 13-inch Reeled,100V,68 nF,,,,,,,Published
MLCC,Anti-Arcing High Voltage,FJ21X683K101ET,FJ,0805,X7R; ±10%; Ag/Ni/Sn; 7-inch Reeled,100V,68 nF,,,,,,,Published
MLCC,Anti-Arcing High Voltage,FJ21X683K101EG,FJ,0805,X7R; ±10%; Ag/Ni/Sn; 13-inch Reeled,100V,68 nF,,,,,,,Published
MLCC,Anti-Arcing High Voltage,FJ21X683K202PT,FJ,0805,X7R; ±10%; Pd/Ag; 7-inch Reeled,2000V,68 nF,,,,,,,Published
MLCC,Anti-Arcing High Voltage,FJ21X683K202PG,FJ,0805,X7R; ±10%; Pd/Ag; 13-inch Reeled,2000V,68 nF,,,,,,,Published
MLCC,Anti-Arcing High Voltage,FJ21X683K202ET,FJ,0805,X7R; ±10%; Ag/Ni/Sn; 7-inch Reeled,2000V,68 nF,,,,,,,Published
MLCC,Anti-Arcing High Voltage,FJ21X683K202EG,FJ,0805,X7R; ±10%; Ag/Ni/Sn; 13-inch Reeled,2000V,68 nF,,,,,,,Published
MLCC,Anti-Arcing High Voltage,FJ21X683M101PT,FJ,0805,X7R; ±20%; Pd/Ag; 7-inch Reeled,100V,68 nF,,,,,,,Published
MLCC,Anti-Arcing High Voltage,FJ21X683M101PG,FJ,0805,X7R; ±20%; Pd/Ag; 13-inch Reeled,100V,68 nF,,,,,,,Published
MLCC,Anti-Arcing High Voltage,FJ21X683M101ET,FJ,0805,X7R; ±20%; Ag/Ni/Sn; 7-inch Reeled,100V,68 nF,,,,,,,Published
MLCC,Anti-Arcing High Voltage,FJ21X683M101EG,FJ,0805,X7R; ±20%; Ag/Ni/Sn; 13-inch Reeled,100V,68 nF,,,,,,,Published
MLCC,Anti-Arcing High Voltage,FJ21X683M202PT,FJ,0805,X7R; ±20%; Pd/Ag; 7-inch Reeled,2000V,68 nF,,,,,,,Published
MLCC,Anti-Arcing High Voltage,FJ21X683M202PG,FJ,0805,X7R; ±20%; Pd/Ag; 13-inch Reeled,2000V,68 nF,,,,,,,Published
MLCC,Anti-Arcing High Voltage,FJ21X683M202ET,FJ,0805,X7R; ±20%; Ag/Ni/Sn; 7-inch Reeled,2000V,68 nF,,,,,,,Published
MLCC,Anti-Arcing High Voltage,FJ21X683M202EG,FJ,0805,X7R; ±20%; Ag/Ni/Sn; 13-inch Reeled,2000V,68 nF,,,,,,,Published
MLCC,Anti-Arcing High Voltage,FJ21X684J101PT,FJ,0805,X7R; ±5%; Pd/Ag; 7-inch Reeled,100V,680 nF,,,,,,,Published
MLCC,Anti-Arcing High Voltage,FJ21X684J101PG,FJ,0805,X7R; ±5%; Pd/Ag; 13-inch Reeled,100V,680 nF,,,,,,,Published
MLCC,Anti-Arcing High Voltage,FJ21X684J101ET,FJ,0805,X7R; ±5%; Ag/Ni/Sn; 7-inch Reeled,100V,680 nF,,,,,,,Published
MLCC,Anti-Arcing High Voltage,FJ21X684J101EG,FJ,0805,X7R; ±5%; Ag/Ni/Sn; 13-inch Reeled,100V,680 nF,,,,,,,Published
MLCC,Anti-Arcing High Voltage,FJ21X684J202PT,FJ,0805,X7R; ±5%; Pd/Ag; 7-inch Reeled,2000V,680 nF,,,,,,,Published
MLCC,Anti-Arcing High Voltage,FJ21X684J202PG,FJ,0805,X7R; ±5%; Pd/Ag; 13-inch Reeled,2000V,680 nF,,,,,,,Published
MLCC,Anti-Arcing High Voltage,FJ21X684J202ET,FJ,0805,X7R; ±5%; Ag/Ni/Sn; 7-inch Reeled,2000V,680 nF,,,,,,,Published
MLCC,Anti-Arcing High Voltage,FJ21X684J202EG,FJ,0805,X7R; ±5%; Ag/Ni/Sn; 13-inch Reeled,2000V,680 nF,,,,,,,Published
MLCC,Anti-Arcing High Voltage,FJ21X684K101PT,FJ,0805,X7R; ±10%; Pd/Ag; 7-inch Reeled,100V,680 nF,,,,,,,Published
MLCC,Anti-Arcing High Voltage,FJ21X684K101PG,FJ,0805,X7R; ±10%; Pd/Ag; 13-inch Reeled,100V,680 nF,,,,,,,Published
MLCC,Anti-Arcing High Voltage,FJ21X684K101ET,FJ,0805,X7R; ±10%; Ag/Ni/Sn; 7-inch Reeled,100V,680 nF,,,,,,,Published
MLCC,Anti-Arcing High Voltage,FJ21X684K101EG,FJ,0805,X7R; ±10%; Ag/Ni/Sn; 13-inch Reeled,100V,680 nF,,,,,,,Published
MLCC,Anti-Arcing High Voltage,FJ21X684K202PT,FJ,0805,X7R; ±10%; Pd/Ag; 7-inch Reeled,2000V,680 nF,,,,,,,Published
MLCC,Anti-Arcing High Voltage,FJ21X684K202PG,FJ,0805,X7R; ±10%; Pd/Ag; 13-inch Reeled,2000V,680 nF,,,,,,,Published
MLCC,Anti-Arcing High Voltage,FJ21X684K202ET,FJ,0805,X7R; ±10%; Ag/Ni/Sn; 7-inch Reeled,2000V,680 nF,,,,,,,Published
MLCC,Anti-Arcing High Voltage,FJ21X684K202EG,FJ,0805,X7R; ±10%; Ag/Ni/Sn; 13-inch Reeled,2000V,680 nF,,,,,,,Published
MLCC,Anti-Arcing High Voltage,FJ21X684M101PT,FJ,0805,X7R; ±20%; Pd/Ag; 7-inch Reeled,100V,680 nF,,,,,,,Published
MLCC,Anti-Arcing High Voltage,FJ21X684M101PG,FJ,0805,X7R; ±20%; Pd/Ag; 13-inch Reeled,100V,680 nF,,,,,,,Published
MLCC,Anti-Arcing High Voltage,FJ21X684M101ET,FJ,0805,X7R; ±20%; Ag/Ni/Sn; 7-inch Reeled,100V,680 nF,,,,,,,Published
MLCC,Anti-Arcing High Voltage,FJ21X684M101EG,FJ,0805,X7R; ±20%; Ag/Ni/Sn; 13-inch Reeled,100V,680 nF,,,,,,,Published
MLCC,Anti-Arcing High Voltage,FJ21X684M202PT,FJ,0805,X7R; ±20%; Pd/Ag; 7-inch Reeled,2000V,680 nF,,,,,,,Published
MLCC,Anti-Arcing High Voltage,FJ21X684M202PG,FJ,0805,X7R; ±20%; Pd/Ag; 13-inch Reeled,2000V,680 nF,,,,,,,Published
MLCC,Anti-Arcing High Voltage,FJ21X684M202ET,FJ,0805,X7R; ±20%; Ag/Ni/Sn; 7-inch Reeled,2000V,680 nF,,,,,,,Published
MLCC,Anti-Arcing High Voltage,FJ21X684M202EG,FJ,0805,X7R; ±20%; Ag/Ni/Sn; 13-inch Reeled,2000V,680 nF,,,,,,,Published
MLCC,Anti-Arcing High Voltage,FJ31N100J101PT,FJ,1206,NP0 (C0G); ±5%; Pd/Ag; 7-inch Reeled,100V,10 pF,,,,,,,Published
MLCC,Anti-Arcing High Voltage,FJ31N100J101PG,FJ,1206,NP0 (C0G); ±5%; Pd/Ag; 13-inch Reeled,100V,10 pF,,,,,,,Published
MLCC,Anti-Arcing High Voltage,FJ31N100J101ET,FJ,1206,NP0 (C0G); ±5%; Ag/Ni/Sn; 7-inch Reeled,100V,10 pF,,,,,,,Published
MLCC,Anti-Arcing High Voltage,FJ31N100J101EG,FJ,1206,NP0 (C0G); ±5%; Ag/Ni/Sn; 13-inch Reeled,100V,10 pF,,,,,,,Published
MLCC,Anti-Arcing High Voltage,FJ31N100J202PT,FJ,1206,NP0 (C0G); ±5%; Pd/Ag; 7-inch Reeled,2000V,10 pF,,,,,,,Published
MLCC,Anti-Arcing High Voltage,FJ31N100J202PG,FJ,1206,NP0 (C0G); ±5%; Pd/Ag; 13-inch Reeled,2000V,10 pF,,,,,,,Published
MLCC,Anti-Arcing High Voltage,FJ31N100J202ET,FJ,1206,NP0 (C0G); ±5%; Ag/Ni/Sn; 7-inch Reeled,2000V,10 pF,,,,,,,Published
MLCC,Anti-Arcing High Voltage,FJ31N100J202EG,FJ,1206,NP0 (C0G); ±5%; Ag/Ni/Sn; 13-inch Reeled,2000V,10 pF,,,,,,,Published
MLCC,Anti-Arcing High Voltage,FJ31N100K101PT,FJ,1206,NP0 (C0G); ±10%; Pd/Ag; 7-inch Reeled,100V,10 pF,,,,,,,Published
MLCC,Anti-Arcing High Voltage,FJ31N100K101PG,FJ,1206,NP0 (C0G); ±10%; Pd/Ag; 13-inch Reeled,100V,10 pF,,,,,,,Published
MLCC,Anti-Arcing High Voltage,FJ31N100K101ET,FJ,1206,NP0 (C0G); ±10%; Ag/Ni/Sn; 7-inch Reeled,100V,10 pF,,,,,,,Published
MLCC,Anti-Arcing High Voltage,FJ31N100K101EG,FJ,1206,NP0 (C0G); ±10%; Ag/Ni/Sn; 13-inch Reeled,100V,10 pF,,,,,,,Published
MLCC,Anti-Arcing High Voltage,FJ31N100K202PT,FJ,1206,NP0 (C0G); ±10%; Pd/Ag; 7-inch Reeled,2000V,10 pF,,,,,,,Published
MLCC,Anti-Arcing High Voltage,FJ31N100K202PG,FJ,1206,NP0 (C0G); ±10%; Pd/Ag; 13-inch Reeled,2000V,10 pF,,,,,,,Published
MLCC,Anti-Arcing High Voltage,FJ31N100K202ET,FJ,1206,NP0 (C0G); ±10%; Ag/Ni/Sn; 7-inch Reeled,2000V,10 pF,,,,,,,Published
MLCC,Anti-Arcing High Voltage,FJ31N100K202EG,FJ,1206,NP0 (C0G); ±10%; Ag/Ni/Sn; 13-inch Reeled,2000V,10 pF,,,,,,,Published
MLCC,Anti-Arcing High Voltage,FJ31N101J101PT,FJ,1206,NP0 (C0G); ±5%; Pd/Ag; 7-inch Reeled,100V,100 pF,,,,,,,Published
MLCC,Anti-Arcing High Voltage,FJ31N101J101PG,FJ,1206,NP0 (C0G); ±5%; Pd/Ag; 13-inch Reeled,100V,100 pF,,,,,,,Published
MLCC,Anti-Arcing High Voltage,FJ31N101J101ET,FJ,1206,NP0 (C0G); ±5%; Ag/Ni/Sn; 7-inch Reeled,100V,100 pF,,,,,,,Published
MLCC,Anti-Arcing High Voltage,FJ31N101J101EG,FJ,1206,NP0 (C0G); ±5%; Ag/Ni/Sn; 13-inch Reeled,100V,100 pF,,,,,,,Published
MLCC,Anti-Arcing High Voltage,FJ31N101J202PT,FJ,1206,NP0 (C0G); ±5%; Pd/Ag; 7-inch Reeled,2000V,100 pF,,,,,,,Published
MLCC,Anti-Arcing High Voltage,FJ31N101J202PG,FJ,1206,NP0 (C0G); ±5%; Pd/Ag; 13-inch Reeled,2000V,100 pF,,,,,,,Published
MLCC,Anti-Arcing High Voltage,FJ31N101J202ET,FJ,1206,NP0 (C0G); ±5%; Ag/Ni/Sn; 7-inch Reeled,2000V,100 pF,,,,,,,Published
MLCC,Anti-Arcing High Voltage,FJ31N101J202EG,FJ,1206,NP0 (C0G); ±5%; Ag/Ni/Sn; 13-inch Reeled,2000V,100 pF,,,,,,,Published
MLCC,Anti-Arcing High Voltage,FJ31N101K101PT,FJ,1206,NP0 (C0G); ±10%; Pd/Ag; 7-inch Reeled,100V,100 pF,,,,,,,Published
MLCC,Anti-Arcing High Voltage,FJ31N101K101PG,FJ,1206,NP0 (C0G); ±10%; Pd/Ag; 13-inch Reeled,100V,100 pF,,,,,,,Published
MLCC,Anti-Arcing High Voltage,FJ31N101K101ET,FJ,1206,NP0 (C0G); ±10%; Ag/Ni/Sn; 7-inch Reeled,100V,100 pF,,,,,,,Published
MLCC,Anti-Arcing High Voltage,FJ31N101K101EG,FJ,1206,NP0 (C0G); ±10%; Ag/Ni/Sn; 13-inch Reeled,100V,100 pF,,,,,,,Published
MLCC,Anti-Arcing High Voltage,FJ31N101K202PT,FJ,1206,NP0 (C0G); ±10%; Pd/Ag; 7-inch Reeled,2000V,100 pF,,,,,,,Published
MLCC,Anti-Arcing High Voltage,FJ31N101K202PG,FJ,1206,NP0 (C0G); ±10%; Pd/Ag; 13-inch Reeled,2000V,100 pF,,,,,,,Published
MLCC,Anti-Arcing High Voltage,FJ31N101K202ET,FJ,1206,NP0 (C0G); ±10%; Ag/Ni/Sn; 7-inch Reeled,2000V,100 pF,,,,,,,Published
MLCC,Anti-Arcing High Voltage,FJ31N101K202EG,FJ,1206,NP0 (C0G); ±10%; Ag/Ni/Sn; 13-inch Reeled,2000V,100 pF,,,,,,,Published
MLCC,Anti-Arcing High Voltage,FJ31N102J101PT,FJ,1206,NP0 (C0G); ±5%; Pd/Ag; 7-inch Reeled,100V,1 nF,,,,,,,Published
MLCC,Anti-Arcing High Voltage,FJ31N102J101PG,FJ,1206,NP0 (C0G); ±5%; Pd/Ag; 13-inch Reeled,100V,1 nF,,,,,,,Published
MLCC,Anti-Arcing High Voltage,FJ31N102J101ET,FJ,1206,NP0 (C0G); ±5%; Ag/Ni/Sn; 7-inch Reeled,100V,1 nF,,,,,,,Published
MLCC,Anti-Arcing High Voltage,FJ31N102J101EG,FJ,1206,NP0 (C0G); ±5%; Ag/Ni/Sn; 13-inch Reeled,100V,1 nF,,,,,,,Published
MLCC,Anti-Arcing High Voltage,FJ31N102J202PT,FJ,1206,NP0 (C0G); ±5%; Pd/Ag; 7-inch Reeled,2000V,1 nF,,,,,,,Published
MLCC,Anti-Arcing High Voltage,FJ31N102J202PG,FJ,1206,NP0 (C0G); ±5%; Pd/Ag; 13-inch Reeled,2000V,1 nF,,,,,,,Published
MLCC,Anti-Arcing High Voltage,FJ31N102J202ET,FJ,1206,NP0 (C0G); ±5%; Ag/Ni/Sn; 7-inch Reeled,2000V,1 nF,,,,,,,Published
MLCC,Anti-Arcing High Voltage,FJ31N102J202EG,FJ,1206,NP0 (C0G); ±5%; Ag/Ni/Sn; 13-inch Reeled,2000V,1 nF,,,,,,,Published
MLCC,Anti-Arcing High Voltage,FJ31N102K101PT,FJ,1206,NP0 (C0G); ±10%; Pd/Ag; 7-inch Reeled,100V,1 nF,,,,,,,Published
MLCC,Anti-Arcing High Voltage,FJ31N102K101PG,FJ,1206,NP0 (C0G); ±10%; Pd/Ag; 13-inch Reeled,100V,1 nF,,,,,,,Published
MLCC,Anti-Arcing High Voltage,FJ31N102K101ET,FJ,1206,NP0 (C0G); ±10%; Ag/Ni/Sn; 7-inch Reeled,100V,1 nF,,,,,,,Published
MLCC,Anti-Arcing High Voltage,FJ31N102K101EG,FJ,1206,NP0 (C0G); ±10%; Ag/Ni/Sn; 13-inch Reeled,100V,1 nF,,,,,,,Published
MLCC,Anti-Arcing High Voltage,FJ31N102K202PT,FJ,1206,NP0 (C0G); ±10%; Pd/Ag; 7-inch Reeled,2000V,1 nF,,,,,,,Published
MLCC,Anti-Arcing High Voltage,FJ31N102K202PG,FJ,1206,NP0 (C0G); ±10%; Pd/Ag; 13-inch Reeled,2000V,1 nF,,,,,,,Published
MLCC,Anti-Arcing High Voltage,FJ31N102K202ET,FJ,1206,NP0 (C0G); ±10%; Ag/Ni/Sn; 7-inch Reeled,2000V,1 nF,,,,,,,Published
MLCC,Anti-Arcing High Voltage,FJ31N102K202EG,FJ,1206,NP0 (C0G); ±10%; Ag/Ni/Sn; 13-inch Reeled,2000V,1 nF,,,,,,,Published
MLCC,Anti-Arcing High Voltage,FJ31N103J101PT,FJ,1206,NP0 (C0G); ±5%; Pd/Ag; 7-inch Reeled,100V,10 nF,,,,,,,Published
MLCC,Anti-Arcing High Voltage,FJ31N103J101PG,FJ,1206,NP0 (C0G); ±5%; Pd/Ag; 13-inch Reeled,100V,10 nF,,,,,,,Published
MLCC,Anti-Arcing High Voltage,FJ31N103J101ET,FJ,1206,NP0 (C0G); ±5%; Ag/Ni/Sn; 7-inch Reeled,100V,10 nF,,,,,,,Published
MLCC,Anti-Arcing High Voltage,FJ31N103J101EG,FJ,1206,NP0 (C0G); ±5%; Ag/Ni/Sn; 13-inch Reeled,100V,10 nF,,,,,,,Published
MLCC,Anti-Arcing High Voltage,FJ31N103J202PT,FJ,1206,NP0 (C0G); ±5%; Pd/Ag; 7-inch Reeled,2000V,10 nF,,,,,,,Published
MLCC,Anti-Arcing High Voltage,FJ31N103J202PG,FJ,1206,NP0 (C0G); ±5%; Pd/Ag; 13-inch Reeled,2000V,10 nF,,,,,,,Published
MLCC,Anti-Arcing High Voltage,FJ31N103J202ET,FJ,1206,NP0 (C0G); ±5%; Ag/Ni/Sn; 7-inch Reeled,2000V,10 nF,,,,,,,Published
MLCC,Anti-Arcing High Voltage,FJ31N103J202EG,FJ,1206,NP0 (C0G); ±5%; Ag/Ni/Sn; 13-inch Reeled,2000V,10 nF,,,,,,,Published
MLCC,Anti-Arcing High Voltage,FJ31N103K101PT,FJ,1206,NP0 (C0G); ±10%; Pd/Ag; 7-inch Reeled,100V,10 nF,,,,,,,Published
MLCC,Anti-Arcing High Voltage,FJ31N103K101PG,FJ,1206,NP0 (C0G); ±10%; Pd/Ag; 13-inch Reeled,100V,10 nF,,,,,,,Published
MLCC,Anti-Arcing High Voltage,FJ31N103K101ET,FJ,1206,NP0 (C0G); ±10%; Ag/Ni/Sn; 7-inch Reeled,100V,10 nF,,,,,,,Published
MLCC,Anti-Arcing High Voltage,FJ31N103K101EG,FJ,1206,NP0 (C0G); ±10%; Ag/Ni/Sn; 13-inch Reeled,100V,10 nF,,,,,,,Published
MLCC,Anti-Arcing High Voltage,FJ31N103K202PT,FJ,1206,NP0 (C0G); ±10%; Pd/Ag; 7-inch Reeled,2000V,10 nF,,,,,,,Published
MLCC,Anti-Arcing High Voltage,FJ31N103K202PG,FJ,1206,NP0 (C0G); ±10%; Pd/Ag; 13-inch Reeled,2000V,10 nF,,,,,,,Published
MLCC,Anti-Arcing High Voltage,FJ31N103K202ET,FJ,1206,NP0 (C0G); ±10%; Ag/Ni/Sn; 7-inch Reeled,2000V,10 nF,,,,,,,Published
MLCC,Anti-Arcing High Voltage,FJ31N103K202EG,FJ,1206,NP0 (C0G); ±10%; Ag/Ni/Sn; 13-inch Reeled,2000V,10 nF,,,,,,,Published
MLCC,Anti-Arcing High Voltage,FJ31N104J101PT,FJ,1206,NP0 (C0G); ±5%; Pd/Ag; 7-inch Reeled,100V,100 nF,,,,,,,Published
MLCC,Anti-Arcing High Voltage,FJ31N104J101PG,FJ,1206,NP0 (C0G); ±5%; Pd/Ag; 13-inch Reeled,100V,100 nF,,,,,,,Published
MLCC,Anti-Arcing High Voltage,FJ31N104J101ET,FJ,1206,NP0 (C0G); ±5%; Ag/Ni/Sn; 7-inch Reeled,100V,100 nF,,,,,,,Published
MLCC,Anti-Arcing High Voltage,FJ31N104J101EG,FJ,1206,NP0 (C0G); ±5%; Ag/Ni/Sn; 13-inch Reeled,100V,100 nF,,,,,,,Published
MLCC,Anti-Arcing High Voltage,FJ31N104J202PT,FJ,1206,NP0 (C0G); ±5%; Pd/Ag; 7-inch Reeled,2000V,100 nF,,,,,,,Published
MLCC,Anti-Arcing High Voltage,FJ31N104J202PG,FJ,1206,NP0 (C0G); ±5%; Pd/Ag; 13-inch Reeled,2000V,100 nF,,,,,,,Published
MLCC,Anti-Arcing High Voltage,FJ31N104J202ET,FJ,1206,NP0 (C0G); ±5%; Ag/Ni/Sn; 7-inch Reeled,2000V,100 nF,,,,,,,Published
MLCC,Anti-Arcing High Voltage,FJ31N104J202EG,FJ,1206,NP0 (C0G); ±5%; Ag/Ni/Sn; 13-inch Reeled,2000V,100 nF,,,,,,,Published
MLCC,Anti-Arcing High Voltage,FJ31N104K101PT,FJ,1206,NP0 (C0G); ±10%; Pd/Ag; 7-inch Reeled,100V,100 nF,,,,,,,Published
MLCC,Anti-Arcing High Voltage,FJ31N104K101PG,FJ,1206,NP0 (C0G); ±10%; Pd/Ag; 13-inch Reeled,100V,100 nF,,,,,,,Published
MLCC,Anti-Arcing High Voltage,FJ31N104K101ET,FJ,1206,NP0 (C0G); ±10%; Ag/Ni/Sn; 7-inch Reeled,100V,100 nF,,,,,,,Published
MLCC,Anti-Arcing High Voltage,FJ31N104K101EG,FJ,1206,NP0 (C0G); ±10%; Ag/Ni/Sn; 13-inch Reeled,100V,100 nF,,,,,,,Published
MLCC,Anti-Arcing High Voltage,FJ31N104K202PT,FJ,1206,NP0 (C0G); ±10%; Pd/Ag; 7-inch Reeled,2000V,100 nF,,,,,,,Published
MLCC,Anti-Arcing High Voltage,FJ31N104K202PG,FJ,1206,NP0 (C0G); ±10%; Pd/Ag; 13-inch Reeled,2000V,100 nF,,,,,,,Published
MLCC,Anti-Arcing High Voltage,FJ31N104K202ET,FJ,1206,NP0 (C0G); ±10%; Ag/Ni/Sn; 7-inch Reeled,2000V,100 nF,,,,,,,Published
MLCC,Anti-Arcing High Voltage,FJ31N104K202EG,FJ,1206,NP0 (C0G); ±10%; Ag/Ni/Sn; 13-inch Reeled,2000V,100 nF,,,,,,,Published
MLCC,Anti-Arcing High Voltage,FJ31N150J101PT,FJ,1206,NP0 (C0G); ±5%; Pd/Ag; 7-inch Reeled,100V,15 pF,,,,,,,Published
MLCC,Anti-Arcing High Voltage,FJ31N150J101PG,FJ,1206,NP0 (C0G); ±5%; Pd/Ag; 13-inch Reeled,100V,15 pF,,,,,,,Published
MLCC,Anti-Arcing High Voltage,FJ31N150J101ET,FJ,1206,NP0 (C0G); ±5%; Ag/Ni/Sn; 7-inch Reeled,100V,15 pF,,,,,,,Published
MLCC,Anti-Arcing High Voltage,FJ31N150J101EG,FJ,1206,NP0 (C0G); ±5%; Ag/Ni/Sn; 13-inch Reeled,100V,15 pF,,,,,,,Published
MLCC,Anti-Arcing High Voltage,FJ31N150J202PT,FJ,1206,NP0 (C0G); ±5%; Pd/Ag; 7-inch Reeled,2000V,15 pF,,,,,,,Published
MLCC,Anti-Arcing High Voltage,FJ31N150J202PG,FJ,1206,NP0 (C0G); ±5%; Pd/Ag; 13-inch Reeled,2000V,15 pF,,,,,,,Published
MLCC,Anti-Arcing High Voltage,FJ31N150J202ET,FJ,1206,NP0 (C0G); ±5%; Ag/Ni/Sn; 7-inch Reeled,2000V,15 pF,,,,,,,Published
MLCC,Anti-Arcing High Voltage,FJ31N150J202EG,FJ,1206,NP0 (C0G); ±5%; Ag/Ni/Sn; 13-inch Reeled,2000V,15 pF,,,,,,,Published
MLCC,Anti-Arcing High Voltage,FJ31N150K101PT,FJ,1206,NP0 (C0G); ±10%; Pd/Ag; 7-inch Reeled,100V,15 pF,,,,,,,Published
MLCC,Anti-Arcing High Voltage,FJ31N150K101PG,FJ,1206,NP0 (C0G); ±10%; Pd/Ag; 13-inch Reeled,100V,15 pF,,,,,,,Published
MLCC,Anti-Arcing High Voltage,FJ31N150K101ET,FJ,1206,NP0 (C0G); ±10%; Ag/Ni/Sn; 7-inch Reeled,100V,15 pF,,,,,,,Published
MLCC,Anti-Arcing High Voltage,FJ31N150K101EG,FJ,1206,NP0 (C0G); ±10%; Ag/Ni/Sn; 13-inch Reeled,100V,15 pF,,,,,,,Published
MLCC,Anti-Arcing High Voltage,FJ31N150K202PT,FJ,1206,NP0 (C0G); ±10%; Pd/Ag; 7-inch Reeled,2000V,15 pF,,,,,,,Published
MLCC,Anti-Arcing High Voltage,FJ31N150K202PG,FJ,1206,NP0 (C0G); ±10%; Pd/Ag; 13-inch Reeled,2000V,15 pF,,,,,,,Published
MLCC,Anti-Arcing High Voltage,FJ31N150K202ET,FJ,1206,NP0 (C0G); ±10%; Ag/Ni/Sn; 7-inch Reeled,2000V,15 pF,,,,,,,Published
MLCC,Anti-Arcing High Voltage,FJ31N150K202EG,FJ,1206,NP0 (C0G); ±10%; Ag/Ni/Sn; 13-inch Reeled,2000V,15 pF,,,,,,,Published
MLCC,Anti-Arcing High Voltage,FJ31N151J101PT,FJ,1206,NP0 (C0G); ±5%; Pd/Ag; 7-inch Reeled,100V,150 pF,,,,,,,Published
MLCC,Anti-Arcing High Voltage,FJ31N151J101PG,FJ,1206,NP0 (C0G); ±5%; Pd/Ag; 13-inch Reeled,100V,150 pF,,,,,,,Published
MLCC,Anti-Arcing High Voltage,FJ31N151J101ET,FJ,1206,NP0 (C0G); ±5%; Ag/Ni/Sn; 7-inch Reeled,100V,150 pF,,,,,,,Published
MLCC,Anti-Arcing High Voltage,FJ31N151J101EG,FJ,1206,NP0 (C0G); ±5%; Ag/Ni/Sn; 13-inch Reeled,100V,150 pF,,,,,,,Published
MLCC,Anti-Arcing High Voltage,FJ31N151J202PT,FJ,1206,NP0 (C0G); ±5%; Pd/Ag; 7-inch Reeled,2000V,150 pF,,,,,,,Published
MLCC,Anti-Arcing High Voltage,FJ31N151J202PG,FJ,1206,NP0 (C0G); ±5%; Pd/Ag; 13-inch Reeled,2000V,150 pF,,,,,,,Published
MLCC,Anti-Arcing High Voltage,FJ31N151J202ET,FJ,1206,NP0 (C0G); ±5%; Ag/Ni/Sn; 7-inch Reeled,2000V,150 pF,,,,,,,Published
MLCC,Anti-Arcing High Voltage,FJ31N151J202EG,FJ,1206,NP0 (C0G); ±5%; Ag/Ni/Sn; 13-inch Reeled,2000V,150 pF,,,,,,,Published
MLCC,Anti-Arcing High Voltage,FJ31N151K101PT,FJ,1206,NP0 (C0G); ±10%; Pd/Ag; 7-inch Reeled,100V,150 pF,,,,,,,Published
MLCC,Anti-Arcing High Voltage,FJ31N151K101PG,FJ,1206,NP0 (C0G); ±10%; Pd/Ag; 13-inch Reeled,100V,150 pF,,,,,,,Published
MLCC,Anti-Arcing High Voltage,FJ31N151K101ET,FJ,1206,NP0 (C0G); ±10%; Ag/Ni/Sn; 7-inch Reeled,100V,150 pF,,,,,,,Published
MLCC,Anti-Arcing High Voltage,FJ31N151K101EG,FJ,1206,NP0 (C0G); ±10%; Ag/Ni/Sn; 13-inch Reeled,100V,150 pF,,,,,,,Published
MLCC,Anti-Arcing High Voltage,FJ31N151K202PT,FJ,1206,NP0 (C0G); ±10%; Pd/Ag; 7-inch Reeled,2000V,150 pF,,,,,,,Published
MLCC,Anti-Arcing High Voltage,FJ31N151K202PG,FJ,1206,NP0 (C0G); ±10%; Pd/Ag; 13-inch Reeled,2000V,150 pF,,,,,,,Published
MLCC,Anti-Arcing High Voltage,FJ31N151K202ET,FJ,1206,NP0 (C0G); ±10%; Ag/Ni/Sn; 7-inch Reeled,2000V,150 pF,,,,,,,Published
MLCC,Anti-Arcing High Voltage,FJ31N151K202EG,FJ,1206,NP0 (C0G); ±10%; Ag/Ni/Sn; 13-inch Reeled,2000V,150 pF,,,,,,,Published
MLCC,Anti-Arcing High Voltage,FJ31N152J101PT,FJ,1206,NP0 (C0G); ±5%; Pd/Ag; 7-inch Reeled,100V,1.5 nF,,,,,,,Published
MLCC,Anti-Arcing High Voltage,FJ31N152J101PG,FJ,1206,NP0 (C0G); ±5%; Pd/Ag; 13-inch Reeled,100V,1.5 nF,,,,,,,Published
MLCC,Anti-Arcing High Voltage,FJ31N152J101ET,FJ,1206,NP0 (C0G); ±5%; Ag/Ni/Sn; 7-inch Reeled,100V,1.5 nF,,,,,,,Published
MLCC,Anti-Arcing High Voltage,FJ31N152J101EG,FJ,1206,NP0 (C0G); ±5%; Ag/Ni/Sn; 13-inch Reeled,100V,1.5 nF,,,,,,,Published
MLCC,Anti-Arcing High Voltage,FJ31N152J202PT,FJ,1206,NP0 (C0G); ±5%; Pd/Ag; 7-inch Reeled,2000V,1.5 nF,,,,,,,Published
MLCC,Anti-Arcing High Voltage,FJ31N152J202PG,FJ,1206,NP0 (C0G); ±5%; Pd/Ag; 13-inch Reeled,2000V,1.5 nF,,,,,,,Published
MLCC,Anti-Arcing High Voltage,FJ31N152J202ET,FJ,1206,NP0 (C0G); ±5%; Ag/Ni/Sn; 7-inch Reeled,2000V,1.5 nF,,,,,,,Published
MLCC,Anti-Arcing High Voltage,FJ31N152J202EG,FJ,1206,NP0 (C0G); ±5%; Ag/Ni/Sn; 13-inch Reeled,2000V,1.5 nF,,,,,,,Published
MLCC,Anti-Arcing High Voltage,FJ31N152K101PT,FJ,1206,NP0 (C0G); ±10%; Pd/Ag; 7-inch Reeled,100V,1.5 nF,,,,,,,Published
MLCC,Anti-Arcing High Voltage,FJ31N152K101PG,FJ,1206,NP0 (C0G); ±10%; Pd/Ag; 13-inch Reeled,100V,1.5 nF,,,,,,,Published
MLCC,Anti-Arcing High Voltage,FJ31N152K101ET,FJ,1206,NP0 (C0G); ±10%; Ag/Ni/Sn; 7-inch Reeled,100V,1.5 nF,,,,,,,Published
MLCC,Anti-Arcing High Voltage,FJ31N152K101EG,FJ,1206,NP0 (C0G); ±10%; Ag/Ni/Sn; 13-inch Reeled,100V,1.5 nF,,,,,,,Published
MLCC,Anti-Arcing High Voltage,FJ31N152K202PT,FJ,1206,NP0 (C0G); ±10%; Pd/Ag; 7-inch Reeled,2000V,1.5 nF,,,,,,,Published
MLCC,Anti-Arcing High Voltage,FJ31N152K202PG,FJ,1206,NP0 (C0G); ±10%; Pd/Ag; 13-inch Reeled,2000V,1.5 nF,,,,,,,Published
MLCC,Anti-Arcing High Voltage,FJ31N152K202ET,FJ,1206,NP0 (C0G); ±10%; Ag/Ni/Sn; 7-inch Reeled,2000V,1.5 nF,,,,,,,Published
MLCC,Anti-Arcing High Voltage,FJ31N152K202EG,FJ,1206,NP0 (C0G); ±10%; Ag/Ni/Sn; 13-inch Reeled,2000V,1.5 nF,,,,,,,Published
MLCC,Anti-Arcing High Voltage,FJ31N153J101PT,FJ,1206,NP0 (C0G); ±5%; Pd/Ag; 7-inch Reeled,100V,15 nF,,,,,,,Published
MLCC,Anti-Arcing High Voltage,FJ31N153J101PG,FJ,1206,NP0 (C0G); ±5%; Pd/Ag; 13-inch Reeled,100V,15 nF,,,,,,,Published
MLCC,Anti-Arcing High Voltage,FJ31N153J101ET,FJ,1206,NP0 (C0G); ±5%; Ag/Ni/Sn; 7-inch Reeled,100V,15 nF,,,,,,,Published
MLCC,Anti-Arcing High Voltage,FJ31N153J101EG,FJ,1206,NP0 (C0G); ±5%; Ag/Ni/Sn; 13-inch Reeled,100V,15 nF,,,,,,,Published
MLCC,Anti-Arcing High Voltage,FJ31N153J202PT,FJ,1206,NP0 (C0G); ±5%; Pd/Ag; 7-inch Reeled,2000V,15 nF,,,,,,,Published
MLCC,Anti-Arcing High Voltage,FJ31N153J202PG,FJ,1206,NP0 (C0G); ±5%; Pd/Ag; 13-inch Reeled,2000V,15 nF,,,,,,,Published
MLCC,Anti-Arcing High Voltage,FJ31N153J202ET,FJ,1206,NP0 (C0G); ±5%; Ag/Ni/Sn; 7-inch Reeled,2000V,15 nF,,,,,,,Published
MLCC,Anti-Arcing High Voltage,FJ31N153J202EG,FJ,1206,NP0 (C0G); ±5%; Ag/Ni/Sn; 13-inch Reeled,2000V,15 nF,,,,,,,Published
MLCC,Anti-Arcing High Voltage,FJ31N153K101PT,FJ,1206,NP0 (C0G); ±10%; Pd/Ag; 7-inch Reeled,100V,15 nF,,,,,,,Published
MLCC,Anti-Arcing High Voltage,FJ31N153K101PG,FJ,1206,NP0 (C0G); ±10%; Pd/Ag; 13-inch Reeled,100V,15 nF,,,,,,,Published
MLCC,Anti-Arcing High Voltage,FJ31N153K101ET,FJ,1206,NP0 (C0G); ±10%; Ag/Ni/Sn; 7-inch Reeled,100V,15 nF,,,,,,,Published
MLCC,Anti-Arcing High Voltage,FJ31N153K101EG,FJ,1206,NP0 (C0G); ±10%; Ag/Ni/Sn; 13-inch Reeled,100V,15 nF,,,,,,,Published
MLCC,Anti-Arcing High Voltage,FJ31N153K202PT,FJ,1206,NP0 (C0G); ±10%; Pd/Ag; 7-inch Reeled,2000V,15 nF,,,,,,,Published
MLCC,Anti-Arcing High Voltage,FJ31N153K202PG,FJ,1206,NP0 (C0G); ±10%; Pd/Ag; 13-inch Reeled,2000V,15 nF,,,,,,,Published
MLCC,Anti-Arcing High Voltage,FJ31N153K202ET,FJ,1206,NP0 (C0G); ±10%; Ag/Ni/Sn; 7-inch Reeled,2000V,15 nF,,,,,,,Published
MLCC,Anti-Arcing High Voltage,FJ31N153K202EG,FJ,1206,NP0 (C0G); ±10%; Ag/Ni/Sn; 13-inch Reeled,2000V,15 nF,,,,,,,Published
MLCC,Anti-Arcing High Voltage,FJ31N154J101PT,FJ,1206,NP0 (C0G); ±5%; Pd/Ag; 7-inch Reeled,100V,150 nF,,,,,,,Published
MLCC,Anti-Arcing High Voltage,FJ31N154J101PG,FJ,1206,NP0 (C0G); ±5%; Pd/Ag; 13-inch Reeled,100V,150 nF,,,,,,,Published
MLCC,Anti-Arcing High Voltage,FJ31N154J101ET,FJ,1206,NP0 (C0G); ±5%; Ag/Ni/Sn; 7-inch Reeled,100V,150 nF,,,,,,,Published
MLCC,Anti-Arcing High Voltage,FJ31N154J101EG,FJ,1206,NP0 (C0G); ±5%; Ag/Ni/Sn; 13-inch Reeled,100V,150 nF,,,,,,,Published
MLCC,Anti-Arcing High Voltage,FJ31N154J202PT,FJ,1206,NP0 (C0G); ±5%; Pd/Ag; 7-inch Reeled,2000V,150 nF,,,,,,,Published
MLCC,Anti-Arcing High Voltage,FJ31N154J202PG,FJ,1206,NP0 (C0G); ±5%; Pd/Ag; 13-inch Reeled,2000V,150 nF,,,,,,,Published
MLCC,Anti-Arcing High Voltage,FJ31N154J202ET,FJ,1206,NP0 (C0G); ±5%; Ag/Ni/Sn; 7-inch Reeled,2000V,150 nF,,,,,,,Published
MLCC,Anti-Arcing High Voltage,FJ31N154J202EG,FJ,1206,NP0 (C0G); ±5%; Ag/Ni/Sn; 13-inch Reeled,2000V,150 nF,,,,,,,Published
MLCC,Anti-Arcing High Voltage,FJ31N154K101PT,FJ,1206,NP0 (C0G); ±10%; Pd/Ag; 7-inch Reeled,100V,150 nF,,,,,,,Published
MLCC,Anti-Arcing High Voltage,FJ31N154K101PG,FJ,1206,NP0 (C0G); ±10%; Pd/Ag; 13-inch Reeled,100V,150 nF,,,,,,,Published
MLCC,Anti-Arcing High Voltage,FJ31N154K101ET,FJ,1206,NP0 (C0G); ±10%; Ag/Ni/Sn; 7-inch Reeled,100V,150 nF,,,,,,,Published
MLCC,Anti-Arcing High Voltage,FJ31N154K101EG,FJ,1206,NP0 (C0G); ±10%; Ag/Ni/Sn; 13-inch Reeled,100V,150 nF,,,,,,,Published
MLCC,Anti-Arcing High Voltage,FJ31N154K202PT,FJ,1206,NP0 (C0G); ±10%; Pd/Ag; 7-inch Reeled,2000V,150 nF,,,,,,,Published
MLCC,Anti-Arcing High Voltage,FJ31N154K202PG,FJ,1206,NP0 (C0G); ±10%; Pd/Ag; 13-inch Reeled,2000V,150 nF,,,,,,,Published
MLCC,Anti-Arcing High Voltage,FJ31N154K202ET,FJ,1206,NP0 (C0G); ±10%; Ag/Ni/Sn; 7-inch Reeled,2000V,150 nF,,,,,,,Published
MLCC,Anti-Arcing High Voltage,FJ31N154K202EG,FJ,1206,NP0 (C0G); ±10%; Ag/Ni/Sn; 13-inch Reeled,2000V,150 nF,,,,,,,Published
MLCC,Anti-Arcing High Voltage,FJ31N220J101PT,FJ,1206,NP0 (C0G); ±5%; Pd/Ag; 7-inch Reeled,100V,22 pF,,,,,,,Published
MLCC,Anti-Arcing High Voltage,FJ31N220J101PG,FJ,1206,NP0 (C0G); ±5%; Pd/Ag; 13-inch Reeled,100V,22 pF,,,,,,,Published
MLCC,Anti-Arcing High Voltage,FJ31N220J101ET,FJ,1206,NP0 (C0G); ±5%; Ag/Ni/Sn; 7-inch Reeled,100V,22 pF,,,,,,,Published
MLCC,Anti-Arcing High Voltage,FJ31N220J101EG,FJ,1206,NP0 (C0G); ±5%; Ag/Ni/Sn; 13-inch Reeled,100V,22 pF,,,,,,,Published
MLCC,Anti-Arcing High Voltage,FJ31N220J202PT,FJ,1206,NP0 (C0G); ±5%; Pd/Ag; 7-inch Reeled,2000V,22 pF,,,,,,,Published
MLCC,Anti-Arcing High Voltage,FJ31N220J202PG,FJ,1206,NP0 (C0G); ±5%; Pd/Ag; 13-inch Reeled,2000V,22 pF,,,,,,,Published
MLCC,Anti-Arcing High Voltage,FJ31N220J202ET,FJ,1206,NP0 (C0G); ±5%; Ag/Ni/Sn; 7-inch Reeled,2000V,22 pF,,,,,,,Published
MLCC,Anti-Arcing High Voltage,FJ31N220J202EG,FJ,1206,NP0 (C0G); ±5%; Ag/Ni/Sn; 13-inch Reeled,2000V,22 pF,,,,,,,Published
MLCC,Anti-Arcing High Voltage,FJ31N220K101PT,FJ,1206,NP0 (C0G); ±10%; Pd/Ag; 7-inch Reeled,100V,22 pF,,,,,,,Published
MLCC,Anti-Arcing High Voltage,FJ31N220K101PG,FJ,1206,NP0 (C0G); ±10%; Pd/Ag; 13-inch Reeled,100V,22 pF,,,,,,,Published
MLCC,Anti-Arcing High Voltage,FJ31N220K101ET,FJ,1206,NP0 (C0G); ±10%; Ag/Ni/Sn; 7-inch Reeled,100V,22 pF,,,,,,,Published
MLCC,Anti-Arcing High Voltage,FJ31N220K101EG,FJ,1206,NP0 (C0G); ±10%; Ag/Ni/Sn; 13-inch Reeled,100V,22 pF,,,,,,,Published
MLCC,Anti-Arcing High Voltage,FJ31N220K202PT,FJ,1206,NP0 (C0G); ±10%; Pd/Ag; 7-inch Reeled,2000V,22 pF,,,,,,,Published
MLCC,Anti-Arcing High Voltage,FJ31N220K202PG,FJ,1206,NP0 (C0G); ±10%; Pd/Ag; 13-inch Reeled,2000V,22 pF,,,,,,,Published
MLCC,Anti-Arcing High Voltage,FJ31N220K202ET,FJ,1206,NP0 (C0G); ±10%; Ag/Ni/Sn; 7-inch Reeled,2000V,22 pF,,,,,,,Published
MLCC,Anti-Arcing High Voltage,FJ31N220K202EG,FJ,1206,NP0 (C0G); ±10%; Ag/Ni/Sn; 13-inch Reeled,2000V,22 pF,,,,,,,Published
MLCC,Anti-Arcing High Voltage,FJ31N221J101PT,FJ,1206,NP0 (C0G); ±5%; Pd/Ag; 7-inch Reeled,100V,220 pF,,,,,,,Published
MLCC,Anti-Arcing High Voltage,FJ31N221J101PG,FJ,1206,NP0 (C0G); ±5%; Pd/Ag; 13-inch Reeled,100V,220 pF,,,,,,,Published
MLCC,Anti-Arcing High Voltage,FJ31N221J101ET,FJ,1206,NP0 (C0G); ±5%; Ag/Ni/Sn; 7-inch Reeled,100V,220 pF,,,,,,,Published
MLCC,Anti-Arcing High Voltage,FJ31N221J101EG,FJ,1206,NP0 (C0G); ±5%; Ag/Ni/Sn; 13-inch Reeled,100V,220 pF,,,,,,,Published
MLCC,Anti-Arcing High Voltage,FJ31N221J202PT,FJ,1206,NP0 (C0G); ±5%; Pd/Ag; 7-inch Reeled,2000V,220 pF,,,,,,,Published
MLCC,Anti-Arcing High Voltage,FJ31N221J202PG,FJ,1206,NP0 (C0G); ±5%; Pd/Ag; 13-inch Reeled,2000V,220 pF,,,,,,,Published
MLCC,Anti-Arcing High Voltage,FJ31N221J202ET,FJ,1206,NP0 (C0G); ±5%; Ag/Ni/Sn; 7-inch Reeled,2000V,220 pF,,,,,,,Published
MLCC,Anti-Arcing High Voltage,FJ31N221J202EG,FJ,1206,NP0 (C0G); ±5%; Ag/Ni/Sn; 13-inch Reeled,2000V,220 pF,,,,,,,Published
MLCC,Anti-Arcing High Voltage,FJ31N221K101PT,FJ,1206,NP0 (C0G); ±10%; Pd/Ag; 7-inch Reeled,100V,220 pF,,,,,,,Published
MLCC,Anti-Arcing High Voltage,FJ31N221K101PG,FJ,1206,NP0 (C0G); ±10%; Pd/Ag; 13-inch Reeled,100V,220 pF,,,,,,,Published
MLCC,Anti-Arcing High Voltage,FJ31N221K101ET,FJ,1206,NP0 (C0G); ±10%; Ag/Ni/Sn; 7-inch Reeled,100V,220 pF,,,,,,,Published
MLCC,Anti-Arcing High Voltage,FJ31N221K101EG,FJ,1206,NP0 (C0G); ±10%; Ag/Ni/Sn; 13-inch Reeled,100V,220 pF,,,,,,,Published
MLCC,Anti-Arcing High Voltage,FJ31N221K202PT,FJ,1206,NP0 (C0G); ±10%; Pd/Ag; 7-inch Reeled,2000V,220 pF,,,,,,,Published
MLCC,Anti-Arcing High Voltage,FJ31N221K202PG,FJ,1206,NP0 (C0G); ±10%; Pd/Ag; 13-inch Reeled,2000V,220 pF,,,,,,,Published
MLCC,Anti-Arcing High Voltage,FJ31N221K202ET,FJ,1206,NP0 (C0G); ±10%; Ag/Ni/Sn; 7-inch Reeled,2000V,220 pF,,,,,,,Published
MLCC,Anti-Arcing High Voltage,FJ31N221K202EG,FJ,1206,NP0 (C0G); ±10%; Ag/Ni/Sn; 13-inch Reeled,2000V,220 pF,,,,,,,Published
MLCC,Anti-Arcing High Voltage,FJ31N222J101PT,FJ,1206,NP0 (C0G); ±5%; Pd/Ag; 7-inch Reeled,100V,2.2 nF,,,,,,,Published
MLCC,Anti-Arcing High Voltage,FJ31N222J101PG,FJ,1206,NP0 (C0G); ±5%; Pd/Ag; 13-inch Reeled,100V,2.2 nF,,,,,,,Published
MLCC,Anti-Arcing High Voltage,FJ31N222J101ET,FJ,1206,NP0 (C0G); ±5%; Ag/Ni/Sn; 7-inch Reeled,100V,2.2 nF,,,,,,,Published
MLCC,Anti-Arcing High Voltage,FJ31N222J101EG,FJ,1206,NP0 (C0G); ±5%; Ag/Ni/Sn; 13-inch Reeled,100V,2.2 nF,,,,,,,Published
MLCC,Anti-Arcing High Voltage,FJ31N222J202PT,FJ,1206,NP0 (C0G); ±5%; Pd/Ag; 7-inch Reeled,2000V,2.2 nF,,,,,,,Published
MLCC,Anti-Arcing High Voltage,FJ31N222J202PG,FJ,1206,NP0 (C0G); ±5%; Pd/Ag; 13-inch Reeled,2000V,2.2 nF,,,,,,,Published
MLCC,Anti-Arcing High Voltage,FJ31N222J202ET,FJ,1206,NP0 (C0G); ±5%; Ag/Ni/Sn; 7-inch Reeled,2000V,2.2 nF,,,,,,,Published
MLCC,Anti-Arcing High Voltage,FJ31N222J202EG,FJ,1206,NP0 (C0G); ±5%; Ag/Ni/Sn; 13-inch Reeled,2000V,2.2 nF,,,,,,,Published
MLCC,Anti-Arcing High Voltage,FJ31N222K101PT,FJ,1206,NP0 (C0G); ±10%; Pd/Ag; 7-inch Reeled,100V,2.2 nF,,,,,,,Published
MLCC,Anti-Arcing High Voltage,FJ31N222K101PG,FJ,1206,NP0 (C0G); ±10%; Pd/Ag; 13-inch Reeled,100V,2.2 nF,,,,,,,Published
MLCC,Anti-Arcing High Voltage,FJ31N222K101ET,FJ,1206,NP0 (C0G); ±10%; Ag/Ni/Sn; 7-inch Reeled,100V,2.2 nF,,,,,,,Published
MLCC,Anti-Arcing High Voltage,FJ31N222K101EG,FJ,1206,NP0 (C0G); ±10%; Ag/Ni/Sn; 13-inch Reeled,100V,2.2 nF,,,,,,,Published
MLCC,Anti-Arcing High Voltage,FJ31N222K202PT,FJ,1206,NP0 (C0G); ±10%; Pd/Ag; 7-inch Reeled,2000V,2.2 nF,,,,,,,Published
MLCC,Anti-Arcing High Voltage,FJ31N222K202PG,FJ,1206,NP0 (C0G); ±10%; Pd/Ag; 13-inch Reeled,2000V,2.2 nF,,,,,,,Published
MLCC,Anti-Arcing High Voltage,FJ31N222K202ET,FJ,1206,NP0 (C0G); ±10%; Ag/Ni/Sn; 7-inch Reeled,2000V,2.2 nF,,,,,,,Published
MLCC,Anti-Arcing High Voltage,FJ31N222K202EG,FJ,1206,NP0 (C0G); ±10%; Ag/Ni/Sn; 13-inch Reeled,2000V,2.2 nF,,,,,,,Published
MLCC,Anti-Arcing High Voltage,FJ31N223J101PT,FJ,1206,NP0 (C0G); ±5%; Pd/Ag; 7-inch Reeled,100V,22 nF,,,,,,,Published
MLCC,Anti-Arcing High Voltage,FJ31N223J101PG,FJ,1206,NP0 (C0G); ±5%; Pd/Ag; 13-inch Reeled,100V,22 nF,,,,,,,Published
MLCC,Anti-Arcing High Voltage,FJ31N223J101ET,FJ,1206,NP0 (C0G); ±5%; Ag/Ni/Sn; 7-inch Reeled,100V,22 nF,,,,,,,Published
MLCC,Anti-Arcing High Voltage,FJ31N223J101EG,FJ,1206,NP0 (C0G); ±5%; Ag/Ni/Sn; 13-inch Reeled,100V,22 nF,,,,,,,Published
MLCC,Anti-Arcing High Voltage,FJ31N223J202PT,FJ,1206,NP0 (C0G); ±5%; Pd/Ag; 7-inch Reeled,2000V,22 nF,,,,,,,Published
MLCC,Anti-Arcing High Voltage,FJ31N223J202PG,FJ,1206,NP0 (C0G); ±5%; Pd/Ag; 13-inch Reeled,2000V,22 nF,,,,,,,Published
MLCC,Anti-Arcing High Voltage,FJ31N223J202ET,FJ,1206,NP0 (C0G); ±5%; Ag/Ni/Sn; 7-inch Reeled,2000V,22 nF,,,,,,,Published
MLCC,Anti-Arcing High Voltage,FJ31N223J202EG,FJ,1206,NP0 (C0G); ±5%; Ag/Ni/Sn; 13-inch Reeled,2000V,22 nF,,,,,,,Published
MLCC,Anti-Arcing High Voltage,FJ31N223K101PT,FJ,1206,NP0 (C0G); ±10%; Pd/Ag; 7-inch Reeled,100V,22 nF,,,,,,,Published
MLCC,Anti-Arcing High Voltage,FJ31N223K101PG,FJ,1206,NP0 (C0G); ±10%; Pd/Ag; 13-inch Reeled,100V,22 nF,,,,,,,Published
MLCC,Anti-Arcing High Voltage,FJ31N223K101ET,FJ,1206,NP0 (C0G); ±10%; Ag/Ni/Sn; 7-inch Reeled,100V,22 nF,,,,,,,Published
MLCC,Anti-Arcing High Voltage,FJ31N223K101EG,FJ,1206,NP0 (C0G); ±10%; Ag/Ni/Sn; 13-inch Reeled,100V,22 nF,,,,,,,Published
MLCC,Anti-Arcing High Voltage,FJ31N223K202PT,FJ,1206,NP0 (C0G); ±10%; Pd/Ag; 7-inch Reeled,2000V,22 nF,,,,,,,Published
MLCC,Anti-Arcing High Voltage,FJ31N223K202PG,FJ,1206,NP0 (C0G); ±10%; Pd/Ag; 13-inch Reeled,2000V,22 nF,,,,,,,Published
MLCC,Anti-Arcing High Voltage,FJ31N223K202ET,FJ,1206,NP0 (C0G); ±10%; Ag/Ni/Sn; 7-inch Reeled,2000V,22 nF,,,,,,,Published
MLCC,Anti-Arcing High Voltage,FJ31N223K202EG,FJ,1206,NP0 (C0G); ±10%; Ag/Ni/Sn; 13-inch Reeled,2000V,22 nF,,,,,,,Published
MLCC,Anti-Arcing High Voltage,FJ31N224J101PT,FJ,1206,NP0 (C0G); ±5%; Pd/Ag; 7-inch Reeled,100V,220 nF,,,,,,,Published
MLCC,Anti-Arcing High Voltage,FJ31N224J101PG,FJ,1206,NP0 (C0G); ±5%; Pd/Ag; 13-inch Reeled,100V,220 nF,,,,,,,Published
MLCC,Anti-Arcing High Voltage,FJ31N224J101ET,FJ,1206,NP0 (C0G); ±5%; Ag/Ni/Sn; 7-inch Reeled,100V,220 nF,,,,,,,Published
MLCC,Anti-Arcing High Voltage,FJ31N224J101EG,FJ,1206,NP0 (C0G); ±5%; Ag/Ni/Sn; 13-inch Reeled,100V,220 nF,,,,,,,Published
MLCC,Anti-Arcing High Voltage,FJ31N224J202PT,FJ,1206,NP0 (C0G); ±5%; Pd/Ag; 7-inch Reeled,2000V,220 nF,,,,,,,Published
MLCC,Anti-Arcing High Voltage,FJ31N224J202PG,FJ,1206,NP0 (C0G); ±5%; Pd/Ag; 13-inch Reeled,2000V,220 nF,,,,,,,Published
MLCC,Anti-Arcing High Voltage,FJ31N224J202ET,FJ,1206,NP0 (C0G); ±5%; Ag/Ni/Sn; 7-inch Reeled,2000V,220 nF,,,,,,,Published
MLCC,Anti-Arcing High Voltage,FJ31N224J202EG,FJ,1206,NP0 (C0G); ±5%; Ag/Ni/Sn; 13-inch Reeled,2000V,220 nF,,,,,,,Published
MLCC,Anti-Arcing High Voltage,FJ31N224K101PT,FJ,1206,NP0 (C0G); ±10%; Pd/Ag; 7-inch Reeled,100V,220 nF,,,,,,,Published
MLCC,Anti-Arcing High Voltage,FJ31N224K101PG,FJ,1206,NP0 (C0G); ±10%; Pd/Ag; 13-inch Reeled,100V,220 nF,,,,,,,Published
MLCC,Anti-Arcing High Voltage,FJ31N224K101ET,FJ,1206,NP0 (C0G); ±10%; Ag/Ni/Sn; 7-inch Reeled,100V,220 nF,,,,,,,Published
MLCC,Anti-Arcing High Voltage,FJ31N224K101EG,FJ,1206,NP0 (C0G); ±10%; Ag/Ni/Sn; 13-inch Reeled,100V,220 nF,,,,,,,Published
MLCC,Anti-Arcing High Voltage,FJ31N224K202PT,FJ,1206,NP0 (C0G); ±10%; Pd/Ag; 7-inch Reeled,2000V,220 nF,,,,,,,Published
MLCC,Anti-Arcing High Voltage,FJ31N224K202PG,FJ,1206,NP0 (C0G); ±10%; Pd/Ag; 13-inch Reeled,2000V,220 nF,,,,,,,Published
MLCC,Anti-Arcing High Voltage,FJ31N224K202ET,FJ,1206,NP0 (C0G); ±10%; Ag/Ni/Sn; 7-inch Reeled,2000V,220 nF,,,,,,,Published
MLCC,Anti-Arcing High Voltage,FJ31N224K202EG,FJ,1206,NP0 (C0G); ±10%; Ag/Ni/Sn; 13-inch Reeled,2000V,220 nF,,,,,,,Published
MLCC,Anti-Arcing High Voltage,FJ31N330J101PT,FJ,1206,NP0 (C0G); ±5%; Pd/Ag; 7-inch Reeled,100V,33 pF,,,,,,,Published
MLCC,Anti-Arcing High Voltage,FJ31N330J101PG,FJ,1206,NP0 (C0G); ±5%; Pd/Ag; 13-inch Reeled,100V,33 pF,,,,,,,Published
MLCC,Anti-Arcing High Voltage,FJ31N330J101ET,FJ,1206,NP0 (C0G); ±5%; Ag/Ni/Sn; 7-inch Reeled,100V,33 pF,,,,,,,Published
MLCC,Anti-Arcing High Voltage,FJ31N330J101EG,FJ,1206,NP0 (C0G); ±5%; Ag/Ni/Sn; 13-inch Reeled,100V,33 pF,,,,,,,Published
MLCC,Anti-Arcing High Voltage,FJ31N330J202PT,FJ,1206,NP0 (C0G); ±5%; Pd/Ag; 7-inch Reeled,2000V,33 pF,,,,,,,Published
MLCC,Anti-Arcing High Voltage,FJ31N330J202PG,FJ,1206,NP0 (C0G); ±5%; Pd/Ag; 13-inch Reeled,2000V,33 pF,,,,,,,Published
MLCC,Anti-Arcing High Voltage,FJ31N330J202ET,FJ,1206,NP0 (C0G); ±5%; Ag/Ni/Sn; 7-inch Reeled,2000V,33 pF,,,,,,,Published
MLCC,Anti-Arcing High Voltage,FJ31N330J202EG,FJ,1206,NP0 (C0G); ±5%; Ag/Ni/Sn; 13-inch Reeled,2000V,33 pF,,,,,,,Published
MLCC,Anti-Arcing High Voltage,FJ31N330K101PT,FJ,1206,NP0 (C0G); ±10%; Pd/Ag; 7-inch Reeled,100V,33 pF,,,,,,,Published
MLCC,Anti-Arcing High Voltage,FJ31N330K101PG,FJ,1206,NP0 (C0G); ±10%; Pd/Ag; 13-inch Reeled,100V,33 pF,,,,,,,Published
MLCC,Anti-Arcing High Voltage,FJ31N330K101ET,FJ,1206,NP0 (C0G); ±10%; Ag/Ni/Sn; 7-inch Reeled,100V,33 pF,,,,,,,Published
MLCC,Anti-Arcing High Voltage,FJ31N330K101EG,FJ,1206,NP0 (C0G); ±10%; Ag/Ni/Sn; 13-inch Reeled,100V,33 pF,,,,,,,Published
MLCC,Anti-Arcing High Voltage,FJ31N330K202PT,FJ,1206,NP0 (C0G); ±10%; Pd/Ag; 7-inch Reeled,2000V,33 pF,,,,,,,Published
MLCC,Anti-Arcing High Voltage,FJ31N330K202PG,FJ,1206,NP0 (C0G); ±10%; Pd/Ag; 13-inch Reeled,2000V,33 pF,,,,,,,Published
MLCC,Anti-Arcing High Voltage,FJ31N330K202ET,FJ,1206,NP0 (C0G); ±10%; Ag/Ni/Sn; 7-inch Reeled,2000V,33 pF,,,,,,,Published
MLCC,Anti-Arcing High Voltage,FJ31N330K202EG,FJ,1206,NP0 (C0G); ±10%; Ag/Ni/Sn; 13-inch Reeled,2000V,33 pF,,,,,,,Published
MLCC,Anti-Arcing High Voltage,FJ31N331J101PT,FJ,1206,NP0 (C0G); ±5%; Pd/Ag; 7-inch Reeled,100V,330 pF,,,,,,,Published
MLCC,Anti-Arcing High Voltage,FJ31N331J101PG,FJ,1206,NP0 (C0G); ±5%; Pd/Ag; 13-inch Reeled,100V,330 pF,,,,,,,Published
MLCC,Anti-Arcing High Voltage,FJ31N331J101ET,FJ,1206,NP0 (C0G); ±5%; Ag/Ni/Sn; 7-inch Reeled,100V,330 pF,,,,,,,Published
MLCC,Anti-Arcing High Voltage,FJ31N331J101EG,FJ,1206,NP0 (C0G); ±5%; Ag/Ni/Sn; 13-inch Reeled,100V,330 pF,,,,,,,Published
MLCC,Anti-Arcing High Voltage,FJ31N331J202PT,FJ,1206,NP0 (C0G); ±5%; Pd/Ag; 7-inch Reeled,2000V,330 pF,,,,,,,Published
MLCC,Anti-Arcing High Voltage,FJ31N331J202PG,FJ,1206,NP0 (C0G); ±5%; Pd/Ag; 13-inch Reeled,2000V,330 pF,,,,,,,Published
MLCC,Anti-Arcing High Voltage,FJ31N331J202ET,FJ,1206,NP0 (C0G); ±5%; Ag/Ni/Sn; 7-inch Reeled,2000V,330 pF,,,,,,,Published
MLCC,Anti-Arcing High Voltage,FJ31N331J202EG,FJ,1206,NP0 (C0G); ±5%; Ag/Ni/Sn; 13-inch Reeled,2000V,330 pF,,,,,,,Published
MLCC,Anti-Arcing High Voltage,FJ31N331K101PT,FJ,1206,NP0 (C0G); ±10%; Pd/Ag; 7-inch Reeled,100V,330 pF,,,,,,,Published
MLCC,Anti-Arcing High Voltage,FJ31N331K101PG,FJ,1206,NP0 (C0G); ±10%; Pd/Ag; 13-inch Reeled,100V,330 pF,,,,,,,Published
MLCC,Anti-Arcing High Voltage,FJ31N331K101ET,FJ,1206,NP0 (C0G); ±10%; Ag/Ni/Sn; 7-inch Reeled,100V,330 pF,,,,,,,Published
MLCC,Anti-Arcing High Voltage,FJ31N331K101EG,FJ,1206,NP0 (C0G); ±10%; Ag/Ni/Sn; 13-inch Reeled,100V,330 pF,,,,,,,Published
MLCC,Anti-Arcing High Voltage,FJ31N331K202PT,FJ,1206,NP0 (C0G); ±10%; Pd/Ag; 7-inch Reeled,2000V,330 pF,,,,,,,Published
MLCC,Anti-Arcing High Voltage,FJ31N331K202PG,FJ,1206,NP0 (C0G); ±10%; Pd/Ag; 13-inch Reeled,2000V,330 pF,,,,,,,Published
MLCC,Anti-Arcing High Voltage,FJ31N331K202ET,FJ,1206,NP0 (C0G); ±10%; Ag/Ni/Sn; 7-inch Reeled,2000V,330 pF,,,,,,,Published
MLCC,Anti-Arcing High Voltage,FJ31N331K202EG,FJ,1206,NP0 (C0G); ±10%; Ag/Ni/Sn; 13-inch Reeled,2000V,330 pF,,,,,,,Published
MLCC,Anti-Arcing High Voltage,FJ31N332J101PT,FJ,1206,NP0 (C0G); ±5%; Pd/Ag; 7-inch Reeled,100V,3.3 nF,,,,,,,Published
MLCC,Anti-Arcing High Voltage,FJ31N332J101PG,FJ,1206,NP0 (C0G); ±5%; Pd/Ag; 13-inch Reeled,100V,3.3 nF,,,,,,,Published
MLCC,Anti-Arcing High Voltage,FJ31N332J101ET,FJ,1206,NP0 (C0G); ±5%; Ag/Ni/Sn; 7-inch Reeled,100V,3.3 nF,,,,,,,Published
MLCC,Anti-Arcing High Voltage,FJ31N332J101EG,FJ,1206,NP0 (C0G); ±5%; Ag/Ni/Sn; 13-inch Reeled,100V,3.3 nF,,,,,,,Published
MLCC,Anti-Arcing High Voltage,FJ31N332J202PT,FJ,1206,NP0 (C0G); ±5%; Pd/Ag; 7-inch Reeled,2000V,3.3 nF,,,,,,,Published
MLCC,Anti-Arcing High Voltage,FJ31N332J202PG,FJ,1206,NP0 (C0G); ±5%; Pd/Ag; 13-inch Reeled,2000V,3.3 nF,,,,,,,Published
MLCC,Anti-Arcing High Voltage,FJ31N332J202ET,FJ,1206,NP0 (C0G); ±5%; Ag/Ni/Sn; 7-inch Reeled,2000V,3.3 nF,,,,,,,Published
MLCC,Anti-Arcing High Voltage,FJ31N332J202EG,FJ,1206,NP0 (C0G); ±5%; Ag/Ni/Sn; 13-inch Reeled,2000V,3.3 nF,,,,,,,Published
MLCC,Anti-Arcing High Voltage,FJ31N332K101PT,FJ,1206,NP0 (C0G); ±10%; Pd/Ag; 7-inch Reeled,100V,3.3 nF,,,,,,,Published
MLCC,Anti-Arcing High Voltage,FJ31N332K101PG,FJ,1206,NP0 (C0G); ±10%; Pd/Ag; 13-inch Reeled,100V,3.3 nF,,,,,,,Published
MLCC,Anti-Arcing High Voltage,FJ31N332K101ET,FJ,1206,NP0 (C0G); ±10%; Ag/Ni/Sn; 7-inch Reeled,100V,3.3 nF,,,,,,,Published
MLCC,Anti-Arcing High Voltage,FJ31N332K101EG,FJ,1206,NP0 (C0G); ±10%; Ag/Ni/Sn; 13-inch Reeled,100V,3.3 nF,,,,,,,Published
MLCC,Anti-Arcing High Voltage,FJ31N332K202PT,FJ,1206,NP0 (C0G); ±10%; Pd/Ag; 7-inch Reeled,2000V,3.3 nF,,,,,,,Published
MLCC,Anti-Arcing High Voltage,FJ31N332K202PG,FJ,1206,NP0 (C0G); ±10%; Pd/Ag; 13-inch Reeled,2000V,3.3 nF,,,,,,,Published
MLCC,Anti-Arcing High Voltage,FJ31N332K202ET,FJ,1206,NP0 (C0G); ±10%; Ag/Ni/Sn; 7-inch Reeled,2000V,3.3 nF,,,,,,,Published
MLCC,Anti-Arcing High Voltage,FJ31N332K202EG,FJ,1206,NP0 (C0G); ±10%; Ag/Ni/Sn; 13-inch Reeled,2000V,3.3 nF,,,,,,,Published
MLCC,Anti-Arcing High Voltage,FJ31N333J101PT,FJ,1206,NP0 (C0G); ±5%; Pd/Ag; 7-inch Reeled,100V,33 nF,,,,,,,Published
MLCC,Anti-Arcing High Voltage,FJ31N333J101PG,FJ,1206,NP0 (C0G); ±5%; Pd/Ag; 13-inch Reeled,100V,33 nF,,,,,,,Published
MLCC,Anti-Arcing High Voltage,FJ31N333J101ET,FJ,1206,NP0 (C0G); ±5%; Ag/Ni/Sn; 7-inch Reeled,100V,33 nF,,,,,,,Published
MLCC,Anti-Arcing High Voltage,FJ31N333J101EG,FJ,1206,NP0 (C0G); ±5%; Ag/Ni/Sn; 13-inch Reeled,100V,33 nF,,,,,,,Published
MLCC,Anti-Arcing High Voltage,FJ31N333J202PT,FJ,1206,NP0 (C0G); ±5%; Pd/Ag; 7-inch Reeled,2000V,33 nF,,,,,,,Published
MLCC,Anti-Arcing High Voltage,FJ31N333J202PG,FJ,1206,NP0 (C0G); ±5%; Pd/Ag; 13-inch Reeled,2000V,33 nF,,,,,,,Published
MLCC,Anti-Arcing High Voltage,FJ31N333J202ET,FJ,1206,NP0 (C0G); ±5%; Ag/Ni/Sn; 7-inch Reeled,2000V,33 nF,,,,,,,Published
MLCC,Anti-Arcing High Voltage,FJ31N333J202EG,FJ,1206,NP0 (C0G); ±5%; Ag/Ni/Sn; 13-inch Reeled,2000V,33 nF,,,,,,,Published
MLCC,Anti-Arcing High Voltage,FJ31N333K101PT,FJ,1206,NP0 (C0G); ±10%; Pd/Ag; 7-inch Reeled,100V,33 nF,,,,,,,Published
MLCC,Anti-Arcing High Voltage,FJ31N333K101PG,FJ,1206,NP0 (C0G); ±10%; Pd/Ag; 13-inch Reeled,100V,33 nF,,,,,,,Published
MLCC,Anti-Arcing High Voltage,FJ31N333K101ET,FJ,1206,NP0 (C0G); ±10%; Ag/Ni/Sn; 7-inch Reeled,100V,33 nF,,,,,,,Published
MLCC,Anti-Arcing High Voltage,FJ31N333K101EG,FJ,1206,NP0 (C0G); ±10%; Ag/Ni/Sn; 13-inch Reeled,100V,33 nF,,,,,,,Published
MLCC,Anti-Arcing High Voltage,FJ31N333K202PT,FJ,1206,NP0 (C0G); ±10%; Pd/Ag; 7-inch Reeled,2000V,33 nF,,,,,,,Published
MLCC,Anti-Arcing High Voltage,FJ31N333K202PG,FJ,1206,NP0 (C0G); ±10%; Pd/Ag; 13-inch Reeled,2000V,33 nF,,,,,,,Published
MLCC,Anti-Arcing High Voltage,FJ31N333K202ET,FJ,1206,NP0 (C0G); ±10%; Ag/Ni/Sn; 7-inch Reeled,2000V,33 nF,,,,,,,Published
MLCC,Anti-Arcing High Voltage,FJ31N333K202EG,FJ,1206,NP0 (C0G); ±10%; Ag/Ni/Sn; 13-inch Reeled,2000V,33 nF,,,,,,,Published
MLCC,Anti-Arcing High Voltage,FJ31N334J101PT,FJ,1206,NP0 (C0G); ±5%; Pd/Ag; 7-inch Reeled,100V,330 nF,,,,,,,Published
MLCC,Anti-Arcing High Voltage,FJ31N334J101PG,FJ,1206,NP0 (C0G); ±5%; Pd/Ag; 13-inch Reeled,100V,330 nF,,,,,,,Published
MLCC,Anti-Arcing High Voltage,FJ31N334J101ET,FJ,1206,NP0 (C0G); ±5%; Ag/Ni/Sn; 7-inch Reeled,100V,330 nF,,,,,,,Published
MLCC,Anti-Arcing High Voltage,FJ31N334J101EG,FJ,1206,NP0 (C0G); ±5%; Ag/Ni/Sn; 13-inch Reeled,100V,330 nF,,,,,,,Published
MLCC,Anti-Arcing High Voltage,FJ31N334J202PT,FJ,1206,NP0 (C0G); ±5%; Pd/Ag; 7-inch Reeled,2000V,330 nF,,,,,,,Published
MLCC,Anti-Arcing High Voltage,FJ31N334J202PG,FJ,1206,NP0 (C0G); ±5%; Pd/Ag; 13-inch Reeled,2000V,330 nF,,,,,,,Published
MLCC,Anti-Arcing High Voltage,FJ31N334J202ET,FJ,1206,NP0 (C0G); ±5%; Ag/Ni/Sn; 7-inch Reeled,2000V,330 nF,,,,,,,Published
MLCC,Anti-Arcing High Voltage,FJ31N334J202EG,FJ,1206,NP0 (C0G); ±5%; Ag/Ni/Sn; 13-inch Reeled,2000V,330 nF,,,,,,,Published
MLCC,Anti-Arcing High Voltage,FJ31N334K101PT,FJ,1206,NP0 (C0G); ±10%; Pd/Ag; 7-inch Reeled,100V,330 nF,,,,,,,Published
MLCC,Anti-Arcing High Voltage,FJ31N334K101PG,FJ,1206,NP0 (C0G); ±10%; Pd/Ag; 13-inch Reeled,100V,330 nF,,,,,,,Published
MLCC,Anti-Arcing High Voltage,FJ31N334K101ET,FJ,1206,NP0 (C0G); ±10%; Ag/Ni/Sn; 7-inch Reeled,100V,330 nF,,,,,,,Published
MLCC,Anti-Arcing High Voltage,FJ31N334K101EG,FJ,1206,NP0 (C0G); ±10%; Ag/Ni/Sn; 13-inch Reeled,100V,330 nF,,,,,,,Published
MLCC,Anti-Arcing High Voltage,FJ31N334K202PT,FJ,1206,NP0 (C0G); ±10%; Pd/Ag; 7-inch Reeled,2000V,330 nF,,,,,,,Published
MLCC,Anti-Arcing High Voltage,FJ31N334K202PG,FJ,1206,NP0 (C0G); ±10%; Pd/Ag; 13-inch Reeled,2000V,330 nF,,,,,,,Published
MLCC,Anti-Arcing High Voltage,FJ31N334K202ET,FJ,1206,NP0 (C0G); ±10%; Ag/Ni/Sn; 7-inch Reeled,2000V,330 nF,,,,,,,Published
MLCC,Anti-Arcing High Voltage,FJ31N334K202EG,FJ,1206,NP0 (C0G); ±10%; Ag/Ni/Sn; 13-inch Reeled,2000V,330 nF,,,,,,,Published
MLCC,Anti-Arcing High Voltage,FJ31N470J101PT,FJ,1206,NP0 (C0G); ±5%; Pd/Ag; 7-inch Reeled,100V,47 pF,,,,,,,Published
MLCC,Anti-Arcing High Voltage,FJ31N470J101PG,FJ,1206,NP0 (C0G); ±5%; Pd/Ag; 13-inch Reeled,100V,47 pF,,,,,,,Published
MLCC,Anti-Arcing High Voltage,FJ31N470J101ET,FJ,1206,NP0 (C0G); ±5%; Ag/Ni/Sn; 7-inch Reeled,100V,47 pF,,,,,,,Published
MLCC,Anti-Arcing High Voltage,FJ31N470J101EG,FJ,1206,NP0 (C0G); ±5%; Ag/Ni/Sn; 13-inch Reeled,100V,47 pF,,,,,,,Published
MLCC,Anti-Arcing High Voltage,FJ31N470J202PT,FJ,1206,NP0 (C0G); ±5%; Pd/Ag; 7-inch Reeled,2000V,47 pF,,,,,,,Published
MLCC,Anti-Arcing High Voltage,FJ31N470J202PG,FJ,1206,NP0 (C0G); ±5%; Pd/Ag; 13-inch Reeled,2000V,47 pF,,,,,,,Published
MLCC,Anti-Arcing High Voltage,FJ31N470J202ET,FJ,1206,NP0 (C0G); ±5%; Ag/Ni/Sn; 7-inch Reeled,2000V,47 pF,,,,,,,Published
MLCC,Anti-Arcing High Voltage,FJ31N470J202EG,FJ,1206,NP0 (C0G); ±5%; Ag/Ni/Sn; 13-inch Reeled,2000V,47 pF,,,,,,,Published
MLCC,Anti-Arcing High Voltage,FJ31N470K101PT,FJ,1206,NP0 (C0G); ±10%; Pd/Ag; 7-inch Reeled,100V,47 pF,,,,,,,Published
MLCC,Anti-Arcing High Voltage,FJ31N470K101PG,FJ,1206,NP0 (C0G); ±10%; Pd/Ag; 13-inch Reeled,100V,47 pF,,,,,,,Published
MLCC,Anti-Arcing High Voltage,FJ31N470K101ET,FJ,1206,NP0 (C0G); ±10%; Ag/Ni/Sn; 7-inch Reeled,100V,47 pF,,,,,,,Published
MLCC,Anti-Arcing High Voltage,FJ31N470K101EG,FJ,1206,NP0 (C0G); ±10%; Ag/Ni/Sn; 13-inch Reeled,100V,47 pF,,,,,,,Published
MLCC,Anti-Arcing High Voltage,FJ31N470K202PT,FJ,1206,NP0 (C0G); ±10%; Pd/Ag; 7-inch Reeled,2000V,47 pF,,,,,,,Published
MLCC,Anti-Arcing High Voltage,FJ31N470K202PG,FJ,1206,NP0 (C0G); ±10%; Pd/Ag; 13-inch Reeled,2000V,47 pF,,,,,,,Published
MLCC,Anti-Arcing High Voltage,FJ31N470K202ET,FJ,1206,NP0 (C0G); ±10%; Ag/Ni/Sn; 7-inch Reeled,2000V,47 pF,,,,,,,Published
MLCC,Anti-Arcing High Voltage,FJ31N470K202EG,FJ,1206,NP0 (C0G); ±10%; Ag/Ni/Sn; 13-inch Reeled,2000V,47 pF,,,,,,,Published
MLCC,Anti-Arcing High Voltage,FJ31N471J101PT,FJ,1206,NP0 (C0G); ±5%; Pd/Ag; 7-inch Reeled,100V,470 pF,,,,,,,Published
MLCC,Anti-Arcing High Voltage,FJ31N471J101PG,FJ,1206,NP0 (C0G); ±5%; Pd/Ag; 13-inch Reeled,100V,470 pF,,,,,,,Published
MLCC,Anti-Arcing High Voltage,FJ31N471J101ET,FJ,1206,NP0 (C0G); ±5%; Ag/Ni/Sn; 7-inch Reeled,100V,470 pF,,,,,,,Published
MLCC,Anti-Arcing High Voltage,FJ31N471J101EG,FJ,1206,NP0 (C0G); ±5%; Ag/Ni/Sn; 13-inch Reeled,100V,470 pF,,,,,,,Published
MLCC,Anti-Arcing High Voltage,FJ31N471J202PT,FJ,1206,NP0 (C0G); ±5%; Pd/Ag; 7-inch Reeled,2000V,470 pF,,,,,,,Published
MLCC,Anti-Arcing High Voltage,FJ31N471J202PG,FJ,1206,NP0 (C0G); ±5%; Pd/Ag; 13-inch Reeled,2000V,470 pF,,,,,,,Published
MLCC,Anti-Arcing High Voltage,FJ31N471J202ET,FJ,1206,NP0 (C0G); ±5%; Ag/Ni/Sn; 7-inch Reeled,2000V,470 pF,,,,,,,Published
MLCC,Anti-Arcing High Voltage,FJ31N471J202EG,FJ,1206,NP0 (C0G); ±5%; Ag/Ni/Sn; 13-inch Reeled,2000V,470 pF,,,,,,,Published
MLCC,Anti-Arcing High Voltage,FJ31N471K101PT,FJ,1206,NP0 (C0G); ±10%; Pd/Ag; 7-inch Reeled,100V,470 pF,,,,,,,Published
MLCC,Anti-Arcing High Voltage,FJ31N471K101PG,FJ,1206,NP0 (C0G); ±10%; Pd/Ag; 13-inch Reeled,100V,470 pF,,,,,,,Published
MLCC,Anti-Arcing High Voltage,FJ31N471K101ET,FJ,1206,NP0 (C0G); ±10%; Ag/Ni/Sn; 7-inch Reeled,100V,470 pF,,,,,,,Published
MLCC,Anti-Arcing High Voltage,FJ31N471K101EG,FJ,1206,NP0 (C0G); ±10%; Ag/Ni/Sn; 13-inch Reeled,100V,470 pF,,,,,,,Published
MLCC,Anti-Arcing High Voltage,FJ31N471K202PT,FJ,1206,NP0 (C0G); ±10%; Pd/Ag; 7-inch Reeled,2000V,470 pF,,,,,,,Published
MLCC,Anti-Arcing High Voltage,FJ31N471K202PG,FJ,1206,NP0 (C0G); ±10%; Pd/Ag; 13-inch Reeled,2000V,470 pF,,,,,,,Published
MLCC,Anti-Arcing High Voltage,FJ31N471K202ET,FJ,1206,NP0 (C0G); ±10%; Ag/Ni/Sn; 7-inch Reeled,2000V,470 pF,,,,,,,Published
MLCC,Anti-Arcing High Voltage,FJ31N471K202EG,FJ,1206,NP0 (C0G); ±10%; Ag/Ni/Sn; 13-inch Reeled,2000V,470 pF,,,,,,,Published
MLCC,Anti-Arcing High Voltage,FJ31N472J101PT,FJ,1206,NP0 (C0G); ±5%; Pd/Ag; 7-inch Reeled,100V,4.7 nF,,,,,,,Published
MLCC,Anti-Arcing High Voltage,FJ31N472J101PG,FJ,1206,NP0 (C0G); ±5%; Pd/Ag; 13-inch Reeled,100V,4.7 nF,,,,,,,Published
MLCC,Anti-Arcing High Voltage,FJ31N472J101ET,FJ,1206,NP0 (C0G); ±5%; Ag/Ni/Sn; 7-inch Reeled,100V,4.7 nF,,,,,,,Published
MLCC,Anti-Arcing High Voltage,FJ31N472J101EG,FJ,1206,NP0 (C0G); ±5%; Ag/Ni/Sn; 13-inch Reeled,100V,4.7 nF,,,,,,,Published
MLCC,Anti-Arcing High Voltage,FJ31N472J202PT,FJ,1206,NP0 (C0G); ±5%; Pd/Ag; 7-inch Reeled,2000V,4.7 nF,,,,,,,Published
MLCC,Anti-Arcing High Voltage,FJ31N472J202PG,FJ,1206,NP0 (C0G); ±5%; Pd/Ag; 13-inch Reeled,2000V,4.7 nF,,,,,,,Published
MLCC,Anti-Arcing High Voltage,FJ31N472J202ET,FJ,1206,NP0 (C0G); ±5%; Ag/Ni/Sn; 7-inch Reeled,2000V,4.7 nF,,,,,,,Published
MLCC,Anti-Arcing High Voltage,FJ31N472J202EG,FJ,1206,NP0 (C0G); ±5%; Ag/Ni/Sn; 13-inch Reeled,2000V,4.7 nF,,,,,,,Published
MLCC,Anti-Arcing High Voltage,FJ31N472K101PT,FJ,1206,NP0 (C0G); ±10%; Pd/Ag; 7-inch Reeled,100V,4.7 nF,,,,,,,Published
MLCC,Anti-Arcing High Voltage,FJ31N472K101PG,FJ,1206,NP0 (C0G); ±10%; Pd/Ag; 13-inch Reeled,100V,4.7 nF,,,,,,,Published
MLCC,Anti-Arcing High Voltage,FJ31N472K101ET,FJ,1206,NP0 (C0G); ±10%; Ag/Ni/Sn; 7-inch Reeled,100V,4.7 nF,,,,,,,Published
MLCC,Anti-Arcing High Voltage,FJ31N472K101EG,FJ,1206,NP0 (C0G); ±10%; Ag/Ni/Sn; 13-inch Reeled,100V,4.7 nF,,,,,,,Published
MLCC,Anti-Arcing High Voltage,FJ31N472K202PT,FJ,1206,NP0 (C0G); ±10%; Pd/Ag; 7-inch Reeled,2000V,4.7 nF,,,,,,,Published
MLCC,Anti-Arcing High Voltage,FJ31N472K202PG,FJ,1206,NP0 (C0G); ±10%; Pd/Ag; 13-inch Reeled,2000V,4.7 nF,,,,,,,Published
MLCC,Anti-Arcing High Voltage,FJ31N472K202ET,FJ,1206,NP0 (C0G); ±10%; Ag/Ni/Sn; 7-inch Reeled,2000V,4.7 nF,,,,,,,Published
MLCC,Anti-Arcing High Voltage,FJ31N472K202EG,FJ,1206,NP0 (C0G); ±10%; Ag/Ni/Sn; 13-inch Reeled,2000V,4.7 nF,,,,,,,Published
MLCC,Anti-Arcing High Voltage,FJ31N473J101PT,FJ,1206,NP0 (C0G); ±5%; Pd/Ag; 7-inch Reeled,100V,47 nF,,,,,,,Published
MLCC,Anti-Arcing High Voltage,FJ31N473J101PG,FJ,1206,NP0 (C0G); ±5%; Pd/Ag; 13-inch Reeled,100V,47 nF,,,,,,,Published
MLCC,Anti-Arcing High Voltage,FJ31N473J101ET,FJ,1206,NP0 (C0G); ±5%; Ag/Ni/Sn; 7-inch Reeled,100V,47 nF,,,,,,,Published
MLCC,Anti-Arcing High Voltage,FJ31N473J101EG,FJ,1206,NP0 (C0G); ±5%; Ag/Ni/Sn; 13-inch Reeled,100V,47 nF,,,,,,,Published
MLCC,Anti-Arcing High Voltage,FJ31N473J202PT,FJ,1206,NP0 (C0G); ±5%; Pd/Ag; 7-inch Reeled,2000V,47 nF,,,,,,,Published
MLCC,Anti-Arcing High Voltage,FJ31N473J202PG,FJ,1206,NP0 (C0G); ±5%; Pd/Ag; 13-inch Reeled,2000V,47 nF,,,,,,,Published
MLCC,Anti-Arcing High Voltage,FJ31N473J202ET,FJ,1206,NP0 (C0G); ±5%; Ag/Ni/Sn; 7-inch Reeled,2000V,47 nF,,,,,,,Published
MLCC,Anti-Arcing High Voltage,FJ31N473J202EG,FJ,1206,NP0 (C0G); ±5%; Ag/Ni/Sn; 13-inch Reeled,2000V,47 nF,,,,,,,Published
MLCC,Anti-Arcing High Voltage,FJ31N473K101PT,FJ,1206,NP0 (C0G); ±10%; Pd/Ag; 7-inch Reeled,100V,47 nF,,,,,,,Published
MLCC,Anti-Arcing High Voltage,FJ31N473K101PG,FJ,1206,NP0 (C0G); ±10%; Pd/Ag; 13-inch Reeled,100V,47 nF,,,,,,,Published
MLCC,Anti-Arcing High Voltage,FJ31N473K101ET,FJ,1206,NP0 (C0G); ±10%; Ag/Ni/Sn; 7-inch Reeled,100V,47 nF,,,,,,,Published
MLCC,Anti-Arcing High Voltage,FJ31N473K101EG,FJ,1206,NP0 (C0G); ±10%; Ag/Ni/Sn; 13-inch Reeled,100V,47 nF,,,,,,,Published
MLCC,Anti-Arcing High Voltage,FJ31N473K202PT,FJ,1206,NP0 (C0G); ±10%; Pd/Ag; 7-inch Reeled,2000V,47 nF,,,,,,,Published
MLCC,Anti-Arcing High Voltage,FJ31N473K202PG,FJ,1206,NP0 (C0G); ±10%; Pd/Ag; 13-inch Reeled,2000V,47 nF,,,,,,,Published
MLCC,Anti-Arcing High Voltage,FJ31N473K202ET,FJ,1206,NP0 (C0G); ±10%; Ag/Ni/Sn; 7-inch Reeled,2000V,47 nF,,,,,,,Published
MLCC,Anti-Arcing High Voltage,FJ31N473K202EG,FJ,1206,NP0 (C0G); ±10%; Ag/Ni/Sn; 13-inch Reeled,2000V,47 nF,,,,,,,Published
MLCC,Anti-Arcing High Voltage,FJ31N474J101PT,FJ,1206,NP0 (C0G); ±5%; Pd/Ag; 7-inch Reeled,100V,470 nF,,,,,,,Published
MLCC,Anti-Arcing High Voltage,FJ31N474J101PG,FJ,1206,NP0 (C0G); ±5%; Pd/Ag; 13-inch Reeled,100V,470 nF,,,,,,,Published
MLCC,Anti-Arcing High Voltage,FJ31N474J101ET,FJ,1206,NP0 (C0G); ±5%; Ag/Ni/Sn; 7-inch Reeled,100V,470 nF,,,,,,,Published
MLCC,Anti-Arcing High Voltage,FJ31N474J101EG,FJ,1206,NP0 (C0G); ±5%; Ag/Ni/Sn; 13-inch Reeled,100V,470 nF,,,,,,,Published
MLCC,Anti-Arcing High Voltage,FJ31N474J202PT,FJ,1206,NP0 (C0G); ±5%; Pd/Ag; 7-inch Reeled,2000V,470 nF,,,,,,,Published
MLCC,Anti-Arcing High Voltage,FJ31N474J202PG,FJ,1206,NP0 (C0G); ±5%; Pd/Ag; 13-inch Reeled,2000V,470 nF,,,,,,,Published
MLCC,Anti-Arcing High Voltage,FJ31N474J202ET,FJ,1206,NP0 (C0G); ±5%; Ag/Ni/Sn; 7-inch Reeled,2000V,470 nF,,,,,,,Published
MLCC,Anti-Arcing High Voltage,FJ31N474J202EG,FJ,1206,NP0 (C0G); ±5%; Ag/Ni/Sn; 13-inch Reeled,2000V,470 nF,,,,,,,Published
MLCC,Anti-Arcing High Voltage,FJ31N474K101PT,FJ,1206,NP0 (C0G); ±10%; Pd/Ag; 7-inch Reeled,100V,470 nF,,,,,,,Published
MLCC,Anti-Arcing High Voltage,FJ31N474K101PG,FJ,1206,NP0 (C0G); ±10%; Pd/Ag; 13-inch Reeled,100V,470 nF,,,,,,,Published
MLCC,Anti-Arcing High Voltage,FJ31N474K101ET,FJ,1206,NP0 (C0G); ±10%; Ag/Ni/Sn; 7-inch Reeled,100V,470 nF,,,,,,,Published
MLCC,Anti-Arcing High Voltage,FJ31N474K101EG,FJ,1206,NP0 (C0G); ±10%; Ag/Ni/Sn; 13-inch Reeled,100V,470 nF,,,,,,,Published
MLCC,Anti-Arcing High Voltage,FJ31N474K202PT,FJ,1206,NP0 (C0G); ±10%; Pd/Ag; 7-inch Reeled,2000V,470 nF,,,,,,,Published
MLCC,Anti-Arcing High Voltage,FJ31N474K202PG,FJ,1206,NP0 (C0G); ±10%; Pd/Ag; 13-inch Reeled,2000V,470 nF,,,,,,,Published
MLCC,Anti-Arcing High Voltage,FJ31N474K202ET,FJ,1206,NP0 (C0G); ±10%; Ag/Ni/Sn; 7-inch Reeled,2000V,470 nF,,,,,,,Published
MLCC,Anti-Arcing High Voltage,FJ31N474K202EG,FJ,1206,NP0 (C0G); ±10%; Ag/Ni/Sn; 13-inch Reeled,2000V,470 nF,,,,,,,Published
MLCC,Anti-Arcing High Voltage,FJ31N680J101PT,FJ,1206,NP0 (C0G); ±5%; Pd/Ag; 7-inch Reeled,100V,68 pF,,,,,,,Published
MLCC,Anti-Arcing High Voltage,FJ31N680J101PG,FJ,1206,NP0 (C0G); ±5%; Pd/Ag; 13-inch Reeled,100V,68 pF,,,,,,,Published
MLCC,Anti-Arcing High Voltage,FJ31N680J101ET,FJ,1206,NP0 (C0G); ±5%; Ag/Ni/Sn; 7-inch Reeled,100V,68 pF,,,,,,,Published
MLCC,Anti-Arcing High Voltage,FJ31N680J101EG,FJ,1206,NP0 (C0G); ±5%; Ag/Ni/Sn; 13-inch Reeled,100V,68 pF,,,,,,,Published
MLCC,Anti-Arcing High Voltage,FJ31N680J202PT,FJ,1206,NP0 (C0G); ±5%; Pd/Ag; 7-inch Reeled,2000V,68 pF,,,,,,,Published
MLCC,Anti-Arcing High Voltage,FJ31N680J202PG,FJ,1206,NP0 (C0G); ±5%; Pd/Ag; 13-inch Reeled,2000V,68 pF,,,,,,,Published
MLCC,Anti-Arcing High Voltage,FJ31N680J202ET,FJ,1206,NP0 (C0G); ±5%; Ag/Ni/Sn; 7-inch Reeled,2000V,68 pF,,,,,,,Published
MLCC,Anti-Arcing High Voltage,FJ31N680J202EG,FJ,1206,NP0 (C0G); ±5%; Ag/Ni/Sn; 13-inch Reeled,2000V,68 pF,,,,,,,Published
MLCC,Anti-Arcing High Voltage,FJ31N680K101PT,FJ,1206,NP0 (C0G); ±10%; Pd/Ag; 7-inch Reeled,100V,68 pF,,,,,,,Published
MLCC,Anti-Arcing High Voltage,FJ31N680K101PG,FJ,1206,NP0 (C0G); ±10%; Pd/Ag; 13-inch Reeled,100V,68 pF,,,,,,,Published
MLCC,Anti-Arcing High Voltage,FJ31N680K101ET,FJ,1206,NP0 (C0G); ±10%; Ag/Ni/Sn; 7-inch Reeled,100V,68 pF,,,,,,,Published
MLCC,Anti-Arcing High Voltage,FJ31N680K101EG,FJ,1206,NP0 (C0G); ±10%; Ag/Ni/Sn; 13-inch Reeled,100V,68 pF,,,,,,,Published
MLCC,Anti-Arcing High Voltage,FJ31N680K202PT,FJ,1206,NP0 (C0G); ±10%; Pd/Ag; 7-inch Reeled,2000V,68 pF,,,,,,,Published
MLCC,Anti-Arcing High Voltage,FJ31N680K202PG,FJ,1206,NP0 (C0G); ±10%; Pd/Ag; 13-inch Reeled,2000V,68 pF,,,,,,,Published
MLCC,Anti-Arcing High Voltage,FJ31N680K202ET,FJ,1206,NP0 (C0G); ±10%; Ag/Ni/Sn; 7-inch Reeled,2000V,68 pF,,,,,,,Published
MLCC,Anti-Arcing High Voltage,FJ31N680K202EG,FJ,1206,NP0 (C0G); ±10%; Ag/Ni/Sn; 13-inch Reeled,2000V,68 pF,,,,,,,Published
MLCC,Anti-Arcing High Voltage,FJ31N681J101PT,FJ,1206,NP0 (C0G); ±5%; Pd/Ag; 7-inch Reeled,100V,680 pF,,,,,,,Published
MLCC,Anti-Arcing High Voltage,FJ31N681J101PG,FJ,1206,NP0 (C0G); ±5%; Pd/Ag; 13-inch Reeled,100V,680 pF,,,,,,,Published
MLCC,Anti-Arcing High Voltage,FJ31N681J101ET,FJ,1206,NP0 (C0G); ±5%; Ag/Ni/Sn; 7-inch Reeled,100V,680 pF,,,,,,,Published
MLCC,Anti-Arcing High Voltage,FJ31N681J101EG,FJ,1206,NP0 (C0G); ±5%; Ag/Ni/Sn; 13-inch Reeled,100V,680 pF,,,,,,,Published
MLCC,Anti-Arcing High Voltage,FJ31N681J202PT,FJ,1206,NP0 (C0G); ±5%; Pd/Ag; 7-inch Reeled,2000V,680 pF,,,,,,,Published
MLCC,Anti-Arcing High Voltage,FJ31N681J202PG,FJ,1206,NP0 (C0G); ±5%; Pd/Ag; 13-inch Reeled,2000V,680 pF,,,,,,,Published
MLCC,Anti-Arcing High Voltage,FJ31N681J202ET,FJ,1206,NP0 (C0G); ±5%; Ag/Ni/Sn; 7-inch Reeled,2000V,680 pF,,,,,,,Published
MLCC,Anti-Arcing High Voltage,FJ31N681J202EG,FJ,1206,NP0 (C0G); ±5%; Ag/Ni/Sn; 13-inch Reeled,2000V,680 pF,,,,,,,Published
MLCC,Anti-Arcing High Voltage,FJ31N681K101PT,FJ,1206,NP0 (C0G); ±10%; Pd/Ag; 7-inch Reeled,100V,680 pF,,,,,,,Published
MLCC,Anti-Arcing High Voltage,FJ31N681K101PG,FJ,1206,NP0 (C0G); ±10%; Pd/Ag; 13-inch Reeled,100V,680 pF,,,,,,,Published
MLCC,Anti-Arcing High Voltage,FJ31N681K101ET,FJ,1206,NP0 (C0G); ±10%; Ag/Ni/Sn; 7-inch Reeled,100V,680 pF,,,,,,,Published
MLCC,Anti-Arcing High Voltage,FJ31N681K101EG,FJ,1206,NP0 (C0G); ±10%; Ag/Ni/Sn; 13-inch Reeled,100V,680 pF,,,,,,,Published
MLCC,Anti-Arcing High Voltage,FJ31N681K202PT,FJ,1206,NP0 (C0G); ±10%; Pd/Ag; 7-inch Reeled,2000V,680 pF,,,,,,,Published
MLCC,Anti-Arcing High Voltage,FJ31N681K202PG,FJ,1206,NP0 (C0G); ±10%; Pd/Ag; 13-inch Reeled,2000V,680 pF,,,,,,,Published
MLCC,Anti-Arcing High Voltage,FJ31N681K202ET,FJ,1206,NP0 (C0G); ±10%; Ag/Ni/Sn; 7-inch Reeled,2000V,680 pF,,,,,,,Published
MLCC,Anti-Arcing High Voltage,FJ31N681K202EG,FJ,1206,NP0 (C0G); ±10%; Ag/Ni/Sn; 13-inch Reeled,2000V,680 pF,,,,,,,Published
MLCC,Anti-Arcing High Voltage,FJ31N682J101PT,FJ,1206,NP0 (C0G); ±5%; Pd/Ag; 7-inch Reeled,100V,6.8 nF,,,,,,,Published
MLCC,Anti-Arcing High Voltage,FJ31N682J101PG,FJ,1206,NP0 (C0G); ±5%; Pd/Ag; 13-inch Reeled,100V,6.8 nF,,,,,,,Published
MLCC,Anti-Arcing High Voltage,FJ31N682J101ET,FJ,1206,NP0 (C0G); ±5%; Ag/Ni/Sn; 7-inch Reeled,100V,6.8 nF,,,,,,,Published
MLCC,Anti-Arcing High Voltage,FJ31N682J101EG,FJ,1206,NP0 (C0G); ±5%; Ag/Ni/Sn; 13-inch Reeled,100V,6.8 nF,,,,,,,Published
MLCC,Anti-Arcing High Voltage,FJ31N682J202PT,FJ,1206,NP0 (C0G); ±5%; Pd/Ag; 7-inch Reeled,2000V,6.8 nF,,,,,,,Published
MLCC,Anti-Arcing High Voltage,FJ31N682J202PG,FJ,1206,NP0 (C0G); ±5%; Pd/Ag; 13-inch Reeled,2000V,6.8 nF,,,,,,,Published
MLCC,Anti-Arcing High Voltage,FJ31N682J202ET,FJ,1206,NP0 (C0G); ±5%; Ag/Ni/Sn; 7-inch Reeled,2000V,6.8 nF,,,,,,,Published
MLCC,Anti-Arcing High Voltage,FJ31N682J202EG,FJ,1206,NP0 (C0G); ±5%; Ag/Ni/Sn; 13-inch Reeled,2000V,6.8 nF,,,,,,,Published
MLCC,Anti-Arcing High Voltage,FJ31N682K101PT,FJ,1206,NP0 (C0G); ±10%; Pd/Ag; 7-inch Reeled,100V,6.8 nF,,,,,,,Published
MLCC,Anti-Arcing High Voltage,FJ31N682K101PG,FJ,1206,NP0 (C0G); ±10%; Pd/Ag; 13-inch Reeled,100V,6.8 nF,,,,,,,Published
MLCC,Anti-Arcing High Voltage,FJ31N682K101ET,FJ,1206,NP0 (C0G); ±10%; Ag/Ni/Sn; 7-inch Reeled,100V,6.8 nF,,,,,,,Published
MLCC,Anti-Arcing High Voltage,FJ31N682K101EG,FJ,1206,NP0 (C0G); ±10%; Ag/Ni/Sn; 13-inch Reeled,100V,6.8 nF,,,,,,,Published
MLCC,Anti-Arcing High Voltage,FJ31N682K202PT,FJ,1206,NP0 (C0G); ±10%; Pd/Ag; 7-inch Reeled,2000V,6.8 nF,,,,,,,Published
MLCC,Anti-Arcing High Voltage,FJ31N682K202PG,FJ,1206,NP0 (C0G); ±10%; Pd/Ag; 13-inch Reeled,2000V,6.8 nF,,,,,,,Published
MLCC,Anti-Arcing High Voltage,FJ31N682K202ET,FJ,1206,NP0 (C0G); ±10%; Ag/Ni/Sn; 7-inch Reeled,2000V,6.8 nF,,,,,,,Published
MLCC,Anti-Arcing High Voltage,FJ31N682K202EG,FJ,1206,NP0 (C0G); ±10%; Ag/Ni/Sn; 13-inch Reeled,2000V,6.8 nF,,,,,,,Published
MLCC,Anti-Arcing High Voltage,FJ31N683J101PT,FJ,1206,NP0 (C0G); ±5%; Pd/Ag; 7-inch Reeled,100V,68 nF,,,,,,,Published
MLCC,Anti-Arcing High Voltage,FJ31N683J101PG,FJ,1206,NP0 (C0G); ±5%; Pd/Ag; 13-inch Reeled,100V,68 nF,,,,,,,Published
MLCC,Anti-Arcing High Voltage,FJ31N683J101ET,FJ,1206,NP0 (C0G); ±5%; Ag/Ni/Sn; 7-inch Reeled,100V,68 nF,,,,,,,Published
MLCC,Anti-Arcing High Voltage,FJ31N683J101EG,FJ,1206,NP0 (C0G); ±5%; Ag/Ni/Sn; 13-inch Reeled,100V,68 nF,,,,,,,Published
MLCC,Anti-Arcing High Voltage,FJ31N683J202PT,FJ,1206,NP0 (C0G); ±5%; Pd/Ag; 7-inch Reeled,2000V,68 nF,,,,,,,Published
MLCC,Anti-Arcing High Voltage,FJ31N683J202PG,FJ,1206,NP0 (C0G); ±5%; Pd/Ag; 13-inch Reeled,2000V,68 nF,,,,,,,Published
MLCC,Anti-Arcing High Voltage,FJ31N683J202ET,FJ,1206,NP0 (C0G); ±5%; Ag/Ni/Sn; 7-inch Reeled,2000V,68 nF,,,,,,,Published
MLCC,Anti-Arcing High Voltage,FJ31N683J202EG,FJ,1206,NP0 (C0G); ±5%; Ag/Ni/Sn; 13-inch Reeled,2000V,68 nF,,,,,,,Published
MLCC,Anti-Arcing High Voltage,FJ31N683K101PT,FJ,1206,NP0 (C0G); ±10%; Pd/Ag; 7-inch Reeled,100V,68 nF,,,,,,,Published
MLCC,Anti-Arcing High Voltage,FJ31N683K101PG,FJ,1206,NP0 (C0G); ±10%; Pd/Ag; 13-inch Reeled,100V,68 nF,,,,,,,Published
MLCC,Anti-Arcing High Voltage,FJ31N683K101ET,FJ,1206,NP0 (C0G); ±10%; Ag/Ni/Sn; 7-inch Reeled,100V,68 nF,,,,,,,Published
MLCC,Anti-Arcing High Voltage,FJ31N683K101EG,FJ,1206,NP0 (C0G); ±10%; Ag/Ni/Sn; 13-inch Reeled,100V,68 nF,,,,,,,Published
MLCC,Anti-Arcing High Voltage,FJ31N683K202PT,FJ,1206,NP0 (C0G); ±10%; Pd/Ag; 7-inch Reeled,2000V,68 nF,,,,,,,Published
MLCC,Anti-Arcing High Voltage,FJ31N683K202PG,FJ,1206,NP0 (C0G); ±10%; Pd/Ag; 13-inch Reeled,2000V,68 nF,,,,,,,Published
MLCC,Anti-Arcing High Voltage,FJ31N683K202ET,FJ,1206,NP0 (C0G); ±10%; Ag/Ni/Sn; 7-inch Reeled,2000V,68 nF,,,,,,,Published
MLCC,Anti-Arcing High Voltage,FJ31N683K202EG,FJ,1206,NP0 (C0G); ±10%; Ag/Ni/Sn; 13-inch Reeled,2000V,68 nF,,,,,,,Published
MLCC,Anti-Arcing High Voltage,FJ31N684J101PT,FJ,1206,NP0 (C0G); ±5%; Pd/Ag; 7-inch Reeled,100V,680 nF,,,,,,,Published
MLCC,Anti-Arcing High Voltage,FJ31N684J101PG,FJ,1206,NP0 (C0G); ±5%; Pd/Ag; 13-inch Reeled,100V,680 nF,,,,,,,Published
MLCC,Anti-Arcing High Voltage,FJ31N684J101ET,FJ,1206,NP0 (C0G); ±5%; Ag/Ni/Sn; 7-inch Reeled,100V,680 nF,,,,,,,Published
MLCC,Anti-Arcing High Voltage,FJ31N684J101EG,FJ,1206,NP0 (C0G); ±5%; Ag/Ni/Sn; 13-inch Reeled,100V,680 nF,,,,,,,Published
MLCC,Anti-Arcing High Voltage,FJ31N684J202PT,FJ,1206,NP0 (C0G); ±5%; Pd/Ag; 7-inch Reeled,2000V,680 nF,,,,,,,Published
MLCC,Anti-Arcing High Voltage,FJ31N684J202PG,FJ,1206,NP0 (C0G); ±5%; Pd/Ag; 13-inch Reeled,2000V,680 nF,,,,,,,Published
MLCC,Anti-Arcing High Voltage,FJ31N684J202ET,FJ,1206,NP0 (C0G); ±5%; Ag/Ni/Sn; 7-inch Reeled,2000V,680 nF,,,,,,,Published
MLCC,Anti-Arcing High Voltage,FJ31N684J202EG,FJ,1206,NP0 (C0G); ±5%; Ag/Ni/Sn; 13-inch Reeled,2000V,680 nF,,,,,,,Published
MLCC,Anti-Arcing High Voltage,FJ31N684K101PT,FJ,1206,NP0 (C0G); ±10%; Pd/Ag; 7-inch Reeled,100V,680 nF,,,,,,,Published
MLCC,Anti-Arcing High Voltage,FJ31N684K101PG,FJ,1206,NP0 (C0G); ±10%; Pd/Ag; 13-inch Reeled,100V,680 nF,,,,,,,Published
MLCC,Anti-Arcing High Voltage,FJ31N684K101ET,FJ,1206,NP0 (C0G); ±10%; Ag/Ni/Sn; 7-inch Reeled,100V,680 nF,,,,,,,Published
MLCC,Anti-Arcing High Voltage,FJ31N684K101EG,FJ,1206,NP0 (C0G); ±10%; Ag/Ni/Sn; 13-inch Reeled,100V,680 nF,,,,,,,Published
MLCC,Anti-Arcing High Voltage,FJ31N684K202PT,FJ,1206,NP0 (C0G); ±10%; Pd/Ag; 7-inch Reeled,2000V,680 nF,,,,,,,Published
MLCC,Anti-Arcing High Voltage,FJ31N684K202PG,FJ,1206,NP0 (C0G); ±10%; Pd/Ag; 13-inch Reeled,2000V,680 nF,,,,,,,Published
MLCC,Anti-Arcing High Voltage,FJ31N684K202ET,FJ,1206,NP0 (C0G); ±10%; Ag/Ni/Sn; 7-inch Reeled,2000V,680 nF,,,,,,,Published
MLCC,Anti-Arcing High Voltage,FJ31N684K202EG,FJ,1206,NP0 (C0G); ±10%; Ag/Ni/Sn; 13-inch Reeled,2000V,680 nF,,,,,,,Published
MLCC,Anti-Arcing High Voltage,FJ31X100J101PT,FJ,1206,X7R; ±5%; Pd/Ag; 7-inch Reeled,100V,10 pF,,,,,,,Published
MLCC,Anti-Arcing High Voltage,FJ31X100J101PG,FJ,1206,X7R; ±5%; Pd/Ag; 13-inch Reeled,100V,10 pF,,,,,,,Published
MLCC,Anti-Arcing High Voltage,FJ31X100J101ET,FJ,1206,X7R; ±5%; Ag/Ni/Sn; 7-inch Reeled,100V,10 pF,,,,,,,Published
MLCC,Anti-Arcing High Voltage,FJ31X100J101EG,FJ,1206,X7R; ±5%; Ag/Ni/Sn; 13-inch Reeled,100V,10 pF,,,,,,,Published
MLCC,Anti-Arcing High Voltage,FJ31X100J202PT,FJ,1206,X7R; ±5%; Pd/Ag; 7-inch Reeled,2000V,10 pF,,,,,,,Published
MLCC,Anti-Arcing High Voltage,FJ31X100J202PG,FJ,1206,X7R; ±5%; Pd/Ag; 13-inch Reeled,2000V,10 pF,,,,,,,Published
MLCC,Anti-Arcing High Voltage,FJ31X100J202ET,FJ,1206,X7R; ±5%; Ag/Ni/Sn; 7-inch Reeled,2000V,10 pF,,,,,,,Published
MLCC,Anti-Arcing High Voltage,FJ31X100J202EG,FJ,1206,X7R; ±5%; Ag/Ni/Sn; 13-inch Reeled,2000V,10 pF,,,,,,,Published
MLCC,Anti-Arcing High Voltage,FJ31X100K101PT,FJ,1206,X7R; ±10%; Pd/Ag; 7-inch Reeled,100V,10 pF,,,,,,,Published
MLCC,Anti-Arcing High Voltage,FJ31X100K101PG,FJ,1206,X7R; ±10%; Pd/Ag; 13-inch Reeled,100V,10 pF,,,,,,,Published
MLCC,Anti-Arcing High Voltage,FJ31X100K101ET,FJ,1206,X7R; ±10%; Ag/Ni/Sn; 7-inch Reeled,100V,10 pF,,,,,,,Published
MLCC,Anti-Arcing High Voltage,FJ31X100K101EG,FJ,1206,X7R; ±10%; Ag/Ni/Sn; 13-inch Reeled,100V,10 pF,,,,,,,Published
MLCC,Anti-Arcing High Voltage,FJ31X100K202PT,FJ,1206,X7R; ±10%; Pd/Ag; 7-inch Reeled,2000V,10 pF,,,,,,,Published
MLCC,Anti-Arcing High Voltage,FJ31X100K202PG,FJ,1206,X7R; ±10%; Pd/Ag; 13-inch Reeled,2000V,10 pF,,,,,,,Published
MLCC,Anti-Arcing High Voltage,FJ31X100K202ET,FJ,1206,X7R; ±10%; Ag/Ni/Sn; 7-inch Reeled,2000V,10 pF,,,,,,,Published
MLCC,Anti-Arcing High Voltage,FJ31X100K202EG,FJ,1206,X7R; ±10%; Ag/Ni/Sn; 13-inch Reeled,2000V,10 pF,,,,,,,Published
MLCC,Anti-Arcing High Voltage,FJ31X100M101PT,FJ,1206,X7R; ±20%; Pd/Ag; 7-inch Reeled,100V,10 pF,,,,,,,Published
MLCC,Anti-Arcing High Voltage,FJ31X100M101PG,FJ,1206,X7R; ±20%; Pd/Ag; 13-inch Reeled,100V,10 pF,,,,,,,Published
MLCC,Anti-Arcing High Voltage,FJ31X100M101ET,FJ,1206,X7R; ±20%; Ag/Ni/Sn; 7-inch Reeled,100V,10 pF,,,,,,,Published
MLCC,Anti-Arcing High Voltage,FJ31X100M101EG,FJ,1206,X7R; ±20%; Ag/Ni/Sn; 13-inch Reeled,100V,10 pF,,,,,,,Published
MLCC,Anti-Arcing High Voltage,FJ31X100M202PT,FJ,1206,X7R; ±20%; Pd/Ag; 7-inch Reeled,2000V,10 pF,,,,,,,Published
MLCC,Anti-Arcing High Voltage,FJ31X100M202PG,FJ,1206,X7R; ±20%; Pd/Ag; 13-inch Reeled,2000V,10 pF,,,,,,,Published
MLCC,Anti-Arcing High Voltage,FJ31X100M202ET,FJ,1206,X7R; ±20%; Ag/Ni/Sn; 7-inch Reeled,2000V,10 pF,,,,,,,Published
MLCC,Anti-Arcing High Voltage,FJ31X100M202EG,FJ,1206,X7R; ±20%; Ag/Ni/Sn; 13-inch Reeled,2000V,10 pF,,,,,,,Published
MLCC,Anti-Arcing High Voltage,FJ31X101J101PT,FJ,1206,X7R; ±5%; Pd/Ag; 7-inch Reeled,100V,100 pF,,,,,,,Published
MLCC,Anti-Arcing High Voltage,FJ31X101J101PG,FJ,1206,X7R; ±5%; Pd/Ag; 13-inch Reeled,100V,100 pF,,,,,,,Published
MLCC,Anti-Arcing High Voltage,FJ31X101J101ET,FJ,1206,X7R; ±5%; Ag/Ni/Sn; 7-inch Reeled,100V,100 pF,,,,,,,Published
MLCC,Anti-Arcing High Voltage,FJ31X101J101EG,FJ,1206,X7R; ±5%; Ag/Ni/Sn; 13-inch Reeled,100V,100 pF,,,,,,,Published
MLCC,Anti-Arcing High Voltage,FJ31X101J202PT,FJ,1206,X7R; ±5%; Pd/Ag; 7-inch Reeled,2000V,100 pF,,,,,,,Published
MLCC,Anti-Arcing High Voltage,FJ31X101J202PG,FJ,1206,X7R; ±5%; Pd/Ag; 13-inch Reeled,2000V,100 pF,,,,,,,Published
MLCC,Anti-Arcing High Voltage,FJ31X101J202ET,FJ,1206,X7R; ±5%; Ag/Ni/Sn; 7-inch Reeled,2000V,100 pF,,,,,,,Published
MLCC,Anti-Arcing High Voltage,FJ31X101J202EG,FJ,1206,X7R; ±5%; Ag/Ni/Sn; 13-inch Reeled,2000V,100 pF,,,,,,,Published
MLCC,Anti-Arcing High Voltage,FJ31X101K101PT,FJ,1206,X7R; ±10%; Pd/Ag; 7-inch Reeled,100V,100 pF,,,,,,,Published
MLCC,Anti-Arcing High Voltage,FJ31X101K101PG,FJ,1206,X7R; ±10%; Pd/Ag; 13-inch Reeled,100V,100 pF,,,,,,,Published
MLCC,Anti-Arcing High Voltage,FJ31X101K101ET,FJ,1206,X7R; ±10%; Ag/Ni/Sn; 7-inch Reeled,100V,100 pF,,,,,,,Published
MLCC,Anti-Arcing High Voltage,FJ31X101K101EG,FJ,1206,X7R; ±10%; Ag/Ni/Sn; 13-inch Reeled,100V,100 pF,,,,,,,Published
MLCC,Anti-Arcing High Voltage,FJ31X101K202PT,FJ,1206,X7R; ±10%; Pd/Ag; 7-inch Reeled,2000V,100 pF,,,,,,,Published
MLCC,Anti-Arcing High Voltage,FJ31X101K202PG,FJ,1206,X7R; ±10%; Pd/Ag; 13-inch Reeled,2000V,100 pF,,,,,,,Published
MLCC,Anti-Arcing High Voltage,FJ31X101K202ET,FJ,1206,X7R; ±10%; Ag/Ni/Sn; 7-inch Reeled,2000V,100 pF,,,,,,,Published
MLCC,Anti-Arcing High Voltage,FJ31X101K202EG,FJ,1206,X7R; ±10%; Ag/Ni/Sn; 13-inch Reeled,2000V,100 pF,,,,,,,Published
MLCC,Anti-Arcing High Voltage,FJ31X101M101PT,FJ,1206,X7R; ±20%; Pd/Ag; 7-inch Reeled,100V,100 pF,,,,,,,Published
MLCC,Anti-Arcing High Voltage,FJ31X101M101PG,FJ,1206,X7R; ±20%; Pd/Ag; 13-inch Reeled,100V,100 pF,,,,,,,Published
MLCC,Anti-Arcing High Voltage,FJ31X101M101ET,FJ,1206,X7R; ±20%; Ag/Ni/Sn; 7-inch Reeled,100V,100 pF,,,,,,,Published
MLCC,Anti-Arcing High Voltage,FJ31X101M101EG,FJ,1206,X7R; ±20%; Ag/Ni/Sn; 13-inch Reeled,100V,100 pF,,,,,,,Published
MLCC,Anti-Arcing High Voltage,FJ31X101M202PT,FJ,1206,X7R; ±20%; Pd/Ag; 7-inch Reeled,2000V,100 pF,,,,,,,Published
MLCC,Anti-Arcing High Voltage,FJ31X101M202PG,FJ,1206,X7R; ±20%; Pd/Ag; 13-inch Reeled,2000V,100 pF,,,,,,,Published
MLCC,Anti-Arcing High Voltage,FJ31X101M202ET,FJ,1206,X7R; ±20%; Ag/Ni/Sn; 7-inch Reeled,2000V,100 pF,,,,,,,Published
MLCC,Anti-Arcing High Voltage,FJ31X101M202EG,FJ,1206,X7R; ±20%; Ag/Ni/Sn; 13-inch Reeled,2000V,100 pF,,,,,,,Published
MLCC,Anti-Arcing High Voltage,FJ31X102J101PT,FJ,1206,X7R; ±5%; Pd/Ag; 7-inch Reeled,100V,1 nF,,,,,,,Published
MLCC,Anti-Arcing High Voltage,FJ31X102J101PG,FJ,1206,X7R; ±5%; Pd/Ag; 13-inch Reeled,100V,1 nF,,,,,,,Published
MLCC,Anti-Arcing High Voltage,FJ31X102J101ET,FJ,1206,X7R; ±5%; Ag/Ni/Sn; 7-inch Reeled,100V,1 nF,,,,,,,Published
MLCC,Anti-Arcing High Voltage,FJ31X102J101EG,FJ,1206,X7R; ±5%; Ag/Ni/Sn; 13-inch Reeled,100V,1 nF,,,,,,,Published
MLCC,Anti-Arcing High Voltage,FJ31X102J202PT,FJ,1206,X7R; ±5%; Pd/Ag; 7-inch Reeled,2000V,1 nF,,,,,,,Published
MLCC,Anti-Arcing High Voltage,FJ31X102J202PG,FJ,1206,X7R; ±5%; Pd/Ag; 13-inch Reeled,2000V,1 nF,,,,,,,Published
MLCC,Anti-Arcing High Voltage,FJ31X102J202ET,FJ,1206,X7R; ±5%; Ag/Ni/Sn; 7-inch Reeled,2000V,1 nF,,,,,,,Published
MLCC,Anti-Arcing High Voltage,FJ31X102J202EG,FJ,1206,X7R; ±5%; Ag/Ni/Sn; 13-inch Reeled,2000V,1 nF,,,,,,,Published
MLCC,Anti-Arcing High Voltage,FJ31X102K101PT,FJ,1206,X7R; ±10%; Pd/Ag; 7-inch Reeled,100V,1 nF,,,,,,,Published
MLCC,Anti-Arcing High Voltage,FJ31X102K101PG,FJ,1206,X7R; ±10%; Pd/Ag; 13-inch Reeled,100V,1 nF,,,,,,,Published
MLCC,Anti-Arcing High Voltage,FJ31X102K101ET,FJ,1206,X7R; ±10%; Ag/Ni/Sn; 7-inch Reeled,100V,1 nF,,,,,,,Published
MLCC,Anti-Arcing High Voltage,FJ31X102K101EG,FJ,1206,X7R; ±10%; Ag/Ni/Sn; 13-inch Reeled,100V,1 nF,,,,,,,Published
MLCC,Anti-Arcing High Voltage,FJ31X102K202PT,FJ,1206,X7R; ±10%; Pd/Ag; 7-inch Reeled,2000V,1 nF,,,,,,,Published
MLCC,Anti-Arcing High Voltage,FJ31X102K202PG,FJ,1206,X7R; ±10%; Pd/Ag; 13-inch Reeled,2000V,1 nF,,,,,,,Published
MLCC,Anti-Arcing High Voltage,FJ31X102K202ET,FJ,1206,X7R; ±10%; Ag/Ni/Sn; 7-inch Reeled,2000V,1 nF,,,,,,,Published
MLCC,Anti-Arcing High Voltage,FJ31X102K202EG,FJ,1206,X7R; ±10%; Ag/Ni/Sn; 13-inch Reeled,2000V,1 nF,,,,,,,Published
MLCC,Anti-Arcing High Voltage,FJ31X102M101PT,FJ,1206,X7R; ±20%; Pd/Ag; 7-inch Reeled,100V,1 nF,,,,,,,Published
MLCC,Anti-Arcing High Voltage,FJ31X102M101PG,FJ,1206,X7R; ±20%; Pd/Ag; 13-inch Reeled,100V,1 nF,,,,,,,Published
MLCC,Anti-Arcing High Voltage,FJ31X102M101ET,FJ,1206,X7R; ±20%; Ag/Ni/Sn; 7-inch Reeled,100V,1 nF,,,,,,,Published
MLCC,Anti-Arcing High Voltage,FJ31X102M101EG,FJ,1206,X7R; ±20%; Ag/Ni/Sn; 13-inch Reeled,100V,1 nF,,,,,,,Published
MLCC,Anti-Arcing High Voltage,FJ31X102M202PT,FJ,1206,X7R; ±20%; Pd/Ag; 7-inch Reeled,2000V,1 nF,,,,,,,Published
MLCC,Anti-Arcing High Voltage,FJ31X102M202PG,FJ,1206,X7R; ±20%; Pd/Ag; 13-inch Reeled,2000V,1 nF,,,,,,,Published
MLCC,Anti-Arcing High Voltage,FJ31X102M202ET,FJ,1206,X7R; ±20%; Ag/Ni/Sn; 7-inch Reeled,2000V,1 nF,,,,,,,Published
MLCC,Anti-Arcing High Voltage,FJ31X102M202EG,FJ,1206,X7R; ±20%; Ag/Ni/Sn; 13-inch Reeled,2000V,1 nF,,,,,,,Published
MLCC,Anti-Arcing High Voltage,FJ31X103J101PT,FJ,1206,X7R; ±5%; Pd/Ag; 7-inch Reeled,100V,10 nF,,,,,,,Published
MLCC,Anti-Arcing High Voltage,FJ31X103J101PG,FJ,1206,X7R; ±5%; Pd/Ag; 13-inch Reeled,100V,10 nF,,,,,,,Published
MLCC,Anti-Arcing High Voltage,FJ31X103J101ET,FJ,1206,X7R; ±5%; Ag/Ni/Sn; 7-inch Reeled,100V,10 nF,,,,,,,Published
MLCC,Anti-Arcing High Voltage,FJ31X103J101EG,FJ,1206,X7R; ±5%; Ag/Ni/Sn; 13-inch Reeled,100V,10 nF,,,,,,,Published
MLCC,Anti-Arcing High Voltage,FJ31X103J202PT,FJ,1206,X7R; ±5%; Pd/Ag; 7-inch Reeled,2000V,10 nF,,,,,,,Published
MLCC,Anti-Arcing High Voltage,FJ31X103J202PG,FJ,1206,X7R; ±5%; Pd/Ag; 13-inch Reeled,2000V,10 nF,,,,,,,Published
MLCC,Anti-Arcing High Voltage,FJ31X103J202ET,FJ,1206,X7R; ±5%; Ag/Ni/Sn; 7-inch Reeled,2000V,10 nF,,,,,,,Published
MLCC,Anti-Arcing High Voltage,FJ31X103J202EG,FJ,1206,X7R; ±5%; Ag/Ni/Sn; 13-inch Reeled,2000V,10 nF,,,,,,,Published
MLCC,Anti-Arcing High Voltage,FJ31X103K101PT,FJ,1206,X7R; ±10%; Pd/Ag; 7-inch Reeled,100V,10 nF,,,,,,,Published
MLCC,Anti-Arcing High Voltage,FJ31X103K101PG,FJ,1206,X7R; ±10%; Pd/Ag; 13-inch Reeled,100V,10 nF,,,,,,,Published
MLCC,Anti-Arcing High Voltage,FJ31X103K101ET,FJ,1206,X7R; ±10%; Ag/Ni/Sn; 7-inch Reeled,100V,10 nF,,,,,,,Published
MLCC,Anti-Arcing High Voltage,FJ31X103K101EG,FJ,1206,X7R; ±10%; Ag/Ni/Sn; 13-inch Reeled,100V,10 nF,,,,,,,Published
MLCC,Anti-Arcing High Voltage,FJ31X103K202PT,FJ,1206,X7R; ±10%; Pd/Ag; 7-inch Reeled,2000V,10 nF,,,,,,,Published
MLCC,Anti-Arcing High Voltage,FJ31X103K202PG,FJ,1206,X7R; ±10%; Pd/Ag; 13-inch Reeled,2000V,10 nF,,,,,,,Published
MLCC,Anti-Arcing High Voltage,FJ31X103K202ET,FJ,1206,X7R; ±10%; Ag/Ni/Sn; 7-inch Reeled,2000V,10 nF,,,,,,,Published
MLCC,Anti-Arcing High Voltage,FJ31X103K202EG,FJ,1206,X7R; ±10%; Ag/Ni/Sn; 13-inch Reeled,2000V,10 nF,,,,,,,Published
MLCC,Anti-Arcing High Voltage,FJ31X103M101PT,FJ,1206,X7R; ±20%; Pd/Ag; 7-inch Reeled,100V,10 nF,,,,,,,Published
MLCC,Anti-Arcing High Voltage,FJ31X103M101PG,FJ,1206,X7R; ±20%; Pd/Ag; 13-inch Reeled,100V,10 nF,,,,,,,Published
MLCC,Anti-Arcing High Voltage,FJ31X103M101ET,FJ,1206,X7R; ±20%; Ag/Ni/Sn; 7-inch Reeled,100V,10 nF,,,,,,,Published
MLCC,Anti-Arcing High Voltage,FJ31X103M101EG,FJ,1206,X7R; ±20%; Ag/Ni/Sn; 13-inch Reeled,100V,10 nF,,,,,,,Published
MLCC,Anti-Arcing High Voltage,FJ31X103M202PT,FJ,1206,X7R; ±20%; Pd/Ag; 7-inch Reeled,2000V,10 nF,,,,,,,Published
MLCC,Anti-Arcing High Voltage,FJ31X103M202PG,FJ,1206,X7R; ±20%; Pd/Ag; 13-inch Reeled,2000V,10 nF,,,,,,,Published
MLCC,Anti-Arcing High Voltage,FJ31X103M202ET,FJ,1206,X7R; ±20%; Ag/Ni/Sn; 7-inch Reeled,2000V,10 nF,,,,,,,Published
MLCC,Anti-Arcing High Voltage,FJ31X103M202EG,FJ,1206,X7R; ±20%; Ag/Ni/Sn; 13-inch Reeled,2000V,10 nF,,,,,,,Published
MLCC,Anti-Arcing High Voltage,FJ31X104J101PT,FJ,1206,X7R; ±5%; Pd/Ag; 7-inch Reeled,100V,100 nF,,,,,,,Published
MLCC,Anti-Arcing High Voltage,FJ31X104J101PG,FJ,1206,X7R; ±5%; Pd/Ag; 13-inch Reeled,100V,100 nF,,,,,,,Published
MLCC,Anti-Arcing High Voltage,FJ31X104J101ET,FJ,1206,X7R; ±5%; Ag/Ni/Sn; 7-inch Reeled,100V,100 nF,,,,,,,Published
MLCC,Anti-Arcing High Voltage,FJ31X104J101EG,FJ,1206,X7R; ±5%; Ag/Ni/Sn; 13-inch Reeled,100V,100 nF,,,,,,,Published
MLCC,Anti-Arcing High Voltage,FJ31X104J202PT,FJ,1206,X7R; ±5%; Pd/Ag; 7-inch Reeled,2000V,100 nF,,,,,,,Published
MLCC,Anti-Arcing High Voltage,FJ31X104J202PG,FJ,1206,X7R; ±5%; Pd/Ag; 13-inch Reeled,2000V,100 nF,,,,,,,Published
MLCC,Anti-Arcing High Voltage,FJ31X104J202ET,FJ,1206,X7R; ±5%; Ag/Ni/Sn; 7-inch Reeled,2000V,100 nF,,,,,,,Published
MLCC,Anti-Arcing High Voltage,FJ31X104J202EG,FJ,1206,X7R; ±5%; Ag/Ni/Sn; 13-inch Reeled,2000V,100 nF,,,,,,,Published
MLCC,Anti-Arcing High Voltage,FJ31X104K101PT,FJ,1206,X7R; ±10%; Pd/Ag; 7-inch Reeled,100V,100 nF,,,,,,,Published
MLCC,Anti-Arcing High Voltage,FJ31X104K101PG,FJ,1206,X7R; ±10%; Pd/Ag; 13-inch Reeled,100V,100 nF,,,,,,,Published
MLCC,Anti-Arcing High Voltage,FJ31X104K101ET,FJ,1206,X7R; ±10%; Ag/Ni/Sn; 7-inch Reeled,100V,100 nF,,,,,,,Published
MLCC,Anti-Arcing High Voltage,FJ31X104K101EG,FJ,1206,X7R; ±10%; Ag/Ni/Sn; 13-inch Reeled,100V,100 nF,,,,,,,Published
MLCC,Anti-Arcing High Voltage,FJ31X104K202PT,FJ,1206,X7R; ±10%; Pd/Ag; 7-inch Reeled,2000V,100 nF,,,,,,,Published
MLCC,Anti-Arcing High Voltage,FJ31X104K202PG,FJ,1206,X7R; ±10%; Pd/Ag; 13-inch Reeled,2000V,100 nF,,,,,,,Published
MLCC,Anti-Arcing High Voltage,FJ31X104K202ET,FJ,1206,X7R; ±10%; Ag/Ni/Sn; 7-inch Reeled,2000V,100 nF,,,,,,,Published
MLCC,Anti-Arcing High Voltage,FJ31X104K202EG,FJ,1206,X7R; ±10%; Ag/Ni/Sn; 13-inch Reeled,2000V,100 nF,,,,,,,Published
MLCC,Anti-Arcing High Voltage,FJ31X104M101PT,FJ,1206,X7R; ±20%; Pd/Ag; 7-inch Reeled,100V,100 nF,,,,,,,Published
MLCC,Anti-Arcing High Voltage,FJ31X104M101PG,FJ,1206,X7R; ±20%; Pd/Ag; 13-inch Reeled,100V,100 nF,,,,,,,Published
MLCC,Anti-Arcing High Voltage,FJ31X104M101ET,FJ,1206,X7R; ±20%; Ag/Ni/Sn; 7-inch Reeled,100V,100 nF,,,,,,,Published
MLCC,Anti-Arcing High Voltage,FJ31X104M101EG,FJ,1206,X7R; ±20%; Ag/Ni/Sn; 13-inch Reeled,100V,100 nF,,,,,,,Published
MLCC,Anti-Arcing High Voltage,FJ31X104M202PT,FJ,1206,X7R; ±20%; Pd/Ag; 7-inch Reeled,2000V,100 nF,,,,,,,Published
MLCC,Anti-Arcing High Voltage,FJ31X104M202PG,FJ,1206,X7R; ±20%; Pd/Ag; 13-inch Reeled,2000V,100 nF,,,,,,,Published
MLCC,Anti-Arcing High Voltage,FJ31X104M202ET,FJ,1206,X7R; ±20%; Ag/Ni/Sn; 7-inch Reeled,2000V,100 nF,,,,,,,Published
MLCC,Anti-Arcing High Voltage,FJ31X104M202EG,FJ,1206,X7R; ±20%; Ag/Ni/Sn; 13-inch Reeled,2000V,100 nF,,,,,,,Published
MLCC,Anti-Arcing High Voltage,FJ31X150J101PT,FJ,1206,X7R; ±5%; Pd/Ag; 7-inch Reeled,100V,15 pF,,,,,,,Published
MLCC,Anti-Arcing High Voltage,FJ31X150J101PG,FJ,1206,X7R; ±5%; Pd/Ag; 13-inch Reeled,100V,15 pF,,,,,,,Published
MLCC,Anti-Arcing High Voltage,FJ31X150J101ET,FJ,1206,X7R; ±5%; Ag/Ni/Sn; 7-inch Reeled,100V,15 pF,,,,,,,Published
MLCC,Anti-Arcing High Voltage,FJ31X150J101EG,FJ,1206,X7R; ±5%; Ag/Ni/Sn; 13-inch Reeled,100V,15 pF,,,,,,,Published
MLCC,Anti-Arcing High Voltage,FJ31X150J202PT,FJ,1206,X7R; ±5%; Pd/Ag; 7-inch Reeled,2000V,15 pF,,,,,,,Published
MLCC,Anti-Arcing High Voltage,FJ31X150J202PG,FJ,1206,X7R; ±5%; Pd/Ag; 13-inch Reeled,2000V,15 pF,,,,,,,Published
MLCC,Anti-Arcing High Voltage,FJ31X150J202ET,FJ,1206,X7R; ±5%; Ag/Ni/Sn; 7-inch Reeled,2000V,15 pF,,,,,,,Published
MLCC,Anti-Arcing High Voltage,FJ31X150J202EG,FJ,1206,X7R; ±5%; Ag/Ni/Sn; 13-inch Reeled,2000V,15 pF,,,,,,,Published
MLCC,Anti-Arcing High Voltage,FJ31X150K101PT,FJ,1206,X7R; ±10%; Pd/Ag; 7-inch Reeled,100V,15 pF,,,,,,,Published
MLCC,Anti-Arcing High Voltage,FJ31X150K101PG,FJ,1206,X7R; ±10%; Pd/Ag; 13-inch Reeled,100V,15 pF,,,,,,,Published
MLCC,Anti-Arcing High Voltage,FJ31X150K101ET,FJ,1206,X7R; ±10%; Ag/Ni/Sn; 7-inch Reeled,100V,15 pF,,,,,,,Published
MLCC,Anti-Arcing High Voltage,FJ31X150K101EG,FJ,1206,X7R; ±10%; Ag/Ni/Sn; 13-inch Reeled,100V,15 pF,,,,,,,Published
MLCC,Anti-Arcing High Voltage,FJ31X150K202PT,FJ,1206,X7R; ±10%; Pd/Ag; 7-inch Reeled,2000V,15 pF,,,,,,,Published
MLCC,Anti-Arcing High Voltage,FJ31X150K202PG,FJ,1206,X7R; ±10%; Pd/Ag; 13-inch Reeled,2000V,15 pF,,,,,,,Published
MLCC,Anti-Arcing High Voltage,FJ31X150K202ET,FJ,1206,X7R; ±10%; Ag/Ni/Sn; 7-inch Reeled,2000V,15 pF,,,,,,,Published
MLCC,Anti-Arcing High Voltage,FJ31X150K202EG,FJ,1206,X7R; ±10%; Ag/Ni/Sn; 13-inch Reeled,2000V,15 pF,,,,,,,Published
MLCC,Anti-Arcing High Voltage,FJ31X150M101PT,FJ,1206,X7R; ±20%; Pd/Ag; 7-inch Reeled,100V,15 pF,,,,,,,Published
MLCC,Anti-Arcing High Voltage,FJ31X150M101PG,FJ,1206,X7R; ±20%; Pd/Ag; 13-inch Reeled,100V,15 pF,,,,,,,Published
MLCC,Anti-Arcing High Voltage,FJ31X150M101ET,FJ,1206,X7R; ±20%; Ag/Ni/Sn; 7-inch Reeled,100V,15 pF,,,,,,,Published
MLCC,Anti-Arcing High Voltage,FJ31X150M101EG,FJ,1206,X7R; ±20%; Ag/Ni/Sn; 13-inch Reeled,100V,15 pF,,,,,,,Published
MLCC,Anti-Arcing High Voltage,FJ31X150M202PT,FJ,1206,X7R; ±20%; Pd/Ag; 7-inch Reeled,2000V,15 pF,,,,,,,Published
MLCC,Anti-Arcing High Voltage,FJ31X150M202PG,FJ,1206,X7R; ±20%; Pd/Ag; 13-inch Reeled,2000V,15 pF,,,,,,,Published
MLCC,Anti-Arcing High Voltage,FJ31X150M202ET,FJ,1206,X7R; ±20%; Ag/Ni/Sn; 7-inch Reeled,2000V,15 pF,,,,,,,Published
MLCC,Anti-Arcing High Voltage,FJ31X150M202EG,FJ,1206,X7R; ±20%; Ag/Ni/Sn; 13-inch Reeled,2000V,15 pF,,,,,,,Published
MLCC,Anti-Arcing High Voltage,FJ31X151J101PT,FJ,1206,X7R; ±5%; Pd/Ag; 7-inch Reeled,100V,150 pF,,,,,,,Published
MLCC,Anti-Arcing High Voltage,FJ31X151J101PG,FJ,1206,X7R; ±5%; Pd/Ag; 13-inch Reeled,100V,150 pF,,,,,,,Published
MLCC,Anti-Arcing High Voltage,FJ31X151J101ET,FJ,1206,X7R; ±5%; Ag/Ni/Sn; 7-inch Reeled,100V,150 pF,,,,,,,Published
MLCC,Anti-Arcing High Voltage,FJ31X151J101EG,FJ,1206,X7R; ±5%; Ag/Ni/Sn; 13-inch Reeled,100V,150 pF,,,,,,,Published
MLCC,Anti-Arcing High Voltage,FJ31X151J202PT,FJ,1206,X7R; ±5%; Pd/Ag; 7-inch Reeled,2000V,150 pF,,,,,,,Published
MLCC,Anti-Arcing High Voltage,FJ31X151J202PG,FJ,1206,X7R; ±5%; Pd/Ag; 13-inch Reeled,2000V,150 pF,,,,,,,Published
MLCC,Anti-Arcing High Voltage,FJ31X151J202ET,FJ,1206,X7R; ±5%; Ag/Ni/Sn; 7-inch Reeled,2000V,150 pF,,,,,,,Published
MLCC,Anti-Arcing High Voltage,FJ31X151J202EG,FJ,1206,X7R; ±5%; Ag/Ni/Sn; 13-inch Reeled,2000V,150 pF,,,,,,,Published
MLCC,Anti-Arcing High Voltage,FJ31X151K101PT,FJ,1206,X7R; ±10%; Pd/Ag; 7-inch Reeled,100V,150 pF,,,,,,,Published
MLCC,Anti-Arcing High Voltage,FJ31X151K101PG,FJ,1206,X7R; ±10%; Pd/Ag; 13-inch Reeled,100V,150 pF,,,,,,,Published
MLCC,Anti-Arcing High Voltage,FJ31X151K101ET,FJ,1206,X7R; ±10%; Ag/Ni/Sn; 7-inch Reeled,100V,150 pF,,,,,,,Published
MLCC,Anti-Arcing High Voltage,FJ31X151K101EG,FJ,1206,X7R; ±10%; Ag/Ni/Sn; 13-inch Reeled,100V,150 pF,,,,,,,Published
MLCC,Anti-Arcing High Voltage,FJ31X151K202PT,FJ,1206,X7R; ±10%; Pd/Ag; 7-inch Reeled,2000V,150 pF,,,,,,,Published
MLCC,Anti-Arcing High Voltage,FJ31X151K202PG,FJ,1206,X7R; ±10%; Pd/Ag; 13-inch Reeled,2000V,150 pF,,,,,,,Published
MLCC,Anti-Arcing High Voltage,FJ31X151K202ET,FJ,1206,X7R; ±10%; Ag/Ni/Sn; 7-inch Reeled,2000V,150 pF,,,,,,,Published
MLCC,Anti-Arcing High Voltage,FJ31X151K202EG,FJ,1206,X7R; ±10%; Ag/Ni/Sn; 13-inch Reeled,2000V,150 pF,,,,,,,Published
MLCC,Anti-Arcing High Voltage,FJ31X151M101PT,FJ,1206,X7R; ±20%; Pd/Ag; 7-inch Reeled,100V,150 pF,,,,,,,Published
MLCC,Anti-Arcing High Voltage,FJ31X151M101PG,FJ,1206,X7R; ±20%; Pd/Ag; 13-inch Reeled,100V,150 pF,,,,,,,Published
MLCC,Anti-Arcing High Voltage,FJ31X151M101ET,FJ,1206,X7R; ±20%; Ag/Ni/Sn; 7-inch Reeled,100V,150 pF,,,,,,,Published
MLCC,Anti-Arcing High Voltage,FJ31X151M101EG,FJ,1206,X7R; ±20%; Ag/Ni/Sn; 13-inch Reeled,100V,150 pF,,,,,,,Published
MLCC,Anti-Arcing High Voltage,FJ31X151M202PT,FJ,1206,X7R; ±20%; Pd/Ag; 7-inch Reeled,2000V,150 pF,,,,,,,Published
MLCC,Anti-Arcing High Voltage,FJ31X151M202PG,FJ,1206,X7R; ±20%; Pd/Ag; 13-inch Reeled,2000V,150 pF,,,,,,,Published
MLCC,Anti-Arcing High Voltage,FJ31X151M202ET,FJ,1206,X7R; ±20%; Ag/Ni/Sn; 7-inch Reeled,2000V,150 pF,,,,,,,Published
MLCC,Anti-Arcing High Voltage,FJ31X151M202EG,FJ,1206,X7R; ±20%; Ag/Ni/Sn; 13-inch Reeled,2000V,150 pF,,,,,,,Published
MLCC,Anti-Arcing High Voltage,FJ31X152J101PT,FJ,1206,X7R; ±5%; Pd/Ag; 7-inch Reeled,100V,1.5 nF,,,,,,,Published
MLCC,Anti-Arcing High Voltage,FJ31X152J101PG,FJ,1206,X7R; ±5%; Pd/Ag; 13-inch Reeled,100V,1.5 nF,,,,,,,Published
MLCC,Anti-Arcing High Voltage,FJ31X152J101ET,FJ,1206,X7R; ±5%; Ag/Ni/Sn; 7-inch Reeled,100V,1.5 nF,,,,,,,Published
MLCC,Anti-Arcing High Voltage,FJ31X152J101EG,FJ,1206,X7R; ±5%; Ag/Ni/Sn; 13-inch Reeled,100V,1.5 nF,,,,,,,Published
MLCC,Anti-Arcing High Voltage,FJ31X152J202PT,FJ,1206,X7R; ±5%; Pd/Ag; 7-inch Reeled,2000V,1.5 nF,,,,,,,Published
MLCC,Anti-Arcing High Voltage,FJ31X152J202PG,FJ,1206,X7R; ±5%; Pd/Ag; 13-inch Reeled,2000V,1.5 nF,,,,,,,Published
MLCC,Anti-Arcing High Voltage,FJ31X152J202ET,FJ,1206,X7R; ±5%; Ag/Ni/Sn; 7-inch Reeled,2000V,1.5 nF,,,,,,,Published
MLCC,Anti-Arcing High Voltage,FJ31X152J202EG,FJ,1206,X7R; ±5%; Ag/Ni/Sn; 13-inch Reeled,2000V,1.5 nF,,,,,,,Published
MLCC,Anti-Arcing High Voltage,FJ31X152K101PT,FJ,1206,X7R; ±10%; Pd/Ag; 7-inch Reeled,100V,1.5 nF,,,,,,,Published
MLCC,Anti-Arcing High Voltage,FJ31X152K101PG,FJ,1206,X7R; ±10%; Pd/Ag; 13-inch Reeled,100V,1.5 nF,,,,,,,Published
MLCC,Anti-Arcing High Voltage,FJ31X152K101ET,FJ,1206,X7R; ±10%; Ag/Ni/Sn; 7-inch Reeled,100V,1.5 nF,,,,,,,Published
MLCC,Anti-Arcing High Voltage,FJ31X152K101EG,FJ,1206,X7R; ±10%; Ag/Ni/Sn; 13-inch Reeled,100V,1.5 nF,,,,,,,Published
MLCC,Anti-Arcing High Voltage,FJ31X152K202PT,FJ,1206,X7R; ±10%; Pd/Ag; 7-inch Reeled,2000V,1.5 nF,,,,,,,Published
MLCC,Anti-Arcing High Voltage,FJ31X152K202PG,FJ,1206,X7R; ±10%; Pd/Ag; 13-inch Reeled,2000V,1.5 nF,,,,,,,Published
MLCC,Anti-Arcing High Voltage,FJ31X152K202ET,FJ,1206,X7R; ±10%; Ag/Ni/Sn; 7-inch Reeled,2000V,1.5 nF,,,,,,,Published
MLCC,Anti-Arcing High Voltage,FJ31X152K202EG,FJ,1206,X7R; ±10%; Ag/Ni/Sn; 13-inch Reeled,2000V,1.5 nF,,,,,,,Published
MLCC,Anti-Arcing High Voltage,FJ31X152M101PT,FJ,1206,X7R; ±20%; Pd/Ag; 7-inch Reeled,100V,1.5 nF,,,,,,,Published
MLCC,Anti-Arcing High Voltage,FJ31X152M101PG,FJ,1206,X7R; ±20%; Pd/Ag; 13-inch Reeled,100V,1.5 nF,,,,,,,Published
MLCC,Anti-Arcing High Voltage,FJ31X152M101ET,FJ,1206,X7R; ±20%; Ag/Ni/Sn; 7-inch Reeled,100V,1.5 nF,,,,,,,Published
MLCC,Anti-Arcing High Voltage,FJ31X152M101EG,FJ,1206,X7R; ±20%; Ag/Ni/Sn; 13-inch Reeled,100V,1.5 nF,,,,,,,Published
MLCC,Anti-Arcing High Voltage,FJ31X152M202PT,FJ,1206,X7R; ±20%; Pd/Ag; 7-inch Reeled,2000V,1.5 nF,,,,,,,Published
MLCC,Anti-Arcing High Voltage,FJ31X152M202PG,FJ,1206,X7R; ±20%; Pd/Ag; 13-inch Reeled,2000V,1.5 nF,,,,,,,Published
MLCC,Anti-Arcing High Voltage,FJ31X152M202ET,FJ,1206,X7R; ±20%; Ag/Ni/Sn; 7-inch Reeled,2000V,1.5 nF,,,,,,,Published
MLCC,Anti-Arcing High Voltage,FJ31X152M202EG,FJ,1206,X7R; ±20%; Ag/Ni/Sn; 13-inch Reeled,2000V,1.5 nF,,,,,,,Published
MLCC,Anti-Arcing High Voltage,FJ31X153J101PT,FJ,1206,X7R; ±5%; Pd/Ag; 7-inch Reeled,100V,15 nF,,,,,,,Published
MLCC,Anti-Arcing High Voltage,FJ31X153J101PG,FJ,1206,X7R; ±5%; Pd/Ag; 13-inch Reeled,100V,15 nF,,,,,,,Published
MLCC,Anti-Arcing High Voltage,FJ31X153J101ET,FJ,1206,X7R; ±5%; Ag/Ni/Sn; 7-inch Reeled,100V,15 nF,,,,,,,Published
MLCC,Anti-Arcing High Voltage,FJ31X153J101EG,FJ,1206,X7R; ±5%; Ag/Ni/Sn; 13-inch Reeled,100V,15 nF,,,,,,,Published
MLCC,Anti-Arcing High Voltage,FJ31X153J202PT,FJ,1206,X7R; ±5%; Pd/Ag; 7-inch Reeled,2000V,15 nF,,,,,,,Published
MLCC,Anti-Arcing High Voltage,FJ31X153J202PG,FJ,1206,X7R; ±5%; Pd/Ag; 13-inch Reeled,2000V,15 nF,,,,,,,Published
MLCC,Anti-Arcing High Voltage,FJ31X153J202ET,FJ,1206,X7R; ±5%; Ag/Ni/Sn; 7-inch Reeled,2000V,15 nF,,,,,,,Published
MLCC,Anti-Arcing High Voltage,FJ31X153J202EG,FJ,1206,X7R; ±5%; Ag/Ni/Sn; 13-inch Reeled,2000V,15 nF,,,,,,,Published
MLCC,Anti-Arcing High Voltage,FJ31X153K101PT,FJ,1206,X7R; ±10%; Pd/Ag; 7-inch Reeled,100V,15 nF,,,,,,,Published
MLCC,Anti-Arcing High Voltage,FJ31X153K101PG,FJ,1206,X7R; ±10%; Pd/Ag; 13-inch Reeled,100V,15 nF,,,,,,,Published
MLCC,Anti-Arcing High Voltage,FJ31X153K101ET,FJ,1206,X7R; ±10%; Ag/Ni/Sn; 7-inch Reeled,100V,15 nF,,,,,,,Published
MLCC,Anti-Arcing High Voltage,FJ31X153K101EG,FJ,1206,X7R; ±10%; Ag/Ni/Sn; 13-inch Reeled,100V,15 nF,,,,,,,Published
MLCC,Anti-Arcing High Voltage,FJ31X153K202PT,FJ,1206,X7R; ±10%; Pd/Ag; 7-inch Reeled,2000V,15 nF,,,,,,,Published
MLCC,Anti-Arcing High Voltage,FJ31X153K202PG,FJ,1206,X7R; ±10%; Pd/Ag; 13-inch Reeled,2000V,15 nF,,,,,,,Published
MLCC,Anti-Arcing High Voltage,FJ31X153K202ET,FJ,1206,X7R; ±10%; Ag/Ni/Sn; 7-inch Reeled,2000V,15 nF,,,,,,,Published
MLCC,Anti-Arcing High Voltage,FJ31X153K202EG,FJ,1206,X7R; ±10%; Ag/Ni/Sn; 13-inch Reeled,2000V,15 nF,,,,,,,Published
MLCC,Anti-Arcing High Voltage,FJ31X153M101PT,FJ,1206,X7R; ±20%; Pd/Ag; 7-inch Reeled,100V,15 nF,,,,,,,Published
MLCC,Anti-Arcing High Voltage,FJ31X153M101PG,FJ,1206,X7R; ±20%; Pd/Ag; 13-inch Reeled,100V,15 nF,,,,,,,Published
MLCC,Anti-Arcing High Voltage,FJ31X153M101ET,FJ,1206,X7R; ±20%; Ag/Ni/Sn; 7-inch Reeled,100V,15 nF,,,,,,,Published
MLCC,Anti-Arcing High Voltage,FJ31X153M101EG,FJ,1206,X7R; ±20%; Ag/Ni/Sn; 13-inch Reeled,100V,15 nF,,,,,,,Published
MLCC,Anti-Arcing High Voltage,FJ31X153M202PT,FJ,1206,X7R; ±20%; Pd/Ag; 7-inch Reeled,2000V,15 nF,,,,,,,Published
MLCC,Anti-Arcing High Voltage,FJ31X153M202PG,FJ,1206,X7R; ±20%; Pd/Ag; 13-inch Reeled,2000V,15 nF,,,,,,,Published
MLCC,Anti-Arcing High Voltage,FJ31X153M202ET,FJ,1206,X7R; ±20%; Ag/Ni/Sn; 7-inch Reeled,2000V,15 nF,,,,,,,Published
MLCC,Anti-Arcing High Voltage,FJ31X153M202EG,FJ,1206,X7R; ±20%; Ag/Ni/Sn; 13-inch Reeled,2000V,15 nF,,,,,,,Published
MLCC,Anti-Arcing High Voltage,FJ31X154J101PT,FJ,1206,X7R; ±5%; Pd/Ag; 7-inch Reeled,100V,150 nF,,,,,,,Published
MLCC,Anti-Arcing High Voltage,FJ31X154J101PG,FJ,1206,X7R; ±5%; Pd/Ag; 13-inch Reeled,100V,150 nF,,,,,,,Published
MLCC,Anti-Arcing High Voltage,FJ31X154J101ET,FJ,1206,X7R; ±5%; Ag/Ni/Sn; 7-inch Reeled,100V,150 nF,,,,,,,Published
MLCC,Anti-Arcing High Voltage,FJ31X154J101EG,FJ,1206,X7R; ±5%; Ag/Ni/Sn; 13-inch Reeled,100V,150 nF,,,,,,,Published
MLCC,Anti-Arcing High Voltage,FJ31X154J202PT,FJ,1206,X7R; ±5%; Pd/Ag; 7-inch Reeled,2000V,150 nF,,,,,,,Published
MLCC,Anti-Arcing High Voltage,FJ31X154J202PG,FJ,1206,X7R; ±5%; Pd/Ag; 13-inch Reeled,2000V,150 nF,,,,,,,Published
MLCC,Anti-Arcing High Voltage,FJ31X154J202ET,FJ,1206,X7R; ±5%; Ag/Ni/Sn; 7-inch Reeled,2000V,150 nF,,,,,,,Published
MLCC,Anti-Arcing High Voltage,FJ31X154J202EG,FJ,1206,X7R; ±5%; Ag/Ni/Sn; 13-inch Reeled,2000V,150 nF,,,,,,,Published
MLCC,Anti-Arcing High Voltage,FJ31X154K101PT,FJ,1206,X7R; ±10%; Pd/Ag; 7-inch Reeled,100V,150 nF,,,,,,,Published
MLCC,Anti-Arcing High Voltage,FJ31X154K101PG,FJ,1206,X7R; ±10%; Pd/Ag; 13-inch Reeled,100V,150 nF,,,,,,,Published
MLCC,Anti-Arcing High Voltage,FJ31X154K101ET,FJ,1206,X7R; ±10%; Ag/Ni/Sn; 7-inch Reeled,100V,150 nF,,,,,,,Published
MLCC,Anti-Arcing High Voltage,FJ31X154K101EG,FJ,1206,X7R; ±10%; Ag/Ni/Sn; 13-inch Reeled,100V,150 nF,,,,,,,Published
MLCC,Anti-Arcing High Voltage,FJ31X154K202PT,FJ,1206,X7R; ±10%; Pd/Ag; 7-inch Reeled,2000V,150 nF,,,,,,,Published
MLCC,Anti-Arcing High Voltage,FJ31X154K202PG,FJ,1206,X7R; ±10%; Pd/Ag; 13-inch Reeled,2000V,150 nF,,,,,,,Published
MLCC,Anti-Arcing High Voltage,FJ31X154K202ET,FJ,1206,X7R; ±10%; Ag/Ni/Sn; 7-inch Reeled,2000V,150 nF,,,,,,,Published
MLCC,Anti-Arcing High Voltage,FJ31X154K202EG,FJ,1206,X7R; ±10%; Ag/Ni/Sn; 13-inch Reeled,2000V,150 nF,,,,,,,Published
MLCC,Anti-Arcing High Voltage,FJ31X154M101PT,FJ,1206,X7R; ±20%; Pd/Ag; 7-inch Reeled,100V,150 nF,,,,,,,Published
MLCC,Anti-Arcing High Voltage,FJ31X154M101PG,FJ,1206,X7R; ±20%; Pd/Ag; 13-inch Reeled,100V,150 nF,,,,,,,Published
MLCC,Anti-Arcing High Voltage,FJ31X154M101ET,FJ,1206,X7R; ±20%; Ag/Ni/Sn; 7-inch Reeled,100V,150 nF,,,,,,,Published
MLCC,Anti-Arcing High Voltage,FJ31X154M101EG,FJ,1206,X7R; ±20%; Ag/Ni/Sn; 13-inch Reeled,100V,150 nF,,,,,,,Published
MLCC,Anti-Arcing High Voltage,FJ31X154M202PT,FJ,1206,X7R; ±20%; Pd/Ag; 7-inch Reeled,2000V,150 nF,,,,,,,Published
MLCC,Anti-Arcing High Voltage,FJ31X154M202PG,FJ,1206,X7R; ±20%; Pd/Ag; 13-inch Reeled,2000V,150 nF,,,,,,,Published
MLCC,Anti-Arcing High Voltage,FJ31X154M202ET,FJ,1206,X7R; ±20%; Ag/Ni/Sn; 7-inch Reeled,2000V,150 nF,,,,,,,Published
MLCC,Anti-Arcing High Voltage,FJ31X154M202EG,FJ,1206,X7R; ±20%; Ag/Ni/Sn; 13-inch Reeled,2000V,150 nF,,,,,,,Published
MLCC,Anti-Arcing High Voltage,FJ31X220J101PT,FJ,1206,X7R; ±5%; Pd/Ag; 7-inch Reeled,100V,22 pF,,,,,,,Published
MLCC,Anti-Arcing High Voltage,FJ31X220J101PG,FJ,1206,X7R; ±5%; Pd/Ag; 13-inch Reeled,100V,22 pF,,,,,,,Published
MLCC,Anti-Arcing High Voltage,FJ31X220J101ET,FJ,1206,X7R; ±5%; Ag/Ni/Sn; 7-inch Reeled,100V,22 pF,,,,,,,Published
MLCC,Anti-Arcing High Voltage,FJ31X220J101EG,FJ,1206,X7R; ±5%; Ag/Ni/Sn; 13-inch Reeled,100V,22 pF,,,,,,,Published
MLCC,Anti-Arcing High Voltage,FJ31X220J202PT,FJ,1206,X7R; ±5%; Pd/Ag; 7-inch Reeled,2000V,22 pF,,,,,,,Published
MLCC,Anti-Arcing High Voltage,FJ31X220J202PG,FJ,1206,X7R; ±5%; Pd/Ag; 13-inch Reeled,2000V,22 pF,,,,,,,Published
MLCC,Anti-Arcing High Voltage,FJ31X220J202ET,FJ,1206,X7R; ±5%; Ag/Ni/Sn; 7-inch Reeled,2000V,22 pF,,,,,,,Published
MLCC,Anti-Arcing High Voltage,FJ31X220J202EG,FJ,1206,X7R; ±5%; Ag/Ni/Sn; 13-inch Reeled,2000V,22 pF,,,,,,,Published
MLCC,Anti-Arcing High Voltage,FJ31X220K101PT,FJ,1206,X7R; ±10%; Pd/Ag; 7-inch Reeled,100V,22 pF,,,,,,,Published
MLCC,Anti-Arcing High Voltage,FJ31X220K101PG,FJ,1206,X7R; ±10%; Pd/Ag; 13-inch Reeled,100V,22 pF,,,,,,,Published
MLCC,Anti-Arcing High Voltage,FJ31X220K101ET,FJ,1206,X7R; ±10%; Ag/Ni/Sn; 7-inch Reeled,100V,22 pF,,,,,,,Published
MLCC,Anti-Arcing High Voltage,FJ31X220K101EG,FJ,1206,X7R; ±10%; Ag/Ni/Sn; 13-inch Reeled,100V,22 pF,,,,,,,Published
MLCC,Anti-Arcing High Voltage,FJ31X220K202PT,FJ,1206,X7R; ±10%; Pd/Ag; 7-inch Reeled,2000V,22 pF,,,,,,,Published
MLCC,Anti-Arcing High Voltage,FJ31X220K202PG,FJ,1206,X7R; ±10%; Pd/Ag; 13-inch Reeled,2000V,22 pF,,,,,,,Published
MLCC,Anti-Arcing High Voltage,FJ31X220K202ET,FJ,1206,X7R; ±10%; Ag/Ni/Sn; 7-inch Reeled,2000V,22 pF,,,,,,,Published
MLCC,Anti-Arcing High Voltage,FJ31X220K202EG,FJ,1206,X7R; ±10%; Ag/Ni/Sn; 13-inch Reeled,2000V,22 pF,,,,,,,Published
MLCC,Anti-Arcing High Voltage,FJ31X220M101PT,FJ,1206,X7R; ±20%; Pd/Ag; 7-inch Reeled,100V,22 pF,,,,,,,Published
MLCC,Anti-Arcing High Voltage,FJ31X220M101PG,FJ,1206,X7R; ±20%; Pd/Ag; 13-inch Reeled,100V,22 pF,,,,,,,Published
MLCC,Anti-Arcing High Voltage,FJ31X220M101ET,FJ,1206,X7R; ±20%; Ag/Ni/Sn; 7-inch Reeled,100V,22 pF,,,,,,,Published
MLCC,Anti-Arcing High Voltage,FJ31X220M101EG,FJ,1206,X7R; ±20%; Ag/Ni/Sn; 13-inch Reeled,100V,22 pF,,,,,,,Published
MLCC,Anti-Arcing High Voltage,FJ31X220M202PT,FJ,1206,X7R; ±20%; Pd/Ag; 7-inch Reeled,2000V,22 pF,,,,,,,Published
MLCC,Anti-Arcing High Voltage,FJ31X220M202PG,FJ,1206,X7R; ±20%; Pd/Ag; 13-inch Reeled,2000V,22 pF,,,,,,,Published
MLCC,Anti-Arcing High Voltage,FJ31X220M202ET,FJ,1206,X7R; ±20%; Ag/Ni/Sn; 7-inch Reeled,2000V,22 pF,,,,,,,Published
MLCC,Anti-Arcing High Voltage,FJ31X220M202EG,FJ,1206,X7R; ±20%; Ag/Ni/Sn; 13-inch Reeled,2000V,22 pF,,,,,,,Published
MLCC,Anti-Arcing High Voltage,FJ31X221J101PT,FJ,1206,X7R; ±5%; Pd/Ag; 7-inch Reeled,100V,220 pF,,,,,,,Published
MLCC,Anti-Arcing High Voltage,FJ31X221J101PG,FJ,1206,X7R; ±5%; Pd/Ag; 13-inch Reeled,100V,220 pF,,,,,,,Published
MLCC,Anti-Arcing High Voltage,FJ31X221J101ET,FJ,1206,X7R; ±5%; Ag/Ni/Sn; 7-inch Reeled,100V,220 pF,,,,,,,Published
MLCC,Anti-Arcing High Voltage,FJ31X221J101EG,FJ,1206,X7R; ±5%; Ag/Ni/Sn; 13-inch Reeled,100V,220 pF,,,,,,,Published
MLCC,Anti-Arcing High Voltage,FJ31X221J202PT,FJ,1206,X7R; ±5%; Pd/Ag; 7-inch Reeled,2000V,220 pF,,,,,,,Published
MLCC,Anti-Arcing High Voltage,FJ31X221J202PG,FJ,1206,X7R; ±5%; Pd/Ag; 13-inch Reeled,2000V,220 pF,,,,,,,Published
MLCC,Anti-Arcing High Voltage,FJ31X221J202ET,FJ,1206,X7R; ±5%; Ag/Ni/Sn; 7-inch Reeled,2000V,220 pF,,,,,,,Published
MLCC,Anti-Arcing High Voltage,FJ31X221J202EG,FJ,1206,X7R; ±5%; Ag/Ni/Sn; 13-inch Reeled,2000V,220 pF,,,,,,,Published
MLCC,Anti-Arcing High Voltage,FJ31X221K101PT,FJ,1206,X7R; ±10%; Pd/Ag; 7-inch Reeled,100V,220 pF,,,,,,,Published
MLCC,Anti-Arcing High Voltage,FJ31X221K101PG,FJ,1206,X7R; ±10%; Pd/Ag; 13-inch Reeled,100V,220 pF,,,,,,,Published
MLCC,Anti-Arcing High Voltage,FJ31X221K101ET,FJ,1206,X7R; ±10%; Ag/Ni/Sn; 7-inch Reeled,100V,220 pF,,,,,,,Published
MLCC,Anti-Arcing High Voltage,FJ31X221K101EG,FJ,1206,X7R; ±10%; Ag/Ni/Sn; 13-inch Reeled,100V,220 pF,,,,,,,Published
MLCC,Anti-Arcing High Voltage,FJ31X221K202PT,FJ,1206,X7R; ±10%; Pd/Ag; 7-inch Reeled,2000V,220 pF,,,,,,,Published
MLCC,Anti-Arcing High Voltage,FJ31X221K202PG,FJ,1206,X7R; ±10%; Pd/Ag; 13-inch Reeled,2000V,220 pF,,,,,,,Published
MLCC,Anti-Arcing High Voltage,FJ31X221K202ET,FJ,1206,X7R; ±10%; Ag/Ni/Sn; 7-inch Reeled,2000V,220 pF,,,,,,,Published
MLCC,Anti-Arcing High Voltage,FJ31X221K202EG,FJ,1206,X7R; ±10%; Ag/Ni/Sn; 13-inch Reeled,2000V,220 pF,,,,,,,Published
MLCC,Anti-Arcing High Voltage,FJ31X221M101PT,FJ,1206,X7R; ±20%; Pd/Ag; 7-inch Reeled,100V,220 pF,,,,,,,Published
MLCC,Anti-Arcing High Voltage,FJ31X221M101PG,FJ,1206,X7R; ±20%; Pd/Ag; 13-inch Reeled,100V,220 pF,,,,,,,Published
MLCC,Anti-Arcing High Voltage,FJ31X221M101ET,FJ,1206,X7R; ±20%; Ag/Ni/Sn; 7-inch Reeled,100V,220 pF,,,,,,,Published
MLCC,Anti-Arcing High Voltage,FJ31X221M101EG,FJ,1206,X7R; ±20%; Ag/Ni/Sn; 13-inch Reeled,100V,220 pF,,,,,,,Published
MLCC,Anti-Arcing High Voltage,FJ31X221M202PT,FJ,1206,X7R; ±20%; Pd/Ag; 7-inch Reeled,2000V,220 pF,,,,,,,Published
MLCC,Anti-Arcing High Voltage,FJ31X221M202PG,FJ,1206,X7R; ±20%; Pd/Ag; 13-inch Reeled,2000V,220 pF,,,,,,,Published
MLCC,Anti-Arcing High Voltage,FJ31X221M202ET,FJ,1206,X7R; ±20%; Ag/Ni/Sn; 7-inch Reeled,2000V,220 pF,,,,,,,Published
MLCC,Anti-Arcing High Voltage,FJ31X221M202EG,FJ,1206,X7R; ±20%; Ag/Ni/Sn; 13-inch Reeled,2000V,220 pF,,,,,,,Published
MLCC,Anti-Arcing High Voltage,FJ31X222J101PT,FJ,1206,X7R; ±5%; Pd/Ag; 7-inch Reeled,100V,2.2 nF,,,,,,,Published
MLCC,Anti-Arcing High Voltage,FJ31X222J101PG,FJ,1206,X7R; ±5%; Pd/Ag; 13-inch Reeled,100V,2.2 nF,,,,,,,Published
MLCC,Anti-Arcing High Voltage,FJ31X222J101ET,FJ,1206,X7R; ±5%; Ag/Ni/Sn; 7-inch Reeled,100V,2.2 nF,,,,,,,Published
MLCC,Anti-Arcing High Voltage,FJ31X222J101EG,FJ,1206,X7R; ±5%; Ag/Ni/Sn; 13-inch Reeled,100V,2.2 nF,,,,,,,Published
MLCC,Anti-Arcing High Voltage,FJ31X222J202PT,FJ,1206,X7R; ±5%; Pd/Ag; 7-inch Reeled,2000V,2.2 nF,,,,,,,Published
MLCC,Anti-Arcing High Voltage,FJ31X222J202PG,FJ,1206,X7R; ±5%; Pd/Ag; 13-inch Reeled,2000V,2.2 nF,,,,,,,Published
MLCC,Anti-Arcing High Voltage,FJ31X222J202ET,FJ,1206,X7R; ±5%; Ag/Ni/Sn; 7-inch Reeled,2000V,2.2 nF,,,,,,,Published
MLCC,Anti-Arcing High Voltage,FJ31X222J202EG,FJ,1206,X7R; ±5%; Ag/Ni/Sn; 13-inch Reeled,2000V,2.2 nF,,,,,,,Published
MLCC,Anti-Arcing High Voltage,FJ31X222K101PT,FJ,1206,X7R; ±10%; Pd/Ag; 7-inch Reeled,100V,2.2 nF,,,,,,,Published
MLCC,Anti-Arcing High Voltage,FJ31X222K101PG,FJ,1206,X7R; ±10%; Pd/Ag; 13-inch Reeled,100V,2.2 nF,,,,,,,Published
MLCC,Anti-Arcing High Voltage,FJ31X222K101ET,FJ,1206,X7R; ±10%; Ag/Ni/Sn; 7-inch Reeled,100V,2.2 nF,,,,,,,Published
MLCC,Anti-Arcing High Voltage,FJ31X222K101EG,FJ,1206,X7R; ±10%; Ag/Ni/Sn; 13-inch Reeled,100V,2.2 nF,,,,,,,Published
MLCC,Anti-Arcing High Voltage,FJ31X222K202PT,FJ,1206,X7R; ±10%; Pd/Ag; 7-inch Reeled,2000V,2.2 nF,,,,,,,Published
MLCC,Anti-Arcing High Voltage,FJ31X222K202PG,FJ,1206,X7R; ±10%; Pd/Ag; 13-inch Reeled,2000V,2.2 nF,,,,,,,Published
MLCC,Anti-Arcing High Voltage,FJ31X222K202ET,FJ,1206,X7R; ±10%; Ag/Ni/Sn; 7-inch Reeled,2000V,2.2 nF,,,,,,,Published
MLCC,Anti-Arcing High Voltage,FJ31X222K202EG,FJ,1206,X7R; ±10%; Ag/Ni/Sn; 13-inch Reeled,2000V,2.2 nF,,,,,,,Published
MLCC,Anti-Arcing High Voltage,FJ31X222M101PT,FJ,1206,X7R; ±20%; Pd/Ag; 7-inch Reeled,100V,2.2 nF,,,,,,,Published
MLCC,Anti-Arcing High Voltage,FJ31X222M101PG,FJ,1206,X7R; ±20%; Pd/Ag; 13-inch Reeled,100V,2.2 nF,,,,,,,Published
MLCC,Anti-Arcing High Voltage,FJ31X222M101ET,FJ,1206,X7R; ±20%; Ag/Ni/Sn; 7-inch Reeled,100V,2.2 nF,,,,,,,Published
MLCC,Anti-Arcing High Voltage,FJ31X222M101EG,FJ,1206,X7R; ±20%; Ag/Ni/Sn; 13-inch Reeled,100V,2.2 nF,,,,,,,Published
MLCC,Anti-Arcing High Voltage,FJ31X222M202PT,FJ,1206,X7R; ±20%; Pd/Ag; 7-inch Reeled,2000V,2.2 nF,,,,,,,Published
MLCC,Anti-Arcing High Voltage,FJ31X222M202PG,FJ,1206,X7R; ±20%; Pd/Ag; 13-inch Reeled,2000V,2.2 nF,,,,,,,Published
MLCC,Anti-Arcing High Voltage,FJ31X222M202ET,FJ,1206,X7R; ±20%; Ag/Ni/Sn; 7-inch Reeled,2000V,2.2 nF,,,,,,,Published
MLCC,Anti-Arcing High Voltage,FJ31X222M202EG,FJ,1206,X7R; ±20%; Ag/Ni/Sn; 13-inch Reeled,2000V,2.2 nF,,,,,,,Published
MLCC,Anti-Arcing High Voltage,FJ31X223J101PT,FJ,1206,X7R; ±5%; Pd/Ag; 7-inch Reeled,100V,22 nF,,,,,,,Published
MLCC,Anti-Arcing High Voltage,FJ31X223J101PG,FJ,1206,X7R; ±5%; Pd/Ag; 13-inch Reeled,100V,22 nF,,,,,,,Published
MLCC,Anti-Arcing High Voltage,FJ31X223J101ET,FJ,1206,X7R; ±5%; Ag/Ni/Sn; 7-inch Reeled,100V,22 nF,,,,,,,Published
MLCC,Anti-Arcing High Voltage,FJ31X223J101EG,FJ,1206,X7R; ±5%; Ag/Ni/Sn; 13-inch Reeled,100V,22 nF,,,,,,,Published
MLCC,Anti-Arcing High Voltage,FJ31X223J202PT,FJ,1206,X7R; ±5%; Pd/Ag; 7-inch Reeled,2000V,22 nF,,,,,,,Published
MLCC,Anti-Arcing High Voltage,FJ31X223J202PG,FJ,1206,X7R; ±5%; Pd/Ag; 13-inch Reeled,2000V,22 nF,,,,,,,Published
MLCC,Anti-Arcing High Voltage,FJ31X223J202ET,FJ,1206,X7R; ±5%; Ag/Ni/Sn; 7-inch Reeled,2000V,22 nF,,,,,,,Published
MLCC,Anti-Arcing High Voltage,FJ31X223J202EG,FJ,1206,X7R; ±5%; Ag/Ni/Sn; 13-inch Reeled,2000V,22 nF,,,,,,,Published
MLCC,Anti-Arcing High Voltage,FJ31X223K101PT,FJ,1206,X7R; ±10%; Pd/Ag; 7-inch Reeled,100V,22 nF,,,,,,,Published
MLCC,Anti-Arcing High Voltage,FJ31X223K101PG,FJ,1206,X7R; ±10%; Pd/Ag; 13-inch Reeled,100V,22 nF,,,,,,,Published
MLCC,Anti-Arcing High Voltage,FJ31X223K101ET,FJ,1206,X7R; ±10%; Ag/Ni/Sn; 7-inch Reeled,100V,22 nF,,,,,,,Published
MLCC,Anti-Arcing High Voltage,FJ31X223K101EG,FJ,1206,X7R; ±10%; Ag/Ni/Sn; 13-inch Reeled,100V,22 nF,,,,,,,Published
MLCC,Anti-Arcing High Voltage,FJ31X223K202PT,FJ,1206,X7R; ±10%; Pd/Ag; 7-inch Reeled,2000V,22 nF,,,,,,,Published
MLCC,Anti-Arcing High Voltage,FJ31X223K202PG,FJ,1206,X7R; ±10%; Pd/Ag; 13-inch Reeled,2000V,22 nF,,,,,,,Published
MLCC,Anti-Arcing High Voltage,FJ31X223K202ET,FJ,1206,X7R; ±10%; Ag/Ni/Sn; 7-inch Reeled,2000V,22 nF,,,,,,,Published
MLCC,Anti-Arcing High Voltage,FJ31X223K202EG,FJ,1206,X7R; ±10%; Ag/Ni/Sn; 13-inch Reeled,2000V,22 nF,,,,,,,Published
MLCC,Anti-Arcing High Voltage,FJ31X223M101PT,FJ,1206,X7R; ±20%; Pd/Ag; 7-inch Reeled,100V,22 nF,,,,,,,Published
MLCC,Anti-Arcing High Voltage,FJ31X223M101PG,FJ,1206,X7R; ±20%; Pd/Ag; 13-inch Reeled,100V,22 nF,,,,,,,Published
MLCC,Anti-Arcing High Voltage,FJ31X223M101ET,FJ,1206,X7R; ±20%; Ag/Ni/Sn; 7-inch Reeled,100V,22 nF,,,,,,,Published
MLCC,Anti-Arcing High Voltage,FJ31X223M101EG,FJ,1206,X7R; ±20%; Ag/Ni/Sn; 13-inch Reeled,100V,22 nF,,,,,,,Published
MLCC,Anti-Arcing High Voltage,FJ31X223M202PT,FJ,1206,X7R; ±20%; Pd/Ag; 7-inch Reeled,2000V,22 nF,,,,,,,Published
MLCC,Anti-Arcing High Voltage,FJ31X223M202PG,FJ,1206,X7R; ±20%; Pd/Ag; 13-inch Reeled,2000V,22 nF,,,,,,,Published
MLCC,Anti-Arcing High Voltage,FJ31X223M202ET,FJ,1206,X7R; ±20%; Ag/Ni/Sn; 7-inch Reeled,2000V,22 nF,,,,,,,Published
MLCC,Anti-Arcing High Voltage,FJ31X223M202EG,FJ,1206,X7R; ±20%; Ag/Ni/Sn; 13-inch Reeled,2000V,22 nF,,,,,,,Published
MLCC,Anti-Arcing High Voltage,FJ31X224J101PT,FJ,1206,X7R; ±5%; Pd/Ag; 7-inch Reeled,100V,220 nF,,,,,,,Published
MLCC,Anti-Arcing High Voltage,FJ31X224J101PG,FJ,1206,X7R; ±5%; Pd/Ag; 13-inch Reeled,100V,220 nF,,,,,,,Published
MLCC,Anti-Arcing High Voltage,FJ31X224J101ET,FJ,1206,X7R; ±5%; Ag/Ni/Sn; 7-inch Reeled,100V,220 nF,,,,,,,Published
MLCC,Anti-Arcing High Voltage,FJ31X224J101EG,FJ,1206,X7R; ±5%; Ag/Ni/Sn; 13-inch Reeled,100V,220 nF,,,,,,,Published
MLCC,Anti-Arcing High Voltage,FJ31X224J202PT,FJ,1206,X7R; ±5%; Pd/Ag; 7-inch Reeled,2000V,220 nF,,,,,,,Published
MLCC,Anti-Arcing High Voltage,FJ31X224J202PG,FJ,1206,X7R; ±5%; Pd/Ag; 13-inch Reeled,2000V,220 nF,,,,,,,Published
MLCC,Anti-Arcing High Voltage,FJ31X224J202ET,FJ,1206,X7R; ±5%; Ag/Ni/Sn; 7-inch Reeled,2000V,220 nF,,,,,,,Published
MLCC,Anti-Arcing High Voltage,FJ31X224J202EG,FJ,1206,X7R; ±5%; Ag/Ni/Sn; 13-inch Reeled,2000V,220 nF,,,,,,,Published
MLCC,Anti-Arcing High Voltage,FJ31X224K101PT,FJ,1206,X7R; ±10%; Pd/Ag; 7-inch Reeled,100V,220 nF,,,,,,,Published
MLCC,Anti-Arcing High Voltage,FJ31X224K101PG,FJ,1206,X7R; ±10%; Pd/Ag; 13-inch Reeled,100V,220 nF,,,,,,,Published
MLCC,Anti-Arcing High Voltage,FJ31X224K101ET,FJ,1206,X7R; ±10%; Ag/Ni/Sn; 7-inch Reeled,100V,220 nF,,,,,,,Published
MLCC,Anti-Arcing High Voltage,FJ31X224K101EG,FJ,1206,X7R; ±10%; Ag/Ni/Sn; 13-inch Reeled,100V,220 nF,,,,,,,Published
MLCC,Anti-Arcing High Voltage,FJ31X224K202PT,FJ,1206,X7R; ±10%; Pd/Ag; 7-inch Reeled,2000V,220 nF,,,,,,,Published
MLCC,Anti-Arcing High Voltage,FJ31X224K202PG,FJ,1206,X7R; ±10%; Pd/Ag; 13-inch Reeled,2000V,220 nF,,,,,,,Published
MLCC,Anti-Arcing High Voltage,FJ31X224K202ET,FJ,1206,X7R; ±10%; Ag/Ni/Sn; 7-inch Reeled,2000V,220 nF,,,,,,,Published
MLCC,Anti-Arcing High Voltage,FJ31X224K202EG,FJ,1206,X7R; ±10%; Ag/Ni/Sn; 13-inch Reeled,2000V,220 nF,,,,,,,Published
MLCC,Anti-Arcing High Voltage,FJ31X224M101PT,FJ,1206,X7R; ±20%; Pd/Ag; 7-inch Reeled,100V,220 nF,,,,,,,Published
MLCC,Anti-Arcing High Voltage,FJ31X224M101PG,FJ,1206,X7R; ±20%; Pd/Ag; 13-inch Reeled,100V,220 nF,,,,,,,Published
MLCC,Anti-Arcing High Voltage,FJ31X224M101ET,FJ,1206,X7R; ±20%; Ag/Ni/Sn; 7-inch Reeled,100V,220 nF,,,,,,,Published
MLCC,Anti-Arcing High Voltage,FJ31X224M101EG,FJ,1206,X7R; ±20%; Ag/Ni/Sn; 13-inch Reeled,100V,220 nF,,,,,,,Published
MLCC,Anti-Arcing High Voltage,FJ31X224M202PT,FJ,1206,X7R; ±20%; Pd/Ag; 7-inch Reeled,2000V,220 nF,,,,,,,Published
MLCC,Anti-Arcing High Voltage,FJ31X224M202PG,FJ,1206,X7R; ±20%; Pd/Ag; 13-inch Reeled,2000V,220 nF,,,,,,,Published
MLCC,Anti-Arcing High Voltage,FJ31X224M202ET,FJ,1206,X7R; ±20%; Ag/Ni/Sn; 7-inch Reeled,2000V,220 nF,,,,,,,Published
MLCC,Anti-Arcing High Voltage,FJ31X224M202EG,FJ,1206,X7R; ±20%; Ag/Ni/Sn; 13-inch Reeled,2000V,220 nF,,,,,,,Published
MLCC,Anti-Arcing High Voltage,FJ31X330J101PT,FJ,1206,X7R; ±5%; Pd/Ag; 7-inch Reeled,100V,33 pF,,,,,,,Published
MLCC,Anti-Arcing High Voltage,FJ31X330J101PG,FJ,1206,X7R; ±5%; Pd/Ag; 13-inch Reeled,100V,33 pF,,,,,,,Published
MLCC,Anti-Arcing High Voltage,FJ31X330J101ET,FJ,1206,X7R; ±5%; Ag/Ni/Sn; 7-inch Reeled,100V,33 pF,,,,,,,Published
MLCC,Anti-Arcing High Voltage,FJ31X330J101EG,FJ,1206,X7R; ±5%; Ag/Ni/Sn; 13-inch Reeled,100V,33 pF,,,,,,,Published
MLCC,Anti-Arcing High Voltage,FJ31X330J202PT,FJ,1206,X7R; ±5%; Pd/Ag; 7-inch Reeled,2000V,33 pF,,,,,,,Published
MLCC,Anti-Arcing High Voltage,FJ31X330J202PG,FJ,1206,X7R; ±5%; Pd/Ag; 13-inch Reeled,2000V,33 pF,,,,,,,Published
MLCC,Anti-Arcing High Voltage,FJ31X330J202ET,FJ,1206,X7R; ±5%; Ag/Ni/Sn; 7-inch Reeled,2000V,33 pF,,,,,,,Published
MLCC,Anti-Arcing High Voltage,FJ31X330J202EG,FJ,1206,X7R; ±5%; Ag/Ni/Sn; 13-inch Reeled,2000V,33 pF,,,,,,,Published
MLCC,Anti-Arcing High Voltage,FJ31X330K101PT,FJ,1206,X7R; ±10%; Pd/Ag; 7-inch Reeled,100V,33 pF,,,,,,,Published
MLCC,Anti-Arcing High Voltage,FJ31X330K101PG,FJ,1206,X7R; ±10%; Pd/Ag; 13-inch Reeled,100V,33 pF,,,,,,,Published
MLCC,Anti-Arcing High Voltage,FJ31X330K101ET,FJ,1206,X7R; ±10%; Ag/Ni/Sn; 7-inch Reeled,100V,33 pF,,,,,,,Published
MLCC,Anti-Arcing High Voltage,FJ31X330K101EG,FJ,1206,X7R; ±10%; Ag/Ni/Sn; 13-inch Reeled,100V,33 pF,,,,,,,Published
MLCC,Anti-Arcing High Voltage,FJ31X330K202PT,FJ,1206,X7R; ±10%; Pd/Ag; 7-inch Reeled,2000V,33 pF,,,,,,,Published
MLCC,Anti-Arcing High Voltage,FJ31X330K202PG,FJ,1206,X7R; ±10%; Pd/Ag; 13-inch Reeled,2000V,33 pF,,,,,,,Published
MLCC,Anti-Arcing High Voltage,FJ31X330K202ET,FJ,1206,X7R; ±10%; Ag/Ni/Sn; 7-inch Reeled,2000V,33 pF,,,,,,,Published
MLCC,Anti-Arcing High Voltage,FJ31X330K202EG,FJ,1206,X7R; ±10%; Ag/Ni/Sn; 13-inch Reeled,2000V,33 pF,,,,,,,Published
MLCC,Anti-Arcing High Voltage,FJ31X330M101PT,FJ,1206,X7R; ±20%; Pd/Ag; 7-inch Reeled,100V,33 pF,,,,,,,Published
MLCC,Anti-Arcing High Voltage,FJ31X330M101PG,FJ,1206,X7R; ±20%; Pd/Ag; 13-inch Reeled,100V,33 pF,,,,,,,Published
MLCC,Anti-Arcing High Voltage,FJ31X330M101ET,FJ,1206,X7R; ±20%; Ag/Ni/Sn; 7-inch Reeled,100V,33 pF,,,,,,,Published
MLCC,Anti-Arcing High Voltage,FJ31X330M101EG,FJ,1206,X7R; ±20%; Ag/Ni/Sn; 13-inch Reeled,100V,33 pF,,,,,,,Published
MLCC,Anti-Arcing High Voltage,FJ31X330M202PT,FJ,1206,X7R; ±20%; Pd/Ag; 7-inch Reeled,2000V,33 pF,,,,,,,Published
MLCC,Anti-Arcing High Voltage,FJ31X330M202PG,FJ,1206,X7R; ±20%; Pd/Ag; 13-inch Reeled,2000V,33 pF,,,,,,,Published
MLCC,Anti-Arcing High Voltage,FJ31X330M202ET,FJ,1206,X7R; ±20%; Ag/Ni/Sn; 7-inch Reeled,2000V,33 pF,,,,,,,Published
MLCC,Anti-Arcing High Voltage,FJ31X330M202EG,FJ,1206,X7R; ±20%; Ag/Ni/Sn; 13-inch Reeled,2000V,33 pF,,,,,,,Published
MLCC,Anti-Arcing High Voltage,FJ31X331J101PT,FJ,1206,X7R; ±5%; Pd/Ag; 7-inch Reeled,100V,330 pF,,,,,,,Published
MLCC,Anti-Arcing High Voltage,FJ31X331J101PG,FJ,1206,X7R; ±5%; Pd/Ag; 13-inch Reeled,100V,330 pF,,,,,,,Published
MLCC,Anti-Arcing High Voltage,FJ31X331J101ET,FJ,1206,X7R; ±5%; Ag/Ni/Sn; 7-inch Reeled,100V,330 pF,,,,,,,Published
MLCC,Anti-Arcing High Voltage,FJ31X331J101EG,FJ,1206,X7R; ±5%; Ag/Ni/Sn; 13-inch Reeled,100V,330 pF,,,,,,,Published
MLCC,Anti-Arcing High Voltage,FJ31X331J202PT,FJ,1206,X7R; ±5%; Pd/Ag; 7-inch Reeled,2000V,330 pF,,,,,,,Published
MLCC,Anti-Arcing High Voltage,FJ31X331J202PG,FJ,1206,X7R; ±5%; Pd/Ag; 13-inch Reeled,2000V,330 pF,,,,,,,Published
MLCC,Anti-Arcing High Voltage,FJ31X331J202ET,FJ,1206,X7R; ±5%; Ag/Ni/Sn; 7-inch Reeled,2000V,330 pF,,,,,,,Published
MLCC,Anti-Arcing High Voltage,FJ31X331J202EG,FJ,1206,X7R; ±5%; Ag/Ni/Sn; 13-inch Reeled,2000V,330 pF,,,,,,,Published
MLCC,Anti-Arcing High Voltage,FJ31X331K101PT,FJ,1206,X7R; ±10%; Pd/Ag; 7-inch Reeled,100V,330 pF,,,,,,,Published
MLCC,Anti-Arcing High Voltage,FJ31X331K101PG,FJ,1206,X7R; ±10%; Pd/Ag; 13-inch Reeled,100V,330 pF,,,,,,,Published
MLCC,Anti-Arcing High Voltage,FJ31X331K101ET,FJ,1206,X7R; ±10%; Ag/Ni/Sn; 7-inch Reeled,100V,330 pF,,,,,,,Published
MLCC,Anti-Arcing High Voltage,FJ31X331K101EG,FJ,1206,X7R; ±10%; Ag/Ni/Sn; 13-inch Reeled,100V,330 pF,,,,,,,Published
MLCC,Anti-Arcing High Voltage,FJ31X331K202PT,FJ,1206,X7R; ±10%; Pd/Ag; 7-inch Reeled,2000V,330 pF,,,,,,,Published
MLCC,Anti-Arcing High Voltage,FJ31X331K202PG,FJ,1206,X7R; ±10%; Pd/Ag; 13-inch Reeled,2000V,330 pF,,,,,,,Published
MLCC,Anti-Arcing High Voltage,FJ31X331K202ET,FJ,1206,X7R; ±10%; Ag/Ni/Sn; 7-inch Reeled,2000V,330 pF,,,,,,,Published
MLCC,Anti-Arcing High Voltage,FJ31X331K202EG,FJ,1206,X7R; ±10%; Ag/Ni/Sn; 13-inch Reeled,2000V,330 pF,,,,,,,Published
MLCC,Anti-Arcing High Voltage,FJ31X331M101PT,FJ,1206,X7R; ±20%; Pd/Ag; 7-inch Reeled,100V,330 pF,,,,,,,Published
MLCC,Anti-Arcing High Voltage,FJ31X331M101PG,FJ,1206,X7R; ±20%; Pd/Ag; 13-inch Reeled,100V,330 pF,,,,,,,Published
MLCC,Anti-Arcing High Voltage,FJ31X331M101ET,FJ,1206,X7R; ±20%; Ag/Ni/Sn; 7-inch Reeled,100V,330 pF,,,,,,,Published
MLCC,Anti-Arcing High Voltage,FJ31X331M101EG,FJ,1206,X7R; ±20%; Ag/Ni/Sn; 13-inch Reeled,100V,330 pF,,,,,,,Published
MLCC,Anti-Arcing High Voltage,FJ31X331M202PT,FJ,1206,X7R; ±20%; Pd/Ag; 7-inch Reeled,2000V,330 pF,,,,,,,Published
MLCC,Anti-Arcing High Voltage,FJ31X331M202PG,FJ,1206,X7R; ±20%; Pd/Ag; 13-inch Reeled,2000V,330 pF,,,,,,,Published
MLCC,Anti-Arcing High Voltage,FJ31X331M202ET,FJ,1206,X7R; ±20%; Ag/Ni/Sn; 7-inch Reeled,2000V,330 pF,,,,,,,Published
MLCC,Anti-Arcing High Voltage,FJ31X331M202EG,FJ,1206,X7R; ±20%; Ag/Ni/Sn; 13-inch Reeled,2000V,330 pF,,,,,,,Published
MLCC,Anti-Arcing High Voltage,FJ31X332J101PT,FJ,1206,X7R; ±5%; Pd/Ag; 7-inch Reeled,100V,3.3 nF,,,,,,,Published
MLCC,Anti-Arcing High Voltage,FJ31X332J101PG,FJ,1206,X7R; ±5%; Pd/Ag; 13-inch Reeled,100V,3.3 nF,,,,,,,Published
MLCC,Anti-Arcing High Voltage,FJ31X332J101ET,FJ,1206,X7R; ±5%; Ag/Ni/Sn; 7-inch Reeled,100V,3.3 nF,,,,,,,Published
MLCC,Anti-Arcing High Voltage,FJ31X332J101EG,FJ,1206,X7R; ±5%; Ag/Ni/Sn; 13-inch Reeled,100V,3.3 nF,,,,,,,Published
MLCC,Anti-Arcing High Voltage,FJ31X332J202PT,FJ,1206,X7R; ±5%; Pd/Ag; 7-inch Reeled,2000V,3.3 nF,,,,,,,Published
MLCC,Anti-Arcing High Voltage,FJ31X332J202PG,FJ,1206,X7R; ±5%; Pd/Ag; 13-inch Reeled,2000V,3.3 nF,,,,,,,Published
MLCC,Anti-Arcing High Voltage,FJ31X332J202ET,FJ,1206,X7R; ±5%; Ag/Ni/Sn; 7-inch Reeled,2000V,3.3 nF,,,,,,,Published
MLCC,Anti-Arcing High Voltage,FJ31X332J202EG,FJ,1206,X7R; ±5%; Ag/Ni/Sn; 13-inch Reeled,2000V,3.3 nF,,,,,,,Published
MLCC,Anti-Arcing High Voltage,FJ31X332K101PT,FJ,1206,X7R; ±10%; Pd/Ag; 7-inch Reeled,100V,3.3 nF,,,,,,,Published
MLCC,Anti-Arcing High Voltage,FJ31X332K101PG,FJ,1206,X7R; ±10%; Pd/Ag; 13-inch Reeled,100V,3.3 nF,,,,,,,Published
MLCC,Anti-Arcing High Voltage,FJ31X332K101ET,FJ,1206,X7R; ±10%; Ag/Ni/Sn; 7-inch Reeled,100V,3.3 nF,,,,,,,Published
MLCC,Anti-Arcing High Voltage,FJ31X332K101EG,FJ,1206,X7R; ±10%; Ag/Ni/Sn; 13-inch Reeled,100V,3.3 nF,,,,,,,Published
MLCC,Anti-Arcing High Voltage,FJ31X332K202PT,FJ,1206,X7R; ±10%; Pd/Ag; 7-inch Reeled,2000V,3.3 nF,,,,,,,Published
MLCC,Anti-Arcing High Voltage,FJ31X332K202PG,FJ,1206,X7R; ±10%; Pd/Ag; 13-inch Reeled,2000V,3.3 nF,,,,,,,Published
MLCC,Anti-Arcing High Voltage,FJ31X332K202ET,FJ,1206,X7R; ±10%; Ag/Ni/Sn; 7-inch Reeled,2000V,3.3 nF,,,,,,,Published
MLCC,Anti-Arcing High Voltage,FJ31X332K202EG,FJ,1206,X7R; ±10%; Ag/Ni/Sn; 13-inch Reeled,2000V,3.3 nF,,,,,,,Published
MLCC,Anti-Arcing High Voltage,FJ31X332M101PT,FJ,1206,X7R; ±20%; Pd/Ag; 7-inch Reeled,100V,3.3 nF,,,,,,,Published
MLCC,Anti-Arcing High Voltage,FJ31X332M101PG,FJ,1206,X7R; ±20%; Pd/Ag; 13-inch Reeled,100V,3.3 nF,,,,,,,Published
MLCC,Anti-Arcing High Voltage,FJ31X332M101ET,FJ,1206,X7R; ±20%; Ag/Ni/Sn; 7-inch Reeled,100V,3.3 nF,,,,,,,Published
MLCC,Anti-Arcing High Voltage,FJ31X332M101EG,FJ,1206,X7R; ±20%; Ag/Ni/Sn; 13-inch Reeled,100V,3.3 nF,,,,,,,Published
MLCC,Anti-Arcing High Voltage,FJ31X332M202PT,FJ,1206,X7R; ±20%; Pd/Ag; 7-inch Reeled,2000V,3.3 nF,,,,,,,Published
MLCC,Anti-Arcing High Voltage,FJ31X332M202PG,FJ,1206,X7R; ±20%; Pd/Ag; 13-inch Reeled,2000V,3.3 nF,,,,,,,Published
MLCC,Anti-Arcing High Voltage,FJ31X332M202ET,FJ,1206,X7R; ±20%; Ag/Ni/Sn; 7-inch Reeled,2000V,3.3 nF,,,,,,,Published
MLCC,Anti-Arcing High Voltage,FJ31X332M202EG,FJ,1206,X7R; ±20%; Ag/Ni/Sn; 13-inch Reeled,2000V,3.3 nF,,,,,,,Published
MLCC,Anti-Arcing High Voltage,FJ31X333J101PT,FJ,1206,X7R; ±5%; Pd/Ag; 7-inch Reeled,100V,33 nF,,,,,,,Published
MLCC,Anti-Arcing High Voltage,FJ31X333J101PG,FJ,1206,X7R; ±5%; Pd/Ag; 13-inch Reeled,100V,33 nF,,,,,,,Published
MLCC,Anti-Arcing High Voltage,FJ31X333J101ET,FJ,1206,X7R; ±5%; Ag/Ni/Sn; 7-inch Reeled,100V,33 nF,,,,,,,Published
MLCC,Anti-Arcing High Voltage,FJ31X333J101EG,FJ,1206,X7R; ±5%; Ag/Ni/Sn; 13-inch Reeled,100V,33 nF,,,,,,,Published
MLCC,Anti-Arcing High Voltage,FJ31X333J202PT,FJ,1206,X7R; ±5%; Pd/Ag; 7-inch Reeled,2000V,33 nF,,,,,,,Published
MLCC,Anti-Arcing High Voltage,FJ31X333J202PG,FJ,1206,X7R; ±5%; Pd/Ag; 13-inch Reeled,2000V,33 nF,,,,,,,Published
MLCC,Anti-Arcing High Voltage,FJ31X333J202ET,FJ,1206,X7R; ±5%; Ag/Ni/Sn; 7-inch Reeled,2000V,33 nF,,,,,,,Published
MLCC,Anti-Arcing High Voltage,FJ31X333J202EG,FJ,1206,X7R; ±5%; Ag/Ni/Sn; 13-inch Reeled,2000V,33 nF,,,,,,,Published
MLCC,Anti-Arcing High Voltage,FJ31X333K101PT,FJ,1206,X7R; ±10%; Pd/Ag; 7-inch Reeled,100V,33 nF,,,,,,,Published
MLCC,Anti-Arcing High Voltage,FJ31X333K101PG,FJ,1206,X7R; ±10%; Pd/Ag; 13-inch Reeled,100V,33 nF,,,,,,,Published
MLCC,Anti-Arcing High Voltage,FJ31X333K101ET,FJ,1206,X7R; ±10%; Ag/Ni/Sn; 7-inch Reeled,100V,33 nF,,,,,,,Published
MLCC,Anti-Arcing High Voltage,FJ31X333K101EG,FJ,1206,X7R; ±10%; Ag/Ni/Sn; 13-inch Reeled,100V,33 nF,,,,,,,Published
MLCC,Anti-Arcing High Voltage,FJ31X333K202PT,FJ,1206,X7R; ±10%; Pd/Ag; 7-inch Reeled,2000V,33 nF,,,,,,,Published
MLCC,Anti-Arcing High Voltage,FJ31X333K202PG,FJ,1206,X7R; ±10%; Pd/Ag; 13-inch Reeled,2000V,33 nF,,,,,,,Published
MLCC,Anti-Arcing High Voltage,FJ31X333K202ET,FJ,1206,X7R; ±10%; Ag/Ni/Sn; 7-inch Reeled,2000V,33 nF,,,,,,,Published
MLCC,Anti-Arcing High Voltage,FJ31X333K202EG,FJ,1206,X7R; ±10%; Ag/Ni/Sn; 13-inch Reeled,2000V,33 nF,,,,,,,Published
MLCC,Anti-Arcing High Voltage,FJ31X333M101PT,FJ,1206,X7R; ±20%; Pd/Ag; 7-inch Reeled,100V,33 nF,,,,,,,Published
MLCC,Anti-Arcing High Voltage,FJ31X333M101PG,FJ,1206,X7R; ±20%; Pd/Ag; 13-inch Reeled,100V,33 nF,,,,,,,Published
MLCC,Anti-Arcing High Voltage,FJ31X333M101ET,FJ,1206,X7R; ±20%; Ag/Ni/Sn; 7-inch Reeled,100V,33 nF,,,,,,,Published
MLCC,Anti-Arcing High Voltage,FJ31X333M101EG,FJ,1206,X7R; ±20%; Ag/Ni/Sn; 13-inch Reeled,100V,33 nF,,,,,,,Published
MLCC,Anti-Arcing High Voltage,FJ31X333M202PT,FJ,1206,X7R; ±20%; Pd/Ag; 7-inch Reeled,2000V,33 nF,,,,,,,Published
MLCC,Anti-Arcing High Voltage,FJ31X333M202PG,FJ,1206,X7R; ±20%; Pd/Ag; 13-inch Reeled,2000V,33 nF,,,,,,,Published
MLCC,Anti-Arcing High Voltage,FJ31X333M202ET,FJ,1206,X7R; ±20%; Ag/Ni/Sn; 7-inch Reeled,2000V,33 nF,,,,,,,Published
MLCC,Anti-Arcing High Voltage,FJ31X333M202EG,FJ,1206,X7R; ±20%; Ag/Ni/Sn; 13-inch Reeled,2000V,33 nF,,,,,,,Published
MLCC,Anti-Arcing High Voltage,FJ31X334J101PT,FJ,1206,X7R; ±5%; Pd/Ag; 7-inch Reeled,100V,330 nF,,,,,,,Published
MLCC,Anti-Arcing High Voltage,FJ31X334J101PG,FJ,1206,X7R; ±5%; Pd/Ag; 13-inch Reeled,100V,330 nF,,,,,,,Published
MLCC,Anti-Arcing High Voltage,FJ31X334J101ET,FJ,1206,X7R; ±5%; Ag/Ni/Sn; 7-inch Reeled,100V,330 nF,,,,,,,Published
MLCC,Anti-Arcing High Voltage,FJ31X334J101EG,FJ,1206,X7R; ±5%; Ag/Ni/Sn; 13-inch Reeled,100V,330 nF,,,,,,,Published
MLCC,Anti-Arcing High Voltage,FJ31X334J202PT,FJ,1206,X7R; ±5%; Pd/Ag; 7-inch Reeled,2000V,330 nF,,,,,,,Published
MLCC,Anti-Arcing High Voltage,FJ31X334J202PG,FJ,1206,X7R; ±5%; Pd/Ag; 13-inch Reeled,2000V,330 nF,,,,,,,Published
MLCC,Anti-Arcing High Voltage,FJ31X334J202ET,FJ,1206,X7R; ±5%; Ag/Ni/Sn; 7-inch Reeled,2000V,330 nF,,,,,,,Published
MLCC,Anti-Arcing High Voltage,FJ31X334J202EG,FJ,1206,X7R; ±5%; Ag/Ni/Sn; 13-inch Reeled,2000V,330 nF,,,,,,,Published
MLCC,Anti-Arcing High Voltage,FJ31X334K101PT,FJ,1206,X7R; ±10%; Pd/Ag; 7-inch Reeled,100V,330 nF,,,,,,,Published
MLCC,Anti-Arcing High Voltage,FJ31X334K101PG,FJ,1206,X7R; ±10%; Pd/Ag; 13-inch Reeled,100V,330 nF,,,,,,,Published
MLCC,Anti-Arcing High Voltage,FJ31X334K101ET,FJ,1206,X7R; ±10%; Ag/Ni/Sn; 7-inch Reeled,100V,330 nF,,,,,,,Published
MLCC,Anti-Arcing High Voltage,FJ31X334K101EG,FJ,1206,X7R; ±10%; Ag/Ni/Sn; 13-inch Reeled,100V,330 nF,,,,,,,Published
MLCC,Anti-Arcing High Voltage,FJ31X334K202PT,FJ,1206,X7R; ±10%; Pd/Ag; 7-inch Reeled,2000V,330 nF,,,,,,,Published
MLCC,Anti-Arcing High Voltage,FJ31X334K202PG,FJ,1206,X7R; ±10%; Pd/Ag; 13-inch Reeled,2000V,330 nF,,,,,,,Published
MLCC,Anti-Arcing High Voltage,FJ31X334K202ET,FJ,1206,X7R; ±10%; Ag/Ni/Sn; 7-inch Reeled,2000V,330 nF,,,,,,,Published
MLCC,Anti-Arcing High Voltage,FJ31X334K202EG,FJ,1206,X7R; ±10%; Ag/Ni/Sn; 13-inch Reeled,2000V,330 nF,,,,,,,Published
MLCC,Anti-Arcing High Voltage,FJ31X334M101PT,FJ,1206,X7R; ±20%; Pd/Ag; 7-inch Reeled,100V,330 nF,,,,,,,Published
MLCC,Anti-Arcing High Voltage,FJ31X334M101PG,FJ,1206,X7R; ±20%; Pd/Ag; 13-inch Reeled,100V,330 nF,,,,,,,Published
MLCC,Anti-Arcing High Voltage,FJ31X334M101ET,FJ,1206,X7R; ±20%; Ag/Ni/Sn; 7-inch Reeled,100V,330 nF,,,,,,,Published
MLCC,Anti-Arcing High Voltage,FJ31X334M101EG,FJ,1206,X7R; ±20%; Ag/Ni/Sn; 13-inch Reeled,100V,330 nF,,,,,,,Published
MLCC,Anti-Arcing High Voltage,FJ31X334M202PT,FJ,1206,X7R; ±20%; Pd/Ag; 7-inch Reeled,2000V,330 nF,,,,,,,Published
MLCC,Anti-Arcing High Voltage,FJ31X334M202PG,FJ,1206,X7R; ±20%; Pd/Ag; 13-inch Reeled,2000V,330 nF,,,,,,,Published
MLCC,Anti-Arcing High Voltage,FJ31X334M202ET,FJ,1206,X7R; ±20%; Ag/Ni/Sn; 7-inch Reeled,2000V,330 nF,,,,,,,Published
MLCC,Anti-Arcing High Voltage,FJ31X334M202EG,FJ,1206,X7R; ±20%; Ag/Ni/Sn; 13-inch Reeled,2000V,330 nF,,,,,,,Published
MLCC,Anti-Arcing High Voltage,FJ31X470J101PT,FJ,1206,X7R; ±5%; Pd/Ag; 7-inch Reeled,100V,47 pF,,,,,,,Published
MLCC,Anti-Arcing High Voltage,FJ31X470J101PG,FJ,1206,X7R; ±5%; Pd/Ag; 13-inch Reeled,100V,47 pF,,,,,,,Published
MLCC,Anti-Arcing High Voltage,FJ31X470J101ET,FJ,1206,X7R; ±5%; Ag/Ni/Sn; 7-inch Reeled,100V,47 pF,,,,,,,Published
MLCC,Anti-Arcing High Voltage,FJ31X470J101EG,FJ,1206,X7R; ±5%; Ag/Ni/Sn; 13-inch Reeled,100V,47 pF,,,,,,,Published
MLCC,Anti-Arcing High Voltage,FJ31X470J202PT,FJ,1206,X7R; ±5%; Pd/Ag; 7-inch Reeled,2000V,47 pF,,,,,,,Published
MLCC,Anti-Arcing High Voltage,FJ31X470J202PG,FJ,1206,X7R; ±5%; Pd/Ag; 13-inch Reeled,2000V,47 pF,,,,,,,Published
MLCC,Anti-Arcing High Voltage,FJ31X470J202ET,FJ,1206,X7R; ±5%; Ag/Ni/Sn; 7-inch Reeled,2000V,47 pF,,,,,,,Published
MLCC,Anti-Arcing High Voltage,FJ31X470J202EG,FJ,1206,X7R; ±5%; Ag/Ni/Sn; 13-inch Reeled,2000V,47 pF,,,,,,,Published
MLCC,Anti-Arcing High Voltage,FJ31X470K101PT,FJ,1206,X7R; ±10%; Pd/Ag; 7-inch Reeled,100V,47 pF,,,,,,,Published
MLCC,Anti-Arcing High Voltage,FJ31X470K101PG,FJ,1206,X7R; ±10%; Pd/Ag; 13-inch Reeled,100V,47 pF,,,,,,,Published
MLCC,Anti-Arcing High Voltage,FJ31X470K101ET,FJ,1206,X7R; ±10%; Ag/Ni/Sn; 7-inch Reeled,100V,47 pF,,,,,,,Published
MLCC,Anti-Arcing High Voltage,FJ31X470K101EG,FJ,1206,X7R; ±10%; Ag/Ni/Sn; 13-inch Reeled,100V,47 pF,,,,,,,Published
MLCC,Anti-Arcing High Voltage,FJ31X470K202PT,FJ,1206,X7R; ±10%; Pd/Ag; 7-inch Reeled,2000V,47 pF,,,,,,,Published
MLCC,Anti-Arcing High Voltage,FJ31X470K202PG,FJ,1206,X7R; ±10%; Pd/Ag; 13-inch Reeled,2000V,47 pF,,,,,,,Published
MLCC,Anti-Arcing High Voltage,FJ31X470K202ET,FJ,1206,X7R; ±10%; Ag/Ni/Sn; 7-inch Reeled,2000V,47 pF,,,,,,,Published
MLCC,Anti-Arcing High Voltage,FJ31X470K202EG,FJ,1206,X7R; ±10%; Ag/Ni/Sn; 13-inch Reeled,2000V,47 pF,,,,,,,Published
MLCC,Anti-Arcing High Voltage,FJ31X470M101PT,FJ,1206,X7R; ±20%; Pd/Ag; 7-inch Reeled,100V,47 pF,,,,,,,Published
MLCC,Anti-Arcing High Voltage,FJ31X470M101PG,FJ,1206,X7R; ±20%; Pd/Ag; 13-inch Reeled,100V,47 pF,,,,,,,Published
MLCC,Anti-Arcing High Voltage,FJ31X470M101ET,FJ,1206,X7R; ±20%; Ag/Ni/Sn; 7-inch Reeled,100V,47 pF,,,,,,,Published
MLCC,Anti-Arcing High Voltage,FJ31X470M101EG,FJ,1206,X7R; ±20%; Ag/Ni/Sn; 13-inch Reeled,100V,47 pF,,,,,,,Published
MLCC,Anti-Arcing High Voltage,FJ31X470M202PT,FJ,1206,X7R; ±20%; Pd/Ag; 7-inch Reeled,2000V,47 pF,,,,,,,Published
MLCC,Anti-Arcing High Voltage,FJ31X470M202PG,FJ,1206,X7R; ±20%; Pd/Ag; 13-inch Reeled,2000V,47 pF,,,,,,,Published
MLCC,Anti-Arcing High Voltage,FJ31X470M202ET,FJ,1206,X7R; ±20%; Ag/Ni/Sn; 7-inch Reeled,2000V,47 pF,,,,,,,Published
MLCC,Anti-Arcing High Voltage,FJ31X470M202EG,FJ,1206,X7R; ±20%; Ag/Ni/Sn; 13-inch Reeled,2000V,47 pF,,,,,,,Published
MLCC,Anti-Arcing High Voltage,FJ31X471J101PT,FJ,1206,X7R; ±5%; Pd/Ag; 7-inch Reeled,100V,470 pF,,,,,,,Published
MLCC,Anti-Arcing High Voltage,FJ31X471J101PG,FJ,1206,X7R; ±5%; Pd/Ag; 13-inch Reeled,100V,470 pF,,,,,,,Published
MLCC,Anti-Arcing High Voltage,FJ31X471J101ET,FJ,1206,X7R; ±5%; Ag/Ni/Sn; 7-inch Reeled,100V,470 pF,,,,,,,Published
MLCC,Anti-Arcing High Voltage,FJ31X471J101EG,FJ,1206,X7R; ±5%; Ag/Ni/Sn; 13-inch Reeled,100V,470 pF,,,,,,,Published
MLCC,Anti-Arcing High Voltage,FJ31X471J202PT,FJ,1206,X7R; ±5%; Pd/Ag; 7-inch Reeled,2000V,470 pF,,,,,,,Published
MLCC,Anti-Arcing High Voltage,FJ31X471J202PG,FJ,1206,X7R; ±5%; Pd/Ag; 13-inch Reeled,2000V,470 pF,,,,,,,Published
MLCC,Anti-Arcing High Voltage,FJ31X471J202ET,FJ,1206,X7R; ±5%; Ag/Ni/Sn; 7-inch Reeled,2000V,470 pF,,,,,,,Published
MLCC,Anti-Arcing High Voltage,FJ31X471J202EG,FJ,1206,X7R; ±5%; Ag/Ni/Sn; 13-inch Reeled,2000V,470 pF,,,,,,,Published
MLCC,Anti-Arcing High Voltage,FJ31X471K101PT,FJ,1206,X7R; ±10%; Pd/Ag; 7-inch Reeled,100V,470 pF,,,,,,,Published
MLCC,Anti-Arcing High Voltage,FJ31X471K101PG,FJ,1206,X7R; ±10%; Pd/Ag; 13-inch Reeled,100V,470 pF,,,,,,,Published
MLCC,Anti-Arcing High Voltage,FJ31X471K101ET,FJ,1206,X7R; ±10%; Ag/Ni/Sn; 7-inch Reeled,100V,470 pF,,,,,,,Published
MLCC,Anti-Arcing High Voltage,FJ31X471K101EG,FJ,1206,X7R; ±10%; Ag/Ni/Sn; 13-inch Reeled,100V,470 pF,,,,,,,Published
MLCC,Anti-Arcing High Voltage,FJ31X471K202PT,FJ,1206,X7R; ±10%; Pd/Ag; 7-inch Reeled,2000V,470 pF,,,,,,,Published
MLCC,Anti-Arcing High Voltage,FJ31X471K202PG,FJ,1206,X7R; ±10%; Pd/Ag; 13-inch Reeled,2000V,470 pF,,,,,,,Published
MLCC,Anti-Arcing High Voltage,FJ31X471K202ET,FJ,1206,X7R; ±10%; Ag/Ni/Sn; 7-inch Reeled,2000V,470 pF,,,,,,,Published
MLCC,Anti-Arcing High Voltage,FJ31X471K202EG,FJ,1206,X7R; ±10%; Ag/Ni/Sn; 13-inch Reeled,2000V,470 pF,,,,,,,Published
MLCC,Anti-Arcing High Voltage,FJ31X471M101PT,FJ,1206,X7R; ±20%; Pd/Ag; 7-inch Reeled,100V,470 pF,,,,,,,Published
MLCC,Anti-Arcing High Voltage,FJ31X471M101PG,FJ,1206,X7R; ±20%; Pd/Ag; 13-inch Reeled,100V,470 pF,,,,,,,Published
MLCC,Anti-Arcing High Voltage,FJ31X471M101ET,FJ,1206,X7R; ±20%; Ag/Ni/Sn; 7-inch Reeled,100V,470 pF,,,,,,,Published
MLCC,Anti-Arcing High Voltage,FJ31X471M101EG,FJ,1206,X7R; ±20%; Ag/Ni/Sn; 13-inch Reeled,100V,470 pF,,,,,,,Published
MLCC,Anti-Arcing High Voltage,FJ31X471M202PT,FJ,1206,X7R; ±20%; Pd/Ag; 7-inch Reeled,2000V,470 pF,,,,,,,Published
MLCC,Anti-Arcing High Voltage,FJ31X471M202PG,FJ,1206,X7R; ±20%; Pd/Ag; 13-inch Reeled,2000V,470 pF,,,,,,,Published
MLCC,Anti-Arcing High Voltage,FJ31X471M202ET,FJ,1206,X7R; ±20%; Ag/Ni/Sn; 7-inch Reeled,2000V,470 pF,,,,,,,Published
MLCC,Anti-Arcing High Voltage,FJ31X471M202EG,FJ,1206,X7R; ±20%; Ag/Ni/Sn; 13-inch Reeled,2000V,470 pF,,,,,,,Published
MLCC,Anti-Arcing High Voltage,FJ31X472J101PT,FJ,1206,X7R; ±5%; Pd/Ag; 7-inch Reeled,100V,4.7 nF,,,,,,,Published
MLCC,Anti-Arcing High Voltage,FJ31X472J101PG,FJ,1206,X7R; ±5%; Pd/Ag; 13-inch Reeled,100V,4.7 nF,,,,,,,Published
MLCC,Anti-Arcing High Voltage,FJ31X472J101ET,FJ,1206,X7R; ±5%; Ag/Ni/Sn; 7-inch Reeled,100V,4.7 nF,,,,,,,Published
MLCC,Anti-Arcing High Voltage,FJ31X472J101EG,FJ,1206,X7R; ±5%; Ag/Ni/Sn; 13-inch Reeled,100V,4.7 nF,,,,,,,Published
MLCC,Anti-Arcing High Voltage,FJ31X472J202PT,FJ,1206,X7R; ±5%; Pd/Ag; 7-inch Reeled,2000V,4.7 nF,,,,,,,Published
MLCC,Anti-Arcing High Voltage,FJ31X472J202PG,FJ,1206,X7R; ±5%; Pd/Ag; 13-inch Reeled,2000V,4.7 nF,,,,,,,Published
MLCC,Anti-Arcing High Voltage,FJ31X472J202ET,FJ,1206,X7R; ±5%; Ag/Ni/Sn; 7-inch Reeled,2000V,4.7 nF,,,,,,,Published
MLCC,Anti-Arcing High Voltage,FJ31X472J202EG,FJ,1206,X7R; ±5%; Ag/Ni/Sn; 13-inch Reeled,2000V,4.7 nF,,,,,,,Published
MLCC,Anti-Arcing High Voltage,FJ31X472K101PT,FJ,1206,X7R; ±10%; Pd/Ag; 7-inch Reeled,100V,4.7 nF,,,,,,,Published
MLCC,Anti-Arcing High Voltage,FJ31X472K101PG,FJ,1206,X7R; ±10%; Pd/Ag; 13-inch Reeled,100V,4.7 nF,,,,,,,Published
MLCC,Anti-Arcing High Voltage,FJ31X472K101ET,FJ,1206,X7R; ±10%; Ag/Ni/Sn; 7-inch Reeled,100V,4.7 nF,,,,,,,Published
MLCC,Anti-Arcing High Voltage,FJ31X472K101EG,FJ,1206,X7R; ±10%; Ag/Ni/Sn; 13-inch Reeled,100V,4.7 nF,,,,,,,Published
MLCC,Anti-Arcing High Voltage,FJ31X472K202PT,FJ,1206,X7R; ±10%; Pd/Ag; 7-inch Reeled,2000V,4.7 nF,,,,,,,Published
MLCC,Anti-Arcing High Voltage,FJ31X472K202PG,FJ,1206,X7R; ±10%; Pd/Ag; 13-inch Reeled,2000V,4.7 nF,,,,,,,Published
MLCC,Anti-Arcing High Voltage,FJ31X472K202ET,FJ,1206,X7R; ±10%; Ag/Ni/Sn; 7-inch Reeled,2000V,4.7 nF,,,,,,,Published
MLCC,Anti-Arcing High Voltage,FJ31X472K202EG,FJ,1206,X7R; ±10%; Ag/Ni/Sn; 13-inch Reeled,2000V,4.7 nF,,,,,,,Published
MLCC,Anti-Arcing High Voltage,FJ31X472M101PT,FJ,1206,X7R; ±20%; Pd/Ag; 7-inch Reeled,100V,4.7 nF,,,,,,,Published
MLCC,Anti-Arcing High Voltage,FJ31X472M101PG,FJ,1206,X7R; ±20%; Pd/Ag; 13-inch Reeled,100V,4.7 nF,,,,,,,Published
MLCC,Anti-Arcing High Voltage,FJ31X472M101ET,FJ,1206,X7R; ±20%; Ag/Ni/Sn; 7-inch Reeled,100V,4.7 nF,,,,,,,Published
MLCC,Anti-Arcing High Voltage,FJ31X472M101EG,FJ,1206,X7R; ±20%; Ag/Ni/Sn; 13-inch Reeled,100V,4.7 nF,,,,,,,Published
MLCC,Anti-Arcing High Voltage,FJ31X472M202PT,FJ,1206,X7R; ±20%; Pd/Ag; 7-inch Reeled,2000V,4.7 nF,,,,,,,Published
MLCC,Anti-Arcing High Voltage,FJ31X472M202PG,FJ,1206,X7R; ±20%; Pd/Ag; 13-inch Reeled,2000V,4.7 nF,,,,,,,Published
MLCC,Anti-Arcing High Voltage,FJ31X472M202ET,FJ,1206,X7R; ±20%; Ag/Ni/Sn; 7-inch Reeled,2000V,4.7 nF,,,,,,,Published
MLCC,Anti-Arcing High Voltage,FJ31X472M202EG,FJ,1206,X7R; ±20%; Ag/Ni/Sn; 13-inch Reeled,2000V,4.7 nF,,,,,,,Published
MLCC,Anti-Arcing High Voltage,FJ31X473J101PT,FJ,1206,X7R; ±5%; Pd/Ag; 7-inch Reeled,100V,47 nF,,,,,,,Published
MLCC,Anti-Arcing High Voltage,FJ31X473J101PG,FJ,1206,X7R; ±5%; Pd/Ag; 13-inch Reeled,100V,47 nF,,,,,,,Published
MLCC,Anti-Arcing High Voltage,FJ31X473J101ET,FJ,1206,X7R; ±5%; Ag/Ni/Sn; 7-inch Reeled,100V,47 nF,,,,,,,Published
MLCC,Anti-Arcing High Voltage,FJ31X473J101EG,FJ,1206,X7R; ±5%; Ag/Ni/Sn; 13-inch Reeled,100V,47 nF,,,,,,,Published
MLCC,Anti-Arcing High Voltage,FJ31X473J202PT,FJ,1206,X7R; ±5%; Pd/Ag; 7-inch Reeled,2000V,47 nF,,,,,,,Published
MLCC,Anti-Arcing High Voltage,FJ31X473J202PG,FJ,1206,X7R; ±5%; Pd/Ag; 13-inch Reeled,2000V,47 nF,,,,,,,Published
MLCC,Anti-Arcing High Voltage,FJ31X473J202ET,FJ,1206,X7R; ±5%; Ag/Ni/Sn; 7-inch Reeled,2000V,47 nF,,,,,,,Published
MLCC,Anti-Arcing High Voltage,FJ31X473J202EG,FJ,1206,X7R; ±5%; Ag/Ni/Sn; 13-inch Reeled,2000V,47 nF,,,,,,,Published
MLCC,Anti-Arcing High Voltage,FJ31X473K101PT,FJ,1206,X7R; ±10%; Pd/Ag; 7-inch Reeled,100V,47 nF,,,,,,,Published
MLCC,Anti-Arcing High Voltage,FJ31X473K101PG,FJ,1206,X7R; ±10%; Pd/Ag; 13-inch Reeled,100V,47 nF,,,,,,,Published
MLCC,Anti-Arcing High Voltage,FJ31X473K101ET,FJ,1206,X7R; ±10%; Ag/Ni/Sn; 7-inch Reeled,100V,47 nF,,,,,,,Published
MLCC,Anti-Arcing High Voltage,FJ31X473K101EG,FJ,1206,X7R; ±10%; Ag/Ni/Sn; 13-inch Reeled,100V,47 nF,,,,,,,Published
MLCC,Anti-Arcing High Voltage,FJ31X473K202PT,FJ,1206,X7R; ±10%; Pd/Ag; 7-inch Reeled,2000V,47 nF,,,,,,,Published
MLCC,Anti-Arcing High Voltage,FJ31X473K202PG,FJ,1206,X7R; ±10%; Pd/Ag; 13-inch Reeled,2000V,47 nF,,,,,,,Published
MLCC,Anti-Arcing High Voltage,FJ31X473K202ET,FJ,1206,X7R; ±10%; Ag/Ni/Sn; 7-inch Reeled,2000V,47 nF,,,,,,,Published
MLCC,Anti-Arcing High Voltage,FJ31X473K202EG,FJ,1206,X7R; ±10%; Ag/Ni/Sn; 13-inch Reeled,2000V,47 nF,,,,,,,Published
MLCC,Anti-Arcing High Voltage,FJ31X473M101PT,FJ,1206,X7R; ±20%; Pd/Ag; 7-inch Reeled,100V,47 nF,,,,,,,Published
MLCC,Anti-Arcing High Voltage,FJ31X473M101PG,FJ,1206,X7R; ±20%; Pd/Ag; 13-inch Reeled,100V,47 nF,,,,,,,Published
MLCC,Anti-Arcing High Voltage,FJ31X473M101ET,FJ,1206,X7R; ±20%; Ag/Ni/Sn; 7-inch Reeled,100V,47 nF,,,,,,,Published
MLCC,Anti-Arcing High Voltage,FJ31X473M101EG,FJ,1206,X7R; ±20%; Ag/Ni/Sn; 13-inch Reeled,100V,47 nF,,,,,,,Published
MLCC,Anti-Arcing High Voltage,FJ31X473M202PT,FJ,1206,X7R; ±20%; Pd/Ag; 7-inch Reeled,2000V,47 nF,,,,,,,Published
MLCC,Anti-Arcing High Voltage,FJ31X473M202PG,FJ,1206,X7R; ±20%; Pd/Ag; 13-inch Reeled,2000V,47 nF,,,,,,,Published
MLCC,Anti-Arcing High Voltage,FJ31X473M202ET,FJ,1206,X7R; ±20%; Ag/Ni/Sn; 7-inch Reeled,2000V,47 nF,,,,,,,Published
MLCC,Anti-Arcing High Voltage,FJ31X473M202EG,FJ,1206,X7R; ±20%; Ag/Ni/Sn; 13-inch Reeled,2000V,47 nF,,,,,,,Published
MLCC,Anti-Arcing High Voltage,FJ31X474J101PT,FJ,1206,X7R; ±5%; Pd/Ag; 7-inch Reeled,100V,470 nF,,,,,,,Published
MLCC,Anti-Arcing High Voltage,FJ31X474J101PG,FJ,1206,X7R; ±5%; Pd/Ag; 13-inch Reeled,100V,470 nF,,,,,,,Published
MLCC,Anti-Arcing High Voltage,FJ31X474J101ET,FJ,1206,X7R; ±5%; Ag/Ni/Sn; 7-inch Reeled,100V,470 nF,,,,,,,Published
MLCC,Anti-Arcing High Voltage,FJ31X474J101EG,FJ,1206,X7R; ±5%; Ag/Ni/Sn; 13-inch Reeled,100V,470 nF,,,,,,,Published
MLCC,Anti-Arcing High Voltage,FJ31X474J202PT,FJ,1206,X7R; ±5%; Pd/Ag; 7-inch Reeled,2000V,470 nF,,,,,,,Published
MLCC,Anti-Arcing High Voltage,FJ31X474J202PG,FJ,1206,X7R; ±5%; Pd/Ag; 13-inch Reeled,2000V,470 nF,,,,,,,Published
MLCC,Anti-Arcing High Voltage,FJ31X474J202ET,FJ,1206,X7R; ±5%; Ag/Ni/Sn; 7-inch Reeled,2000V,470 nF,,,,,,,Published
MLCC,Anti-Arcing High Voltage,FJ31X474J202EG,FJ,1206,X7R; ±5%; Ag/Ni/Sn; 13-inch Reeled,2000V,470 nF,,,,,,,Published
MLCC,Anti-Arcing High Voltage,FJ31X474K101PT,FJ,1206,X7R; ±10%; Pd/Ag; 7-inch Reeled,100V,470 nF,,,,,,,Published
MLCC,Anti-Arcing High Voltage,FJ31X474K101PG,FJ,1206,X7R; ±10%; Pd/Ag; 13-inch Reeled,100V,470 nF,,,,,,,Published
MLCC,Anti-Arcing High Voltage,FJ31X474K101ET,FJ,1206,X7R; ±10%; Ag/Ni/Sn; 7-inch Reeled,100V,470 nF,,,,,,,Published
MLCC,Anti-Arcing High Voltage,FJ31X474K101EG,FJ,1206,X7R; ±10%; Ag/Ni/Sn; 13-inch Reeled,100V,470 nF,,,,,,,Published
MLCC,Anti-Arcing High Voltage,FJ31X474K202PT,FJ,1206,X7R; ±10%; Pd/Ag; 7-inch Reeled,2000V,470 nF,,,,,,,Published
MLCC,Anti-Arcing High Voltage,FJ31X474K202PG,FJ,1206,X7R; ±10%; Pd/Ag; 13-inch Reeled,2000V,470 nF,,,,,,,Published
MLCC,Anti-Arcing High Voltage,FJ31X474K202ET,FJ,1206,X7R; ±10%; Ag/Ni/Sn; 7-inch Reeled,2000V,470 nF,,,,,,,Published
MLCC,Anti-Arcing High Voltage,FJ31X474K202EG,FJ,1206,X7R; ±10%; Ag/Ni/Sn; 13-inch Reeled,2000V,470 nF,,,,,,,Published
MLCC,Anti-Arcing High Voltage,FJ31X474M101PT,FJ,1206,X7R; ±20%; Pd/Ag; 7-inch Reeled,100V,470 nF,,,,,,,Published
MLCC,Anti-Arcing High Voltage,FJ31X474M101PG,FJ,1206,X7R; ±20%; Pd/Ag; 13-inch Reeled,100V,470 nF,,,,,,,Published
MLCC,Anti-Arcing High Voltage,FJ31X474M101ET,FJ,1206,X7R; ±20%; Ag/Ni/Sn; 7-inch Reeled,100V,470 nF,,,,,,,Published
MLCC,Anti-Arcing High Voltage,FJ31X474M101EG,FJ,1206,X7R; ±20%; Ag/Ni/Sn; 13-inch Reeled,100V,470 nF,,,,,,,Published
MLCC,Anti-Arcing High Voltage,FJ31X474M202PT,FJ,1206,X7R; ±20%; Pd/Ag; 7-inch Reeled,2000V,470 nF,,,,,,,Published
MLCC,Anti-Arcing High Voltage,FJ31X474M202PG,FJ,1206,X7R; ±20%; Pd/Ag; 13-inch Reeled,2000V,470 nF,,,,,,,Published
MLCC,Anti-Arcing High Voltage,FJ31X474M202ET,FJ,1206,X7R; ±20%; Ag/Ni/Sn; 7-inch Reeled,2000V,470 nF,,,,,,,Published
MLCC,Anti-Arcing High Voltage,FJ31X474M202EG,FJ,1206,X7R; ±20%; Ag/Ni/Sn; 13-inch Reeled,2000V,470 nF,,,,,,,Published
MLCC,Anti-Arcing High Voltage,FJ31X680J101PT,FJ,1206,X7R; ±5%; Pd/Ag; 7-inch Reeled,100V,68 pF,,,,,,,Published
MLCC,Anti-Arcing High Voltage,FJ31X680J101PG,FJ,1206,X7R; ±5%; Pd/Ag; 13-inch Reeled,100V,68 pF,,,,,,,Published
MLCC,Anti-Arcing High Voltage,FJ31X680J101ET,FJ,1206,X7R; ±5%; Ag/Ni/Sn; 7-inch Reeled,100V,68 pF,,,,,,,Published
MLCC,Anti-Arcing High Voltage,FJ31X680J101EG,FJ,1206,X7R; ±5%; Ag/Ni/Sn; 13-inch Reeled,100V,68 pF,,,,,,,Published
MLCC,Anti-Arcing High Voltage,FJ31X680J202PT,FJ,1206,X7R; ±5%; Pd/Ag; 7-inch Reeled,2000V,68 pF,,,,,,,Published
MLCC,Anti-Arcing High Voltage,FJ31X680J202PG,FJ,1206,X7R; ±5%; Pd/Ag; 13-inch Reeled,2000V,68 pF,,,,,,,Published
MLCC,Anti-Arcing High Voltage,FJ31X680J202ET,FJ,1206,X7R; ±5%; Ag/Ni/Sn; 7-inch Reeled,2000V,68 pF,,,,,,,Published
MLCC,Anti-Arcing High Voltage,FJ31X680J202EG,FJ,1206,X7R; ±5%; Ag/Ni/Sn; 13-inch Reeled,2000V,68 pF,,,,,,,Published
MLCC,Anti-Arcing High Voltage,FJ31X680K101PT,FJ,1206,X7R; ±10%; Pd/Ag; 7-inch Reeled,100V,68 pF,,,,,,,Published
MLCC,Anti-Arcing High Voltage,FJ31X680K101PG,FJ,1206,X7R; ±10%; Pd/Ag; 13-inch Reeled,100V,68 pF,,,,,,,Published
MLCC,Anti-Arcing High Voltage,FJ31X680K101ET,FJ,1206,X7R; ±10%; Ag/Ni/Sn; 7-inch Reeled,100V,68 pF,,,,,,,Published
MLCC,Anti-Arcing High Voltage,FJ31X680K101EG,FJ,1206,X7R; ±10%; Ag/Ni/Sn; 13-inch Reeled,100V,68 pF,,,,,,,Published
MLCC,Anti-Arcing High Voltage,FJ31X680K202PT,FJ,1206,X7R; ±10%; Pd/Ag; 7-inch Reeled,2000V,68 pF,,,,,,,Published
MLCC,Anti-Arcing High Voltage,FJ31X680K202PG,FJ,1206,X7R; ±10%; Pd/Ag; 13-inch Reeled,2000V,68 pF,,,,,,,Published
MLCC,Anti-Arcing High Voltage,FJ31X680K202ET,FJ,1206,X7R; ±10%; Ag/Ni/Sn; 7-inch Reeled,2000V,68 pF,,,,,,,Published
MLCC,Anti-Arcing High Voltage,FJ31X680K202EG,FJ,1206,X7R; ±10%; Ag/Ni/Sn; 13-inch Reeled,2000V,68 pF,,,,,,,Published
MLCC,Anti-Arcing High Voltage,FJ31X680M101PT,FJ,1206,X7R; ±20%; Pd/Ag; 7-inch Reeled,100V,68 pF,,,,,,,Published
MLCC,Anti-Arcing High Voltage,FJ31X680M101PG,FJ,1206,X7R; ±20%; Pd/Ag; 13-inch Reeled,100V,68 pF,,,,,,,Published
MLCC,Anti-Arcing High Voltage,FJ31X680M101ET,FJ,1206,X7R; ±20%; Ag/Ni/Sn; 7-inch Reeled,100V,68 pF,,,,,,,Published
MLCC,Anti-Arcing High Voltage,FJ31X680M101EG,FJ,1206,X7R; ±20%; Ag/Ni/Sn; 13-inch Reeled,100V,68 pF,,,,,,,Published
MLCC,Anti-Arcing High Voltage,FJ31X680M202PT,FJ,1206,X7R; ±20%; Pd/Ag; 7-inch Reeled,2000V,68 pF,,,,,,,Published
MLCC,Anti-Arcing High Voltage,FJ31X680M202PG,FJ,1206,X7R; ±20%; Pd/Ag; 13-inch Reeled,2000V,68 pF,,,,,,,Published
MLCC,Anti-Arcing High Voltage,FJ31X680M202ET,FJ,1206,X7R; ±20%; Ag/Ni/Sn; 7-inch Reeled,2000V,68 pF,,,,,,,Published
MLCC,Anti-Arcing High Voltage,FJ31X680M202EG,FJ,1206,X7R; ±20%; Ag/Ni/Sn; 13-inch Reeled,2000V,68 pF,,,,,,,Published
MLCC,Anti-Arcing High Voltage,FJ31X681J101PT,FJ,1206,X7R; ±5%; Pd/Ag; 7-inch Reeled,100V,680 pF,,,,,,,Published
MLCC,Anti-Arcing High Voltage,FJ31X681J101PG,FJ,1206,X7R; ±5%; Pd/Ag; 13-inch Reeled,100V,680 pF,,,,,,,Published
MLCC,Anti-Arcing High Voltage,FJ31X681J101ET,FJ,1206,X7R; ±5%; Ag/Ni/Sn; 7-inch Reeled,100V,680 pF,,,,,,,Published
MLCC,Anti-Arcing High Voltage,FJ31X681J101EG,FJ,1206,X7R; ±5%; Ag/Ni/Sn; 13-inch Reeled,100V,680 pF,,,,,,,Published
MLCC,Anti-Arcing High Voltage,FJ31X681J202PT,FJ,1206,X7R; ±5%; Pd/Ag; 7-inch Reeled,2000V,680 pF,,,,,,,Published
MLCC,Anti-Arcing High Voltage,FJ31X681J202PG,FJ,1206,X7R; ±5%; Pd/Ag; 13-inch Reeled,2000V,680 pF,,,,,,,Published
MLCC,Anti-Arcing High Voltage,FJ31X681J202ET,FJ,1206,X7R; ±5%; Ag/Ni/Sn; 7-inch Reeled,2000V,680 pF,,,,,,,Published
MLCC,Anti-Arcing High Voltage,FJ31X681J202EG,FJ,1206,X7R; ±5%; Ag/Ni/Sn; 13-inch Reeled,2000V,680 pF,,,,,,,Published
MLCC,Anti-Arcing High Voltage,FJ31X681K101PT,FJ,1206,X7R; ±10%; Pd/Ag; 7-inch Reeled,100V,680 pF,,,,,,,Published
MLCC,Anti-Arcing High Voltage,FJ31X681K101PG,FJ,1206,X7R; ±10%; Pd/Ag; 13-inch Reeled,100V,680 pF,,,,,,,Published
MLCC,Anti-Arcing High Voltage,FJ31X681K101ET,FJ,1206,X7R; ±10%; Ag/Ni/Sn; 7-inch Reeled,100V,680 pF,,,,,,,Published
MLCC,Anti-Arcing High Voltage,FJ31X681K101EG,FJ,1206,X7R; ±10%; Ag/Ni/Sn; 13-inch Reeled,100V,680 pF,,,,,,,Published
MLCC,Anti-Arcing High Voltage,FJ31X681K202PT,FJ,1206,X7R; ±10%; Pd/Ag; 7-inch Reeled,2000V,680 pF,,,,,,,Published
MLCC,Anti-Arcing High Voltage,FJ31X681K202PG,FJ,1206,X7R; ±10%; Pd/Ag; 13-inch Reeled,2000V,680 pF,,,,,,,Published
MLCC,Anti-Arcing High Voltage,FJ31X681K202ET,FJ,1206,X7R; ±10%; Ag/Ni/Sn; 7-inch Reeled,2000V,680 pF,,,,,,,Published
MLCC,Anti-Arcing High Voltage,FJ31X681K202EG,FJ,1206,X7R; ±10%; Ag/Ni/Sn; 13-inch Reeled,2000V,680 pF,,,,,,,Published
MLCC,Anti-Arcing High Voltage,FJ31X681M101PT,FJ,1206,X7R; ±20%; Pd/Ag; 7-inch Reeled,100V,680 pF,,,,,,,Published
MLCC,Anti-Arcing High Voltage,FJ31X681M101PG,FJ,1206,X7R; ±20%; Pd/Ag; 13-inch Reeled,100V,680 pF,,,,,,,Published
MLCC,Anti-Arcing High Voltage,FJ31X681M101ET,FJ,1206,X7R; ±20%; Ag/Ni/Sn; 7-inch Reeled,100V,680 pF,,,,,,,Published
MLCC,Anti-Arcing High Voltage,FJ31X681M101EG,FJ,1206,X7R; ±20%; Ag/Ni/Sn; 13-inch Reeled,100V,680 pF,,,,,,,Published
MLCC,Anti-Arcing High Voltage,FJ31X681M202PT,FJ,1206,X7R; ±20%; Pd/Ag; 7-inch Reeled,2000V,680 pF,,,,,,,Published
MLCC,Anti-Arcing High Voltage,FJ31X681M202PG,FJ,1206,X7R; ±20%; Pd/Ag; 13-inch Reeled,2000V,680 pF,,,,,,,Published
MLCC,Anti-Arcing High Voltage,FJ31X681M202ET,FJ,1206,X7R; ±20%; Ag/Ni/Sn; 7-inch Reeled,2000V,680 pF,,,,,,,Published
MLCC,Anti-Arcing High Voltage,FJ31X681M202EG,FJ,1206,X7R; ±20%; Ag/Ni/Sn; 13-inch Reeled,2000V,680 pF,,,,,,,Published
MLCC,Anti-Arcing High Voltage,FJ31X682J101PT,FJ,1206,X7R; ±5%; Pd/Ag; 7-inch Reeled,100V,6.8 nF,,,,,,,Published
MLCC,Anti-Arcing High Voltage,FJ31X682J101PG,FJ,1206,X7R; ±5%; Pd/Ag; 13-inch Reeled,100V,6.8 nF,,,,,,,Published
MLCC,Anti-Arcing High Voltage,FJ31X682J101ET,FJ,1206,X7R; ±5%; Ag/Ni/Sn; 7-inch Reeled,100V,6.8 nF,,,,,,,Published
MLCC,Anti-Arcing High Voltage,FJ31X682J101EG,FJ,1206,X7R; ±5%; Ag/Ni/Sn; 13-inch Reeled,100V,6.8 nF,,,,,,,Published
MLCC,Anti-Arcing High Voltage,FJ31X682J202PT,FJ,1206,X7R; ±5%; Pd/Ag; 7-inch Reeled,2000V,6.8 nF,,,,,,,Published
MLCC,Anti-Arcing High Voltage,FJ31X682J202PG,FJ,1206,X7R; ±5%; Pd/Ag; 13-inch Reeled,2000V,6.8 nF,,,,,,,Published
MLCC,Anti-Arcing High Voltage,FJ31X682J202ET,FJ,1206,X7R; ±5%; Ag/Ni/Sn; 7-inch Reeled,2000V,6.8 nF,,,,,,,Published
MLCC,Anti-Arcing High Voltage,FJ31X682J202EG,FJ,1206,X7R; ±5%; Ag/Ni/Sn; 13-inch Reeled,2000V,6.8 nF,,,,,,,Published
MLCC,Anti-Arcing High Voltage,FJ31X682K101PT,FJ,1206,X7R; ±10%; Pd/Ag; 7-inch Reeled,100V,6.8 nF,,,,,,,Published
MLCC,Anti-Arcing High Voltage,FJ31X682K101PG,FJ,1206,X7R; ±10%; Pd/Ag; 13-inch Reeled,100V,6.8 nF,,,,,,,Published
MLCC,Anti-Arcing High Voltage,FJ31X682K101ET,FJ,1206,X7R; ±10%; Ag/Ni/Sn; 7-inch Reeled,100V,6.8 nF,,,,,,,Published
MLCC,Anti-Arcing High Voltage,FJ31X682K101EG,FJ,1206,X7R; ±10%; Ag/Ni/Sn; 13-inch Reeled,100V,6.8 nF,,,,,,,Published
MLCC,Anti-Arcing High Voltage,FJ31X682K202PT,FJ,1206,X7R; ±10%; Pd/Ag; 7-inch Reeled,2000V,6.8 nF,,,,,,,Published
MLCC,Anti-Arcing High Voltage,FJ31X682K202PG,FJ,1206,X7R; ±10%; Pd/Ag; 13-inch Reeled,2000V,6.8 nF,,,,,,,Published
MLCC,Anti-Arcing High Voltage,FJ31X682K202ET,FJ,1206,X7R; ±10%; Ag/Ni/Sn; 7-inch Reeled,2000V,6.8 nF,,,,,,,Published
MLCC,Anti-Arcing High Voltage,FJ31X682K202EG,FJ,1206,X7R; ±10%; Ag/Ni/Sn; 13-inch Reeled,2000V,6.8 nF,,,,,,,Published
MLCC,Anti-Arcing High Voltage,FJ31X682M101PT,FJ,1206,X7R; ±20%; Pd/Ag; 7-inch Reeled,100V,6.8 nF,,,,,,,Published
MLCC,Anti-Arcing High Voltage,FJ31X682M101PG,FJ,1206,X7R; ±20%; Pd/Ag; 13-inch Reeled,100V,6.8 nF,,,,,,,Published
MLCC,Anti-Arcing High Voltage,FJ31X682M101ET,FJ,1206,X7R; ±20%; Ag/Ni/Sn; 7-inch Reeled,100V,6.8 nF,,,,,,,Published
MLCC,Anti-Arcing High Voltage,FJ31X682M101EG,FJ,1206,X7R; ±20%; Ag/Ni/Sn; 13-inch Reeled,100V,6.8 nF,,,,,,,Published
MLCC,Anti-Arcing High Voltage,FJ31X682M202PT,FJ,1206,X7R; ±20%; Pd/Ag; 7-inch Reeled,2000V,6.8 nF,,,,,,,Published
MLCC,Anti-Arcing High Voltage,FJ31X682M202PG,FJ,1206,X7R; ±20%; Pd/Ag; 13-inch Reeled,2000V,6.8 nF,,,,,,,Published
MLCC,Anti-Arcing High Voltage,FJ31X682M202ET,FJ,1206,X7R; ±20%; Ag/Ni/Sn; 7-inch Reeled,2000V,6.8 nF,,,,,,,Published
MLCC,Anti-Arcing High Voltage,FJ31X682M202EG,FJ,1206,X7R; ±20%; Ag/Ni/Sn; 13-inch Reeled,2000V,6.8 nF,,,,,,,Published
MLCC,Anti-Arcing High Voltage,FJ31X683J101PT,FJ,1206,X7R; ±5%; Pd/Ag; 7-inch Reeled,100V,68 nF,,,,,,,Published
MLCC,Anti-Arcing High Voltage,FJ31X683J101PG,FJ,1206,X7R; ±5%; Pd/Ag; 13-inch Reeled,100V,68 nF,,,,,,,Published
MLCC,Anti-Arcing High Voltage,FJ31X683J101ET,FJ,1206,X7R; ±5%; Ag/Ni/Sn; 7-inch Reeled,100V,68 nF,,,,,,,Published
MLCC,Anti-Arcing High Voltage,FJ31X683J101EG,FJ,1206,X7R; ±5%; Ag/Ni/Sn; 13-inch Reeled,100V,68 nF,,,,,,,Published
MLCC,Anti-Arcing High Voltage,FJ31X683J202PT,FJ,1206,X7R; ±5%; Pd/Ag; 7-inch Reeled,2000V,68 nF,,,,,,,Published
MLCC,Anti-Arcing High Voltage,FJ31X683J202PG,FJ,1206,X7R; ±5%; Pd/Ag; 13-inch Reeled,2000V,68 nF,,,,,,,Published
MLCC,Anti-Arcing High Voltage,FJ31X683J202ET,FJ,1206,X7R; ±5%; Ag/Ni/Sn; 7-inch Reeled,2000V,68 nF,,,,,,,Published
MLCC,Anti-Arcing High Voltage,FJ31X683J202EG,FJ,1206,X7R; ±5%; Ag/Ni/Sn; 13-inch Reeled,2000V,68 nF,,,,,,,Published
MLCC,Anti-Arcing High Voltage,FJ31X683K101PT,FJ,1206,X7R; ±10%; Pd/Ag; 7-inch Reeled,100V,68 nF,,,,,,,Published
MLCC,Anti-Arcing High Voltage,FJ31X683K101PG,FJ,1206,X7R; ±10%; Pd/Ag; 13-inch Reeled,100V,68 nF,,,,,,,Published
MLCC,Anti-Arcing High Voltage,FJ31X683K101ET,FJ,1206,X7R; ±10%; Ag/Ni/Sn; 7-inch Reeled,100V,68 nF,,,,,,,Published
MLCC,Anti-Arcing High Voltage,FJ31X683K101EG,FJ,1206,X7R; ±10%; Ag/Ni/Sn; 13-inch Reeled,100V,68 nF,,,,,,,Published
MLCC,Anti-Arcing High Voltage,FJ31X683K202PT,FJ,1206,X7R; ±10%; Pd/Ag; 7-inch Reeled,2000V,68 nF,,,,,,,Published
MLCC,Anti-Arcing High Voltage,FJ31X683K202PG,FJ,1206,X7R; ±10%; Pd/Ag; 13-inch Reeled,2000V,68 nF,,,,,,,Published
MLCC,Anti-Arcing High Voltage,FJ31X683K202ET,FJ,1206,X7R; ±10%; Ag/Ni/Sn; 7-inch Reeled,2000V,68 nF,,,,,,,Published
MLCC,Anti-Arcing High Voltage,FJ31X683K202EG,FJ,1206,X7R; ±10%; Ag/Ni/Sn; 13-inch Reeled,2000V,68 nF,,,,,,,Published
MLCC,Anti-Arcing High Voltage,FJ31X683M101PT,FJ,1206,X7R; ±20%; Pd/Ag; 7-inch Reeled,100V,68 nF,,,,,,,Published
MLCC,Anti-Arcing High Voltage,FJ31X683M101PG,FJ,1206,X7R; ±20%; Pd/Ag; 13-inch Reeled,100V,68 nF,,,,,,,Published
MLCC,Anti-Arcing High Voltage,FJ31X683M101ET,FJ,1206,X7R; ±20%; Ag/Ni/Sn; 7-inch Reeled,100V,68 nF,,,,,,,Published
MLCC,Anti-Arcing High Voltage,FJ31X683M101EG,FJ,1206,X7R; ±20%; Ag/Ni/Sn; 13-inch Reeled,100V,68 nF,,,,,,,Published
MLCC,Anti-Arcing High Voltage,FJ31X683M202PT,FJ,1206,X7R; ±20%; Pd/Ag; 7-inch Reeled,2000V,68 nF,,,,,,,Published
MLCC,Anti-Arcing High Voltage,FJ31X683M202PG,FJ,1206,X7R; ±20%; Pd/Ag; 13-inch Reeled,2000V,68 nF,,,,,,,Published
MLCC,Anti-Arcing High Voltage,FJ31X683M202ET,FJ,1206,X7R; ±20%; Ag/Ni/Sn; 7-inch Reeled,2000V,68 nF,,,,,,,Published
MLCC,Anti-Arcing High Voltage,FJ31X683M202EG,FJ,1206,X7R; ±20%; Ag/Ni/Sn; 13-inch Reeled,2000V,68 nF,,,,,,,Published
MLCC,Anti-Arcing High Voltage,FJ31X684J101PT,FJ,1206,X7R; ±5%; Pd/Ag; 7-inch Reeled,100V,680 nF,,,,,,,Published
MLCC,Anti-Arcing High Voltage,FJ31X684J101PG,FJ,1206,X7R; ±5%; Pd/Ag; 13-inch Reeled,100V,680 nF,,,,,,,Published
MLCC,Anti-Arcing High Voltage,FJ31X684J101ET,FJ,1206,X7R; ±5%; Ag/Ni/Sn; 7-inch Reeled,100V,680 nF,,,,,,,Published
MLCC,Anti-Arcing High Voltage,FJ31X684J101EG,FJ,1206,X7R; ±5%; Ag/Ni/Sn; 13-inch Reeled,100V,680 nF,,,,,,,Published
MLCC,Anti-Arcing High Voltage,FJ31X684J202PT,FJ,1206,X7R; ±5%; Pd/Ag; 7-inch Reeled,2000V,680 nF,,,,,,,Published
MLCC,Anti-Arcing High Voltage,FJ31X684J202PG,FJ,1206,X7R; ±5%; Pd/Ag; 13-inch Reeled,2000V,680 nF,,,,,,,Published
MLCC,Anti-Arcing High Voltage,FJ31X684J202ET,FJ,1206,X7R; ±5%; Ag/Ni/Sn; 7-inch Reeled,2000V,680 nF,,,,,,,Published
MLCC,Anti-Arcing High Voltage,FJ31X684J202EG,FJ,1206,X7R; ±5%; Ag/Ni/Sn; 13-inch Reeled,2000V,680 nF,,,,,,,Published
MLCC,Anti-Arcing High Voltage,FJ31X684K101PT,FJ,1206,X7R; ±10%; Pd/Ag; 7-inch Reeled,100V,680 nF,,,,,,,Published
MLCC,Anti-Arcing High Voltage,FJ31X684K101PG,FJ,1206,X7R; ±10%; Pd/Ag; 13-inch Reeled,100V,680 nF,,,,,,,Published
MLCC,Anti-Arcing High Voltage,FJ31X684K101ET,FJ,1206,X7R; ±10%; Ag/Ni/Sn; 7-inch Reeled,100V,680 nF,,,,,,,Published
MLCC,Anti-Arcing High Voltage,FJ31X684K101EG,FJ,1206,X7R; ±10%; Ag/Ni/Sn; 13-inch Reeled,100V,680 nF,,,,,,,Published
MLCC,Anti-Arcing High Voltage,FJ31X684K202PT,FJ,1206,X7R; ±10%; Pd/Ag; 7-inch Reeled,2000V,680 nF,,,,,,,Published
MLCC,Anti-Arcing High Voltage,FJ31X684K202PG,FJ,1206,X7R; ±10%; Pd/Ag; 13-inch Reeled,2000V,680 nF,,,,,,,Published
MLCC,Anti-Arcing High Voltage,FJ31X684K202ET,FJ,1206,X7R; ±10%; Ag/Ni/Sn; 7-inch Reeled,2000V,680 nF,,,,,,,Published
MLCC,Anti-Arcing High Voltage,FJ31X684K202EG,FJ,1206,X7R; ±10%; Ag/Ni/Sn; 13-inch Reeled,2000V,680 nF,,,,,,,Published
MLCC,Anti-Arcing High Voltage,FJ31X684M101PT,FJ,1206,X7R; ±20%; Pd/Ag; 7-inch Reeled,100V,680 nF,,,,,,,Published
MLCC,Anti-Arcing High Voltage,FJ31X684M101PG,FJ,1206,X7R; ±20%; Pd/Ag; 13-inch Reeled,100V,680 nF,,,,,,,Published
MLCC,Anti-Arcing High Voltage,FJ31X684M101ET,FJ,1206,X7R; ±20%; Ag/Ni/Sn; 7-inch Reeled,100V,680 nF,,,,,,,Published
MLCC,Anti-Arcing High Voltage,FJ31X684M101EG,FJ,1206,X7R; ±20%; Ag/Ni/Sn; 13-inch Reeled,100V,680 nF,,,,,,,Published
MLCC,Anti-Arcing High Voltage,FJ31X684M202PT,FJ,1206,X7R; ±20%; Pd/Ag; 7-inch Reeled,2000V,680 nF,,,,,,,Published
MLCC,Anti-Arcing High Voltage,FJ31X684M202PG,FJ,1206,X7R; ±20%; Pd/Ag; 13-inch Reeled,2000V,680 nF,,,,,,,Published
MLCC,Anti-Arcing High Voltage,FJ31X684M202ET,FJ,1206,X7R; ±20%; Ag/Ni/Sn; 7-inch Reeled,2000V,680 nF,,,,,,,Published
MLCC,Anti-Arcing High Voltage,FJ31X684M202EG,FJ,1206,X7R; ±20%; Ag/Ni/Sn; 13-inch Reeled,2000V,680 nF,,,,,,,Published
MLCC,Anti-Arcing High Voltage,FJ32N100J101PT,FJ,1210,NP0 (C0G); ±5%; Pd/Ag; 7-inch Reeled,100V,10 pF,,,,,,,Published
MLCC,Anti-Arcing High Voltage,FJ32N100J101PG,FJ,1210,NP0 (C0G); ±5%; Pd/Ag; 13-inch Reeled,100V,10 pF,,,,,,,Published
MLCC,Anti-Arcing High Voltage,FJ32N100J101ET,FJ,1210,NP0 (C0G); ±5%; Ag/Ni/Sn; 7-inch Reeled,100V,10 pF,,,,,,,Published
MLCC,Anti-Arcing High Voltage,FJ32N100J101EG,FJ,1210,NP0 (C0G); ±5%; Ag/Ni/Sn; 13-inch Reeled,100V,10 pF,,,,,,,Published
MLCC,Anti-Arcing High Voltage,FJ32N100J202PT,FJ,1210,NP0 (C0G); ±5%; Pd/Ag; 7-inch Reeled,2000V,10 pF,,,,,,,Published
MLCC,Anti-Arcing High Voltage,FJ32N100J202PG,FJ,1210,NP0 (C0G); ±5%; Pd/Ag; 13-inch Reeled,2000V,10 pF,,,,,,,Published
MLCC,Anti-Arcing High Voltage,FJ32N100J202ET,FJ,1210,NP0 (C0G); ±5%; Ag/Ni/Sn; 7-inch Reeled,2000V,10 pF,,,,,,,Published
MLCC,Anti-Arcing High Voltage,FJ32N100J202EG,FJ,1210,NP0 (C0G); ±5%; Ag/Ni/Sn; 13-inch Reeled,2000V,10 pF,,,,,,,Published
MLCC,Anti-Arcing High Voltage,FJ32N100K101PT,FJ,1210,NP0 (C0G); ±10%; Pd/Ag; 7-inch Reeled,100V,10 pF,,,,,,,Published
MLCC,Anti-Arcing High Voltage,FJ32N100K101PG,FJ,1210,NP0 (C0G); ±10%; Pd/Ag; 13-inch Reeled,100V,10 pF,,,,,,,Published
MLCC,Anti-Arcing High Voltage,FJ32N100K101ET,FJ,1210,NP0 (C0G); ±10%; Ag/Ni/Sn; 7-inch Reeled,100V,10 pF,,,,,,,Published
MLCC,Anti-Arcing High Voltage,FJ32N100K101EG,FJ,1210,NP0 (C0G); ±10%; Ag/Ni/Sn; 13-inch Reeled,100V,10 pF,,,,,,,Published
MLCC,Anti-Arcing High Voltage,FJ32N100K202PT,FJ,1210,NP0 (C0G); ±10%; Pd/Ag; 7-inch Reeled,2000V,10 pF,,,,,,,Published
MLCC,Anti-Arcing High Voltage,FJ32N100K202PG,FJ,1210,NP0 (C0G); ±10%; Pd/Ag; 13-inch Reeled,2000V,10 pF,,,,,,,Published
MLCC,Anti-Arcing High Voltage,FJ32N100K202ET,FJ,1210,NP0 (C0G); ±10%; Ag/Ni/Sn; 7-inch Reeled,2000V,10 pF,,,,,,,Published
MLCC,Anti-Arcing High Voltage,FJ32N100K202EG,FJ,1210,NP0 (C0G); ±10%; Ag/Ni/Sn; 13-inch Reeled,2000V,10 pF,,,,,,,Published
MLCC,Anti-Arcing High Voltage,FJ32N101J101PT,FJ,1210,NP0 (C0G); ±5%; Pd/Ag; 7-inch Reeled,100V,100 pF,,,,,,,Published
MLCC,Anti-Arcing High Voltage,FJ32N101J101PG,FJ,1210,NP0 (C0G); ±5%; Pd/Ag; 13-inch Reeled,100V,100 pF,,,,,,,Published
MLCC,Anti-Arcing High Voltage,FJ32N101J101ET,FJ,1210,NP0 (C0G); ±5%; Ag/Ni/Sn; 7-inch Reeled,100V,100 pF,,,,,,,Published
MLCC,Anti-Arcing High Voltage,FJ32N101J101EG,FJ,1210,NP0 (C0G); ±5%; Ag/Ni/Sn; 13-inch Reeled,100V,100 pF,,,,,,,Published
MLCC,Anti-Arcing High Voltage,FJ32N101J202PT,FJ,1210,NP0 (C0G); ±5%; Pd/Ag; 7-inch Reeled,2000V,100 pF,,,,,,,Published
MLCC,Anti-Arcing High Voltage,FJ32N101J202PG,FJ,1210,NP0 (C0G); ±5%; Pd/Ag; 13-inch Reeled,2000V,100 pF,,,,,,,Published
MLCC,Anti-Arcing High Voltage,FJ32N101J202ET,FJ,1210,NP0 (C0G); ±5%; Ag/Ni/Sn; 7-inch Reeled,2000V,100 pF,,,,,,,Published
MLCC,Anti-Arcing High Voltage,FJ32N101J202EG,FJ,1210,NP0 (C0G); ±5%; Ag/Ni/Sn; 13-inch Reeled,2000V,100 pF,,,,,,,Published
MLCC,Anti-Arcing High Voltage,FJ32N101K101PT,FJ,1210,NP0 (C0G); ±10%; Pd/Ag; 7-inch Reeled,100V,100 pF,,,,,,,Published
MLCC,Anti-Arcing High Voltage,FJ32N101K101PG,FJ,1210,NP0 (C0G); ±10%; Pd/Ag; 13-inch Reeled,100V,100 pF,,,,,,,Published
MLCC,Anti-Arcing High Voltage,FJ32N101K101ET,FJ,1210,NP0 (C0G); ±10%; Ag/Ni/Sn; 7-inch Reeled,100V,100 pF,,,,,,,Published
MLCC,Anti-Arcing High Voltage,FJ32N101K101EG,FJ,1210,NP0 (C0G); ±10%; Ag/Ni/Sn; 13-inch Reeled,100V,100 pF,,,,,,,Published
MLCC,Anti-Arcing High Voltage,FJ32N101K202PT,FJ,1210,NP0 (C0G); ±10%; Pd/Ag; 7-inch Reeled,2000V,100 pF,,,,,,,Published
MLCC,Anti-Arcing High Voltage,FJ32N101K202PG,FJ,1210,NP0 (C0G); ±10%; Pd/Ag; 13-inch Reeled,2000V,100 pF,,,,,,,Published
MLCC,Anti-Arcing High Voltage,FJ32N101K202ET,FJ,1210,NP0 (C0G); ±10%; Ag/Ni/Sn; 7-inch Reeled,2000V,100 pF,,,,,,,Published
MLCC,Anti-Arcing High Voltage,FJ32N101K202EG,FJ,1210,NP0 (C0G); ±10%; Ag/Ni/Sn; 13-inch Reeled,2000V,100 pF,,,,,,,Published
MLCC,Anti-Arcing High Voltage,FJ32N102J101PT,FJ,1210,NP0 (C0G); ±5%; Pd/Ag; 7-inch Reeled,100V,1 nF,,,,,,,Published
MLCC,Anti-Arcing High Voltage,FJ32N102J101PG,FJ,1210,NP0 (C0G); ±5%; Pd/Ag; 13-inch Reeled,100V,1 nF,,,,,,,Published
MLCC,Anti-Arcing High Voltage,FJ32N102J101ET,FJ,1210,NP0 (C0G); ±5%; Ag/Ni/Sn; 7-inch Reeled,100V,1 nF,,,,,,,Published
MLCC,Anti-Arcing High Voltage,FJ32N102J101EG,FJ,1210,NP0 (C0G); ±5%; Ag/Ni/Sn; 13-inch Reeled,100V,1 nF,,,,,,,Published
MLCC,Anti-Arcing High Voltage,FJ32N102J202PT,FJ,1210,NP0 (C0G); ±5%; Pd/Ag; 7-inch Reeled,2000V,1 nF,,,,,,,Published
MLCC,Anti-Arcing High Voltage,FJ32N102J202PG,FJ,1210,NP0 (C0G); ±5%; Pd/Ag; 13-inch Reeled,2000V,1 nF,,,,,,,Published
MLCC,Anti-Arcing High Voltage,FJ32N102J202ET,FJ,1210,NP0 (C0G); ±5%; Ag/Ni/Sn; 7-inch Reeled,2000V,1 nF,,,,,,,Published
MLCC,Anti-Arcing High Voltage,FJ32N102J202EG,FJ,1210,NP0 (C0G); ±5%; Ag/Ni/Sn; 13-inch Reeled,2000V,1 nF,,,,,,,Published
MLCC,Anti-Arcing High Voltage,FJ32N102K101PT,FJ,1210,NP0 (C0G); ±10%; Pd/Ag; 7-inch Reeled,100V,1 nF,,,,,,,Published
MLCC,Anti-Arcing High Voltage,FJ32N102K101PG,FJ,1210,NP0 (C0G); ±10%; Pd/Ag; 13-inch Reeled,100V,1 nF,,,,,,,Published
MLCC,Anti-Arcing High Voltage,FJ32N102K101ET,FJ,1210,NP0 (C0G); ±10%; Ag/Ni/Sn; 7-inch Reeled,100V,1 nF,,,,,,,Published
MLCC,Anti-Arcing High Voltage,FJ32N102K101EG,FJ,1210,NP0 (C0G); ±10%; Ag/Ni/Sn; 13-inch Reeled,100V,1 nF,,,,,,,Published
MLCC,Anti-Arcing High Voltage,FJ32N102K202PT,FJ,1210,NP0 (C0G); ±10%; Pd/Ag; 7-inch Reeled,2000V,1 nF,,,,,,,Published
MLCC,Anti-Arcing High Voltage,FJ32N102K202PG,FJ,1210,NP0 (C0G); ±10%; Pd/Ag; 13-inch Reeled,2000V,1 nF,,,,,,,Published
MLCC,Anti-Arcing High Voltage,FJ32N102K202ET,FJ,1210,NP0 (C0G); ±10%; Ag/Ni/Sn; 7-inch Reeled,2000V,1 nF,,,,,,,Published
MLCC,Anti-Arcing High Voltage,FJ32N102K202EG,FJ,1210,NP0 (C0G); ±10%; Ag/Ni/Sn; 13-inch Reeled,2000V,1 nF,,,,,,,Published
MLCC,Anti-Arcing High Voltage,FJ32N103J101PT,FJ,1210,NP0 (C0G); ±5%; Pd/Ag; 7-inch Reeled,100V,10 nF,,,,,,,Published
MLCC,Anti-Arcing High Voltage,FJ32N103J101PG,FJ,1210,NP0 (C0G); ±5%; Pd/Ag; 13-inch Reeled,100V,10 nF,,,,,,,Published
MLCC,Anti-Arcing High Voltage,FJ32N103J101ET,FJ,1210,NP0 (C0G); ±5%; Ag/Ni/Sn; 7-inch Reeled,100V,10 nF,,,,,,,Published
MLCC,Anti-Arcing High Voltage,FJ32N103J101EG,FJ,1210,NP0 (C0G); ±5%; Ag/Ni/Sn; 13-inch Reeled,100V,10 nF,,,,,,,Published
MLCC,Anti-Arcing High Voltage,FJ32N103J202PT,FJ,1210,NP0 (C0G); ±5%; Pd/Ag; 7-inch Reeled,2000V,10 nF,,,,,,,Published
MLCC,Anti-Arcing High Voltage,FJ32N103J202PG,FJ,1210,NP0 (C0G); ±5%; Pd/Ag; 13-inch Reeled,2000V,10 nF,,,,,,,Published
MLCC,Anti-Arcing High Voltage,FJ32N103J202ET,FJ,1210,NP0 (C0G); ±5%; Ag/Ni/Sn; 7-inch Reeled,2000V,10 nF,,,,,,,Published
MLCC,Anti-Arcing High Voltage,FJ32N103J202EG,FJ,1210,NP0 (C0G); ±5%; Ag/Ni/Sn; 13-inch Reeled,2000V,10 nF,,,,,,,Published
MLCC,Anti-Arcing High Voltage,FJ32N103K101PT,FJ,1210,NP0 (C0G); ±10%; Pd/Ag; 7-inch Reeled,100V,10 nF,,,,,,,Published
MLCC,Anti-Arcing High Voltage,FJ32N103K101PG,FJ,1210,NP0 (C0G); ±10%; Pd/Ag; 13-inch Reeled,100V,10 nF,,,,,,,Published
MLCC,Anti-Arcing High Voltage,FJ32N103K101ET,FJ,1210,NP0 (C0G); ±10%; Ag/Ni/Sn; 7-inch Reeled,100V,10 nF,,,,,,,Published
MLCC,Anti-Arcing High Voltage,FJ32N103K101EG,FJ,1210,NP0 (C0G); ±10%; Ag/Ni/Sn; 13-inch Reeled,100V,10 nF,,,,,,,Published
MLCC,Anti-Arcing High Voltage,FJ32N103K202PT,FJ,1210,NP0 (C0G); ±10%; Pd/Ag; 7-inch Reeled,2000V,10 nF,,,,,,,Published
MLCC,Anti-Arcing High Voltage,FJ32N103K202PG,FJ,1210,NP0 (C0G); ±10%; Pd/Ag; 13-inch Reeled,2000V,10 nF,,,,,,,Published
MLCC,Anti-Arcing High Voltage,FJ32N103K202ET,FJ,1210,NP0 (C0G); ±10%; Ag/Ni/Sn; 7-inch Reeled,2000V,10 nF,,,,,,,Published
MLCC,Anti-Arcing High Voltage,FJ32N103K202EG,FJ,1210,NP0 (C0G); ±10%; Ag/Ni/Sn; 13-inch Reeled,2000V,10 nF,,,,,,,Published
MLCC,Anti-Arcing High Voltage,FJ32N104J101PT,FJ,1210,NP0 (C0G); ±5%; Pd/Ag; 7-inch Reeled,100V,100 nF,,,,,,,Published
MLCC,Anti-Arcing High Voltage,FJ32N104J101PG,FJ,1210,NP0 (C0G); ±5%; Pd/Ag; 13-inch Reeled,100V,100 nF,,,,,,,Published
MLCC,Anti-Arcing High Voltage,FJ32N104J101ET,FJ,1210,NP0 (C0G); ±5%; Ag/Ni/Sn; 7-inch Reeled,100V,100 nF,,,,,,,Published
MLCC,Anti-Arcing High Voltage,FJ32N104J101EG,FJ,1210,NP0 (C0G); ±5%; Ag/Ni/Sn; 13-inch Reeled,100V,100 nF,,,,,,,Published
MLCC,Anti-Arcing High Voltage,FJ32N104J202PT,FJ,1210,NP0 (C0G); ±5%; Pd/Ag; 7-inch Reeled,2000V,100 nF,,,,,,,Published
MLCC,Anti-Arcing High Voltage,FJ32N104J202PG,FJ,1210,NP0 (C0G); ±5%; Pd/Ag; 13-inch Reeled,2000V,100 nF,,,,,,,Published
MLCC,Anti-Arcing High Voltage,FJ32N104J202ET,FJ,1210,NP0 (C0G); ±5%; Ag/Ni/Sn; 7-inch Reeled,2000V,100 nF,,,,,,,Published
MLCC,Anti-Arcing High Voltage,FJ32N104J202EG,FJ,1210,NP0 (C0G); ±5%; Ag/Ni/Sn; 13-inch Reeled,2000V,100 nF,,,,,,,Published
MLCC,Anti-Arcing High Voltage,FJ32N104K101PT,FJ,1210,NP0 (C0G); ±10%; Pd/Ag; 7-inch Reeled,100V,100 nF,,,,,,,Published
MLCC,Anti-Arcing High Voltage,FJ32N104K101PG,FJ,1210,NP0 (C0G); ±10%; Pd/Ag; 13-inch Reeled,100V,100 nF,,,,,,,Published
MLCC,Anti-Arcing High Voltage,FJ32N104K101ET,FJ,1210,NP0 (C0G); ±10%; Ag/Ni/Sn; 7-inch Reeled,100V,100 nF,,,,,,,Published
MLCC,Anti-Arcing High Voltage,FJ32N104K101EG,FJ,1210,NP0 (C0G); ±10%; Ag/Ni/Sn; 13-inch Reeled,100V,100 nF,,,,,,,Published
MLCC,Anti-Arcing High Voltage,FJ32N104K202PT,FJ,1210,NP0 (C0G); ±10%; Pd/Ag; 7-inch Reeled,2000V,100 nF,,,,,,,Published
MLCC,Anti-Arcing High Voltage,FJ32N104K202PG,FJ,1210,NP0 (C0G); ±10%; Pd/Ag; 13-inch Reeled,2000V,100 nF,,,,,,,Published
MLCC,Anti-Arcing High Voltage,FJ32N104K202ET,FJ,1210,NP0 (C0G); ±10%; Ag/Ni/Sn; 7-inch Reeled,2000V,100 nF,,,,,,,Published
MLCC,Anti-Arcing High Voltage,FJ32N104K202EG,FJ,1210,NP0 (C0G); ±10%; Ag/Ni/Sn; 13-inch Reeled,2000V,100 nF,,,,,,,Published
MLCC,Anti-Arcing High Voltage,FJ32N150J101PT,FJ,1210,NP0 (C0G); ±5%; Pd/Ag; 7-inch Reeled,100V,15 pF,,,,,,,Published
MLCC,Anti-Arcing High Voltage,FJ32N150J101PG,FJ,1210,NP0 (C0G); ±5%; Pd/Ag; 13-inch Reeled,100V,15 pF,,,,,,,Published
MLCC,Anti-Arcing High Voltage,FJ32N150J101ET,FJ,1210,NP0 (C0G); ±5%; Ag/Ni/Sn; 7-inch Reeled,100V,15 pF,,,,,,,Published
MLCC,Anti-Arcing High Voltage,FJ32N150J101EG,FJ,1210,NP0 (C0G); ±5%; Ag/Ni/Sn; 13-inch Reeled,100V,15 pF,,,,,,,Published
MLCC,Anti-Arcing High Voltage,FJ32N150J202PT,FJ,1210,NP0 (C0G); ±5%; Pd/Ag; 7-inch Reeled,2000V,15 pF,,,,,,,Published
MLCC,Anti-Arcing High Voltage,FJ32N150J202PG,FJ,1210,NP0 (C0G); ±5%; Pd/Ag; 13-inch Reeled,2000V,15 pF,,,,,,,Published
MLCC,Anti-Arcing High Voltage,FJ32N150J202ET,FJ,1210,NP0 (C0G); ±5%; Ag/Ni/Sn; 7-inch Reeled,2000V,15 pF,,,,,,,Published
MLCC,Anti-Arcing High Voltage,FJ32N150J202EG,FJ,1210,NP0 (C0G); ±5%; Ag/Ni/Sn; 13-inch Reeled,2000V,15 pF,,,,,,,Published
MLCC,Anti-Arcing High Voltage,FJ32N150K101PT,FJ,1210,NP0 (C0G); ±10%; Pd/Ag; 7-inch Reeled,100V,15 pF,,,,,,,Published
MLCC,Anti-Arcing High Voltage,FJ32N150K101PG,FJ,1210,NP0 (C0G); ±10%; Pd/Ag; 13-inch Reeled,100V,15 pF,,,,,,,Published
MLCC,Anti-Arcing High Voltage,FJ32N150K101ET,FJ,1210,NP0 (C0G); ±10%; Ag/Ni/Sn; 7-inch Reeled,100V,15 pF,,,,,,,Published
MLCC,Anti-Arcing High Voltage,FJ32N150K101EG,FJ,1210,NP0 (C0G); ±10%; Ag/Ni/Sn; 13-inch Reeled,100V,15 pF,,,,,,,Published
MLCC,Anti-Arcing High Voltage,FJ32N150K202PT,FJ,1210,NP0 (C0G); ±10%; Pd/Ag; 7-inch Reeled,2000V,15 pF,,,,,,,Published
MLCC,Anti-Arcing High Voltage,FJ32N150K202PG,FJ,1210,NP0 (C0G); ±10%; Pd/Ag; 13-inch Reeled,2000V,15 pF,,,,,,,Published
MLCC,Anti-Arcing High Voltage,FJ32N150K202ET,FJ,1210,NP0 (C0G); ±10%; Ag/Ni/Sn; 7-inch Reeled,2000V,15 pF,,,,,,,Published
MLCC,Anti-Arcing High Voltage,FJ32N150K202EG,FJ,1210,NP0 (C0G); ±10%; Ag/Ni/Sn; 13-inch Reeled,2000V,15 pF,,,,,,,Published
MLCC,Anti-Arcing High Voltage,FJ32N151J101PT,FJ,1210,NP0 (C0G); ±5%; Pd/Ag; 7-inch Reeled,100V,150 pF,,,,,,,Published
MLCC,Anti-Arcing High Voltage,FJ32N151J101PG,FJ,1210,NP0 (C0G); ±5%; Pd/Ag; 13-inch Reeled,100V,150 pF,,,,,,,Published
MLCC,Anti-Arcing High Voltage,FJ32N151J101ET,FJ,1210,NP0 (C0G); ±5%; Ag/Ni/Sn; 7-inch Reeled,100V,150 pF,,,,,,,Published
MLCC,Anti-Arcing High Voltage,FJ32N151J101EG,FJ,1210,NP0 (C0G); ±5%; Ag/Ni/Sn; 13-inch Reeled,100V,150 pF,,,,,,,Published
MLCC,Anti-Arcing High Voltage,FJ32N151J202PT,FJ,1210,NP0 (C0G); ±5%; Pd/Ag; 7-inch Reeled,2000V,150 pF,,,,,,,Published
MLCC,Anti-Arcing High Voltage,FJ32N151J202PG,FJ,1210,NP0 (C0G); ±5%; Pd/Ag; 13-inch Reeled,2000V,150 pF,,,,,,,Published
MLCC,Anti-Arcing High Voltage,FJ32N151J202ET,FJ,1210,NP0 (C0G); ±5%; Ag/Ni/Sn; 7-inch Reeled,2000V,150 pF,,,,,,,Published
MLCC,Anti-Arcing High Voltage,FJ32N151J202EG,FJ,1210,NP0 (C0G); ±5%; Ag/Ni/Sn; 13-inch Reeled,2000V,150 pF,,,,,,,Published
MLCC,Anti-Arcing High Voltage,FJ32N151K101PT,FJ,1210,NP0 (C0G); ±10%; Pd/Ag; 7-inch Reeled,100V,150 pF,,,,,,,Published
MLCC,Anti-Arcing High Voltage,FJ32N151K101PG,FJ,1210,NP0 (C0G); ±10%; Pd/Ag; 13-inch Reeled,100V,150 pF,,,,,,,Published
MLCC,Anti-Arcing High Voltage,FJ32N151K101ET,FJ,1210,NP0 (C0G); ±10%; Ag/Ni/Sn; 7-inch Reeled,100V,150 pF,,,,,,,Published
MLCC,Anti-Arcing High Voltage,FJ32N151K101EG,FJ,1210,NP0 (C0G); ±10%; Ag/Ni/Sn; 13-inch Reeled,100V,150 pF,,,,,,,Published
MLCC,Anti-Arcing High Voltage,FJ32N151K202PT,FJ,1210,NP0 (C0G); ±10%; Pd/Ag; 7-inch Reeled,2000V,150 pF,,,,,,,Published
MLCC,Anti-Arcing High Voltage,FJ32N151K202PG,FJ,1210,NP0 (C0G); ±10%; Pd/Ag; 13-inch Reeled,2000V,150 pF,,,,,,,Published
MLCC,Anti-Arcing High Voltage,FJ32N151K202ET,FJ,1210,NP0 (C0G); ±10%; Ag/Ni/Sn; 7-inch Reeled,2000V,150 pF,,,,,,,Published
MLCC,Anti-Arcing High Voltage,FJ32N151K202EG,FJ,1210,NP0 (C0G); ±10%; Ag/Ni/Sn; 13-inch Reeled,2000V,150 pF,,,,,,,Published
MLCC,Anti-Arcing High Voltage,FJ32N152J101PT,FJ,1210,NP0 (C0G); ±5%; Pd/Ag; 7-inch Reeled,100V,1.5 nF,,,,,,,Published
MLCC,Anti-Arcing High Voltage,FJ32N152J101PG,FJ,1210,NP0 (C0G); ±5%; Pd/Ag; 13-inch Reeled,100V,1.5 nF,,,,,,,Published
MLCC,Anti-Arcing High Voltage,FJ32N152J101ET,FJ,1210,NP0 (C0G); ±5%; Ag/Ni/Sn; 7-inch Reeled,100V,1.5 nF,,,,,,,Published
MLCC,Anti-Arcing High Voltage,FJ32N152J101EG,FJ,1210,NP0 (C0G); ±5%; Ag/Ni/Sn; 13-inch Reeled,100V,1.5 nF,,,,,,,Published
MLCC,Anti-Arcing High Voltage,FJ32N152J202PT,FJ,1210,NP0 (C0G); ±5%; Pd/Ag; 7-inch Reeled,2000V,1.5 nF,,,,,,,Published
MLCC,Anti-Arcing High Voltage,FJ32N152J202PG,FJ,1210,NP0 (C0G); ±5%; Pd/Ag; 13-inch Reeled,2000V,1.5 nF,,,,,,,Published
MLCC,Anti-Arcing High Voltage,FJ32N152J202ET,FJ,1210,NP0 (C0G); ±5%; Ag/Ni/Sn; 7-inch Reeled,2000V,1.5 nF,,,,,,,Published
MLCC,Anti-Arcing High Voltage,FJ32N152J202EG,FJ,1210,NP0 (C0G); ±5%; Ag/Ni/Sn; 13-inch Reeled,2000V,1.5 nF,,,,,,,Published
MLCC,Anti-Arcing High Voltage,FJ32N152K101PT,FJ,1210,NP0 (C0G); ±10%; Pd/Ag; 7-inch Reeled,100V,1.5 nF,,,,,,,Published
MLCC,Anti-Arcing High Voltage,FJ32N152K101PG,FJ,1210,NP0 (C0G); ±10%; Pd/Ag; 13-inch Reeled,100V,1.5 nF,,,,,,,Published
MLCC,Anti-Arcing High Voltage,FJ32N152K101ET,FJ,1210,NP0 (C0G); ±10%; Ag/Ni/Sn; 7-inch Reeled,100V,1.5 nF,,,,,,,Published
MLCC,Anti-Arcing High Voltage,FJ32N152K101EG,FJ,1210,NP0 (C0G); ±10%; Ag/Ni/Sn; 13-inch Reeled,100V,1.5 nF,,,,,,,Published
MLCC,Anti-Arcing High Voltage,FJ32N152K202PT,FJ,1210,NP0 (C0G); ±10%; Pd/Ag; 7-inch Reeled,2000V,1.5 nF,,,,,,,Published
MLCC,Anti-Arcing High Voltage,FJ32N152K202PG,FJ,1210,NP0 (C0G); ±10%; Pd/Ag; 13-inch Reeled,2000V,1.5 nF,,,,,,,Published
MLCC,Anti-Arcing High Voltage,FJ32N152K202ET,FJ,1210,NP0 (C0G); ±10%; Ag/Ni/Sn; 7-inch Reeled,2000V,1.5 nF,,,,,,,Published
MLCC,Anti-Arcing High Voltage,FJ32N152K202EG,FJ,1210,NP0 (C0G); ±10%; Ag/Ni/Sn; 13-inch Reeled,2000V,1.5 nF,,,,,,,Published
MLCC,Anti-Arcing High Voltage,FJ32N153J101PT,FJ,1210,NP0 (C0G); ±5%; Pd/Ag; 7-inch Reeled,100V,15 nF,,,,,,,Published
MLCC,Anti-Arcing High Voltage,FJ32N153J101PG,FJ,1210,NP0 (C0G); ±5%; Pd/Ag; 13-inch Reeled,100V,15 nF,,,,,,,Published
MLCC,Anti-Arcing High Voltage,FJ32N153J101ET,FJ,1210,NP0 (C0G); ±5%; Ag/Ni/Sn; 7-inch Reeled,100V,15 nF,,,,,,,Published
MLCC,Anti-Arcing High Voltage,FJ32N153J101EG,FJ,1210,NP0 (C0G); ±5%; Ag/Ni/Sn; 13-inch Reeled,100V,15 nF,,,,,,,Published
MLCC,Anti-Arcing High Voltage,FJ32N153J202PT,FJ,1210,NP0 (C0G); ±5%; Pd/Ag; 7-inch Reeled,2000V,15 nF,,,,,,,Published
MLCC,Anti-Arcing High Voltage,FJ32N153J202PG,FJ,1210,NP0 (C0G); ±5%; Pd/Ag; 13-inch Reeled,2000V,15 nF,,,,,,,Published
MLCC,Anti-Arcing High Voltage,FJ32N153J202ET,FJ,1210,NP0 (C0G); ±5%; Ag/Ni/Sn; 7-inch Reeled,2000V,15 nF,,,,,,,Published
MLCC,Anti-Arcing High Voltage,FJ32N153J202EG,FJ,1210,NP0 (C0G); ±5%; Ag/Ni/Sn; 13-inch Reeled,2000V,15 nF,,,,,,,Published
MLCC,Anti-Arcing High Voltage,FJ32N153K101PT,FJ,1210,NP0 (C0G); ±10%; Pd/Ag; 7-inch Reeled,100V,15 nF,,,,,,,Published
MLCC,Anti-Arcing High Voltage,FJ32N153K101PG,FJ,1210,NP0 (C0G); ±10%; Pd/Ag; 13-inch Reeled,100V,15 nF,,,,,,,Published
MLCC,Anti-Arcing High Voltage,FJ32N153K101ET,FJ,1210,NP0 (C0G); ±10%; Ag/Ni/Sn; 7-inch Reeled,100V,15 nF,,,,,,,Published
MLCC,Anti-Arcing High Voltage,FJ32N153K101EG,FJ,1210,NP0 (C0G); ±10%; Ag/Ni/Sn; 13-inch Reeled,100V,15 nF,,,,,,,Published
MLCC,Anti-Arcing High Voltage,FJ32N153K202PT,FJ,1210,NP0 (C0G); ±10%; Pd/Ag; 7-inch Reeled,2000V,15 nF,,,,,,,Published
MLCC,Anti-Arcing High Voltage,FJ32N153K202PG,FJ,1210,NP0 (C0G); ±10%; Pd/Ag; 13-inch Reeled,2000V,15 nF,,,,,,,Published
MLCC,Anti-Arcing High Voltage,FJ32N153K202ET,FJ,1210,NP0 (C0G); ±10%; Ag/Ni/Sn; 7-inch Reeled,2000V,15 nF,,,,,,,Published
MLCC,Anti-Arcing High Voltage,FJ32N153K202EG,FJ,1210,NP0 (C0G); ±10%; Ag/Ni/Sn; 13-inch Reeled,2000V,15 nF,,,,,,,Published
MLCC,Anti-Arcing High Voltage,FJ32N154J101PT,FJ,1210,NP0 (C0G); ±5%; Pd/Ag; 7-inch Reeled,100V,150 nF,,,,,,,Published
MLCC,Anti-Arcing High Voltage,FJ32N154J101PG,FJ,1210,NP0 (C0G); ±5%; Pd/Ag; 13-inch Reeled,100V,150 nF,,,,,,,Published
MLCC,Anti-Arcing High Voltage,FJ32N154J101ET,FJ,1210,NP0 (C0G); ±5%; Ag/Ni/Sn; 7-inch Reeled,100V,150 nF,,,,,,,Published
MLCC,Anti-Arcing High Voltage,FJ32N154J101EG,FJ,1210,NP0 (C0G); ±5%; Ag/Ni/Sn; 13-inch Reeled,100V,150 nF,,,,,,,Published
MLCC,Anti-Arcing High Voltage,FJ32N154J202PT,FJ,1210,NP0 (C0G); ±5%; Pd/Ag; 7-inch Reeled,2000V,150 nF,,,,,,,Published
MLCC,Anti-Arcing High Voltage,FJ32N154J202PG,FJ,1210,NP0 (C0G); ±5%; Pd/Ag; 13-inch Reeled,2000V,150 nF,,,,,,,Published
MLCC,Anti-Arcing High Voltage,FJ32N154J202ET,FJ,1210,NP0 (C0G); ±5%; Ag/Ni/Sn; 7-inch Reeled,2000V,150 nF,,,,,,,Published
MLCC,Anti-Arcing High Voltage,FJ32N154J202EG,FJ,1210,NP0 (C0G); ±5%; Ag/Ni/Sn; 13-inch Reeled,2000V,150 nF,,,,,,,Published
MLCC,Anti-Arcing High Voltage,FJ32N154K101PT,FJ,1210,NP0 (C0G); ±10%; Pd/Ag; 7-inch Reeled,100V,150 nF,,,,,,,Published
MLCC,Anti-Arcing High Voltage,FJ32N154K101PG,FJ,1210,NP0 (C0G); ±10%; Pd/Ag; 13-inch Reeled,100V,150 nF,,,,,,,Published
MLCC,Anti-Arcing High Voltage,FJ32N154K101ET,FJ,1210,NP0 (C0G); ±10%; Ag/Ni/Sn; 7-inch Reeled,100V,150 nF,,,,,,,Published
MLCC,Anti-Arcing High Voltage,FJ32N154K101EG,FJ,1210,NP0 (C0G); ±10%; Ag/Ni/Sn; 13-inch Reeled,100V,150 nF,,,,,,,Published
MLCC,Anti-Arcing High Voltage,FJ32N154K202PT,FJ,1210,NP0 (C0G); ±10%; Pd/Ag; 7-inch Reeled,2000V,150 nF,,,,,,,Published
MLCC,Anti-Arcing High Voltage,FJ32N154K202PG,FJ,1210,NP0 (C0G); ±10%; Pd/Ag; 13-inch Reeled,2000V,150 nF,,,,,,,Published
MLCC,Anti-Arcing High Voltage,FJ32N154K202ET,FJ,1210,NP0 (C0G); ±10%; Ag/Ni/Sn; 7-inch Reeled,2000V,150 nF,,,,,,,Published
MLCC,Anti-Arcing High Voltage,FJ32N154K202EG,FJ,1210,NP0 (C0G); ±10%; Ag/Ni/Sn; 13-inch Reeled,2000V,150 nF,,,,,,,Published
MLCC,Anti-Arcing High Voltage,FJ32N220J101PT,FJ,1210,NP0 (C0G); ±5%; Pd/Ag; 7-inch Reeled,100V,22 pF,,,,,,,Published
MLCC,Anti-Arcing High Voltage,FJ32N220J101PG,FJ,1210,NP0 (C0G); ±5%; Pd/Ag; 13-inch Reeled,100V,22 pF,,,,,,,Published
MLCC,Anti-Arcing High Voltage,FJ32N220J101ET,FJ,1210,NP0 (C0G); ±5%; Ag/Ni/Sn; 7-inch Reeled,100V,22 pF,,,,,,,Published
MLCC,Anti-Arcing High Voltage,FJ32N220J101EG,FJ,1210,NP0 (C0G); ±5%; Ag/Ni/Sn; 13-inch Reeled,100V,22 pF,,,,,,,Published
MLCC,Anti-Arcing High Voltage,FJ32N220J202PT,FJ,1210,NP0 (C0G); ±5%; Pd/Ag; 7-inch Reeled,2000V,22 pF,,,,,,,Published
MLCC,Anti-Arcing High Voltage,FJ32N220J202PG,FJ,1210,NP0 (C0G); ±5%; Pd/Ag; 13-inch Reeled,2000V,22 pF,,,,,,,Published
MLCC,Anti-Arcing High Voltage,FJ32N220J202ET,FJ,1210,NP0 (C0G); ±5%; Ag/Ni/Sn; 7-inch Reeled,2000V,22 pF,,,,,,,Published
MLCC,Anti-Arcing High Voltage,FJ32N220J202EG,FJ,1210,NP0 (C0G); ±5%; Ag/Ni/Sn; 13-inch Reeled,2000V,22 pF,,,,,,,Published
MLCC,Anti-Arcing High Voltage,FJ32N220K101PT,FJ,1210,NP0 (C0G); ±10%; Pd/Ag; 7-inch Reeled,100V,22 pF,,,,,,,Published
MLCC,Anti-Arcing High Voltage,FJ32N220K101PG,FJ,1210,NP0 (C0G); ±10%; Pd/Ag; 13-inch Reeled,100V,22 pF,,,,,,,Published
MLCC,Anti-Arcing High Voltage,FJ32N220K101ET,FJ,1210,NP0 (C0G); ±10%; Ag/Ni/Sn; 7-inch Reeled,100V,22 pF,,,,,,,Published
MLCC,Anti-Arcing High Voltage,FJ32N220K101EG,FJ,1210,NP0 (C0G); ±10%; Ag/Ni/Sn; 13-inch Reeled,100V,22 pF,,,,,,,Published
MLCC,Anti-Arcing High Voltage,FJ32N220K202PT,FJ,1210,NP0 (C0G); ±10%; Pd/Ag; 7-inch Reeled,2000V,22 pF,,,,,,,Published
MLCC,Anti-Arcing High Voltage,FJ32N220K202PG,FJ,1210,NP0 (C0G); ±10%; Pd/Ag; 13-inch Reeled,2000V,22 pF,,,,,,,Published
MLCC,Anti-Arcing High Voltage,FJ32N220K202ET,FJ,1210,NP0 (C0G); ±10%; Ag/Ni/Sn; 7-inch Reeled,2000V,22 pF,,,,,,,Published
MLCC,Anti-Arcing High Voltage,FJ32N220K202EG,FJ,1210,NP0 (C0G); ±10%; Ag/Ni/Sn; 13-inch Reeled,2000V,22 pF,,,,,,,Published
MLCC,Anti-Arcing High Voltage,FJ32N221J101PT,FJ,1210,NP0 (C0G); ±5%; Pd/Ag; 7-inch Reeled,100V,220 pF,,,,,,,Published
MLCC,Anti-Arcing High Voltage,FJ32N221J101PG,FJ,1210,NP0 (C0G); ±5%; Pd/Ag; 13-inch Reeled,100V,220 pF,,,,,,,Published
MLCC,Anti-Arcing High Voltage,FJ32N221J101ET,FJ,1210,NP0 (C0G); ±5%; Ag/Ni/Sn; 7-inch Reeled,100V,220 pF,,,,,,,Published
MLCC,Anti-Arcing High Voltage,FJ32N221J101EG,FJ,1210,NP0 (C0G); ±5%; Ag/Ni/Sn; 13-inch Reeled,100V,220 pF,,,,,,,Published
MLCC,Anti-Arcing High Voltage,FJ32N221J202PT,FJ,1210,NP0 (C0G); ±5%; Pd/Ag; 7-inch Reeled,2000V,220 pF,,,,,,,Published
MLCC,Anti-Arcing High Voltage,FJ32N221J202PG,FJ,1210,NP0 (C0G); ±5%; Pd/Ag; 13-inch Reeled,2000V,220 pF,,,,,,,Published
MLCC,Anti-Arcing High Voltage,FJ32N221J202ET,FJ,1210,NP0 (C0G); ±5%; Ag/Ni/Sn; 7-inch Reeled,2000V,220 pF,,,,,,,Published
MLCC,Anti-Arcing High Voltage,FJ32N221J202EG,FJ,1210,NP0 (C0G); ±5%; Ag/Ni/Sn; 13-inch Reeled,2000V,220 pF,,,,,,,Published
MLCC,Anti-Arcing High Voltage,FJ32N221K101PT,FJ,1210,NP0 (C0G); ±10%; Pd/Ag; 7-inch Reeled,100V,220 pF,,,,,,,Published
MLCC,Anti-Arcing High Voltage,FJ32N221K101PG,FJ,1210,NP0 (C0G); ±10%; Pd/Ag; 13-inch Reeled,100V,220 pF,,,,,,,Published
MLCC,Anti-Arcing High Voltage,FJ32N221K101ET,FJ,1210,NP0 (C0G); ±10%; Ag/Ni/Sn; 7-inch Reeled,100V,220 pF,,,,,,,Published
MLCC,Anti-Arcing High Voltage,FJ32N221K101EG,FJ,1210,NP0 (C0G); ±10%; Ag/Ni/Sn; 13-inch Reeled,100V,220 pF,,,,,,,Published
MLCC,Anti-Arcing High Voltage,FJ32N221K202PT,FJ,1210,NP0 (C0G); ±10%; Pd/Ag; 7-inch Reeled,2000V,220 pF,,,,,,,Published
MLCC,Anti-Arcing High Voltage,FJ32N221K202PG,FJ,1210,NP0 (C0G); ±10%; Pd/Ag; 13-inch Reeled,2000V,220 pF,,,,,,,Published
MLCC,Anti-Arcing High Voltage,FJ32N221K202ET,FJ,1210,NP0 (C0G); ±10%; Ag/Ni/Sn; 7-inch Reeled,2000V,220 pF,,,,,,,Published
MLCC,Anti-Arcing High Voltage,FJ32N221K202EG,FJ,1210,NP0 (C0G); ±10%; Ag/Ni/Sn; 13-inch Reeled,2000V,220 pF,,,,,,,Published
MLCC,Anti-Arcing High Voltage,FJ32N222J101PT,FJ,1210,NP0 (C0G); ±5%; Pd/Ag; 7-inch Reeled,100V,2.2 nF,,,,,,,Published
MLCC,Anti-Arcing High Voltage,FJ32N222J101PG,FJ,1210,NP0 (C0G); ±5%; Pd/Ag; 13-inch Reeled,100V,2.2 nF,,,,,,,Published
MLCC,Anti-Arcing High Voltage,FJ32N222J101ET,FJ,1210,NP0 (C0G); ±5%; Ag/Ni/Sn; 7-inch Reeled,100V,2.2 nF,,,,,,,Published
MLCC,Anti-Arcing High Voltage,FJ32N222J101EG,FJ,1210,NP0 (C0G); ±5%; Ag/Ni/Sn; 13-inch Reeled,100V,2.2 nF,,,,,,,Published
MLCC,Anti-Arcing High Voltage,FJ32N222J202PT,FJ,1210,NP0 (C0G); ±5%; Pd/Ag; 7-inch Reeled,2000V,2.2 nF,,,,,,,Published
MLCC,Anti-Arcing High Voltage,FJ32N222J202PG,FJ,1210,NP0 (C0G); ±5%; Pd/Ag; 13-inch Reeled,2000V,2.2 nF,,,,,,,Published
MLCC,Anti-Arcing High Voltage,FJ32N222J202ET,FJ,1210,NP0 (C0G); ±5%; Ag/Ni/Sn; 7-inch Reeled,2000V,2.2 nF,,,,,,,Published
MLCC,Anti-Arcing High Voltage,FJ32N222J202EG,FJ,1210,NP0 (C0G); ±5%; Ag/Ni/Sn; 13-inch Reeled,2000V,2.2 nF,,,,,,,Published
MLCC,Anti-Arcing High Voltage,FJ32N222K101PT,FJ,1210,NP0 (C0G); ±10%; Pd/Ag; 7-inch Reeled,100V,2.2 nF,,,,,,,Published
MLCC,Anti-Arcing High Voltage,FJ32N222K101PG,FJ,1210,NP0 (C0G); ±10%; Pd/Ag; 13-inch Reeled,100V,2.2 nF,,,,,,,Published
MLCC,Anti-Arcing High Voltage,FJ32N222K101ET,FJ,1210,NP0 (C0G); ±10%; Ag/Ni/Sn; 7-inch Reeled,100V,2.2 nF,,,,,,,Published
MLCC,Anti-Arcing High Voltage,FJ32N222K101EG,FJ,1210,NP0 (C0G); ±10%; Ag/Ni/Sn; 13-inch Reeled,100V,2.2 nF,,,,,,,Published
MLCC,Anti-Arcing High Voltage,FJ32N222K202PT,FJ,1210,NP0 (C0G); ±10%; Pd/Ag; 7-inch Reeled,2000V,2.2 nF,,,,,,,Published
MLCC,Anti-Arcing High Voltage,FJ32N222K202PG,FJ,1210,NP0 (C0G); ±10%; Pd/Ag; 13-inch Reeled,2000V,2.2 nF,,,,,,,Published
MLCC,Anti-Arcing High Voltage,FJ32N222K202ET,FJ,1210,NP0 (C0G); ±10%; Ag/Ni/Sn; 7-inch Reeled,2000V,2.2 nF,,,,,,,Published
MLCC,Anti-Arcing High Voltage,FJ32N222K202EG,FJ,1210,NP0 (C0G); ±10%; Ag/Ni/Sn; 13-inch Reeled,2000V,2.2 nF,,,,,,,Published
MLCC,Anti-Arcing High Voltage,FJ32N223J101PT,FJ,1210,NP0 (C0G); ±5%; Pd/Ag; 7-inch Reeled,100V,22 nF,,,,,,,Published
MLCC,Anti-Arcing High Voltage,FJ32N223J101PG,FJ,1210,NP0 (C0G); ±5%; Pd/Ag; 13-inch Reeled,100V,22 nF,,,,,,,Published
MLCC,Anti-Arcing High Voltage,FJ32N223J101ET,FJ,1210,NP0 (C0G); ±5%; Ag/Ni/Sn; 7-inch Reeled,100V,22 nF,,,,,,,Published
MLCC,Anti-Arcing High Voltage,FJ32N223J101EG,FJ,1210,NP0 (C0G); ±5%; Ag/Ni/Sn; 13-inch Reeled,100V,22 nF,,,,,,,Published
MLCC,Anti-Arcing High Voltage,FJ32N223J202PT,FJ,1210,NP0 (C0G); ±5%; Pd/Ag; 7-inch Reeled,2000V,22 nF,,,,,,,Published
MLCC,Anti-Arcing High Voltage,FJ32N223J202PG,FJ,1210,NP0 (C0G); ±5%; Pd/Ag; 13-inch Reeled,2000V,22 nF,,,,,,,Published
MLCC,Anti-Arcing High Voltage,FJ32N223J202ET,FJ,1210,NP0 (C0G); ±5%; Ag/Ni/Sn; 7-inch Reeled,2000V,22 nF,,,,,,,Published
MLCC,Anti-Arcing High Voltage,FJ32N223J202EG,FJ,1210,NP0 (C0G); ±5%; Ag/Ni/Sn; 13-inch Reeled,2000V,22 nF,,,,,,,Published
MLCC,Anti-Arcing High Voltage,FJ32N223K101PT,FJ,1210,NP0 (C0G); ±10%; Pd/Ag; 7-inch Reeled,100V,22 nF,,,,,,,Published
MLCC,Anti-Arcing High Voltage,FJ32N223K101PG,FJ,1210,NP0 (C0G); ±10%; Pd/Ag; 13-inch Reeled,100V,22 nF,,,,,,,Published
MLCC,Anti-Arcing High Voltage,FJ32N223K101ET,FJ,1210,NP0 (C0G); ±10%; Ag/Ni/Sn; 7-inch Reeled,100V,22 nF,,,,,,,Published
MLCC,Anti-Arcing High Voltage,FJ32N223K101EG,FJ,1210,NP0 (C0G); ±10%; Ag/Ni/Sn; 13-inch Reeled,100V,22 nF,,,,,,,Published
MLCC,Anti-Arcing High Voltage,FJ32N223K202PT,FJ,1210,NP0 (C0G); ±10%; Pd/Ag; 7-inch Reeled,2000V,22 nF,,,,,,,Published
MLCC,Anti-Arcing High Voltage,FJ32N223K202PG,FJ,1210,NP0 (C0G); ±10%; Pd/Ag; 13-inch Reeled,2000V,22 nF,,,,,,,Published
MLCC,Anti-Arcing High Voltage,FJ32N223K202ET,FJ,1210,NP0 (C0G); ±10%; Ag/Ni/Sn; 7-inch Reeled,2000V,22 nF,,,,,,,Published
MLCC,Anti-Arcing High Voltage,FJ32N223K202EG,FJ,1210,NP0 (C0G); ±10%; Ag/Ni/Sn; 13-inch Reeled,2000V,22 nF,,,,,,,Published
MLCC,Anti-Arcing High Voltage,FJ32N224J101PT,FJ,1210,NP0 (C0G); ±5%; Pd/Ag; 7-inch Reeled,100V,220 nF,,,,,,,Published
MLCC,Anti-Arcing High Voltage,FJ32N224J101PG,FJ,1210,NP0 (C0G); ±5%; Pd/Ag; 13-inch Reeled,100V,220 nF,,,,,,,Published
MLCC,Anti-Arcing High Voltage,FJ32N224J101ET,FJ,1210,NP0 (C0G); ±5%; Ag/Ni/Sn; 7-inch Reeled,100V,220 nF,,,,,,,Published
MLCC,Anti-Arcing High Voltage,FJ32N224J101EG,FJ,1210,NP0 (C0G); ±5%; Ag/Ni/Sn; 13-inch Reeled,100V,220 nF,,,,,,,Published
MLCC,Anti-Arcing High Voltage,FJ32N224J202PT,FJ,1210,NP0 (C0G); ±5%; Pd/Ag; 7-inch Reeled,2000V,220 nF,,,,,,,Published
MLCC,Anti-Arcing High Voltage,FJ32N224J202PG,FJ,1210,NP0 (C0G); ±5%; Pd/Ag; 13-inch Reeled,2000V,220 nF,,,,,,,Published
MLCC,Anti-Arcing High Voltage,FJ32N224J202ET,FJ,1210,NP0 (C0G); ±5%; Ag/Ni/Sn; 7-inch Reeled,2000V,220 nF,,,,,,,Published
MLCC,Anti-Arcing High Voltage,FJ32N224J202EG,FJ,1210,NP0 (C0G); ±5%; Ag/Ni/Sn; 13-inch Reeled,2000V,220 nF,,,,,,,Published
MLCC,Anti-Arcing High Voltage,FJ32N224K101PT,FJ,1210,NP0 (C0G); ±10%; Pd/Ag; 7-inch Reeled,100V,220 nF,,,,,,,Published
MLCC,Anti-Arcing High Voltage,FJ32N224K101PG,FJ,1210,NP0 (C0G); ±10%; Pd/Ag; 13-inch Reeled,100V,220 nF,,,,,,,Published
MLCC,Anti-Arcing High Voltage,FJ32N224K101ET,FJ,1210,NP0 (C0G); ±10%; Ag/Ni/Sn; 7-inch Reeled,100V,220 nF,,,,,,,Published
MLCC,Anti-Arcing High Voltage,FJ32N224K101EG,FJ,1210,NP0 (C0G); ±10%; Ag/Ni/Sn; 13-inch Reeled,100V,220 nF,,,,,,,Published
MLCC,Anti-Arcing High Voltage,FJ32N224K202PT,FJ,1210,NP0 (C0G); ±10%; Pd/Ag; 7-inch Reeled,2000V,220 nF,,,,,,,Published
MLCC,Anti-Arcing High Voltage,FJ32N224K202PG,FJ,1210,NP0 (C0G); ±10%; Pd/Ag; 13-inch Reeled,2000V,220 nF,,,,,,,Published
MLCC,Anti-Arcing High Voltage,FJ32N224K202ET,FJ,1210,NP0 (C0G); ±10%; Ag/Ni/Sn; 7-inch Reeled,2000V,220 nF,,,,,,,Published
MLCC,Anti-Arcing High Voltage,FJ32N224K202EG,FJ,1210,NP0 (C0G); ±10%; Ag/Ni/Sn; 13-inch Reeled,2000V,220 nF,,,,,,,Published
MLCC,Anti-Arcing High Voltage,FJ32N330J101PT,FJ,1210,NP0 (C0G); ±5%; Pd/Ag; 7-inch Reeled,100V,33 pF,,,,,,,Published
MLCC,Anti-Arcing High Voltage,FJ32N330J101PG,FJ,1210,NP0 (C0G); ±5%; Pd/Ag; 13-inch Reeled,100V,33 pF,,,,,,,Published
MLCC,Anti-Arcing High Voltage,FJ32N330J101ET,FJ,1210,NP0 (C0G); ±5%; Ag/Ni/Sn; 7-inch Reeled,100V,33 pF,,,,,,,Published
MLCC,Anti-Arcing High Voltage,FJ32N330J101EG,FJ,1210,NP0 (C0G); ±5%; Ag/Ni/Sn; 13-inch Reeled,100V,33 pF,,,,,,,Published
MLCC,Anti-Arcing High Voltage,FJ32N330J202PT,FJ,1210,NP0 (C0G); ±5%; Pd/Ag; 7-inch Reeled,2000V,33 pF,,,,,,,Published
MLCC,Anti-Arcing High Voltage,FJ32N330J202PG,FJ,1210,NP0 (C0G); ±5%; Pd/Ag; 13-inch Reeled,2000V,33 pF,,,,,,,Published
MLCC,Anti-Arcing High Voltage,FJ32N330J202ET,FJ,1210,NP0 (C0G); ±5%; Ag/Ni/Sn; 7-inch Reeled,2000V,33 pF,,,,,,,Published
MLCC,Anti-Arcing High Voltage,FJ32N330J202EG,FJ,1210,NP0 (C0G); ±5%; Ag/Ni/Sn; 13-inch Reeled,2000V,33 pF,,,,,,,Published
MLCC,Anti-Arcing High Voltage,FJ32N330K101PT,FJ,1210,NP0 (C0G); ±10%; Pd/Ag; 7-inch Reeled,100V,33 pF,,,,,,,Published
MLCC,Anti-Arcing High Voltage,FJ32N330K101PG,FJ,1210,NP0 (C0G); ±10%; Pd/Ag; 13-inch Reeled,100V,33 pF,,,,,,,Published
MLCC,Anti-Arcing High Voltage,FJ32N330K101ET,FJ,1210,NP0 (C0G); ±10%; Ag/Ni/Sn; 7-inch Reeled,100V,33 pF,,,,,,,Published
MLCC,Anti-Arcing High Voltage,FJ32N330K101EG,FJ,1210,NP0 (C0G); ±10%; Ag/Ni/Sn; 13-inch Reeled,100V,33 pF,,,,,,,Published
MLCC,Anti-Arcing High Voltage,FJ32N330K202PT,FJ,1210,NP0 (C0G); ±10%; Pd/Ag; 7-inch Reeled,2000V,33 pF,,,,,,,Published
MLCC,Anti-Arcing High Voltage,FJ32N330K202PG,FJ,1210,NP0 (C0G); ±10%; Pd/Ag; 13-inch Reeled,2000V,33 pF,,,,,,,Published
MLCC,Anti-Arcing High Voltage,FJ32N330K202ET,FJ,1210,NP0 (C0G); ±10%; Ag/Ni/Sn; 7-inch Reeled,2000V,33 pF,,,,,,,Published
MLCC,Anti-Arcing High Voltage,FJ32N330K202EG,FJ,1210,NP0 (C0G); ±10%; Ag/Ni/Sn; 13-inch Reeled,2000V,33 pF,,,,,,,Published
MLCC,Anti-Arcing High Voltage,FJ32N331J101PT,FJ,1210,NP0 (C0G); ±5%; Pd/Ag; 7-inch Reeled,100V,330 pF,,,,,,,Published
MLCC,Anti-Arcing High Voltage,FJ32N331J101PG,FJ,1210,NP0 (C0G); ±5%; Pd/Ag; 13-inch Reeled,100V,330 pF,,,,,,,Published
MLCC,Anti-Arcing High Voltage,FJ32N331J101ET,FJ,1210,NP0 (C0G); ±5%; Ag/Ni/Sn; 7-inch Reeled,100V,330 pF,,,,,,,Published
MLCC,Anti-Arcing High Voltage,FJ32N331J101EG,FJ,1210,NP0 (C0G); ±5%; Ag/Ni/Sn; 13-inch Reeled,100V,330 pF,,,,,,,Published
MLCC,Anti-Arcing High Voltage,FJ32N331J202PT,FJ,1210,NP0 (C0G); ±5%; Pd/Ag; 7-inch Reeled,2000V,330 pF,,,,,,,Published
MLCC,Anti-Arcing High Voltage,FJ32N331J202PG,FJ,1210,NP0 (C0G); ±5%; Pd/Ag; 13-inch Reeled,2000V,330 pF,,,,,,,Published
MLCC,Anti-Arcing High Voltage,FJ32N331J202ET,FJ,1210,NP0 (C0G); ±5%; Ag/Ni/Sn; 7-inch Reeled,2000V,330 pF,,,,,,,Published
MLCC,Anti-Arcing High Voltage,FJ32N331J202EG,FJ,1210,NP0 (C0G); ±5%; Ag/Ni/Sn; 13-inch Reeled,2000V,330 pF,,,,,,,Published
MLCC,Anti-Arcing High Voltage,FJ32N331K101PT,FJ,1210,NP0 (C0G); ±10%; Pd/Ag; 7-inch Reeled,100V,330 pF,,,,,,,Published
MLCC,Anti-Arcing High Voltage,FJ32N331K101PG,FJ,1210,NP0 (C0G); ±10%; Pd/Ag; 13-inch Reeled,100V,330 pF,,,,,,,Published
MLCC,Anti-Arcing High Voltage,FJ32N331K101ET,FJ,1210,NP0 (C0G); ±10%; Ag/Ni/Sn; 7-inch Reeled,100V,330 pF,,,,,,,Published
MLCC,Anti-Arcing High Voltage,FJ32N331K101EG,FJ,1210,NP0 (C0G); ±10%; Ag/Ni/Sn; 13-inch Reeled,100V,330 pF,,,,,,,Published
MLCC,Anti-Arcing High Voltage,FJ32N331K202PT,FJ,1210,NP0 (C0G); ±10%; Pd/Ag; 7-inch Reeled,2000V,330 pF,,,,,,,Published
MLCC,Anti-Arcing High Voltage,FJ32N331K202PG,FJ,1210,NP0 (C0G); ±10%; Pd/Ag; 13-inch Reeled,2000V,330 pF,,,,,,,Published
MLCC,Anti-Arcing High Voltage,FJ32N331K202ET,FJ,1210,NP0 (C0G); ±10%; Ag/Ni/Sn; 7-inch Reeled,2000V,330 pF,,,,,,,Published
MLCC,Anti-Arcing High Voltage,FJ32N331K202EG,FJ,1210,NP0 (C0G); ±10%; Ag/Ni/Sn; 13-inch Reeled,2000V,330 pF,,,,,,,Published
MLCC,Anti-Arcing High Voltage,FJ32N332J101PT,FJ,1210,NP0 (C0G); ±5%; Pd/Ag; 7-inch Reeled,100V,3.3 nF,,,,,,,Published
MLCC,Anti-Arcing High Voltage,FJ32N332J101PG,FJ,1210,NP0 (C0G); ±5%; Pd/Ag; 13-inch Reeled,100V,3.3 nF,,,,,,,Published
MLCC,Anti-Arcing High Voltage,FJ32N332J101ET,FJ,1210,NP0 (C0G); ±5%; Ag/Ni/Sn; 7-inch Reeled,100V,3.3 nF,,,,,,,Published
MLCC,Anti-Arcing High Voltage,FJ32N332J101EG,FJ,1210,NP0 (C0G); ±5%; Ag/Ni/Sn; 13-inch Reeled,100V,3.3 nF,,,,,,,Published
MLCC,Anti-Arcing High Voltage,FJ32N332J202PT,FJ,1210,NP0 (C0G); ±5%; Pd/Ag; 7-inch Reeled,2000V,3.3 nF,,,,,,,Published
MLCC,Anti-Arcing High Voltage,FJ32N332J202PG,FJ,1210,NP0 (C0G); ±5%; Pd/Ag; 13-inch Reeled,2000V,3.3 nF,,,,,,,Published
MLCC,Anti-Arcing High Voltage,FJ32N332J202ET,FJ,1210,NP0 (C0G); ±5%; Ag/Ni/Sn; 7-inch Reeled,2000V,3.3 nF,,,,,,,Published
MLCC,Anti-Arcing High Voltage,FJ32N332J202EG,FJ,1210,NP0 (C0G); ±5%; Ag/Ni/Sn; 13-inch Reeled,2000V,3.3 nF,,,,,,,Published
MLCC,Anti-Arcing High Voltage,FJ32N332K101PT,FJ,1210,NP0 (C0G); ±10%; Pd/Ag; 7-inch Reeled,100V,3.3 nF,,,,,,,Published
MLCC,Anti-Arcing High Voltage,FJ32N332K101PG,FJ,1210,NP0 (C0G); ±10%; Pd/Ag; 13-inch Reeled,100V,3.3 nF,,,,,,,Published
MLCC,Anti-Arcing High Voltage,FJ32N332K101ET,FJ,1210,NP0 (C0G); ±10%; Ag/Ni/Sn; 7-inch Reeled,100V,3.3 nF,,,,,,,Published
MLCC,Anti-Arcing High Voltage,FJ32N332K101EG,FJ,1210,NP0 (C0G); ±10%; Ag/Ni/Sn; 13-inch Reeled,100V,3.3 nF,,,,,,,Published
MLCC,Anti-Arcing High Voltage,FJ32N332K202PT,FJ,1210,NP0 (C0G); ±10%; Pd/Ag; 7-inch Reeled,2000V,3.3 nF,,,,,,,Published
MLCC,Anti-Arcing High Voltage,FJ32N332K202PG,FJ,1210,NP0 (C0G); ±10%; Pd/Ag; 13-inch Reeled,2000V,3.3 nF,,,,,,,Published
MLCC,Anti-Arcing High Voltage,FJ32N332K202ET,FJ,1210,NP0 (C0G); ±10%; Ag/Ni/Sn; 7-inch Reeled,2000V,3.3 nF,,,,,,,Published
MLCC,Anti-Arcing High Voltage,FJ32N332K202EG,FJ,1210,NP0 (C0G); ±10%; Ag/Ni/Sn; 13-inch Reeled,2000V,3.3 nF,,,,,,,Published
MLCC,Anti-Arcing High Voltage,FJ32N333J101PT,FJ,1210,NP0 (C0G); ±5%; Pd/Ag; 7-inch Reeled,100V,33 nF,,,,,,,Published
MLCC,Anti-Arcing High Voltage,FJ32N333J101PG,FJ,1210,NP0 (C0G); ±5%; Pd/Ag; 13-inch Reeled,100V,33 nF,,,,,,,Published
MLCC,Anti-Arcing High Voltage,FJ32N333J101ET,FJ,1210,NP0 (C0G); ±5%; Ag/Ni/Sn; 7-inch Reeled,100V,33 nF,,,,,,,Published
MLCC,Anti-Arcing High Voltage,FJ32N333J101EG,FJ,1210,NP0 (C0G); ±5%; Ag/Ni/Sn; 13-inch Reeled,100V,33 nF,,,,,,,Published
MLCC,Anti-Arcing High Voltage,FJ32N333J202PT,FJ,1210,NP0 (C0G); ±5%; Pd/Ag; 7-inch Reeled,2000V,33 nF,,,,,,,Published
MLCC,Anti-Arcing High Voltage,FJ32N333J202PG,FJ,1210,NP0 (C0G); ±5%; Pd/Ag; 13-inch Reeled,2000V,33 nF,,,,,,,Published
MLCC,Anti-Arcing High Voltage,FJ32N333J202ET,FJ,1210,NP0 (C0G); ±5%; Ag/Ni/Sn; 7-inch Reeled,2000V,33 nF,,,,,,,Published
MLCC,Anti-Arcing High Voltage,FJ32N333J202EG,FJ,1210,NP0 (C0G); ±5%; Ag/Ni/Sn; 13-inch Reeled,2000V,33 nF,,,,,,,Published
MLCC,Anti-Arcing High Voltage,FJ32N333K101PT,FJ,1210,NP0 (C0G); ±10%; Pd/Ag; 7-inch Reeled,100V,33 nF,,,,,,,Published
MLCC,Anti-Arcing High Voltage,FJ32N333K101PG,FJ,1210,NP0 (C0G); ±10%; Pd/Ag; 13-inch Reeled,100V,33 nF,,,,,,,Published
MLCC,Anti-Arcing High Voltage,FJ32N333K101ET,FJ,1210,NP0 (C0G); ±10%; Ag/Ni/Sn; 7-inch Reeled,100V,33 nF,,,,,,,Published
MLCC,Anti-Arcing High Voltage,FJ32N333K101EG,FJ,1210,NP0 (C0G); ±10%; Ag/Ni/Sn; 13-inch Reeled,100V,33 nF,,,,,,,Published
MLCC,Anti-Arcing High Voltage,FJ32N333K202PT,FJ,1210,NP0 (C0G); ±10%; Pd/Ag; 7-inch Reeled,2000V,33 nF,,,,,,,Published
MLCC,Anti-Arcing High Voltage,FJ32N333K202PG,FJ,1210,NP0 (C0G); ±10%; Pd/Ag; 13-inch Reeled,2000V,33 nF,,,,,,,Published
MLCC,Anti-Arcing High Voltage,FJ32N333K202ET,FJ,1210,NP0 (C0G); ±10%; Ag/Ni/Sn; 7-inch Reeled,2000V,33 nF,,,,,,,Published
MLCC,Anti-Arcing High Voltage,FJ32N333K202EG,FJ,1210,NP0 (C0G); ±10%; Ag/Ni/Sn; 13-inch Reeled,2000V,33 nF,,,,,,,Published
MLCC,Anti-Arcing High Voltage,FJ32N334J101PT,FJ,1210,NP0 (C0G); ±5%; Pd/Ag; 7-inch Reeled,100V,330 nF,,,,,,,Published
MLCC,Anti-Arcing High Voltage,FJ32N334J101PG,FJ,1210,NP0 (C0G); ±5%; Pd/Ag; 13-inch Reeled,100V,330 nF,,,,,,,Published
MLCC,Anti-Arcing High Voltage,FJ32N334J101ET,FJ,1210,NP0 (C0G); ±5%; Ag/Ni/Sn; 7-inch Reeled,100V,330 nF,,,,,,,Published
MLCC,Anti-Arcing High Voltage,FJ32N334J101EG,FJ,1210,NP0 (C0G); ±5%; Ag/Ni/Sn; 13-inch Reeled,100V,330 nF,,,,,,,Published
MLCC,Anti-Arcing High Voltage,FJ32N334J202PT,FJ,1210,NP0 (C0G); ±5%; Pd/Ag; 7-inch Reeled,2000V,330 nF,,,,,,,Published
MLCC,Anti-Arcing High Voltage,FJ32N334J202PG,FJ,1210,NP0 (C0G); ±5%; Pd/Ag; 13-inch Reeled,2000V,330 nF,,,,,,,Published
MLCC,Anti-Arcing High Voltage,FJ32N334J202ET,FJ,1210,NP0 (C0G); ±5%; Ag/Ni/Sn; 7-inch Reeled,2000V,330 nF,,,,,,,Published
MLCC,Anti-Arcing High Voltage,FJ32N334J202EG,FJ,1210,NP0 (C0G); ±5%; Ag/Ni/Sn; 13-inch Reeled,2000V,330 nF,,,,,,,Published
MLCC,Anti-Arcing High Voltage,FJ32N334K101PT,FJ,1210,NP0 (C0G); ±10%; Pd/Ag; 7-inch Reeled,100V,330 nF,,,,,,,Published
MLCC,Anti-Arcing High Voltage,FJ32N334K101PG,FJ,1210,NP0 (C0G); ±10%; Pd/Ag; 13-inch Reeled,100V,330 nF,,,,,,,Published
MLCC,Anti-Arcing High Voltage,FJ32N334K101ET,FJ,1210,NP0 (C0G); ±10%; Ag/Ni/Sn; 7-inch Reeled,100V,330 nF,,,,,,,Published
MLCC,Anti-Arcing High Voltage,FJ32N334K101EG,FJ,1210,NP0 (C0G); ±10%; Ag/Ni/Sn; 13-inch Reeled,100V,330 nF,,,,,,,Published
MLCC,Anti-Arcing High Voltage,FJ32N334K202PT,FJ,1210,NP0 (C0G); ±10%; Pd/Ag; 7-inch Reeled,2000V,330 nF,,,,,,,Published
MLCC,Anti-Arcing High Voltage,FJ32N334K202PG,FJ,1210,NP0 (C0G); ±10%; Pd/Ag; 13-inch Reeled,2000V,330 nF,,,,,,,Published
MLCC,Anti-Arcing High Voltage,FJ32N334K202ET,FJ,1210,NP0 (C0G); ±10%; Ag/Ni/Sn; 7-inch Reeled,2000V,330 nF,,,,,,,Published
MLCC,Anti-Arcing High Voltage,FJ32N334K202EG,FJ,1210,NP0 (C0G); ±10%; Ag/Ni/Sn; 13-inch Reeled,2000V,330 nF,,,,,,,Published
MLCC,Anti-Arcing High Voltage,FJ32N470J101PT,FJ,1210,NP0 (C0G); ±5%; Pd/Ag; 7-inch Reeled,100V,47 pF,,,,,,,Published
MLCC,Anti-Arcing High Voltage,FJ32N470J101PG,FJ,1210,NP0 (C0G); ±5%; Pd/Ag; 13-inch Reeled,100V,47 pF,,,,,,,Published
MLCC,Anti-Arcing High Voltage,FJ32N470J101ET,FJ,1210,NP0 (C0G); ±5%; Ag/Ni/Sn; 7-inch Reeled,100V,47 pF,,,,,,,Published
MLCC,Anti-Arcing High Voltage,FJ32N470J101EG,FJ,1210,NP0 (C0G); ±5%; Ag/Ni/Sn; 13-inch Reeled,100V,47 pF,,,,,,,Published
MLCC,Anti-Arcing High Voltage,FJ32N470J202PT,FJ,1210,NP0 (C0G); ±5%; Pd/Ag; 7-inch Reeled,2000V,47 pF,,,,,,,Published
MLCC,Anti-Arcing High Voltage,FJ32N470J202PG,FJ,1210,NP0 (C0G); ±5%; Pd/Ag; 13-inch Reeled,2000V,47 pF,,,,,,,Published
MLCC,Anti-Arcing High Voltage,FJ32N470J202ET,FJ,1210,NP0 (C0G); ±5%; Ag/Ni/Sn; 7-inch Reeled,2000V,47 pF,,,,,,,Published
MLCC,Anti-Arcing High Voltage,FJ32N470J202EG,FJ,1210,NP0 (C0G); ±5%; Ag/Ni/Sn; 13-inch Reeled,2000V,47 pF,,,,,,,Published
MLCC,Anti-Arcing High Voltage,FJ32N470K101PT,FJ,1210,NP0 (C0G); ±10%; Pd/Ag; 7-inch Reeled,100V,47 pF,,,,,,,Published
MLCC,Anti-Arcing High Voltage,FJ32N470K101PG,FJ,1210,NP0 (C0G); ±10%; Pd/Ag; 13-inch Reeled,100V,47 pF,,,,,,,Published
MLCC,Anti-Arcing High Voltage,FJ32N470K101ET,FJ,1210,NP0 (C0G); ±10%; Ag/Ni/Sn; 7-inch Reeled,100V,47 pF,,,,,,,Published
MLCC,Anti-Arcing High Voltage,FJ32N470K101EG,FJ,1210,NP0 (C0G); ±10%; Ag/Ni/Sn; 13-inch Reeled,100V,47 pF,,,,,,,Published
MLCC,Anti-Arcing High Voltage,FJ32N470K202PT,FJ,1210,NP0 (C0G); ±10%; Pd/Ag; 7-inch Reeled,2000V,47 pF,,,,,,,Published
MLCC,Anti-Arcing High Voltage,FJ32N470K202PG,FJ,1210,NP0 (C0G); ±10%; Pd/Ag; 13-inch Reeled,2000V,47 pF,,,,,,,Published
MLCC,Anti-Arcing High Voltage,FJ32N470K202ET,FJ,1210,NP0 (C0G); ±10%; Ag/Ni/Sn; 7-inch Reeled,2000V,47 pF,,,,,,,Published
MLCC,Anti-Arcing High Voltage,FJ32N470K202EG,FJ,1210,NP0 (C0G); ±10%; Ag/Ni/Sn; 13-inch Reeled,2000V,47 pF,,,,,,,Published
MLCC,Anti-Arcing High Voltage,FJ32N471J101PT,FJ,1210,NP0 (C0G); ±5%; Pd/Ag; 7-inch Reeled,100V,470 pF,,,,,,,Published
MLCC,Anti-Arcing High Voltage,FJ32N471J101PG,FJ,1210,NP0 (C0G); ±5%; Pd/Ag; 13-inch Reeled,100V,470 pF,,,,,,,Published
MLCC,Anti-Arcing High Voltage,FJ32N471J101ET,FJ,1210,NP0 (C0G); ±5%; Ag/Ni/Sn; 7-inch Reeled,100V,470 pF,,,,,,,Published
MLCC,Anti-Arcing High Voltage,FJ32N471J101EG,FJ,1210,NP0 (C0G); ±5%; Ag/Ni/Sn; 13-inch Reeled,100V,470 pF,,,,,,,Published
MLCC,Anti-Arcing High Voltage,FJ32N471J202PT,FJ,1210,NP0 (C0G); ±5%; Pd/Ag; 7-inch Reeled,2000V,470 pF,,,,,,,Published
MLCC,Anti-Arcing High Voltage,FJ32N471J202PG,FJ,1210,NP0 (C0G); ±5%; Pd/Ag; 13-inch Reeled,2000V,470 pF,,,,,,,Published
MLCC,Anti-Arcing High Voltage,FJ32N471J202ET,FJ,1210,NP0 (C0G); ±5%; Ag/Ni/Sn; 7-inch Reeled,2000V,470 pF,,,,,,,Published
MLCC,Anti-Arcing High Voltage,FJ32N471J202EG,FJ,1210,NP0 (C0G); ±5%; Ag/Ni/Sn; 13-inch Reeled,2000V,470 pF,,,,,,,Published
MLCC,Anti-Arcing High Voltage,FJ32N471K101PT,FJ,1210,NP0 (C0G); ±10%; Pd/Ag; 7-inch Reeled,100V,470 pF,,,,,,,Published
MLCC,Anti-Arcing High Voltage,FJ32N471K101PG,FJ,1210,NP0 (C0G); ±10%; Pd/Ag; 13-inch Reeled,100V,470 pF,,,,,,,Published
MLCC,Anti-Arcing High Voltage,FJ32N471K101ET,FJ,1210,NP0 (C0G); ±10%; Ag/Ni/Sn; 7-inch Reeled,100V,470 pF,,,,,,,Published
MLCC,Anti-Arcing High Voltage,FJ32N471K101EG,FJ,1210,NP0 (C0G); ±10%; Ag/Ni/Sn; 13-inch Reeled,100V,470 pF,,,,,,,Published
MLCC,Anti-Arcing High Voltage,FJ32N471K202PT,FJ,1210,NP0 (C0G); ±10%; Pd/Ag; 7-inch Reeled,2000V,470 pF,,,,,,,Published
MLCC,Anti-Arcing High Voltage,FJ32N471K202PG,FJ,1210,NP0 (C0G); ±10%; Pd/Ag; 13-inch Reeled,2000V,470 pF,,,,,,,Published
MLCC,Anti-Arcing High Voltage,FJ32N471K202ET,FJ,1210,NP0 (C0G); ±10%; Ag/Ni/Sn; 7-inch Reeled,2000V,470 pF,,,,,,,Published
MLCC,Anti-Arcing High Voltage,FJ32N471K202EG,FJ,1210,NP0 (C0G); ±10%; Ag/Ni/Sn; 13-inch Reeled,2000V,470 pF,,,,,,,Published
MLCC,Anti-Arcing High Voltage,FJ32N472J101PT,FJ,1210,NP0 (C0G); ±5%; Pd/Ag; 7-inch Reeled,100V,4.7 nF,,,,,,,Published
MLCC,Anti-Arcing High Voltage,FJ32N472J101PG,FJ,1210,NP0 (C0G); ±5%; Pd/Ag; 13-inch Reeled,100V,4.7 nF,,,,,,,Published
MLCC,Anti-Arcing High Voltage,FJ32N472J101ET,FJ,1210,NP0 (C0G); ±5%; Ag/Ni/Sn; 7-inch Reeled,100V,4.7 nF,,,,,,,Published
MLCC,Anti-Arcing High Voltage,FJ32N472J101EG,FJ,1210,NP0 (C0G); ±5%; Ag/Ni/Sn; 13-inch Reeled,100V,4.7 nF,,,,,,,Published
MLCC,Anti-Arcing High Voltage,FJ32N472J202PT,FJ,1210,NP0 (C0G); ±5%; Pd/Ag; 7-inch Reeled,2000V,4.7 nF,,,,,,,Published
MLCC,Anti-Arcing High Voltage,FJ32N472J202PG,FJ,1210,NP0 (C0G); ±5%; Pd/Ag; 13-inch Reeled,2000V,4.7 nF,,,,,,,Published
MLCC,Anti-Arcing High Voltage,FJ32N472J202ET,FJ,1210,NP0 (C0G); ±5%; Ag/Ni/Sn; 7-inch Reeled,2000V,4.7 nF,,,,,,,Published
MLCC,Anti-Arcing High Voltage,FJ32N472J202EG,FJ,1210,NP0 (C0G); ±5%; Ag/Ni/Sn; 13-inch Reeled,2000V,4.7 nF,,,,,,,Published
MLCC,Anti-Arcing High Voltage,FJ32N472K101PT,FJ,1210,NP0 (C0G); ±10%; Pd/Ag; 7-inch Reeled,100V,4.7 nF,,,,,,,Published
MLCC,Anti-Arcing High Voltage,FJ32N472K101PG,FJ,1210,NP0 (C0G); ±10%; Pd/Ag; 13-inch Reeled,100V,4.7 nF,,,,,,,Published
MLCC,Anti-Arcing High Voltage,FJ32N472K101ET,FJ,1210,NP0 (C0G); ±10%; Ag/Ni/Sn; 7-inch Reeled,100V,4.7 nF,,,,,,,Published
MLCC,Anti-Arcing High Voltage,FJ32N472K101EG,FJ,1210,NP0 (C0G); ±10%; Ag/Ni/Sn; 13-inch Reeled,100V,4.7 nF,,,,,,,Published
MLCC,Anti-Arcing High Voltage,FJ32N472K202PT,FJ,1210,NP0 (C0G); ±10%; Pd/Ag; 7-inch Reeled,2000V,4.7 nF,,,,,,,Published
MLCC,Anti-Arcing High Voltage,FJ32N472K202PG,FJ,1210,NP0 (C0G); ±10%; Pd/Ag; 13-inch Reeled,2000V,4.7 nF,,,,,,,Published
MLCC,Anti-Arcing High Voltage,FJ32N472K202ET,FJ,1210,NP0 (C0G); ±10%; Ag/Ni/Sn; 7-inch Reeled,2000V,4.7 nF,,,,,,,Published
MLCC,Anti-Arcing High Voltage,FJ32N472K202EG,FJ,1210,NP0 (C0G); ±10%; Ag/Ni/Sn; 13-inch Reeled,2000V,4.7 nF,,,,,,,Published
MLCC,Anti-Arcing High Voltage,FJ32N473J101PT,FJ,1210,NP0 (C0G); ±5%; Pd/Ag; 7-inch Reeled,100V,47 nF,,,,,,,Published
MLCC,Anti-Arcing High Voltage,FJ32N473J101PG,FJ,1210,NP0 (C0G); ±5%; Pd/Ag; 13-inch Reeled,100V,47 nF,,,,,,,Published
MLCC,Anti-Arcing High Voltage,FJ32N473J101ET,FJ,1210,NP0 (C0G); ±5%; Ag/Ni/Sn; 7-inch Reeled,100V,47 nF,,,,,,,Published
MLCC,Anti-Arcing High Voltage,FJ32N473J101EG,FJ,1210,NP0 (C0G); ±5%; Ag/Ni/Sn; 13-inch Reeled,100V,47 nF,,,,,,,Published
MLCC,Anti-Arcing High Voltage,FJ32N473J202PT,FJ,1210,NP0 (C0G); ±5%; Pd/Ag; 7-inch Reeled,2000V,47 nF,,,,,,,Published
MLCC,Anti-Arcing High Voltage,FJ32N473J202PG,FJ,1210,NP0 (C0G); ±5%; Pd/Ag; 13-inch Reeled,2000V,47 nF,,,,,,,Published
MLCC,Anti-Arcing High Voltage,FJ32N473J202ET,FJ,1210,NP0 (C0G); ±5%; Ag/Ni/Sn; 7-inch Reeled,2000V,47 nF,,,,,,,Published
MLCC,Anti-Arcing High Voltage,FJ32N473J202EG,FJ,1210,NP0 (C0G); ±5%; Ag/Ni/Sn; 13-inch Reeled,2000V,47 nF,,,,,,,Published
MLCC,Anti-Arcing High Voltage,FJ32N473K101PT,FJ,1210,NP0 (C0G); ±10%; Pd/Ag; 7-inch Reeled,100V,47 nF,,,,,,,Published
MLCC,Anti-Arcing High Voltage,FJ32N473K101PG,FJ,1210,NP0 (C0G); ±10%; Pd/Ag; 13-inch Reeled,100V,47 nF,,,,,,,Published
MLCC,Anti-Arcing High Voltage,FJ32N473K101ET,FJ,1210,NP0 (C0G); ±10%; Ag/Ni/Sn; 7-inch Reeled,100V,47 nF,,,,,,,Published
MLCC,Anti-Arcing High Voltage,FJ32N473K101EG,FJ,1210,NP0 (C0G); ±10%; Ag/Ni/Sn; 13-inch Reeled,100V,47 nF,,,,,,,Published
MLCC,Anti-Arcing High Voltage,FJ32N473K202PT,FJ,1210,NP0 (C0G); ±10%; Pd/Ag; 7-inch Reeled,2000V,47 nF,,,,,,,Published
MLCC,Anti-Arcing High Voltage,FJ32N473K202PG,FJ,1210,NP0 (C0G); ±10%; Pd/Ag; 13-inch Reeled,2000V,47 nF,,,,,,,Published
MLCC,Anti-Arcing High Voltage,FJ32N473K202ET,FJ,1210,NP0 (C0G); ±10%; Ag/Ni/Sn; 7-inch Reeled,2000V,47 nF,,,,,,,Published
MLCC,Anti-Arcing High Voltage,FJ32N473K202EG,FJ,1210,NP0 (C0G); ±10%; Ag/Ni/Sn; 13-inch Reeled,2000V,47 nF,,,,,,,Published
MLCC,Anti-Arcing High Voltage,FJ32N474J101PT,FJ,1210,NP0 (C0G); ±5%; Pd/Ag; 7-inch Reeled,100V,470 nF,,,,,,,Published
MLCC,Anti-Arcing High Voltage,FJ32N474J101PG,FJ,1210,NP0 (C0G); ±5%; Pd/Ag; 13-inch Reeled,100V,470 nF,,,,,,,Published
MLCC,Anti-Arcing High Voltage,FJ32N474J101ET,FJ,1210,NP0 (C0G); ±5%; Ag/Ni/Sn; 7-inch Reeled,100V,470 nF,,,,,,,Published
MLCC,Anti-Arcing High Voltage,FJ32N474J101EG,FJ,1210,NP0 (C0G); ±5%; Ag/Ni/Sn; 13-inch Reeled,100V,470 nF,,,,,,,Published
MLCC,Anti-Arcing High Voltage,FJ32N474J202PT,FJ,1210,NP0 (C0G); ±5%; Pd/Ag; 7-inch Reeled,2000V,470 nF,,,,,,,Published
MLCC,Anti-Arcing High Voltage,FJ32N474J202PG,FJ,1210,NP0 (C0G); ±5%; Pd/Ag; 13-inch Reeled,2000V,470 nF,,,,,,,Published
MLCC,Anti-Arcing High Voltage,FJ32N474J202ET,FJ,1210,NP0 (C0G); ±5%; Ag/Ni/Sn; 7-inch Reeled,2000V,470 nF,,,,,,,Published
MLCC,Anti-Arcing High Voltage,FJ32N474J202EG,FJ,1210,NP0 (C0G); ±5%; Ag/Ni/Sn; 13-inch Reeled,2000V,470 nF,,,,,,,Published
MLCC,Anti-Arcing High Voltage,FJ32N474K101PT,FJ,1210,NP0 (C0G); ±10%; Pd/Ag; 7-inch Reeled,100V,470 nF,,,,,,,Published
MLCC,Anti-Arcing High Voltage,FJ32N474K101PG,FJ,1210,NP0 (C0G); ±10%; Pd/Ag; 13-inch Reeled,100V,470 nF,,,,,,,Published
MLCC,Anti-Arcing High Voltage,FJ32N474K101ET,FJ,1210,NP0 (C0G); ±10%; Ag/Ni/Sn; 7-inch Reeled,100V,470 nF,,,,,,,Published
MLCC,Anti-Arcing High Voltage,FJ32N474K101EG,FJ,1210,NP0 (C0G); ±10%; Ag/Ni/Sn; 13-inch Reeled,100V,470 nF,,,,,,,Published
MLCC,Anti-Arcing High Voltage,FJ32N474K202PT,FJ,1210,NP0 (C0G); ±10%; Pd/Ag; 7-inch Reeled,2000V,470 nF,,,,,,,Published
MLCC,Anti-Arcing High Voltage,FJ32N474K202PG,FJ,1210,NP0 (C0G); ±10%; Pd/Ag; 13-inch Reeled,2000V,470 nF,,,,,,,Published
MLCC,Anti-Arcing High Voltage,FJ32N474K202ET,FJ,1210,NP0 (C0G); ±10%; Ag/Ni/Sn; 7-inch Reeled,2000V,470 nF,,,,,,,Published
MLCC,Anti-Arcing High Voltage,FJ32N474K202EG,FJ,1210,NP0 (C0G); ±10%; Ag/Ni/Sn; 13-inch Reeled,2000V,470 nF,,,,,,,Published
MLCC,Anti-Arcing High Voltage,FJ32N680J101PT,FJ,1210,NP0 (C0G); ±5%; Pd/Ag; 7-inch Reeled,100V,68 pF,,,,,,,Published
MLCC,Anti-Arcing High Voltage,FJ32N680J101PG,FJ,1210,NP0 (C0G); ±5%; Pd/Ag; 13-inch Reeled,100V,68 pF,,,,,,,Published
MLCC,Anti-Arcing High Voltage,FJ32N680J101ET,FJ,1210,NP0 (C0G); ±5%; Ag/Ni/Sn; 7-inch Reeled,100V,68 pF,,,,,,,Published
MLCC,Anti-Arcing High Voltage,FJ32N680J101EG,FJ,1210,NP0 (C0G); ±5%; Ag/Ni/Sn; 13-inch Reeled,100V,68 pF,,,,,,,Published
MLCC,Anti-Arcing High Voltage,FJ32N680J202PT,FJ,1210,NP0 (C0G); ±5%; Pd/Ag; 7-inch Reeled,2000V,68 pF,,,,,,,Published
MLCC,Anti-Arcing High Voltage,FJ32N680J202PG,FJ,1210,NP0 (C0G); ±5%; Pd/Ag; 13-inch Reeled,2000V,68 pF,,,,,,,Published
MLCC,Anti-Arcing High Voltage,FJ32N680J202ET,FJ,1210,NP0 (C0G); ±5%; Ag/Ni/Sn; 7-inch Reeled,2000V,68 pF,,,,,,,Published
MLCC,Anti-Arcing High Voltage,FJ32N680J202EG,FJ,1210,NP0 (C0G); ±5%; Ag/Ni/Sn; 13-inch Reeled,2000V,68 pF,,,,,,,Published
MLCC,Anti-Arcing High Voltage,FJ32N680K101PT,FJ,1210,NP0 (C0G); ±10%; Pd/Ag; 7-inch Reeled,100V,68 pF,,,,,,,Published
MLCC,Anti-Arcing High Voltage,FJ32N680K101PG,FJ,1210,NP0 (C0G); ±10%; Pd/Ag; 13-inch Reeled,100V,68 pF,,,,,,,Published
MLCC,Anti-Arcing High Voltage,FJ32N680K101ET,FJ,1210,NP0 (C0G); ±10%; Ag/Ni/Sn; 7-inch Reeled,100V,68 pF,,,,,,,Published
MLCC,Anti-Arcing High Voltage,FJ32N680K101EG,FJ,1210,NP0 (C0G); ±10%; Ag/Ni/Sn; 13-inch Reeled,100V,68 pF,,,,,,,Published
MLCC,Anti-Arcing High Voltage,FJ32N680K202PT,FJ,1210,NP0 (C0G); ±10%; Pd/Ag; 7-inch Reeled,2000V,68 pF,,,,,,,Published
MLCC,Anti-Arcing High Voltage,FJ32N680K202PG,FJ,1210,NP0 (C0G); ±10%; Pd/Ag; 13-inch Reeled,2000V,68 pF,,,,,,,Published
MLCC,Anti-Arcing High Voltage,FJ32N680K202ET,FJ,1210,NP0 (C0G); ±10%; Ag/Ni/Sn; 7-inch Reeled,2000V,68 pF,,,,,,,Published
MLCC,Anti-Arcing High Voltage,FJ32N680K202EG,FJ,1210,NP0 (C0G); ±10%; Ag/Ni/Sn; 13-inch Reeled,2000V,68 pF,,,,,,,Published
MLCC,Anti-Arcing High Voltage,FJ32N681J101PT,FJ,1210,NP0 (C0G); ±5%; Pd/Ag; 7-inch Reeled,100V,680 pF,,,,,,,Published
MLCC,Anti-Arcing High Voltage,FJ32N681J101PG,FJ,1210,NP0 (C0G); ±5%; Pd/Ag; 13-inch Reeled,100V,680 pF,,,,,,,Published
MLCC,Anti-Arcing High Voltage,FJ32N681J101ET,FJ,1210,NP0 (C0G); ±5%; Ag/Ni/Sn; 7-inch Reeled,100V,680 pF,,,,,,,Published
MLCC,Anti-Arcing High Voltage,FJ32N681J101EG,FJ,1210,NP0 (C0G); ±5%; Ag/Ni/Sn; 13-inch Reeled,100V,680 pF,,,,,,,Published
MLCC,Anti-Arcing High Voltage,FJ32N681J202PT,FJ,1210,NP0 (C0G); ±5%; Pd/Ag; 7-inch Reeled,2000V,680 pF,,,,,,,Published
MLCC,Anti-Arcing High Voltage,FJ32N681J202PG,FJ,1210,NP0 (C0G); ±5%; Pd/Ag; 13-inch Reeled,2000V,680 pF,,,,,,,Published
MLCC,Anti-Arcing High Voltage,FJ32N681J202ET,FJ,1210,NP0 (C0G); ±5%; Ag/Ni/Sn; 7-inch Reeled,2000V,680 pF,,,,,,,Published
MLCC,Anti-Arcing High Voltage,FJ32N681J202EG,FJ,1210,NP0 (C0G); ±5%; Ag/Ni/Sn; 13-inch Reeled,2000V,680 pF,,,,,,,Published
MLCC,Anti-Arcing High Voltage,FJ32N681K101PT,FJ,1210,NP0 (C0G); ±10%; Pd/Ag; 7-inch Reeled,100V,680 pF,,,,,,,Published
MLCC,Anti-Arcing High Voltage,FJ32N681K101PG,FJ,1210,NP0 (C0G); ±10%; Pd/Ag; 13-inch Reeled,100V,680 pF,,,,,,,Published
MLCC,Anti-Arcing High Voltage,FJ32N681K101ET,FJ,1210,NP0 (C0G); ±10%; Ag/Ni/Sn; 7-inch Reeled,100V,680 pF,,,,,,,Published
MLCC,Anti-Arcing High Voltage,FJ32N681K101EG,FJ,1210,NP0 (C0G); ±10%; Ag/Ni/Sn; 13-inch Reeled,100V,680 pF,,,,,,,Published
MLCC,Anti-Arcing High Voltage,FJ32N681K202PT,FJ,1210,NP0 (C0G); ±10%; Pd/Ag; 7-inch Reeled,2000V,680 pF,,,,,,,Published
MLCC,Anti-Arcing High Voltage,FJ32N681K202PG,FJ,1210,NP0 (C0G); ±10%; Pd/Ag; 13-inch Reeled,2000V,680 pF,,,,,,,Published
MLCC,Anti-Arcing High Voltage,FJ32N681K202ET,FJ,1210,NP0 (C0G); ±10%; Ag/Ni/Sn; 7-inch Reeled,2000V,680 pF,,,,,,,Published
MLCC,Anti-Arcing High Voltage,FJ32N681K202EG,FJ,1210,NP0 (C0G); ±10%; Ag/Ni/Sn; 13-inch Reeled,2000V,680 pF,,,,,,,Published
MLCC,Anti-Arcing High Voltage,FJ32N682J101PT,FJ,1210,NP0 (C0G); ±5%; Pd/Ag; 7-inch Reeled,100V,6.8 nF,,,,,,,Published
MLCC,Anti-Arcing High Voltage,FJ32N682J101PG,FJ,1210,NP0 (C0G); ±5%; Pd/Ag; 13-inch Reeled,100V,6.8 nF,,,,,,,Published
MLCC,Anti-Arcing High Voltage,FJ32N682J101ET,FJ,1210,NP0 (C0G); ±5%; Ag/Ni/Sn; 7-inch Reeled,100V,6.8 nF,,,,,,,Published
MLCC,Anti-Arcing High Voltage,FJ32N682J101EG,FJ,1210,NP0 (C0G); ±5%; Ag/Ni/Sn; 13-inch Reeled,100V,6.8 nF,,,,,,,Published
MLCC,Anti-Arcing High Voltage,FJ32N682J202PT,FJ,1210,NP0 (C0G); ±5%; Pd/Ag; 7-inch Reeled,2000V,6.8 nF,,,,,,,Published
MLCC,Anti-Arcing High Voltage,FJ32N682J202PG,FJ,1210,NP0 (C0G); ±5%; Pd/Ag; 13-inch Reeled,2000V,6.8 nF,,,,,,,Published
MLCC,Anti-Arcing High Voltage,FJ32N682J202ET,FJ,1210,NP0 (C0G); ±5%; Ag/Ni/Sn; 7-inch Reeled,2000V,6.8 nF,,,,,,,Published
MLCC,Anti-Arcing High Voltage,FJ32N682J202EG,FJ,1210,NP0 (C0G); ±5%; Ag/Ni/Sn; 13-inch Reeled,2000V,6.8 nF,,,,,,,Published
MLCC,Anti-Arcing High Voltage,FJ32N682K101PT,FJ,1210,NP0 (C0G); ±10%; Pd/Ag; 7-inch Reeled,100V,6.8 nF,,,,,,,Published
MLCC,Anti-Arcing High Voltage,FJ32N682K101PG,FJ,1210,NP0 (C0G); ±10%; Pd/Ag; 13-inch Reeled,100V,6.8 nF,,,,,,,Published
MLCC,Anti-Arcing High Voltage,FJ32N682K101ET,FJ,1210,NP0 (C0G); ±10%; Ag/Ni/Sn; 7-inch Reeled,100V,6.8 nF,,,,,,,Published
MLCC,Anti-Arcing High Voltage,FJ32N682K101EG,FJ,1210,NP0 (C0G); ±10%; Ag/Ni/Sn; 13-inch Reeled,100V,6.8 nF,,,,,,,Published
MLCC,Anti-Arcing High Voltage,FJ32N682K202PT,FJ,1210,NP0 (C0G); ±10%; Pd/Ag; 7-inch Reeled,2000V,6.8 nF,,,,,,,Published
MLCC,Anti-Arcing High Voltage,FJ32N682K202PG,FJ,1210,NP0 (C0G); ±10%; Pd/Ag; 13-inch Reeled,2000V,6.8 nF,,,,,,,Published
MLCC,Anti-Arcing High Voltage,FJ32N682K202ET,FJ,1210,NP0 (C0G); ±10%; Ag/Ni/Sn; 7-inch Reeled,2000V,6.8 nF,,,,,,,Published
MLCC,Anti-Arcing High Voltage,FJ32N682K202EG,FJ,1210,NP0 (C0G); ±10%; Ag/Ni/Sn; 13-inch Reeled,2000V,6.8 nF,,,,,,,Published
MLCC,Anti-Arcing High Voltage,FJ32N683J101PT,FJ,1210,NP0 (C0G); ±5%; Pd/Ag; 7-inch Reeled,100V,68 nF,,,,,,,Published
MLCC,Anti-Arcing High Voltage,FJ32N683J101PG,FJ,1210,NP0 (C0G); ±5%; Pd/Ag; 13-inch Reeled,100V,68 nF,,,,,,,Published
MLCC,Anti-Arcing High Voltage,FJ32N683J101ET,FJ,1210,NP0 (C0G); ±5%; Ag/Ni/Sn; 7-inch Reeled,100V,68 nF,,,,,,,Published
MLCC,Anti-Arcing High Voltage,FJ32N683J101EG,FJ,1210,NP0 (C0G); ±5%; Ag/Ni/Sn; 13-inch Reeled,100V,68 nF,,,,,,,Published
MLCC,Anti-Arcing High Voltage,FJ32N683J202PT,FJ,1210,NP0 (C0G); ±5%; Pd/Ag; 7-inch Reeled,2000V,68 nF,,,,,,,Published
MLCC,Anti-Arcing High Voltage,FJ32N683J202PG,FJ,1210,NP0 (C0G); ±5%; Pd/Ag; 13-inch Reeled,2000V,68 nF,,,,,,,Published
MLCC,Anti-Arcing High Voltage,FJ32N683J202ET,FJ,1210,NP0 (C0G); ±5%; Ag/Ni/Sn; 7-inch Reeled,2000V,68 nF,,,,,,,Published
MLCC,Anti-Arcing High Voltage,FJ32N683J202EG,FJ,1210,NP0 (C0G); ±5%; Ag/Ni/Sn; 13-inch Reeled,2000V,68 nF,,,,,,,Published
MLCC,Anti-Arcing High Voltage,FJ32N683K101PT,FJ,1210,NP0 (C0G); ±10%; Pd/Ag; 7-inch Reeled,100V,68 nF,,,,,,,Published
MLCC,Anti-Arcing High Voltage,FJ32N683K101PG,FJ,1210,NP0 (C0G); ±10%; Pd/Ag; 13-inch Reeled,100V,68 nF,,,,,,,Published
MLCC,Anti-Arcing High Voltage,FJ32N683K101ET,FJ,1210,NP0 (C0G); ±10%; Ag/Ni/Sn; 7-inch Reeled,100V,68 nF,,,,,,,Published
MLCC,Anti-Arcing High Voltage,FJ32N683K101EG,FJ,1210,NP0 (C0G); ±10%; Ag/Ni/Sn; 13-inch Reeled,100V,68 nF,,,,,,,Published
MLCC,Anti-Arcing High Voltage,FJ32N683K202PT,FJ,1210,NP0 (C0G); ±10%; Pd/Ag; 7-inch Reeled,2000V,68 nF,,,,,,,Published
MLCC,Anti-Arcing High Voltage,FJ32N683K202PG,FJ,1210,NP0 (C0G); ±10%; Pd/Ag; 13-inch Reeled,2000V,68 nF,,,,,,,Published
MLCC,Anti-Arcing High Voltage,FJ32N683K202ET,FJ,1210,NP0 (C0G); ±10%; Ag/Ni/Sn; 7-inch Reeled,2000V,68 nF,,,,,,,Published
MLCC,Anti-Arcing High Voltage,FJ32N683K202EG,FJ,1210,NP0 (C0G); ±10%; Ag/Ni/Sn; 13-inch Reeled,2000V,68 nF,,,,,,,Published
MLCC,Anti-Arcing High Voltage,FJ32N684J101PT,FJ,1210,NP0 (C0G); ±5%; Pd/Ag; 7-inch Reeled,100V,680 nF,,,,,,,Published
MLCC,Anti-Arcing High Voltage,FJ32N684J101PG,FJ,1210,NP0 (C0G); ±5%; Pd/Ag; 13-inch Reeled,100V,680 nF,,,,,,,Published
MLCC,Anti-Arcing High Voltage,FJ32N684J101ET,FJ,1210,NP0 (C0G); ±5%; Ag/Ni/Sn; 7-inch Reeled,100V,680 nF,,,,,,,Published
MLCC,Anti-Arcing High Voltage,FJ32N684J101EG,FJ,1210,NP0 (C0G); ±5%; Ag/Ni/Sn; 13-inch Reeled,100V,680 nF,,,,,,,Published
MLCC,Anti-Arcing High Voltage,FJ32N684J202PT,FJ,1210,NP0 (C0G); ±5%; Pd/Ag; 7-inch Reeled,2000V,680 nF,,,,,,,Published
MLCC,Anti-Arcing High Voltage,FJ32N684J202PG,FJ,1210,NP0 (C0G); ±5%; Pd/Ag; 13-inch Reeled,2000V,680 nF,,,,,,,Published
MLCC,Anti-Arcing High Voltage,FJ32N684J202ET,FJ,1210,NP0 (C0G); ±5%; Ag/Ni/Sn; 7-inch Reeled,2000V,680 nF,,,,,,,Published
MLCC,Anti-Arcing High Voltage,FJ32N684J202EG,FJ,1210,NP0 (C0G); ±5%; Ag/Ni/Sn; 13-inch Reeled,2000V,680 nF,,,,,,,Published
MLCC,Anti-Arcing High Voltage,FJ32N684K101PT,FJ,1210,NP0 (C0G); ±10%; Pd/Ag; 7-inch Reeled,100V,680 nF,,,,,,,Published
MLCC,Anti-Arcing High Voltage,FJ32N684K101PG,FJ,1210,NP0 (C0G); ±10%; Pd/Ag; 13-inch Reeled,100V,680 nF,,,,,,,Published
MLCC,Anti-Arcing High Voltage,FJ32N684K101ET,FJ,1210,NP0 (C0G); ±10%; Ag/Ni/Sn; 7-inch Reeled,100V,680 nF,,,,,,,Published
MLCC,Anti-Arcing High Voltage,FJ32N684K101EG,FJ,1210,NP0 (C0G); ±10%; Ag/Ni/Sn; 13-inch Reeled,100V,680 nF,,,,,,,Published
MLCC,Anti-Arcing High Voltage,FJ32N684K202PT,FJ,1210,NP0 (C0G); ±10%; Pd/Ag; 7-inch Reeled,2000V,680 nF,,,,,,,Published
MLCC,Anti-Arcing High Voltage,FJ32N684K202PG,FJ,1210,NP0 (C0G); ±10%; Pd/Ag; 13-inch Reeled,2000V,680 nF,,,,,,,Published
MLCC,Anti-Arcing High Voltage,FJ32N684K202ET,FJ,1210,NP0 (C0G); ±10%; Ag/Ni/Sn; 7-inch Reeled,2000V,680 nF,,,,,,,Published
MLCC,Anti-Arcing High Voltage,FJ32N684K202EG,FJ,1210,NP0 (C0G); ±10%; Ag/Ni/Sn; 13-inch Reeled,2000V,680 nF,,,,,,,Published
MLCC,Anti-Arcing High Voltage,FJ32X100J101PT,FJ,1210,X7R; ±5%; Pd/Ag; 7-inch Reeled,100V,10 pF,,,,,,,Published
MLCC,Anti-Arcing High Voltage,FJ32X100J101PG,FJ,1210,X7R; ±5%; Pd/Ag; 13-inch Reeled,100V,10 pF,,,,,,,Published
MLCC,Anti-Arcing High Voltage,FJ32X100J101ET,FJ,1210,X7R; ±5%; Ag/Ni/Sn; 7-inch Reeled,100V,10 pF,,,,,,,Published
MLCC,Anti-Arcing High Voltage,FJ32X100J101EG,FJ,1210,X7R; ±5%; Ag/Ni/Sn; 13-inch Reeled,100V,10 pF,,,,,,,Published
MLCC,Anti-Arcing High Voltage,FJ32X100J202PT,FJ,1210,X7R; ±5%; Pd/Ag; 7-inch Reeled,2000V,10 pF,,,,,,,Published
MLCC,Anti-Arcing High Voltage,FJ32X100J202PG,FJ,1210,X7R; ±5%; Pd/Ag; 13-inch Reeled,2000V,10 pF,,,,,,,Published
MLCC,Anti-Arcing High Voltage,FJ32X100J202ET,FJ,1210,X7R; ±5%; Ag/Ni/Sn; 7-inch Reeled,2000V,10 pF,,,,,,,Published
MLCC,Anti-Arcing High Voltage,FJ32X100J202EG,FJ,1210,X7R; ±5%; Ag/Ni/Sn; 13-inch Reeled,2000V,10 pF,,,,,,,Published
MLCC,Anti-Arcing High Voltage,FJ32X100K101PT,FJ,1210,X7R; ±10%; Pd/Ag; 7-inch Reeled,100V,10 pF,,,,,,,Published
MLCC,Anti-Arcing High Voltage,FJ32X100K101PG,FJ,1210,X7R; ±10%; Pd/Ag; 13-inch Reeled,100V,10 pF,,,,,,,Published
MLCC,Anti-Arcing High Voltage,FJ32X100K101ET,FJ,1210,X7R; ±10%; Ag/Ni/Sn; 7-inch Reeled,100V,10 pF,,,,,,,Published
MLCC,Anti-Arcing High Voltage,FJ32X100K101EG,FJ,1210,X7R; ±10%; Ag/Ni/Sn; 13-inch Reeled,100V,10 pF,,,,,,,Published
MLCC,Anti-Arcing High Voltage,FJ32X100K202PT,FJ,1210,X7R; ±10%; Pd/Ag; 7-inch Reeled,2000V,10 pF,,,,,,,Published
MLCC,Anti-Arcing High Voltage,FJ32X100K202PG,FJ,1210,X7R; ±10%; Pd/Ag; 13-inch Reeled,2000V,10 pF,,,,,,,Published
MLCC,Anti-Arcing High Voltage,FJ32X100K202ET,FJ,1210,X7R; ±10%; Ag/Ni/Sn; 7-inch Reeled,2000V,10 pF,,,,,,,Published
MLCC,Anti-Arcing High Voltage,FJ32X100K202EG,FJ,1210,X7R; ±10%; Ag/Ni/Sn; 13-inch Reeled,2000V,10 pF,,,,,,,Published
MLCC,Anti-Arcing High Voltage,FJ32X100M101PT,FJ,1210,X7R; ±20%; Pd/Ag; 7-inch Reeled,100V,10 pF,,,,,,,Published
MLCC,Anti-Arcing High Voltage,FJ32X100M101PG,FJ,1210,X7R; ±20%; Pd/Ag; 13-inch Reeled,100V,10 pF,,,,,,,Published
MLCC,Anti-Arcing High Voltage,FJ32X100M101ET,FJ,1210,X7R; ±20%; Ag/Ni/Sn; 7-inch Reeled,100V,10 pF,,,,,,,Published
MLCC,Anti-Arcing High Voltage,FJ32X100M101EG,FJ,1210,X7R; ±20%; Ag/Ni/Sn; 13-inch Reeled,100V,10 pF,,,,,,,Published
MLCC,Anti-Arcing High Voltage,FJ32X100M202PT,FJ,1210,X7R; ±20%; Pd/Ag; 7-inch Reeled,2000V,10 pF,,,,,,,Published
MLCC,Anti-Arcing High Voltage,FJ32X100M202PG,FJ,1210,X7R; ±20%; Pd/Ag; 13-inch Reeled,2000V,10 pF,,,,,,,Published
MLCC,Anti-Arcing High Voltage,FJ32X100M202ET,FJ,1210,X7R; ±20%; Ag/Ni/Sn; 7-inch Reeled,2000V,10 pF,,,,,,,Published
MLCC,Anti-Arcing High Voltage,FJ32X100M202EG,FJ,1210,X7R; ±20%; Ag/Ni/Sn; 13-inch Reeled,2000V,10 pF,,,,,,,Published
MLCC,Anti-Arcing High Voltage,FJ32X101J101PT,FJ,1210,X7R; ±5%; Pd/Ag; 7-inch Reeled,100V,100 pF,,,,,,,Published
MLCC,Anti-Arcing High Voltage,FJ32X101J101PG,FJ,1210,X7R; ±5%; Pd/Ag; 13-inch Reeled,100V,100 pF,,,,,,,Published
MLCC,Anti-Arcing High Voltage,FJ32X101J101ET,FJ,1210,X7R; ±5%; Ag/Ni/Sn; 7-inch Reeled,100V,100 pF,,,,,,,Published
MLCC,Anti-Arcing High Voltage,FJ32X101J101EG,FJ,1210,X7R; ±5%; Ag/Ni/Sn; 13-inch Reeled,100V,100 pF,,,,,,,Published
MLCC,Anti-Arcing High Voltage,FJ32X101J202PT,FJ,1210,X7R; ±5%; Pd/Ag; 7-inch Reeled,2000V,100 pF,,,,,,,Published
MLCC,Anti-Arcing High Voltage,FJ32X101J202PG,FJ,1210,X7R; ±5%; Pd/Ag; 13-inch Reeled,2000V,100 pF,,,,,,,Published
MLCC,Anti-Arcing High Voltage,FJ32X101J202ET,FJ,1210,X7R; ±5%; Ag/Ni/Sn; 7-inch Reeled,2000V,100 pF,,,,,,,Published
MLCC,Anti-Arcing High Voltage,FJ32X101J202EG,FJ,1210,X7R; ±5%; Ag/Ni/Sn; 13-inch Reeled,2000V,100 pF,,,,,,,Published
MLCC,Anti-Arcing High Voltage,FJ32X101K101PT,FJ,1210,X7R; ±10%; Pd/Ag; 7-inch Reeled,100V,100 pF,,,,,,,Published
MLCC,Anti-Arcing High Voltage,FJ32X101K101PG,FJ,1210,X7R; ±10%; Pd/Ag; 13-inch Reeled,100V,100 pF,,,,,,,Published
MLCC,Anti-Arcing High Voltage,FJ32X101K101ET,FJ,1210,X7R; ±10%; Ag/Ni/Sn; 7-inch Reeled,100V,100 pF,,,,,,,Published
MLCC,Anti-Arcing High Voltage,FJ32X101K101EG,FJ,1210,X7R; ±10%; Ag/Ni/Sn; 13-inch Reeled,100V,100 pF,,,,,,,Published
MLCC,Anti-Arcing High Voltage,FJ32X101K202PT,FJ,1210,X7R; ±10%; Pd/Ag; 7-inch Reeled,2000V,100 pF,,,,,,,Published
MLCC,Anti-Arcing High Voltage,FJ32X101K202PG,FJ,1210,X7R; ±10%; Pd/Ag; 13-inch Reeled,2000V,100 pF,,,,,,,Published
MLCC,Anti-Arcing High Voltage,FJ32X101K202ET,FJ,1210,X7R; ±10%; Ag/Ni/Sn; 7-inch Reeled,2000V,100 pF,,,,,,,Published
MLCC,Anti-Arcing High Voltage,FJ32X101K202EG,FJ,1210,X7R; ±10%; Ag/Ni/Sn; 13-inch Reeled,2000V,100 pF,,,,,,,Published
MLCC,Anti-Arcing High Voltage,FJ32X101M101PT,FJ,1210,X7R; ±20%; Pd/Ag; 7-inch Reeled,100V,100 pF,,,,,,,Published
MLCC,Anti-Arcing High Voltage,FJ32X101M101PG,FJ,1210,X7R; ±20%; Pd/Ag; 13-inch Reeled,100V,100 pF,,,,,,,Published
MLCC,Anti-Arcing High Voltage,FJ32X101M101ET,FJ,1210,X7R; ±20%; Ag/Ni/Sn; 7-inch Reeled,100V,100 pF,,,,,,,Published
MLCC,Anti-Arcing High Voltage,FJ32X101M101EG,FJ,1210,X7R; ±20%; Ag/Ni/Sn; 13-inch Reeled,100V,100 pF,,,,,,,Published
MLCC,Anti-Arcing High Voltage,FJ32X101M202PT,FJ,1210,X7R; ±20%; Pd/Ag; 7-inch Reeled,2000V,100 pF,,,,,,,Published
MLCC,Anti-Arcing High Voltage,FJ32X101M202PG,FJ,1210,X7R; ±20%; Pd/Ag; 13-inch Reeled,2000V,100 pF,,,,,,,Published
MLCC,Anti-Arcing High Voltage,FJ32X101M202ET,FJ,1210,X7R; ±20%; Ag/Ni/Sn; 7-inch Reeled,2000V,100 pF,,,,,,,Published
MLCC,Anti-Arcing High Voltage,FJ32X101M202EG,FJ,1210,X7R; ±20%; Ag/Ni/Sn; 13-inch Reeled,2000V,100 pF,,,,,,,Published
MLCC,Anti-Arcing High Voltage,FJ32X102J101PT,FJ,1210,X7R; ±5%; Pd/Ag; 7-inch Reeled,100V,1 nF,,,,,,,Published
MLCC,Anti-Arcing High Voltage,FJ32X102J101PG,FJ,1210,X7R; ±5%; Pd/Ag; 13-inch Reeled,100V,1 nF,,,,,,,Published
MLCC,Anti-Arcing High Voltage,FJ32X102J101ET,FJ,1210,X7R; ±5%; Ag/Ni/Sn; 7-inch Reeled,100V,1 nF,,,,,,,Published
MLCC,Anti-Arcing High Voltage,FJ32X102J101EG,FJ,1210,X7R; ±5%; Ag/Ni/Sn; 13-inch Reeled,100V,1 nF,,,,,,,Published
MLCC,Anti-Arcing High Voltage,FJ32X102J202PT,FJ,1210,X7R; ±5%; Pd/Ag; 7-inch Reeled,2000V,1 nF,,,,,,,Published
MLCC,Anti-Arcing High Voltage,FJ32X102J202PG,FJ,1210,X7R; ±5%; Pd/Ag; 13-inch Reeled,2000V,1 nF,,,,,,,Published
MLCC,Anti-Arcing High Voltage,FJ32X102J202ET,FJ,1210,X7R; ±5%; Ag/Ni/Sn; 7-inch Reeled,2000V,1 nF,,,,,,,Published
MLCC,Anti-Arcing High Voltage,FJ32X102J202EG,FJ,1210,X7R; ±5%; Ag/Ni/Sn; 13-inch Reeled,2000V,1 nF,,,,,,,Published
MLCC,Anti-Arcing High Voltage,FJ32X102K101PT,FJ,1210,X7R; ±10%; Pd/Ag; 7-inch Reeled,100V,1 nF,,,,,,,Published
MLCC,Anti-Arcing High Voltage,FJ32X102K101PG,FJ,1210,X7R; ±10%; Pd/Ag; 13-inch Reeled,100V,1 nF,,,,,,,Published
MLCC,Anti-Arcing High Voltage,FJ32X102K101ET,FJ,1210,X7R; ±10%; Ag/Ni/Sn; 7-inch Reeled,100V,1 nF,,,,,,,Published
MLCC,Anti-Arcing High Voltage,FJ32X102K101EG,FJ,1210,X7R; ±10%; Ag/Ni/Sn; 13-inch Reeled,100V,1 nF,,,,,,,Published
MLCC,Anti-Arcing High Voltage,FJ32X102K202PT,FJ,1210,X7R; ±10%; Pd/Ag; 7-inch Reeled,2000V,1 nF,,,,,,,Published
MLCC,Anti-Arcing High Voltage,FJ32X102K202PG,FJ,1210,X7R; ±10%; Pd/Ag; 13-inch Reeled,2000V,1 nF,,,,,,,Published
MLCC,Anti-Arcing High Voltage,FJ32X102K202ET,FJ,1210,X7R; ±10%; Ag/Ni/Sn; 7-inch Reeled,2000V,1 nF,,,,,,,Published
MLCC,Anti-Arcing High Voltage,FJ32X102K202EG,FJ,1210,X7R; ±10%; Ag/Ni/Sn; 13-inch Reeled,2000V,1 nF,,,,,,,Published
MLCC,Anti-Arcing High Voltage,FJ32X102M101PT,FJ,1210,X7R; ±20%; Pd/Ag; 7-inch Reeled,100V,1 nF,,,,,,,Published
MLCC,Anti-Arcing High Voltage,FJ32X102M101PG,FJ,1210,X7R; ±20%; Pd/Ag; 13-inch Reeled,100V,1 nF,,,,,,,Published
MLCC,Anti-Arcing High Voltage,FJ32X102M101ET,FJ,1210,X7R; ±20%; Ag/Ni/Sn; 7-inch Reeled,100V,1 nF,,,,,,,Published
MLCC,Anti-Arcing High Voltage,FJ32X102M101EG,FJ,1210,X7R; ±20%; Ag/Ni/Sn; 13-inch Reeled,100V,1 nF,,,,,,,Published
MLCC,Anti-Arcing High Voltage,FJ32X102M202PT,FJ,1210,X7R; ±20%; Pd/Ag; 7-inch Reeled,2000V,1 nF,,,,,,,Published
MLCC,Anti-Arcing High Voltage,FJ32X102M202PG,FJ,1210,X7R; ±20%; Pd/Ag; 13-inch Reeled,2000V,1 nF,,,,,,,Published
MLCC,Anti-Arcing High Voltage,FJ32X102M202ET,FJ,1210,X7R; ±20%; Ag/Ni/Sn; 7-inch Reeled,2000V,1 nF,,,,,,,Published
MLCC,Anti-Arcing High Voltage,FJ32X102M202EG,FJ,1210,X7R; ±20%; Ag/Ni/Sn; 13-inch Reeled,2000V,1 nF,,,,,,,Published
MLCC,Anti-Arcing High Voltage,FJ32X103J101PT,FJ,1210,X7R; ±5%; Pd/Ag; 7-inch Reeled,100V,10 nF,,,,,,,Published
MLCC,Anti-Arcing High Voltage,FJ32X103J101PG,FJ,1210,X7R; ±5%; Pd/Ag; 13-inch Reeled,100V,10 nF,,,,,,,Published
MLCC,Anti-Arcing High Voltage,FJ32X103J101ET,FJ,1210,X7R; ±5%; Ag/Ni/Sn; 7-inch Reeled,100V,10 nF,,,,,,,Published
MLCC,Anti-Arcing High Voltage,FJ32X103J101EG,FJ,1210,X7R; ±5%; Ag/Ni/Sn; 13-inch Reeled,100V,10 nF,,,,,,,Published
MLCC,Anti-Arcing High Voltage,FJ32X103J202PT,FJ,1210,X7R; ±5%; Pd/Ag; 7-inch Reeled,2000V,10 nF,,,,,,,Published
MLCC,Anti-Arcing High Voltage,FJ32X103J202PG,FJ,1210,X7R; ±5%; Pd/Ag; 13-inch Reeled,2000V,10 nF,,,,,,,Published
MLCC,Anti-Arcing High Voltage,FJ32X103J202ET,FJ,1210,X7R; ±5%; Ag/Ni/Sn; 7-inch Reeled,2000V,10 nF,,,,,,,Published
MLCC,Anti-Arcing High Voltage,FJ32X103J202EG,FJ,1210,X7R; ±5%; Ag/Ni/Sn; 13-inch Reeled,2000V,10 nF,,,,,,,Published
MLCC,Anti-Arcing High Voltage,FJ32X103K101PT,FJ,1210,X7R; ±10%; Pd/Ag; 7-inch Reeled,100V,10 nF,,,,,,,Published
MLCC,Anti-Arcing High Voltage,FJ32X103K101PG,FJ,1210,X7R; ±10%; Pd/Ag; 13-inch Reeled,100V,10 nF,,,,,,,Published
MLCC,Anti-Arcing High Voltage,FJ32X103K101ET,FJ,1210,X7R; ±10%; Ag/Ni/Sn; 7-inch Reeled,100V,10 nF,,,,,,,Published
MLCC,Anti-Arcing High Voltage,FJ32X103K101EG,FJ,1210,X7R; ±10%; Ag/Ni/Sn; 13-inch Reeled,100V,10 nF,,,,,,,Published
MLCC,Anti-Arcing High Voltage,FJ32X103K202PT,FJ,1210,X7R; ±10%; Pd/Ag; 7-inch Reeled,2000V,10 nF,,,,,,,Published
MLCC,Anti-Arcing High Voltage,FJ32X103K202PG,FJ,1210,X7R; ±10%; Pd/Ag; 13-inch Reeled,2000V,10 nF,,,,,,,Published
MLCC,Anti-Arcing High Voltage,FJ32X103K202ET,FJ,1210,X7R; ±10%; Ag/Ni/Sn; 7-inch Reeled,2000V,10 nF,,,,,,,Published
MLCC,Anti-Arcing High Voltage,FJ32X103K202EG,FJ,1210,X7R; ±10%; Ag/Ni/Sn; 13-inch Reeled,2000V,10 nF,,,,,,,Published
MLCC,Anti-Arcing High Voltage,FJ32X103M101PT,FJ,1210,X7R; ±20%; Pd/Ag; 7-inch Reeled,100V,10 nF,,,,,,,Published
MLCC,Anti-Arcing High Voltage,FJ32X103M101PG,FJ,1210,X7R; ±20%; Pd/Ag; 13-inch Reeled,100V,10 nF,,,,,,,Published
MLCC,Anti-Arcing High Voltage,FJ32X103M101ET,FJ,1210,X7R; ±20%; Ag/Ni/Sn; 7-inch Reeled,100V,10 nF,,,,,,,Published
MLCC,Anti-Arcing High Voltage,FJ32X103M101EG,FJ,1210,X7R; ±20%; Ag/Ni/Sn; 13-inch Reeled,100V,10 nF,,,,,,,Published
MLCC,Anti-Arcing High Voltage,FJ32X103M202PT,FJ,1210,X7R; ±20%; Pd/Ag; 7-inch Reeled,2000V,10 nF,,,,,,,Published
MLCC,Anti-Arcing High Voltage,FJ32X103M202PG,FJ,1210,X7R; ±20%; Pd/Ag; 13-inch Reeled,2000V,10 nF,,,,,,,Published
MLCC,Anti-Arcing High Voltage,FJ32X103M202ET,FJ,1210,X7R; ±20%; Ag/Ni/Sn; 7-inch Reeled,2000V,10 nF,,,,,,,Published
MLCC,Anti-Arcing High Voltage,FJ32X103M202EG,FJ,1210,X7R; ±20%; Ag/Ni/Sn; 13-inch Reeled,2000V,10 nF,,,,,,,Published
MLCC,Anti-Arcing High Voltage,FJ32X104J101PT,FJ,1210,X7R; ±5%; Pd/Ag; 7-inch Reeled,100V,100 nF,,,,,,,Published
MLCC,Anti-Arcing High Voltage,FJ32X104J101PG,FJ,1210,X7R; ±5%; Pd/Ag; 13-inch Reeled,100V,100 nF,,,,,,,Published
MLCC,Anti-Arcing High Voltage,FJ32X104J101ET,FJ,1210,X7R; ±5%; Ag/Ni/Sn; 7-inch Reeled,100V,100 nF,,,,,,,Published
MLCC,Anti-Arcing High Voltage,FJ32X104J101EG,FJ,1210,X7R; ±5%; Ag/Ni/Sn; 13-inch Reeled,100V,100 nF,,,,,,,Published
MLCC,Anti-Arcing High Voltage,FJ32X104J202PT,FJ,1210,X7R; ±5%; Pd/Ag; 7-inch Reeled,2000V,100 nF,,,,,,,Published
MLCC,Anti-Arcing High Voltage,FJ32X104J202PG,FJ,1210,X7R; ±5%; Pd/Ag; 13-inch Reeled,2000V,100 nF,,,,,,,Published
MLCC,Anti-Arcing High Voltage,FJ32X104J202ET,FJ,1210,X7R; ±5%; Ag/Ni/Sn; 7-inch Reeled,2000V,100 nF,,,,,,,Published
MLCC,Anti-Arcing High Voltage,FJ32X104J202EG,FJ,1210,X7R; ±5%; Ag/Ni/Sn; 13-inch Reeled,2000V,100 nF,,,,,,,Published
MLCC,Anti-Arcing High Voltage,FJ32X104K101PT,FJ,1210,X7R; ±10%; Pd/Ag; 7-inch Reeled,100V,100 nF,,,,,,,Published
MLCC,Anti-Arcing High Voltage,FJ32X104K101PG,FJ,1210,X7R; ±10%; Pd/Ag; 13-inch Reeled,100V,100 nF,,,,,,,Published
MLCC,Anti-Arcing High Voltage,FJ32X104K101ET,FJ,1210,X7R; ±10%; Ag/Ni/Sn; 7-inch Reeled,100V,100 nF,,,,,,,Published
MLCC,Anti-Arcing High Voltage,FJ32X104K101EG,FJ,1210,X7R; ±10%; Ag/Ni/Sn; 13-inch Reeled,100V,100 nF,,,,,,,Published
MLCC,Anti-Arcing High Voltage,FJ32X104K202PT,FJ,1210,X7R; ±10%; Pd/Ag; 7-inch Reeled,2000V,100 nF,,,,,,,Published
MLCC,Anti-Arcing High Voltage,FJ32X104K202PG,FJ,1210,X7R; ±10%; Pd/Ag; 13-inch Reeled,2000V,100 nF,,,,,,,Published
MLCC,Anti-Arcing High Voltage,FJ32X104K202ET,FJ,1210,X7R; ±10%; Ag/Ni/Sn; 7-inch Reeled,2000V,100 nF,,,,,,,Published
MLCC,Anti-Arcing High Voltage,FJ32X104K202EG,FJ,1210,X7R; ±10%; Ag/Ni/Sn; 13-inch Reeled,2000V,100 nF,,,,,,,Published
MLCC,Anti-Arcing High Voltage,FJ32X104M101PT,FJ,1210,X7R; ±20%; Pd/Ag; 7-inch Reeled,100V,100 nF,,,,,,,Published
MLCC,Anti-Arcing High Voltage,FJ32X104M101PG,FJ,1210,X7R; ±20%; Pd/Ag; 13-inch Reeled,100V,100 nF,,,,,,,Published
MLCC,Anti-Arcing High Voltage,FJ32X104M101ET,FJ,1210,X7R; ±20%; Ag/Ni/Sn; 7-inch Reeled,100V,100 nF,,,,,,,Published
MLCC,Anti-Arcing High Voltage,FJ32X104M101EG,FJ,1210,X7R; ±20%; Ag/Ni/Sn; 13-inch Reeled,100V,100 nF,,,,,,,Published
MLCC,Anti-Arcing High Voltage,FJ32X104M202PT,FJ,1210,X7R; ±20%; Pd/Ag; 7-inch Reeled,2000V,100 nF,,,,,,,Published
MLCC,Anti-Arcing High Voltage,FJ32X104M202PG,FJ,1210,X7R; ±20%; Pd/Ag; 13-inch Reeled,2000V,100 nF,,,,,,,Published
MLCC,Anti-Arcing High Voltage,FJ32X104M202ET,FJ,1210,X7R; ±20%; Ag/Ni/Sn; 7-inch Reeled,2000V,100 nF,,,,,,,Published
MLCC,Anti-Arcing High Voltage,FJ32X104M202EG,FJ,1210,X7R; ±20%; Ag/Ni/Sn; 13-inch Reeled,2000V,100 nF,,,,,,,Published
MLCC,Anti-Arcing High Voltage,FJ32X150J101PT,FJ,1210,X7R; ±5%; Pd/Ag; 7-inch Reeled,100V,15 pF,,,,,,,Published
MLCC,Anti-Arcing High Voltage,FJ32X150J101PG,FJ,1210,X7R; ±5%; Pd/Ag; 13-inch Reeled,100V,15 pF,,,,,,,Published
MLCC,Anti-Arcing High Voltage,FJ32X150J101ET,FJ,1210,X7R; ±5%; Ag/Ni/Sn; 7-inch Reeled,100V,15 pF,,,,,,,Published
MLCC,Anti-Arcing High Voltage,FJ32X150J101EG,FJ,1210,X7R; ±5%; Ag/Ni/Sn; 13-inch Reeled,100V,15 pF,,,,,,,Published
MLCC,Anti-Arcing High Voltage,FJ32X150J202PT,FJ,1210,X7R; ±5%; Pd/Ag; 7-inch Reeled,2000V,15 pF,,,,,,,Published
MLCC,Anti-Arcing High Voltage,FJ32X150J202PG,FJ,1210,X7R; ±5%; Pd/Ag; 13-inch Reeled,2000V,15 pF,,,,,,,Published
MLCC,Anti-Arcing High Voltage,FJ32X150J202ET,FJ,1210,X7R; ±5%; Ag/Ni/Sn; 7-inch Reeled,2000V,15 pF,,,,,,,Published
MLCC,Anti-Arcing High Voltage,FJ32X150J202EG,FJ,1210,X7R; ±5%; Ag/Ni/Sn; 13-inch Reeled,2000V,15 pF,,,,,,,Published
MLCC,Anti-Arcing High Voltage,FJ32X150K101PT,FJ,1210,X7R; ±10%; Pd/Ag; 7-inch Reeled,100V,15 pF,,,,,,,Published
MLCC,Anti-Arcing High Voltage,FJ32X150K101PG,FJ,1210,X7R; ±10%; Pd/Ag; 13-inch Reeled,100V,15 pF,,,,,,,Published
MLCC,Anti-Arcing High Voltage,FJ32X150K101ET,FJ,1210,X7R; ±10%; Ag/Ni/Sn; 7-inch Reeled,100V,15 pF,,,,,,,Published
MLCC,Anti-Arcing High Voltage,FJ32X150K101EG,FJ,1210,X7R; ±10%; Ag/Ni/Sn; 13-inch Reeled,100V,15 pF,,,,,,,Published
MLCC,Anti-Arcing High Voltage,FJ32X150K202PT,FJ,1210,X7R; ±10%; Pd/Ag; 7-inch Reeled,2000V,15 pF,,,,,,,Published
MLCC,Anti-Arcing High Voltage,FJ32X150K202PG,FJ,1210,X7R; ±10%; Pd/Ag; 13-inch Reeled,2000V,15 pF,,,,,,,Published
MLCC,Anti-Arcing High Voltage,FJ32X150K202ET,FJ,1210,X7R; ±10%; Ag/Ni/Sn; 7-inch Reeled,2000V,15 pF,,,,,,,Published
MLCC,Anti-Arcing High Voltage,FJ32X150K202EG,FJ,1210,X7R; ±10%; Ag/Ni/Sn; 13-inch Reeled,2000V,15 pF,,,,,,,Published
MLCC,Anti-Arcing High Voltage,FJ32X150M101PT,FJ,1210,X7R; ±20%; Pd/Ag; 7-inch Reeled,100V,15 pF,,,,,,,Published
MLCC,Anti-Arcing High Voltage,FJ32X150M101PG,FJ,1210,X7R; ±20%; Pd/Ag; 13-inch Reeled,100V,15 pF,,,,,,,Published
MLCC,Anti-Arcing High Voltage,FJ32X150M101ET,FJ,1210,X7R; ±20%; Ag/Ni/Sn; 7-inch Reeled,100V,15 pF,,,,,,,Published
MLCC,Anti-Arcing High Voltage,FJ32X150M101EG,FJ,1210,X7R; ±20%; Ag/Ni/Sn; 13-inch Reeled,100V,15 pF,,,,,,,Published
MLCC,Anti-Arcing High Voltage,FJ32X150M202PT,FJ,1210,X7R; ±20%; Pd/Ag; 7-inch Reeled,2000V,15 pF,,,,,,,Published
MLCC,Anti-Arcing High Voltage,FJ32X150M202PG,FJ,1210,X7R; ±20%; Pd/Ag; 13-inch Reeled,2000V,15 pF,,,,,,,Published
MLCC,Anti-Arcing High Voltage,FJ32X150M202ET,FJ,1210,X7R; ±20%; Ag/Ni/Sn; 7-inch Reeled,2000V,15 pF,,,,,,,Published
MLCC,Anti-Arcing High Voltage,FJ32X150M202EG,FJ,1210,X7R; ±20%; Ag/Ni/Sn; 13-inch Reeled,2000V,15 pF,,,,,,,Published
MLCC,Anti-Arcing High Voltage,FJ32X151J101PT,FJ,1210,X7R; ±5%; Pd/Ag; 7-inch Reeled,100V,150 pF,,,,,,,Published
MLCC,Anti-Arcing High Voltage,FJ32X151J101PG,FJ,1210,X7R; ±5%; Pd/Ag; 13-inch Reeled,100V,150 pF,,,,,,,Published
MLCC,Anti-Arcing High Voltage,FJ32X151J101ET,FJ,1210,X7R; ±5%; Ag/Ni/Sn; 7-inch Reeled,100V,150 pF,,,,,,,Published
MLCC,Anti-Arcing High Voltage,FJ32X151J101EG,FJ,1210,X7R; ±5%; Ag/Ni/Sn; 13-inch Reeled,100V,150 pF,,,,,,,Published
MLCC,Anti-Arcing High Voltage,FJ32X151J202PT,FJ,1210,X7R; ±5%; Pd/Ag; 7-inch Reeled,2000V,150 pF,,,,,,,Published
MLCC,Anti-Arcing High Voltage,FJ32X151J202PG,FJ,1210,X7R; ±5%; Pd/Ag; 13-inch Reeled,2000V,150 pF,,,,,,,Published
MLCC,Anti-Arcing High Voltage,FJ32X151J202ET,FJ,1210,X7R; ±5%; Ag/Ni/Sn; 7-inch Reeled,2000V,150 pF,,,,,,,Published
MLCC,Anti-Arcing High Voltage,FJ32X151J202EG,FJ,1210,X7R; ±5%; Ag/Ni/Sn; 13-inch Reeled,2000V,150 pF,,,,,,,Published
MLCC,Anti-Arcing High Voltage,FJ32X151K101PT,FJ,1210,X7R; ±10%; Pd/Ag; 7-inch Reeled,100V,150 pF,,,,,,,Published
MLCC,Anti-Arcing High Voltage,FJ32X151K101PG,FJ,1210,X7R; ±10%; Pd/Ag; 13-inch Reeled,100V,150 pF,,,,,,,Published
MLCC,Anti-Arcing High Voltage,FJ32X151K101ET,FJ,1210,X7R; ±10%; Ag/Ni/Sn; 7-inch Reeled,100V,150 pF,,,,,,,Published
MLCC,Anti-Arcing High Voltage,FJ32X151K101EG,FJ,1210,X7R; ±10%; Ag/Ni/Sn; 13-inch Reeled,100V,150 pF,,,,,,,Published
MLCC,Anti-Arcing High Voltage,FJ32X151K202PT,FJ,1210,X7R; ±10%; Pd/Ag; 7-inch Reeled,2000V,150 pF,,,,,,,Published
MLCC,Anti-Arcing High Voltage,FJ32X151K202PG,FJ,1210,X7R; ±10%; Pd/Ag; 13-inch Reeled,2000V,150 pF,,,,,,,Published
MLCC,Anti-Arcing High Voltage,FJ32X151K202ET,FJ,1210,X7R; ±10%; Ag/Ni/Sn; 7-inch Reeled,2000V,150 pF,,,,,,,Published
MLCC,Anti-Arcing High Voltage,FJ32X151K202EG,FJ,1210,X7R; ±10%; Ag/Ni/Sn; 13-inch Reeled,2000V,150 pF,,,,,,,Published
MLCC,Anti-Arcing High Voltage,FJ32X151M101PT,FJ,1210,X7R; ±20%; Pd/Ag; 7-inch Reeled,100V,150 pF,,,,,,,Published
MLCC,Anti-Arcing High Voltage,FJ32X151M101PG,FJ,1210,X7R; ±20%; Pd/Ag; 13-inch Reeled,100V,150 pF,,,,,,,Published
MLCC,Anti-Arcing High Voltage,FJ32X151M101ET,FJ,1210,X7R; ±20%; Ag/Ni/Sn; 7-inch Reeled,100V,150 pF,,,,,,,Published
MLCC,Anti-Arcing High Voltage,FJ32X151M101EG,FJ,1210,X7R; ±20%; Ag/Ni/Sn; 13-inch Reeled,100V,150 pF,,,,,,,Published
MLCC,Anti-Arcing High Voltage,FJ32X151M202PT,FJ,1210,X7R; ±20%; Pd/Ag; 7-inch Reeled,2000V,150 pF,,,,,,,Published
MLCC,Anti-Arcing High Voltage,FJ32X151M202PG,FJ,1210,X7R; ±20%; Pd/Ag; 13-inch Reeled,2000V,150 pF,,,,,,,Published
MLCC,Anti-Arcing High Voltage,FJ32X151M202ET,FJ,1210,X7R; ±20%; Ag/Ni/Sn; 7-inch Reeled,2000V,150 pF,,,,,,,Published
MLCC,Anti-Arcing High Voltage,FJ32X151M202EG,FJ,1210,X7R; ±20%; Ag/Ni/Sn; 13-inch Reeled,2000V,150 pF,,,,,,,Published
MLCC,Anti-Arcing High Voltage,FJ32X152J101PT,FJ,1210,X7R; ±5%; Pd/Ag; 7-inch Reeled,100V,1.5 nF,,,,,,,Published
MLCC,Anti-Arcing High Voltage,FJ32X152J101PG,FJ,1210,X7R; ±5%; Pd/Ag; 13-inch Reeled,100V,1.5 nF,,,,,,,Published
MLCC,Anti-Arcing High Voltage,FJ32X152J101ET,FJ,1210,X7R; ±5%; Ag/Ni/Sn; 7-inch Reeled,100V,1.5 nF,,,,,,,Published
MLCC,Anti-Arcing High Voltage,FJ32X152J101EG,FJ,1210,X7R; ±5%; Ag/Ni/Sn; 13-inch Reeled,100V,1.5 nF,,,,,,,Published
MLCC,Anti-Arcing High Voltage,FJ32X152J202PT,FJ,1210,X7R; ±5%; Pd/Ag; 7-inch Reeled,2000V,1.5 nF,,,,,,,Published
MLCC,Anti-Arcing High Voltage,FJ32X152J202PG,FJ,1210,X7R; ±5%; Pd/Ag; 13-inch Reeled,2000V,1.5 nF,,,,,,,Published
MLCC,Anti-Arcing High Voltage,FJ32X152J202ET,FJ,1210,X7R; ±5%; Ag/Ni/Sn; 7-inch Reeled,2000V,1.5 nF,,,,,,,Published
MLCC,Anti-Arcing High Voltage,FJ32X152J202EG,FJ,1210,X7R; ±5%; Ag/Ni/Sn; 13-inch Reeled,2000V,1.5 nF,,,,,,,Published
MLCC,Anti-Arcing High Voltage,FJ32X152K101PT,FJ,1210,X7R; ±10%; Pd/Ag; 7-inch Reeled,100V,1.5 nF,,,,,,,Published
MLCC,Anti-Arcing High Voltage,FJ32X152K101PG,FJ,1210,X7R; ±10%; Pd/Ag; 13-inch Reeled,100V,1.5 nF,,,,,,,Published
MLCC,Anti-Arcing High Voltage,FJ32X152K101ET,FJ,1210,X7R; ±10%; Ag/Ni/Sn; 7-inch Reeled,100V,1.5 nF,,,,,,,Published
MLCC,Anti-Arcing High Voltage,FJ32X152K101EG,FJ,1210,X7R; ±10%; Ag/Ni/Sn; 13-inch Reeled,100V,1.5 nF,,,,,,,Published
MLCC,Anti-Arcing High Voltage,FJ32X152K202PT,FJ,1210,X7R; ±10%; Pd/Ag; 7-inch Reeled,2000V,1.5 nF,,,,,,,Published
MLCC,Anti-Arcing High Voltage,FJ32X152K202PG,FJ,1210,X7R; ±10%; Pd/Ag; 13-inch Reeled,2000V,1.5 nF,,,,,,,Published
MLCC,Anti-Arcing High Voltage,FJ32X152K202ET,FJ,1210,X7R; ±10%; Ag/Ni/Sn; 7-inch Reeled,2000V,1.5 nF,,,,,,,Published
MLCC,Anti-Arcing High Voltage,FJ32X152K202EG,FJ,1210,X7R; ±10%; Ag/Ni/Sn; 13-inch Reeled,2000V,1.5 nF,,,,,,,Published
MLCC,Anti-Arcing High Voltage,FJ32X152M101PT,FJ,1210,X7R; ±20%; Pd/Ag; 7-inch Reeled,100V,1.5 nF,,,,,,,Published
MLCC,Anti-Arcing High Voltage,FJ32X152M101PG,FJ,1210,X7R; ±20%; Pd/Ag; 13-inch Reeled,100V,1.5 nF,,,,,,,Published
MLCC,Anti-Arcing High Voltage,FJ32X152M101ET,FJ,1210,X7R; ±20%; Ag/Ni/Sn; 7-inch Reeled,100V,1.5 nF,,,,,,,Published
MLCC,Anti-Arcing High Voltage,FJ32X152M101EG,FJ,1210,X7R; ±20%; Ag/Ni/Sn; 13-inch Reeled,100V,1.5 nF,,,,,,,Published
MLCC,Anti-Arcing High Voltage,FJ32X152M202PT,FJ,1210,X7R; ±20%; Pd/Ag; 7-inch Reeled,2000V,1.5 nF,,,,,,,Published
MLCC,Anti-Arcing High Voltage,FJ32X152M202PG,FJ,1210,X7R; ±20%; Pd/Ag; 13-inch Reeled,2000V,1.5 nF,,,,,,,Published
MLCC,Anti-Arcing High Voltage,FJ32X152M202ET,FJ,1210,X7R; ±20%; Ag/Ni/Sn; 7-inch Reeled,2000V,1.5 nF,,,,,,,Published
MLCC,Anti-Arcing High Voltage,FJ32X152M202EG,FJ,1210,X7R; ±20%; Ag/Ni/Sn; 13-inch Reeled,2000V,1.5 nF,,,,,,,Published
MLCC,Anti-Arcing High Voltage,FJ32X153J101PT,FJ,1210,X7R; ±5%; Pd/Ag; 7-inch Reeled,100V,15 nF,,,,,,,Published
MLCC,Anti-Arcing High Voltage,FJ32X153J101PG,FJ,1210,X7R; ±5%; Pd/Ag; 13-inch Reeled,100V,15 nF,,,,,,,Published
MLCC,Anti-Arcing High Voltage,FJ32X153J101ET,FJ,1210,X7R; ±5%; Ag/Ni/Sn; 7-inch Reeled,100V,15 nF,,,,,,,Published
MLCC,Anti-Arcing High Voltage,FJ32X153J101EG,FJ,1210,X7R; ±5%; Ag/Ni/Sn; 13-inch Reeled,100V,15 nF,,,,,,,Published
MLCC,Anti-Arcing High Voltage,FJ32X153J202PT,FJ,1210,X7R; ±5%; Pd/Ag; 7-inch Reeled,2000V,15 nF,,,,,,,Published
MLCC,Anti-Arcing High Voltage,FJ32X153J202PG,FJ,1210,X7R; ±5%; Pd/Ag; 13-inch Reeled,2000V,15 nF,,,,,,,Published
MLCC,Anti-Arcing High Voltage,FJ32X153J202ET,FJ,1210,X7R; ±5%; Ag/Ni/Sn; 7-inch Reeled,2000V,15 nF,,,,,,,Published
MLCC,Anti-Arcing High Voltage,FJ32X153J202EG,FJ,1210,X7R; ±5%; Ag/Ni/Sn; 13-inch Reeled,2000V,15 nF,,,,,,,Published
MLCC,Anti-Arcing High Voltage,FJ32X153K101PT,FJ,1210,X7R; ±10%; Pd/Ag; 7-inch Reeled,100V,15 nF,,,,,,,Published
MLCC,Anti-Arcing High Voltage,FJ32X153K101PG,FJ,1210,X7R; ±10%; Pd/Ag; 13-inch Reeled,100V,15 nF,,,,,,,Published
MLCC,Anti-Arcing High Voltage,FJ32X153K101ET,FJ,1210,X7R; ±10%; Ag/Ni/Sn; 7-inch Reeled,100V,15 nF,,,,,,,Published
MLCC,Anti-Arcing High Voltage,FJ32X153K101EG,FJ,1210,X7R; ±10%; Ag/Ni/Sn; 13-inch Reeled,100V,15 nF,,,,,,,Published
MLCC,Anti-Arcing High Voltage,FJ32X153K202PT,FJ,1210,X7R; ±10%; Pd/Ag; 7-inch Reeled,2000V,15 nF,,,,,,,Published
MLCC,Anti-Arcing High Voltage,FJ32X153K202PG,FJ,1210,X7R; ±10%; Pd/Ag; 13-inch Reeled,2000V,15 nF,,,,,,,Published
MLCC,Anti-Arcing High Voltage,FJ32X153K202ET,FJ,1210,X7R; ±10%; Ag/Ni/Sn; 7-inch Reeled,2000V,15 nF,,,,,,,Published
MLCC,Anti-Arcing High Voltage,FJ32X153K202EG,FJ,1210,X7R; ±10%; Ag/Ni/Sn; 13-inch Reeled,2000V,15 nF,,,,,,,Published
MLCC,Anti-Arcing High Voltage,FJ32X153M101PT,FJ,1210,X7R; ±20%; Pd/Ag; 7-inch Reeled,100V,15 nF,,,,,,,Published
MLCC,Anti-Arcing High Voltage,FJ32X153M101PG,FJ,1210,X7R; ±20%; Pd/Ag; 13-inch Reeled,100V,15 nF,,,,,,,Published
MLCC,Anti-Arcing High Voltage,FJ32X153M101ET,FJ,1210,X7R; ±20%; Ag/Ni/Sn; 7-inch Reeled,100V,15 nF,,,,,,,Published
MLCC,Anti-Arcing High Voltage,FJ32X153M101EG,FJ,1210,X7R; ±20%; Ag/Ni/Sn; 13-inch Reeled,100V,15 nF,,,,,,,Published
MLCC,Anti-Arcing High Voltage,FJ32X153M202PT,FJ,1210,X7R; ±20%; Pd/Ag; 7-inch Reeled,2000V,15 nF,,,,,,,Published
MLCC,Anti-Arcing High Voltage,FJ32X153M202PG,FJ,1210,X7R; ±20%; Pd/Ag; 13-inch Reeled,2000V,15 nF,,,,,,,Published
MLCC,Anti-Arcing High Voltage,FJ32X153M202ET,FJ,1210,X7R; ±20%; Ag/Ni/Sn; 7-inch Reeled,2000V,15 nF,,,,,,,Published
MLCC,Anti-Arcing High Voltage,FJ32X153M202EG,FJ,1210,X7R; ±20%; Ag/Ni/Sn; 13-inch Reeled,2000V,15 nF,,,,,,,Published
MLCC,Anti-Arcing High Voltage,FJ32X154J101PT,FJ,1210,X7R; ±5%; Pd/Ag; 7-inch Reeled,100V,150 nF,,,,,,,Published
MLCC,Anti-Arcing High Voltage,FJ32X154J101PG,FJ,1210,X7R; ±5%; Pd/Ag; 13-inch Reeled,100V,150 nF,,,,,,,Published
MLCC,Anti-Arcing High Voltage,FJ32X154J101ET,FJ,1210,X7R; ±5%; Ag/Ni/Sn; 7-inch Reeled,100V,150 nF,,,,,,,Published
MLCC,Anti-Arcing High Voltage,FJ32X154J101EG,FJ,1210,X7R; ±5%; Ag/Ni/Sn; 13-inch Reeled,100V,150 nF,,,,,,,Published
MLCC,Anti-Arcing High Voltage,FJ32X154J202PT,FJ,1210,X7R; ±5%; Pd/Ag; 7-inch Reeled,2000V,150 nF,,,,,,,Published
MLCC,Anti-Arcing High Voltage,FJ32X154J202PG,FJ,1210,X7R; ±5%; Pd/Ag; 13-inch Reeled,2000V,150 nF,,,,,,,Published
MLCC,Anti-Arcing High Voltage,FJ32X154J202ET,FJ,1210,X7R; ±5%; Ag/Ni/Sn; 7-inch Reeled,2000V,150 nF,,,,,,,Published
MLCC,Anti-Arcing High Voltage,FJ32X154J202EG,FJ,1210,X7R; ±5%; Ag/Ni/Sn; 13-inch Reeled,2000V,150 nF,,,,,,,Published
MLCC,Anti-Arcing High Voltage,FJ32X154K101PT,FJ,1210,X7R; ±10%; Pd/Ag; 7-inch Reeled,100V,150 nF,,,,,,,Published
MLCC,Anti-Arcing High Voltage,FJ32X154K101PG,FJ,1210,X7R; ±10%; Pd/Ag; 13-inch Reeled,100V,150 nF,,,,,,,Published
MLCC,Anti-Arcing High Voltage,FJ32X154K101ET,FJ,1210,X7R; ±10%; Ag/Ni/Sn; 7-inch Reeled,100V,150 nF,,,,,,,Published
MLCC,Anti-Arcing High Voltage,FJ32X154K101EG,FJ,1210,X7R; ±10%; Ag/Ni/Sn; 13-inch Reeled,100V,150 nF,,,,,,,Published
MLCC,Anti-Arcing High Voltage,FJ32X154K202PT,FJ,1210,X7R; ±10%; Pd/Ag; 7-inch Reeled,2000V,150 nF,,,,,,,Published
MLCC,Anti-Arcing High Voltage,FJ32X154K202PG,FJ,1210,X7R; ±10%; Pd/Ag; 13-inch Reeled,2000V,150 nF,,,,,,,Published
MLCC,Anti-Arcing High Voltage,FJ32X154K202ET,FJ,1210,X7R; ±10%; Ag/Ni/Sn; 7-inch Reeled,2000V,150 nF,,,,,,,Published
MLCC,Anti-Arcing High Voltage,FJ32X154K202EG,FJ,1210,X7R; ±10%; Ag/Ni/Sn; 13-inch Reeled,2000V,150 nF,,,,,,,Published
MLCC,Anti-Arcing High Voltage,FJ32X154M101PT,FJ,1210,X7R; ±20%; Pd/Ag; 7-inch Reeled,100V,150 nF,,,,,,,Published
MLCC,Anti-Arcing High Voltage,FJ32X154M101PG,FJ,1210,X7R; ±20%; Pd/Ag; 13-inch Reeled,100V,150 nF,,,,,,,Published
MLCC,Anti-Arcing High Voltage,FJ32X154M101ET,FJ,1210,X7R; ±20%; Ag/Ni/Sn; 7-inch Reeled,100V,150 nF,,,,,,,Published
MLCC,Anti-Arcing High Voltage,FJ32X154M101EG,FJ,1210,X7R; ±20%; Ag/Ni/Sn; 13-inch Reeled,100V,150 nF,,,,,,,Published
MLCC,Anti-Arcing High Voltage,FJ32X154M202PT,FJ,1210,X7R; ±20%; Pd/Ag; 7-inch Reeled,2000V,150 nF,,,,,,,Published
MLCC,Anti-Arcing High Voltage,FJ32X154M202PG,FJ,1210,X7R; ±20%; Pd/Ag; 13-inch Reeled,2000V,150 nF,,,,,,,Published
MLCC,Anti-Arcing High Voltage,FJ32X154M202ET,FJ,1210,X7R; ±20%; Ag/Ni/Sn; 7-inch Reeled,2000V,150 nF,,,,,,,Published
MLCC,Anti-Arcing High Voltage,FJ32X154M202EG,FJ,1210,X7R; ±20%; Ag/Ni/Sn; 13-inch Reeled,2000V,150 nF,,,,,,,Published
MLCC,Anti-Arcing High Voltage,FJ32X220J101PT,FJ,1210,X7R; ±5%; Pd/Ag; 7-inch Reeled,100V,22 pF,,,,,,,Published
MLCC,Anti-Arcing High Voltage,FJ32X220J101PG,FJ,1210,X7R; ±5%; Pd/Ag; 13-inch Reeled,100V,22 pF,,,,,,,Published
MLCC,Anti-Arcing High Voltage,FJ32X220J101ET,FJ,1210,X7R; ±5%; Ag/Ni/Sn; 7-inch Reeled,100V,22 pF,,,,,,,Published
MLCC,Anti-Arcing High Voltage,FJ32X220J101EG,FJ,1210,X7R; ±5%; Ag/Ni/Sn; 13-inch Reeled,100V,22 pF,,,,,,,Published
MLCC,Anti-Arcing High Voltage,FJ32X220J202PT,FJ,1210,X7R; ±5%; Pd/Ag; 7-inch Reeled,2000V,22 pF,,,,,,,Published
MLCC,Anti-Arcing High Voltage,FJ32X220J202PG,FJ,1210,X7R; ±5%; Pd/Ag; 13-inch Reeled,2000V,22 pF,,,,,,,Published
MLCC,Anti-Arcing High Voltage,FJ32X220J202ET,FJ,1210,X7R; ±5%; Ag/Ni/Sn; 7-inch Reeled,2000V,22 pF,,,,,,,Published
MLCC,Anti-Arcing High Voltage,FJ32X220J202EG,FJ,1210,X7R; ±5%; Ag/Ni/Sn; 13-inch Reeled,2000V,22 pF,,,,,,,Published
MLCC,Anti-Arcing High Voltage,FJ32X220K101PT,FJ,1210,X7R; ±10%; Pd/Ag; 7-inch Reeled,100V,22 pF,,,,,,,Published
MLCC,Anti-Arcing High Voltage,FJ32X220K101PG,FJ,1210,X7R; ±10%; Pd/Ag; 13-inch Reeled,100V,22 pF,,,,,,,Published
MLCC,Anti-Arcing High Voltage,FJ32X220K101ET,FJ,1210,X7R; ±10%; Ag/Ni/Sn; 7-inch Reeled,100V,22 pF,,,,,,,Published
MLCC,Anti-Arcing High Voltage,FJ32X220K101EG,FJ,1210,X7R; ±10%; Ag/Ni/Sn; 13-inch Reeled,100V,22 pF,,,,,,,Published
MLCC,Anti-Arcing High Voltage,FJ32X220K202PT,FJ,1210,X7R; ±10%; Pd/Ag; 7-inch Reeled,2000V,22 pF,,,,,,,Published
MLCC,Anti-Arcing High Voltage,FJ32X220K202PG,FJ,1210,X7R; ±10%; Pd/Ag; 13-inch Reeled,2000V,22 pF,,,,,,,Published
MLCC,Anti-Arcing High Voltage,FJ32X220K202ET,FJ,1210,X7R; ±10%; Ag/Ni/Sn; 7-inch Reeled,2000V,22 pF,,,,,,,Published
MLCC,Anti-Arcing High Voltage,FJ32X220K202EG,FJ,1210,X7R; ±10%; Ag/Ni/Sn; 13-inch Reeled,2000V,22 pF,,,,,,,Published
MLCC,Anti-Arcing High Voltage,FJ32X220M101PT,FJ,1210,X7R; ±20%; Pd/Ag; 7-inch Reeled,100V,22 pF,,,,,,,Published
MLCC,Anti-Arcing High Voltage,FJ32X220M101PG,FJ,1210,X7R; ±20%; Pd/Ag; 13-inch Reeled,100V,22 pF,,,,,,,Published
MLCC,Anti-Arcing High Voltage,FJ32X220M101ET,FJ,1210,X7R; ±20%; Ag/Ni/Sn; 7-inch Reeled,100V,22 pF,,,,,,,Published
MLCC,Anti-Arcing High Voltage,FJ32X220M101EG,FJ,1210,X7R; ±20%; Ag/Ni/Sn; 13-inch Reeled,100V,22 pF,,,,,,,Published
MLCC,Anti-Arcing High Voltage,FJ32X220M202PT,FJ,1210,X7R; ±20%; Pd/Ag; 7-inch Reeled,2000V,22 pF,,,,,,,Published
MLCC,Anti-Arcing High Voltage,FJ32X220M202PG,FJ,1210,X7R; ±20%; Pd/Ag; 13-inch Reeled,2000V,22 pF,,,,,,,Published
MLCC,Anti-Arcing High Voltage,FJ32X220M202ET,FJ,1210,X7R; ±20%; Ag/Ni/Sn; 7-inch Reeled,2000V,22 pF,,,,,,,Published
MLCC,Anti-Arcing High Voltage,FJ32X220M202EG,FJ,1210,X7R; ±20%; Ag/Ni/Sn; 13-inch Reeled,2000V,22 pF,,,,,,,Published
MLCC,Anti-Arcing High Voltage,FJ32X221J101PT,FJ,1210,X7R; ±5%; Pd/Ag; 7-inch Reeled,100V,220 pF,,,,,,,Published
MLCC,Anti-Arcing High Voltage,FJ32X221J101PG,FJ,1210,X7R; ±5%; Pd/Ag; 13-inch Reeled,100V,220 pF,,,,,,,Published
MLCC,Anti-Arcing High Voltage,FJ32X221J101ET,FJ,1210,X7R; ±5%; Ag/Ni/Sn; 7-inch Reeled,100V,220 pF,,,,,,,Published
MLCC,Anti-Arcing High Voltage,FJ32X221J101EG,FJ,1210,X7R; ±5%; Ag/Ni/Sn; 13-inch Reeled,100V,220 pF,,,,,,,Published
MLCC,Anti-Arcing High Voltage,FJ32X221J202PT,FJ,1210,X7R; ±5%; Pd/Ag; 7-inch Reeled,2000V,220 pF,,,,,,,Published
MLCC,Anti-Arcing High Voltage,FJ32X221J202PG,FJ,1210,X7R; ±5%; Pd/Ag; 13-inch Reeled,2000V,220 pF,,,,,,,Published
MLCC,Anti-Arcing High Voltage,FJ32X221J202ET,FJ,1210,X7R; ±5%; Ag/Ni/Sn; 7-inch Reeled,2000V,220 pF,,,,,,,Published
MLCC,Anti-Arcing High Voltage,FJ32X221J202EG,FJ,1210,X7R; ±5%; Ag/Ni/Sn; 13-inch Reeled,2000V,220 pF,,,,,,,Published
MLCC,Anti-Arcing High Voltage,FJ32X221K101PT,FJ,1210,X7R; ±10%; Pd/Ag; 7-inch Reeled,100V,220 pF,,,,,,,Published
MLCC,Anti-Arcing High Voltage,FJ32X221K101PG,FJ,1210,X7R; ±10%; Pd/Ag; 13-inch Reeled,100V,220 pF,,,,,,,Published
MLCC,Anti-Arcing High Voltage,FJ32X221K101ET,FJ,1210,X7R; ±10%; Ag/Ni/Sn; 7-inch Reeled,100V,220 pF,,,,,,,Published
MLCC,Anti-Arcing High Voltage,FJ32X221K101EG,FJ,1210,X7R; ±10%; Ag/Ni/Sn; 13-inch Reeled,100V,220 pF,,,,,,,Published
MLCC,Anti-Arcing High Voltage,FJ32X221K202PT,FJ,1210,X7R; ±10%; Pd/Ag; 7-inch Reeled,2000V,220 pF,,,,,,,Published
MLCC,Anti-Arcing High Voltage,FJ32X221K202PG,FJ,1210,X7R; ±10%; Pd/Ag; 13-inch Reeled,2000V,220 pF,,,,,,,Published
MLCC,Anti-Arcing High Voltage,FJ32X221K202ET,FJ,1210,X7R; ±10%; Ag/Ni/Sn; 7-inch Reeled,2000V,220 pF,,,,,,,Published
MLCC,Anti-Arcing High Voltage,FJ32X221K202EG,FJ,1210,X7R; ±10%; Ag/Ni/Sn; 13-inch Reeled,2000V,220 pF,,,,,,,Published
MLCC,Anti-Arcing High Voltage,FJ32X221M101PT,FJ,1210,X7R; ±20%; Pd/Ag; 7-inch Reeled,100V,220 pF,,,,,,,Published
MLCC,Anti-Arcing High Voltage,FJ32X221M101PG,FJ,1210,X7R; ±20%; Pd/Ag; 13-inch Reeled,100V,220 pF,,,,,,,Published
MLCC,Anti-Arcing High Voltage,FJ32X221M101ET,FJ,1210,X7R; ±20%; Ag/Ni/Sn; 7-inch Reeled,100V,220 pF,,,,,,,Published
MLCC,Anti-Arcing High Voltage,FJ32X221M101EG,FJ,1210,X7R; ±20%; Ag/Ni/Sn; 13-inch Reeled,100V,220 pF,,,,,,,Published
MLCC,Anti-Arcing High Voltage,FJ32X221M202PT,FJ,1210,X7R; ±20%; Pd/Ag; 7-inch Reeled,2000V,220 pF,,,,,,,Published
MLCC,Anti-Arcing High Voltage,FJ32X221M202PG,FJ,1210,X7R; ±20%; Pd/Ag; 13-inch Reeled,2000V,220 pF,,,,,,,Published
MLCC,Anti-Arcing High Voltage,FJ32X221M202ET,FJ,1210,X7R; ±20%; Ag/Ni/Sn; 7-inch Reeled,2000V,220 pF,,,,,,,Published
MLCC,Anti-Arcing High Voltage,FJ32X221M202EG,FJ,1210,X7R; ±20%; Ag/Ni/Sn; 13-inch Reeled,2000V,220 pF,,,,,,,Published
MLCC,Anti-Arcing High Voltage,FJ32X222J101PT,FJ,1210,X7R; ±5%; Pd/Ag; 7-inch Reeled,100V,2.2 nF,,,,,,,Published
MLCC,Anti-Arcing High Voltage,FJ32X222J101PG,FJ,1210,X7R; ±5%; Pd/Ag; 13-inch Reeled,100V,2.2 nF,,,,,,,Published
MLCC,Anti-Arcing High Voltage,FJ32X222J101ET,FJ,1210,X7R; ±5%; Ag/Ni/Sn; 7-inch Reeled,100V,2.2 nF,,,,,,,Published
MLCC,Anti-Arcing High Voltage,FJ32X222J101EG,FJ,1210,X7R; ±5%; Ag/Ni/Sn; 13-inch Reeled,100V,2.2 nF,,,,,,,Published
MLCC,Anti-Arcing High Voltage,FJ32X222J202PT,FJ,1210,X7R; ±5%; Pd/Ag; 7-inch Reeled,2000V,2.2 nF,,,,,,,Published
MLCC,Anti-Arcing High Voltage,FJ32X222J202PG,FJ,1210,X7R; ±5%; Pd/Ag; 13-inch Reeled,2000V,2.2 nF,,,,,,,Published
MLCC,Anti-Arcing High Voltage,FJ32X222J202ET,FJ,1210,X7R; ±5%; Ag/Ni/Sn; 7-inch Reeled,2000V,2.2 nF,,,,,,,Published
MLCC,Anti-Arcing High Voltage,FJ32X222J202EG,FJ,1210,X7R; ±5%; Ag/Ni/Sn; 13-inch Reeled,2000V,2.2 nF,,,,,,,Published
MLCC,Anti-Arcing High Voltage,FJ32X222K101PT,FJ,1210,X7R; ±10%; Pd/Ag; 7-inch Reeled,100V,2.2 nF,,,,,,,Published
MLCC,Anti-Arcing High Voltage,FJ32X222K101PG,FJ,1210,X7R; ±10%; Pd/Ag; 13-inch Reeled,100V,2.2 nF,,,,,,,Published
MLCC,Anti-Arcing High Voltage,FJ32X222K101ET,FJ,1210,X7R; ±10%; Ag/Ni/Sn; 7-inch Reeled,100V,2.2 nF,,,,,,,Published
MLCC,Anti-Arcing High Voltage,FJ32X222K101EG,FJ,1210,X7R; ±10%; Ag/Ni/Sn; 13-inch Reeled,100V,2.2 nF,,,,,,,Published
MLCC,Anti-Arcing High Voltage,FJ32X222K202PT,FJ,1210,X7R; ±10%; Pd/Ag; 7-inch Reeled,2000V,2.2 nF,,,,,,,Published
MLCC,Anti-Arcing High Voltage,FJ32X222K202PG,FJ,1210,X7R; ±10%; Pd/Ag; 13-inch Reeled,2000V,2.2 nF,,,,,,,Published
MLCC,Anti-Arcing High Voltage,FJ32X222K202ET,FJ,1210,X7R; ±10%; Ag/Ni/Sn; 7-inch Reeled,2000V,2.2 nF,,,,,,,Published
MLCC,Anti-Arcing High Voltage,FJ32X222K202EG,FJ,1210,X7R; ±10%; Ag/Ni/Sn; 13-inch Reeled,2000V,2.2 nF,,,,,,,Published
MLCC,Anti-Arcing High Voltage,FJ32X222M101PT,FJ,1210,X7R; ±20%; Pd/Ag; 7-inch Reeled,100V,2.2 nF,,,,,,,Published
MLCC,Anti-Arcing High Voltage,FJ32X222M101PG,FJ,1210,X7R; ±20%; Pd/Ag; 13-inch Reeled,100V,2.2 nF,,,,,,,Published
MLCC,Anti-Arcing High Voltage,FJ32X222M101ET,FJ,1210,X7R; ±20%; Ag/Ni/Sn; 7-inch Reeled,100V,2.2 nF,,,,,,,Published
MLCC,Anti-Arcing High Voltage,FJ32X222M101EG,FJ,1210,X7R; ±20%; Ag/Ni/Sn; 13-inch Reeled,100V,2.2 nF,,,,,,,Published
MLCC,Anti-Arcing High Voltage,FJ32X222M202PT,FJ,1210,X7R; ±20%; Pd/Ag; 7-inch Reeled,2000V,2.2 nF,,,,,,,Published
MLCC,Anti-Arcing High Voltage,FJ32X222M202PG,FJ,1210,X7R; ±20%; Pd/Ag; 13-inch Reeled,2000V,2.2 nF,,,,,,,Published
MLCC,Anti-Arcing High Voltage,FJ32X222M202ET,FJ,1210,X7R; ±20%; Ag/Ni/Sn; 7-inch Reeled,2000V,2.2 nF,,,,,,,Published
MLCC,Anti-Arcing High Voltage,FJ32X222M202EG,FJ,1210,X7R; ±20%; Ag/Ni/Sn; 13-inch Reeled,2000V,2.2 nF,,,,,,,Published
MLCC,Anti-Arcing High Voltage,FJ32X223J101PT,FJ,1210,X7R; ±5%; Pd/Ag; 7-inch Reeled,100V,22 nF,,,,,,,Published
MLCC,Anti-Arcing High Voltage,FJ32X223J101PG,FJ,1210,X7R; ±5%; Pd/Ag; 13-inch Reeled,100V,22 nF,,,,,,,Published
MLCC,Anti-Arcing High Voltage,FJ32X223J101ET,FJ,1210,X7R; ±5%; Ag/Ni/Sn; 7-inch Reeled,100V,22 nF,,,,,,,Published
MLCC,Anti-Arcing High Voltage,FJ32X223J101EG,FJ,1210,X7R; ±5%; Ag/Ni/Sn; 13-inch Reeled,100V,22 nF,,,,,,,Published
MLCC,Anti-Arcing High Voltage,FJ32X223J202PT,FJ,1210,X7R; ±5%; Pd/Ag; 7-inch Reeled,2000V,22 nF,,,,,,,Published
MLCC,Anti-Arcing High Voltage,FJ32X223J202PG,FJ,1210,X7R; ±5%; Pd/Ag; 13-inch Reeled,2000V,22 nF,,,,,,,Published
MLCC,Anti-Arcing High Voltage,FJ32X223J202ET,FJ,1210,X7R; ±5%; Ag/Ni/Sn; 7-inch Reeled,2000V,22 nF,,,,,,,Published
MLCC,Anti-Arcing High Voltage,FJ32X223J202EG,FJ,1210,X7R; ±5%; Ag/Ni/Sn; 13-inch Reeled,2000V,22 nF,,,,,,,Published
MLCC,Anti-Arcing High Voltage,FJ32X223K101PT,FJ,1210,X7R; ±10%; Pd/Ag; 7-inch Reeled,100V,22 nF,,,,,,,Published
MLCC,Anti-Arcing High Voltage,FJ32X223K101PG,FJ,1210,X7R; ±10%; Pd/Ag; 13-inch Reeled,100V,22 nF,,,,,,,Published
MLCC,Anti-Arcing High Voltage,FJ32X223K101ET,FJ,1210,X7R; ±10%; Ag/Ni/Sn; 7-inch Reeled,100V,22 nF,,,,,,,Published
MLCC,Anti-Arcing High Voltage,FJ32X223K101EG,FJ,1210,X7R; ±10%; Ag/Ni/Sn; 13-inch Reeled,100V,22 nF,,,,,,,Published
MLCC,Anti-Arcing High Voltage,FJ32X223K202PT,FJ,1210,X7R; ±10%; Pd/Ag; 7-inch Reeled,2000V,22 nF,,,,,,,Published
MLCC,Anti-Arcing High Voltage,FJ32X223K202PG,FJ,1210,X7R; ±10%; Pd/Ag; 13-inch Reeled,2000V,22 nF,,,,,,,Published
MLCC,Anti-Arcing High Voltage,FJ32X223K202ET,FJ,1210,X7R; ±10%; Ag/Ni/Sn; 7-inch Reeled,2000V,22 nF,,,,,,,Published
MLCC,Anti-Arcing High Voltage,FJ32X223K202EG,FJ,1210,X7R; ±10%; Ag/Ni/Sn; 13-inch Reeled,2000V,22 nF,,,,,,,Published
MLCC,Anti-Arcing High Voltage,FJ32X223M101PT,FJ,1210,X7R; ±20%; Pd/Ag; 7-inch Reeled,100V,22 nF,,,,,,,Published
MLCC,Anti-Arcing High Voltage,FJ32X223M101PG,FJ,1210,X7R; ±20%; Pd/Ag; 13-inch Reeled,100V,22 nF,,,,,,,Published
MLCC,Anti-Arcing High Voltage,FJ32X223M101ET,FJ,1210,X7R; ±20%; Ag/Ni/Sn; 7-inch Reeled,100V,22 nF,,,,,,,Published
MLCC,Anti-Arcing High Voltage,FJ32X223M101EG,FJ,1210,X7R; ±20%; Ag/Ni/Sn; 13-inch Reeled,100V,22 nF,,,,,,,Published
MLCC,Anti-Arcing High Voltage,FJ32X223M202PT,FJ,1210,X7R; ±20%; Pd/Ag; 7-inch Reeled,2000V,22 nF,,,,,,,Published
MLCC,Anti-Arcing High Voltage,FJ32X223M202PG,FJ,1210,X7R; ±20%; Pd/Ag; 13-inch Reeled,2000V,22 nF,,,,,,,Published
MLCC,Anti-Arcing High Voltage,FJ32X223M202ET,FJ,1210,X7R; ±20%; Ag/Ni/Sn; 7-inch Reeled,2000V,22 nF,,,,,,,Published
MLCC,Anti-Arcing High Voltage,FJ32X223M202EG,FJ,1210,X7R; ±20%; Ag/Ni/Sn; 13-inch Reeled,2000V,22 nF,,,,,,,Published
MLCC,Anti-Arcing High Voltage,FJ32X224J101PT,FJ,1210,X7R; ±5%; Pd/Ag; 7-inch Reeled,100V,220 nF,,,,,,,Published
MLCC,Anti-Arcing High Voltage,FJ32X224J101PG,FJ,1210,X7R; ±5%; Pd/Ag; 13-inch Reeled,100V,220 nF,,,,,,,Published
MLCC,Anti-Arcing High Voltage,FJ32X224J101ET,FJ,1210,X7R; ±5%; Ag/Ni/Sn; 7-inch Reeled,100V,220 nF,,,,,,,Published
MLCC,Anti-Arcing High Voltage,FJ32X224J101EG,FJ,1210,X7R; ±5%; Ag/Ni/Sn; 13-inch Reeled,100V,220 nF,,,,,,,Published
MLCC,Anti-Arcing High Voltage,FJ32X224J202PT,FJ,1210,X7R; ±5%; Pd/Ag; 7-inch Reeled,2000V,220 nF,,,,,,,Published
MLCC,Anti-Arcing High Voltage,FJ32X224J202PG,FJ,1210,X7R; ±5%; Pd/Ag; 13-inch Reeled,2000V,220 nF,,,,,,,Published
MLCC,Anti-Arcing High Voltage,FJ32X224J202ET,FJ,1210,X7R; ±5%; Ag/Ni/Sn; 7-inch Reeled,2000V,220 nF,,,,,,,Published
MLCC,Anti-Arcing High Voltage,FJ32X224J202EG,FJ,1210,X7R; ±5%; Ag/Ni/Sn; 13-inch Reeled,2000V,220 nF,,,,,,,Published
MLCC,Anti-Arcing High Voltage,FJ32X224K101PT,FJ,1210,X7R; ±10%; Pd/Ag; 7-inch Reeled,100V,220 nF,,,,,,,Published
MLCC,Anti-Arcing High Voltage,FJ32X224K101PG,FJ,1210,X7R; ±10%; Pd/Ag; 13-inch Reeled,100V,220 nF,,,,,,,Published
MLCC,Anti-Arcing High Voltage,FJ32X224K101ET,FJ,1210,X7R; ±10%; Ag/Ni/Sn; 7-inch Reeled,100V,220 nF,,,,,,,Published
MLCC,Anti-Arcing High Voltage,FJ32X224K101EG,FJ,1210,X7R; ±10%; Ag/Ni/Sn; 13-inch Reeled,100V,220 nF,,,,,,,Published
MLCC,Anti-Arcing High Voltage,FJ32X224K202PT,FJ,1210,X7R; ±10%; Pd/Ag; 7-inch Reeled,2000V,220 nF,,,,,,,Published
MLCC,Anti-Arcing High Voltage,FJ32X224K202PG,FJ,1210,X7R; ±10%; Pd/Ag; 13-inch Reeled,2000V,220 nF,,,,,,,Published
MLCC,Anti-Arcing High Voltage,FJ32X224K202ET,FJ,1210,X7R; ±10%; Ag/Ni/Sn; 7-inch Reeled,2000V,220 nF,,,,,,,Published
MLCC,Anti-Arcing High Voltage,FJ32X224K202EG,FJ,1210,X7R; ±10%; Ag/Ni/Sn; 13-inch Reeled,2000V,220 nF,,,,,,,Published
MLCC,Anti-Arcing High Voltage,FJ32X224M101PT,FJ,1210,X7R; ±20%; Pd/Ag; 7-inch Reeled,100V,220 nF,,,,,,,Published
MLCC,Anti-Arcing High Voltage,FJ32X224M101PG,FJ,1210,X7R; ±20%; Pd/Ag; 13-inch Reeled,100V,220 nF,,,,,,,Published
MLCC,Anti-Arcing High Voltage,FJ32X224M101ET,FJ,1210,X7R; ±20%; Ag/Ni/Sn; 7-inch Reeled,100V,220 nF,,,,,,,Published
MLCC,Anti-Arcing High Voltage,FJ32X224M101EG,FJ,1210,X7R; ±20%; Ag/Ni/Sn; 13-inch Reeled,100V,220 nF,,,,,,,Published
MLCC,Anti-Arcing High Voltage,FJ32X224M202PT,FJ,1210,X7R; ±20%; Pd/Ag; 7-inch Reeled,2000V,220 nF,,,,,,,Published
MLCC,Anti-Arcing High Voltage,FJ32X224M202PG,FJ,1210,X7R; ±20%; Pd/Ag; 13-inch Reeled,2000V,220 nF,,,,,,,Published
MLCC,Anti-Arcing High Voltage,FJ32X224M202ET,FJ,1210,X7R; ±20%; Ag/Ni/Sn; 7-inch Reeled,2000V,220 nF,,,,,,,Published
MLCC,Anti-Arcing High Voltage,FJ32X224M202EG,FJ,1210,X7R; ±20%; Ag/Ni/Sn; 13-inch Reeled,2000V,220 nF,,,,,,,Published
MLCC,Anti-Arcing High Voltage,FJ32X330J101PT,FJ,1210,X7R; ±5%; Pd/Ag; 7-inch Reeled,100V,33 pF,,,,,,,Published
MLCC,Anti-Arcing High Voltage,FJ32X330J101PG,FJ,1210,X7R; ±5%; Pd/Ag; 13-inch Reeled,100V,33 pF,,,,,,,Published
MLCC,Anti-Arcing High Voltage,FJ32X330J101ET,FJ,1210,X7R; ±5%; Ag/Ni/Sn; 7-inch Reeled,100V,33 pF,,,,,,,Published
MLCC,Anti-Arcing High Voltage,FJ32X330J101EG,FJ,1210,X7R; ±5%; Ag/Ni/Sn; 13-inch Reeled,100V,33 pF,,,,,,,Published
MLCC,Anti-Arcing High Voltage,FJ32X330J202PT,FJ,1210,X7R; ±5%; Pd/Ag; 7-inch Reeled,2000V,33 pF,,,,,,,Published
MLCC,Anti-Arcing High Voltage,FJ32X330J202PG,FJ,1210,X7R; ±5%; Pd/Ag; 13-inch Reeled,2000V,33 pF,,,,,,,Published
MLCC,Anti-Arcing High Voltage,FJ32X330J202ET,FJ,1210,X7R; ±5%; Ag/Ni/Sn; 7-inch Reeled,2000V,33 pF,,,,,,,Published
MLCC,Anti-Arcing High Voltage,FJ32X330J202EG,FJ,1210,X7R; ±5%; Ag/Ni/Sn; 13-inch Reeled,2000V,33 pF,,,,,,,Published
MLCC,Anti-Arcing High Voltage,FJ32X330K101PT,FJ,1210,X7R; ±10%; Pd/Ag; 7-inch Reeled,100V,33 pF,,,,,,,Published
MLCC,Anti-Arcing High Voltage,FJ32X330K101PG,FJ,1210,X7R; ±10%; Pd/Ag; 13-inch Reeled,100V,33 pF,,,,,,,Published
MLCC,Anti-Arcing High Voltage,FJ32X330K101ET,FJ,1210,X7R; ±10%; Ag/Ni/Sn; 7-inch Reeled,100V,33 pF,,,,,,,Published
MLCC,Anti-Arcing High Voltage,FJ32X330K101EG,FJ,1210,X7R; ±10%; Ag/Ni/Sn; 13-inch Reeled,100V,33 pF,,,,,,,Published
MLCC,Anti-Arcing High Voltage,FJ32X330K202PT,FJ,1210,X7R; ±10%; Pd/Ag; 7-inch Reeled,2000V,33 pF,,,,,,,Published
MLCC,Anti-Arcing High Voltage,FJ32X330K202PG,FJ,1210,X7R; ±10%; Pd/Ag; 13-inch Reeled,2000V,33 pF,,,,,,,Published
MLCC,Anti-Arcing High Voltage,FJ32X330K202ET,FJ,1210,X7R; ±10%; Ag/Ni/Sn; 7-inch Reeled,2000V,33 pF,,,,,,,Published
MLCC,Anti-Arcing High Voltage,FJ32X330K202EG,FJ,1210,X7R; ±10%; Ag/Ni/Sn; 13-inch Reeled,2000V,33 pF,,,,,,,Published
MLCC,Anti-Arcing High Voltage,FJ32X330M101PT,FJ,1210,X7R; ±20%; Pd/Ag; 7-inch Reeled,100V,33 pF,,,,,,,Published
MLCC,Anti-Arcing High Voltage,FJ32X330M101PG,FJ,1210,X7R; ±20%; Pd/Ag; 13-inch Reeled,100V,33 pF,,,,,,,Published
MLCC,Anti-Arcing High Voltage,FJ32X330M101ET,FJ,1210,X7R; ±20%; Ag/Ni/Sn; 7-inch Reeled,100V,33 pF,,,,,,,Published
MLCC,Anti-Arcing High Voltage,FJ32X330M101EG,FJ,1210,X7R; ±20%; Ag/Ni/Sn; 13-inch Reeled,100V,33 pF,,,,,,,Published
MLCC,Anti-Arcing High Voltage,FJ32X330M202PT,FJ,1210,X7R; ±20%; Pd/Ag; 7-inch Reeled,2000V,33 pF,,,,,,,Published
MLCC,Anti-Arcing High Voltage,FJ32X330M202PG,FJ,1210,X7R; ±20%; Pd/Ag; 13-inch Reeled,2000V,33 pF,,,,,,,Published
MLCC,Anti-Arcing High Voltage,FJ32X330M202ET,FJ,1210,X7R; ±20%; Ag/Ni/Sn; 7-inch Reeled,2000V,33 pF,,,,,,,Published
MLCC,Anti-Arcing High Voltage,FJ32X330M202EG,FJ,1210,X7R; ±20%; Ag/Ni/Sn; 13-inch Reeled,2000V,33 pF,,,,,,,Published
MLCC,Anti-Arcing High Voltage,FJ32X331J101PT,FJ,1210,X7R; ±5%; Pd/Ag; 7-inch Reeled,100V,330 pF,,,,,,,Published
MLCC,Anti-Arcing High Voltage,FJ32X331J101PG,FJ,1210,X7R; ±5%; Pd/Ag; 13-inch Reeled,100V,330 pF,,,,,,,Published
MLCC,Anti-Arcing High Voltage,FJ32X331J101ET,FJ,1210,X7R; ±5%; Ag/Ni/Sn; 7-inch Reeled,100V,330 pF,,,,,,,Published
MLCC,Anti-Arcing High Voltage,FJ32X331J101EG,FJ,1210,X7R; ±5%; Ag/Ni/Sn; 13-inch Reeled,100V,330 pF,,,,,,,Published
MLCC,Anti-Arcing High Voltage,FJ32X331J202PT,FJ,1210,X7R; ±5%; Pd/Ag; 7-inch Reeled,2000V,330 pF,,,,,,,Published
MLCC,Anti-Arcing High Voltage,FJ32X331J202PG,FJ,1210,X7R; ±5%; Pd/Ag; 13-inch Reeled,2000V,330 pF,,,,,,,Published
MLCC,Anti-Arcing High Voltage,FJ32X331J202ET,FJ,1210,X7R; ±5%; Ag/Ni/Sn; 7-inch Reeled,2000V,330 pF,,,,,,,Published
MLCC,Anti-Arcing High Voltage,FJ32X331J202EG,FJ,1210,X7R; ±5%; Ag/Ni/Sn; 13-inch Reeled,2000V,330 pF,,,,,,,Published
MLCC,Anti-Arcing High Voltage,FJ32X331K101PT,FJ,1210,X7R; ±10%; Pd/Ag; 7-inch Reeled,100V,330 pF,,,,,,,Published
MLCC,Anti-Arcing High Voltage,FJ32X331K101PG,FJ,1210,X7R; ±10%; Pd/Ag; 13-inch Reeled,100V,330 pF,,,,,,,Published
MLCC,Anti-Arcing High Voltage,FJ32X331K101ET,FJ,1210,X7R; ±10%; Ag/Ni/Sn; 7-inch Reeled,100V,330 pF,,,,,,,Published
MLCC,Anti-Arcing High Voltage,FJ32X331K101EG,FJ,1210,X7R; ±10%; Ag/Ni/Sn; 13-inch Reeled,100V,330 pF,,,,,,,Published
MLCC,Anti-Arcing High Voltage,FJ32X331K202PT,FJ,1210,X7R; ±10%; Pd/Ag; 7-inch Reeled,2000V,330 pF,,,,,,,Published
MLCC,Anti-Arcing High Voltage,FJ32X331K202PG,FJ,1210,X7R; ±10%; Pd/Ag; 13-inch Reeled,2000V,330 pF,,,,,,,Published
MLCC,Anti-Arcing High Voltage,FJ32X331K202ET,FJ,1210,X7R; ±10%; Ag/Ni/Sn; 7-inch Reeled,2000V,330 pF,,,,,,,Published
MLCC,Anti-Arcing High Voltage,FJ32X331K202EG,FJ,1210,X7R; ±10%; Ag/Ni/Sn; 13-inch Reeled,2000V,330 pF,,,,,,,Published
MLCC,Anti-Arcing High Voltage,FJ32X331M101PT,FJ,1210,X7R; ±20%; Pd/Ag; 7-inch Reeled,100V,330 pF,,,,,,,Published
MLCC,Anti-Arcing High Voltage,FJ32X331M101PG,FJ,1210,X7R; ±20%; Pd/Ag; 13-inch Reeled,100V,330 pF,,,,,,,Published
MLCC,Anti-Arcing High Voltage,FJ32X331M101ET,FJ,1210,X7R; ±20%; Ag/Ni/Sn; 7-inch Reeled,100V,330 pF,,,,,,,Published
MLCC,Anti-Arcing High Voltage,FJ32X331M101EG,FJ,1210,X7R; ±20%; Ag/Ni/Sn; 13-inch Reeled,100V,330 pF,,,,,,,Published
MLCC,Anti-Arcing High Voltage,FJ32X331M202PT,FJ,1210,X7R; ±20%; Pd/Ag; 7-inch Reeled,2000V,330 pF,,,,,,,Published
MLCC,Anti-Arcing High Voltage,FJ32X331M202PG,FJ,1210,X7R; ±20%; Pd/Ag; 13-inch Reeled,2000V,330 pF,,,,,,,Published
MLCC,Anti-Arcing High Voltage,FJ32X331M202ET,FJ,1210,X7R; ±20%; Ag/Ni/Sn; 7-inch Reeled,2000V,330 pF,,,,,,,Published
MLCC,Anti-Arcing High Voltage,FJ32X331M202EG,FJ,1210,X7R; ±20%; Ag/Ni/Sn; 13-inch Reeled,2000V,330 pF,,,,,,,Published
MLCC,Anti-Arcing High Voltage,FJ32X332J101PT,FJ,1210,X7R; ±5%; Pd/Ag; 7-inch Reeled,100V,3.3 nF,,,,,,,Published
MLCC,Anti-Arcing High Voltage,FJ32X332J101PG,FJ,1210,X7R; ±5%; Pd/Ag; 13-inch Reeled,100V,3.3 nF,,,,,,,Published
MLCC,Anti-Arcing High Voltage,FJ32X332J101ET,FJ,1210,X7R; ±5%; Ag/Ni/Sn; 7-inch Reeled,100V,3.3 nF,,,,,,,Published
MLCC,Anti-Arcing High Voltage,FJ32X332J101EG,FJ,1210,X7R; ±5%; Ag/Ni/Sn; 13-inch Reeled,100V,3.3 nF,,,,,,,Published
MLCC,Anti-Arcing High Voltage,FJ32X332J202PT,FJ,1210,X7R; ±5%; Pd/Ag; 7-inch Reeled,2000V,3.3 nF,,,,,,,Published
MLCC,Anti-Arcing High Voltage,FJ32X332J202PG,FJ,1210,X7R; ±5%; Pd/Ag; 13-inch Reeled,2000V,3.3 nF,,,,,,,Published
MLCC,Anti-Arcing High Voltage,FJ32X332J202ET,FJ,1210,X7R; ±5%; Ag/Ni/Sn; 7-inch Reeled,2000V,3.3 nF,,,,,,,Published
MLCC,Anti-Arcing High Voltage,FJ32X332J202EG,FJ,1210,X7R; ±5%; Ag/Ni/Sn; 13-inch Reeled,2000V,3.3 nF,,,,,,,Published
MLCC,Anti-Arcing High Voltage,FJ32X332K101PT,FJ,1210,X7R; ±10%; Pd/Ag; 7-inch Reeled,100V,3.3 nF,,,,,,,Published
MLCC,Anti-Arcing High Voltage,FJ32X332K101PG,FJ,1210,X7R; ±10%; Pd/Ag; 13-inch Reeled,100V,3.3 nF,,,,,,,Published
MLCC,Anti-Arcing High Voltage,FJ32X332K101ET,FJ,1210,X7R; ±10%; Ag/Ni/Sn; 7-inch Reeled,100V,3.3 nF,,,,,,,Published
MLCC,Anti-Arcing High Voltage,FJ32X332K101EG,FJ,1210,X7R; ±10%; Ag/Ni/Sn; 13-inch Reeled,100V,3.3 nF,,,,,,,Published
MLCC,Anti-Arcing High Voltage,FJ32X332K202PT,FJ,1210,X7R; ±10%; Pd/Ag; 7-inch Reeled,2000V,3.3 nF,,,,,,,Published
MLCC,Anti-Arcing High Voltage,FJ32X332K202PG,FJ,1210,X7R; ±10%; Pd/Ag; 13-inch Reeled,2000V,3.3 nF,,,,,,,Published
MLCC,Anti-Arcing High Voltage,FJ32X332K202ET,FJ,1210,X7R; ±10%; Ag/Ni/Sn; 7-inch Reeled,2000V,3.3 nF,,,,,,,Published
MLCC,Anti-Arcing High Voltage,FJ32X332K202EG,FJ,1210,X7R; ±10%; Ag/Ni/Sn; 13-inch Reeled,2000V,3.3 nF,,,,,,,Published
MLCC,Anti-Arcing High Voltage,FJ32X332M101PT,FJ,1210,X7R; ±20%; Pd/Ag; 7-inch Reeled,100V,3.3 nF,,,,,,,Published
MLCC,Anti-Arcing High Voltage,FJ32X332M101PG,FJ,1210,X7R; ±20%; Pd/Ag; 13-inch Reeled,100V,3.3 nF,,,,,,,Published
MLCC,Anti-Arcing High Voltage,FJ32X332M101ET,FJ,1210,X7R; ±20%; Ag/Ni/Sn; 7-inch Reeled,100V,3.3 nF,,,,,,,Published
MLCC,Anti-Arcing High Voltage,FJ32X332M101EG,FJ,1210,X7R; ±20%; Ag/Ni/Sn; 13-inch Reeled,100V,3.3 nF,,,,,,,Published
MLCC,Anti-Arcing High Voltage,FJ32X332M202PT,FJ,1210,X7R; ±20%; Pd/Ag; 7-inch Reeled,2000V,3.3 nF,,,,,,,Published
MLCC,Anti-Arcing High Voltage,FJ32X332M202PG,FJ,1210,X7R; ±20%; Pd/Ag; 13-inch Reeled,2000V,3.3 nF,,,,,,,Published
MLCC,Anti-Arcing High Voltage,FJ32X332M202ET,FJ,1210,X7R; ±20%; Ag/Ni/Sn; 7-inch Reeled,2000V,3.3 nF,,,,,,,Published
MLCC,Anti-Arcing High Voltage,FJ32X332M202EG,FJ,1210,X7R; ±20%; Ag/Ni/Sn; 13-inch Reeled,2000V,3.3 nF,,,,,,,Published
MLCC,Anti-Arcing High Voltage,FJ32X333J101PT,FJ,1210,X7R; ±5%; Pd/Ag; 7-inch Reeled,100V,33 nF,,,,,,,Published
MLCC,Anti-Arcing High Voltage,FJ32X333J101PG,FJ,1210,X7R; ±5%; Pd/Ag; 13-inch Reeled,100V,33 nF,,,,,,,Published
MLCC,Anti-Arcing High Voltage,FJ32X333J101ET,FJ,1210,X7R; ±5%; Ag/Ni/Sn; 7-inch Reeled,100V,33 nF,,,,,,,Published
MLCC,Anti-Arcing High Voltage,FJ32X333J101EG,FJ,1210,X7R; ±5%; Ag/Ni/Sn; 13-inch Reeled,100V,33 nF,,,,,,,Published
MLCC,Anti-Arcing High Voltage,FJ32X333J202PT,FJ,1210,X7R; ±5%; Pd/Ag; 7-inch Reeled,2000V,33 nF,,,,,,,Published
MLCC,Anti-Arcing High Voltage,FJ32X333J202PG,FJ,1210,X7R; ±5%; Pd/Ag; 13-inch Reeled,2000V,33 nF,,,,,,,Published
MLCC,Anti-Arcing High Voltage,FJ32X333J202ET,FJ,1210,X7R; ±5%; Ag/Ni/Sn; 7-inch Reeled,2000V,33 nF,,,,,,,Published
MLCC,Anti-Arcing High Voltage,FJ32X333J202EG,FJ,1210,X7R; ±5%; Ag/Ni/Sn; 13-inch Reeled,2000V,33 nF,,,,,,,Published
MLCC,Anti-Arcing High Voltage,FJ32X333K101PT,FJ,1210,X7R; ±10%; Pd/Ag; 7-inch Reeled,100V,33 nF,,,,,,,Published
MLCC,Anti-Arcing High Voltage,FJ32X333K101PG,FJ,1210,X7R; ±10%; Pd/Ag; 13-inch Reeled,100V,33 nF,,,,,,,Published
MLCC,Anti-Arcing High Voltage,FJ32X333K101ET,FJ,1210,X7R; ±10%; Ag/Ni/Sn; 7-inch Reeled,100V,33 nF,,,,,,,Published
MLCC,Anti-Arcing High Voltage,FJ32X333K101EG,FJ,1210,X7R; ±10%; Ag/Ni/Sn; 13-inch Reeled,100V,33 nF,,,,,,,Published
MLCC,Anti-Arcing High Voltage,FJ32X333K202PT,FJ,1210,X7R; ±10%; Pd/Ag; 7-inch Reeled,2000V,33 nF,,,,,,,Published
MLCC,Anti-Arcing High Voltage,FJ32X333K202PG,FJ,1210,X7R; ±10%; Pd/Ag; 13-inch Reeled,2000V,33 nF,,,,,,,Published
MLCC,Anti-Arcing High Voltage,FJ32X333K202ET,FJ,1210,X7R; ±10%; Ag/Ni/Sn; 7-inch Reeled,2000V,33 nF,,,,,,,Published
MLCC,Anti-Arcing High Voltage,FJ32X333K202EG,FJ,1210,X7R; ±10%; Ag/Ni/Sn; 13-inch Reeled,2000V,33 nF,,,,,,,Published
MLCC,Anti-Arcing High Voltage,FJ32X333M101PT,FJ,1210,X7R; ±20%; Pd/Ag; 7-inch Reeled,100V,33 nF,,,,,,,Published
MLCC,Anti-Arcing High Voltage,FJ32X333M101PG,FJ,1210,X7R; ±20%; Pd/Ag; 13-inch Reeled,100V,33 nF,,,,,,,Published
MLCC,Anti-Arcing High Voltage,FJ32X333M101ET,FJ,1210,X7R; ±20%; Ag/Ni/Sn; 7-inch Reeled,100V,33 nF,,,,,,,Published
MLCC,Anti-Arcing High Voltage,FJ32X333M101EG,FJ,1210,X7R; ±20%; Ag/Ni/Sn; 13-inch Reeled,100V,33 nF,,,,,,,Published
MLCC,Anti-Arcing High Voltage,FJ32X333M202PT,FJ,1210,X7R; ±20%; Pd/Ag; 7-inch Reeled,2000V,33 nF,,,,,,,Published
MLCC,Anti-Arcing High Voltage,FJ32X333M202PG,FJ,1210,X7R; ±20%; Pd/Ag; 13-inch Reeled,2000V,33 nF,,,,,,,Published
MLCC,Anti-Arcing High Voltage,FJ32X333M202ET,FJ,1210,X7R; ±20%; Ag/Ni/Sn; 7-inch Reeled,2000V,33 nF,,,,,,,Published
MLCC,Anti-Arcing High Voltage,FJ32X333M202EG,FJ,1210,X7R; ±20%; Ag/Ni/Sn; 13-inch Reeled,2000V,33 nF,,,,,,,Published
MLCC,Anti-Arcing High Voltage,FJ32X334J101PT,FJ,1210,X7R; ±5%; Pd/Ag; 7-inch Reeled,100V,330 nF,,,,,,,Published
MLCC,Anti-Arcing High Voltage,FJ32X334J101PG,FJ,1210,X7R; ±5%; Pd/Ag; 13-inch Reeled,100V,330 nF,,,,,,,Published
MLCC,Anti-Arcing High Voltage,FJ32X334J101ET,FJ,1210,X7R; ±5%; Ag/Ni/Sn; 7-inch Reeled,100V,330 nF,,,,,,,Published
MLCC,Anti-Arcing High Voltage,FJ32X334J101EG,FJ,1210,X7R; ±5%; Ag/Ni/Sn; 13-inch Reeled,100V,330 nF,,,,,,,Published
MLCC,Anti-Arcing High Voltage,FJ32X334J202PT,FJ,1210,X7R; ±5%; Pd/Ag; 7-inch Reeled,2000V,330 nF,,,,,,,Published
MLCC,Anti-Arcing High Voltage,FJ32X334J202PG,FJ,1210,X7R; ±5%; Pd/Ag; 13-inch Reeled,2000V,330 nF,,,,,,,Published
MLCC,Anti-Arcing High Voltage,FJ32X334J202ET,FJ,1210,X7R; ±5%; Ag/Ni/Sn; 7-inch Reeled,2000V,330 nF,,,,,,,Published
MLCC,Anti-Arcing High Voltage,FJ32X334J202EG,FJ,1210,X7R; ±5%; Ag/Ni/Sn; 13-inch Reeled,2000V,330 nF,,,,,,,Published
MLCC,Anti-Arcing High Voltage,FJ32X334K101PT,FJ,1210,X7R; ±10%; Pd/Ag; 7-inch Reeled,100V,330 nF,,,,,,,Published
MLCC,Anti-Arcing High Voltage,FJ32X334K101PG,FJ,1210,X7R; ±10%; Pd/Ag; 13-inch Reeled,100V,330 nF,,,,,,,Published
MLCC,Anti-Arcing High Voltage,FJ32X334K101ET,FJ,1210,X7R; ±10%; Ag/Ni/Sn; 7-inch Reeled,100V,330 nF,,,,,,,Published
MLCC,Anti-Arcing High Voltage,FJ32X334K101EG,FJ,1210,X7R; ±10%; Ag/Ni/Sn; 13-inch Reeled,100V,330 nF,,,,,,,Published
MLCC,Anti-Arcing High Voltage,FJ32X334K202PT,FJ,1210,X7R; ±10%; Pd/Ag; 7-inch Reeled,2000V,330 nF,,,,,,,Published
MLCC,Anti-Arcing High Voltage,FJ32X334K202PG,FJ,1210,X7R; ±10%; Pd/Ag; 13-inch Reeled,2000V,330 nF,,,,,,,Published
MLCC,Anti-Arcing High Voltage,FJ32X334K202ET,FJ,1210,X7R; ±10%; Ag/Ni/Sn; 7-inch Reeled,2000V,330 nF,,,,,,,Published
MLCC,Anti-Arcing High Voltage,FJ32X334K202EG,FJ,1210,X7R; ±10%; Ag/Ni/Sn; 13-inch Reeled,2000V,330 nF,,,,,,,Published
MLCC,Anti-Arcing High Voltage,FJ32X334M101PT,FJ,1210,X7R; ±20%; Pd/Ag; 7-inch Reeled,100V,330 nF,,,,,,,Published
MLCC,Anti-Arcing High Voltage,FJ32X334M101PG,FJ,1210,X7R; ±20%; Pd/Ag; 13-inch Reeled,100V,330 nF,,,,,,,Published
MLCC,Anti-Arcing High Voltage,FJ32X334M101ET,FJ,1210,X7R; ±20%; Ag/Ni/Sn; 7-inch Reeled,100V,330 nF,,,,,,,Published
MLCC,Anti-Arcing High Voltage,FJ32X334M101EG,FJ,1210,X7R; ±20%; Ag/Ni/Sn; 13-inch Reeled,100V,330 nF,,,,,,,Published
MLCC,Anti-Arcing High Voltage,FJ32X334M202PT,FJ,1210,X7R; ±20%; Pd/Ag; 7-inch Reeled,2000V,330 nF,,,,,,,Published
MLCC,Anti-Arcing High Voltage,FJ32X334M202PG,FJ,1210,X7R; ±20%; Pd/Ag; 13-inch Reeled,2000V,330 nF,,,,,,,Published
MLCC,Anti-Arcing High Voltage,FJ32X334M202ET,FJ,1210,X7R; ±20%; Ag/Ni/Sn; 7-inch Reeled,2000V,330 nF,,,,,,,Published
MLCC,Anti-Arcing High Voltage,FJ32X334M202EG,FJ,1210,X7R; ±20%; Ag/Ni/Sn; 13-inch Reeled,2000V,330 nF,,,,,,,Published
MLCC,Anti-Arcing High Voltage,FJ32X470J101PT,FJ,1210,X7R; ±5%; Pd/Ag; 7-inch Reeled,100V,47 pF,,,,,,,Published
MLCC,Anti-Arcing High Voltage,FJ32X470J101PG,FJ,1210,X7R; ±5%; Pd/Ag; 13-inch Reeled,100V,47 pF,,,,,,,Published
MLCC,Anti-Arcing High Voltage,FJ32X470J101ET,FJ,1210,X7R; ±5%; Ag/Ni/Sn; 7-inch Reeled,100V,47 pF,,,,,,,Published
MLCC,Anti-Arcing High Voltage,FJ32X470J101EG,FJ,1210,X7R; ±5%; Ag/Ni/Sn; 13-inch Reeled,100V,47 pF,,,,,,,Published
MLCC,Anti-Arcing High Voltage,FJ32X470J202PT,FJ,1210,X7R; ±5%; Pd/Ag; 7-inch Reeled,2000V,47 pF,,,,,,,Published
MLCC,Anti-Arcing High Voltage,FJ32X470J202PG,FJ,1210,X7R; ±5%; Pd/Ag; 13-inch Reeled,2000V,47 pF,,,,,,,Published
MLCC,Anti-Arcing High Voltage,FJ32X470J202ET,FJ,1210,X7R; ±5%; Ag/Ni/Sn; 7-inch Reeled,2000V,47 pF,,,,,,,Published
MLCC,Anti-Arcing High Voltage,FJ32X470J202EG,FJ,1210,X7R; ±5%; Ag/Ni/Sn; 13-inch Reeled,2000V,47 pF,,,,,,,Published
MLCC,Anti-Arcing High Voltage,FJ32X470K101PT,FJ,1210,X7R; ±10%; Pd/Ag; 7-inch Reeled,100V,47 pF,,,,,,,Published
MLCC,Anti-Arcing High Voltage,FJ32X470K101PG,FJ,1210,X7R; ±10%; Pd/Ag; 13-inch Reeled,100V,47 pF,,,,,,,Published
MLCC,Anti-Arcing High Voltage,FJ32X470K101ET,FJ,1210,X7R; ±10%; Ag/Ni/Sn; 7-inch Reeled,100V,47 pF,,,,,,,Published
MLCC,Anti-Arcing High Voltage,FJ32X470K101EG,FJ,1210,X7R; ±10%; Ag/Ni/Sn; 13-inch Reeled,100V,47 pF,,,,,,,Published
MLCC,Anti-Arcing High Voltage,FJ32X470K202PT,FJ,1210,X7R; ±10%; Pd/Ag; 7-inch Reeled,2000V,47 pF,,,,,,,Published
MLCC,Anti-Arcing High Voltage,FJ32X470K202PG,FJ,1210,X7R; ±10%; Pd/Ag; 13-inch Reeled,2000V,47 pF,,,,,,,Published
MLCC,Anti-Arcing High Voltage,FJ32X470K202ET,FJ,1210,X7R; ±10%; Ag/Ni/Sn; 7-inch Reeled,2000V,47 pF,,,,,,,Published
MLCC,Anti-Arcing High Voltage,FJ32X470K202EG,FJ,1210,X7R; ±10%; Ag/Ni/Sn; 13-inch Reeled,2000V,47 pF,,,,,,,Published
MLCC,Anti-Arcing High Voltage,FJ32X470M101PT,FJ,1210,X7R; ±20%; Pd/Ag; 7-inch Reeled,100V,47 pF,,,,,,,Published
MLCC,Anti-Arcing High Voltage,FJ32X470M101PG,FJ,1210,X7R; ±20%; Pd/Ag; 13-inch Reeled,100V,47 pF,,,,,,,Published
MLCC,Anti-Arcing High Voltage,FJ32X470M101ET,FJ,1210,X7R; ±20%; Ag/Ni/Sn; 7-inch Reeled,100V,47 pF,,,,,,,Published
MLCC,Anti-Arcing High Voltage,FJ32X470M101EG,FJ,1210,X7R; ±20%; Ag/Ni/Sn; 13-inch Reeled,100V,47 pF,,,,,,,Published
MLCC,Anti-Arcing High Voltage,FJ32X470M202PT,FJ,1210,X7R; ±20%; Pd/Ag; 7-inch Reeled,2000V,47 pF,,,,,,,Published
MLCC,Anti-Arcing High Voltage,FJ32X470M202PG,FJ,1210,X7R; ±20%; Pd/Ag; 13-inch Reeled,2000V,47 pF,,,,,,,Published
MLCC,Anti-Arcing High Voltage,FJ32X470M202ET,FJ,1210,X7R; ±20%; Ag/Ni/Sn; 7-inch Reeled,2000V,47 pF,,,,,,,Published
MLCC,Anti-Arcing High Voltage,FJ32X470M202EG,FJ,1210,X7R; ±20%; Ag/Ni/Sn; 13-inch Reeled,2000V,47 pF,,,,,,,Published
MLCC,Anti-Arcing High Voltage,FJ32X471J101PT,FJ,1210,X7R; ±5%; Pd/Ag; 7-inch Reeled,100V,470 pF,,,,,,,Published
MLCC,Anti-Arcing High Voltage,FJ32X471J101PG,FJ,1210,X7R; ±5%; Pd/Ag; 13-inch Reeled,100V,470 pF,,,,,,,Published
MLCC,Anti-Arcing High Voltage,FJ32X471J101ET,FJ,1210,X7R; ±5%; Ag/Ni/Sn; 7-inch Reeled,100V,470 pF,,,,,,,Published
MLCC,Anti-Arcing High Voltage,FJ32X471J101EG,FJ,1210,X7R; ±5%; Ag/Ni/Sn; 13-inch Reeled,100V,470 pF,,,,,,,Published
MLCC,Anti-Arcing High Voltage,FJ32X471J202PT,FJ,1210,X7R; ±5%; Pd/Ag; 7-inch Reeled,2000V,470 pF,,,,,,,Published
MLCC,Anti-Arcing High Voltage,FJ32X471J202PG,FJ,1210,X7R; ±5%; Pd/Ag; 13-inch Reeled,2000V,470 pF,,,,,,,Published
MLCC,Anti-Arcing High Voltage,FJ32X471J202ET,FJ,1210,X7R; ±5%; Ag/Ni/Sn; 7-inch Reeled,2000V,470 pF,,,,,,,Published
MLCC,Anti-Arcing High Voltage,FJ32X471J202EG,FJ,1210,X7R; ±5%; Ag/Ni/Sn; 13-inch Reeled,2000V,470 pF,,,,,,,Published
MLCC,Anti-Arcing High Voltage,FJ32X471K101PT,FJ,1210,X7R; ±10%; Pd/Ag; 7-inch Reeled,100V,470 pF,,,,,,,Published
MLCC,Anti-Arcing High Voltage,FJ32X471K101PG,FJ,1210,X7R; ±10%; Pd/Ag; 13-inch Reeled,100V,470 pF,,,,,,,Published
MLCC,Anti-Arcing High Voltage,FJ32X471K101ET,FJ,1210,X7R; ±10%; Ag/Ni/Sn; 7-inch Reeled,100V,470 pF,,,,,,,Published
MLCC,Anti-Arcing High Voltage,FJ32X471K101EG,FJ,1210,X7R; ±10%; Ag/Ni/Sn; 13-inch Reeled,100V,470 pF,,,,,,,Published
MLCC,Anti-Arcing High Voltage,FJ32X471K202PT,FJ,1210,X7R; ±10%; Pd/Ag; 7-inch Reeled,2000V,470 pF,,,,,,,Published
MLCC,Anti-Arcing High Voltage,FJ32X471K202PG,FJ,1210,X7R; ±10%; Pd/Ag; 13-inch Reeled,2000V,470 pF,,,,,,,Published
MLCC,Anti-Arcing High Voltage,FJ32X471K202ET,FJ,1210,X7R; ±10%; Ag/Ni/Sn; 7-inch Reeled,2000V,470 pF,,,,,,,Published
MLCC,Anti-Arcing High Voltage,FJ32X471K202EG,FJ,1210,X7R; ±10%; Ag/Ni/Sn; 13-inch Reeled,2000V,470 pF,,,,,,,Published
MLCC,Anti-Arcing High Voltage,FJ32X471M101PT,FJ,1210,X7R; ±20%; Pd/Ag; 7-inch Reeled,100V,470 pF,,,,,,,Published
MLCC,Anti-Arcing High Voltage,FJ32X471M101PG,FJ,1210,X7R; ±20%; Pd/Ag; 13-inch Reeled,100V,470 pF,,,,,,,Published
MLCC,Anti-Arcing High Voltage,FJ32X471M101ET,FJ,1210,X7R; ±20%; Ag/Ni/Sn; 7-inch Reeled,100V,470 pF,,,,,,,Published
MLCC,Anti-Arcing High Voltage,FJ32X471M101EG,FJ,1210,X7R; ±20%; Ag/Ni/Sn; 13-inch Reeled,100V,470 pF,,,,,,,Published
MLCC,Anti-Arcing High Voltage,FJ32X471M202PT,FJ,1210,X7R; ±20%; Pd/Ag; 7-inch Reeled,2000V,470 pF,,,,,,,Published
MLCC,Anti-Arcing High Voltage,FJ32X471M202PG,FJ,1210,X7R; ±20%; Pd/Ag; 13-inch Reeled,2000V,470 pF,,,,,,,Published
MLCC,Anti-Arcing High Voltage,FJ32X471M202ET,FJ,1210,X7R; ±20%; Ag/Ni/Sn; 7-inch Reeled,2000V,470 pF,,,,,,,Published
MLCC,Anti-Arcing High Voltage,FJ32X471M202EG,FJ,1210,X7R; ±20%; Ag/Ni/Sn; 13-inch Reeled,2000V,470 pF,,,,,,,Published
MLCC,Anti-Arcing High Voltage,FJ32X472J101PT,FJ,1210,X7R; ±5%; Pd/Ag; 7-inch Reeled,100V,4.7 nF,,,,,,,Published
MLCC,Anti-Arcing High Voltage,FJ32X472J101PG,FJ,1210,X7R; ±5%; Pd/Ag; 13-inch Reeled,100V,4.7 nF,,,,,,,Published
MLCC,Anti-Arcing High Voltage,FJ32X472J101ET,FJ,1210,X7R; ±5%; Ag/Ni/Sn; 7-inch Reeled,100V,4.7 nF,,,,,,,Published
MLCC,Anti-Arcing High Voltage,FJ32X472J101EG,FJ,1210,X7R; ±5%; Ag/Ni/Sn; 13-inch Reeled,100V,4.7 nF,,,,,,,Published
MLCC,Anti-Arcing High Voltage,FJ32X472J202PT,FJ,1210,X7R; ±5%; Pd/Ag; 7-inch Reeled,2000V,4.7 nF,,,,,,,Published
MLCC,Anti-Arcing High Voltage,FJ32X472J202PG,FJ,1210,X7R; ±5%; Pd/Ag; 13-inch Reeled,2000V,4.7 nF,,,,,,,Published
MLCC,Anti-Arcing High Voltage,FJ32X472J202ET,FJ,1210,X7R; ±5%; Ag/Ni/Sn; 7-inch Reeled,2000V,4.7 nF,,,,,,,Published
MLCC,Anti-Arcing High Voltage,FJ32X472J202EG,FJ,1210,X7R; ±5%; Ag/Ni/Sn; 13-inch Reeled,2000V,4.7 nF,,,,,,,Published
MLCC,Anti-Arcing High Voltage,FJ32X472K101PT,FJ,1210,X7R; ±10%; Pd/Ag; 7-inch Reeled,100V,4.7 nF,,,,,,,Published
MLCC,Anti-Arcing High Voltage,FJ32X472K101PG,FJ,1210,X7R; ±10%; Pd/Ag; 13-inch Reeled,100V,4.7 nF,,,,,,,Published
MLCC,Anti-Arcing High Voltage,FJ32X472K101ET,FJ,1210,X7R; ±10%; Ag/Ni/Sn; 7-inch Reeled,100V,4.7 nF,,,,,,,Published
MLCC,Anti-Arcing High Voltage,FJ32X472K101EG,FJ,1210,X7R; ±10%; Ag/Ni/Sn; 13-inch Reeled,100V,4.7 nF,,,,,,,Published
MLCC,Anti-Arcing High Voltage,FJ32X472K202PT,FJ,1210,X7R; ±10%; Pd/Ag; 7-inch Reeled,2000V,4.7 nF,,,,,,,Published
MLCC,Anti-Arcing High Voltage,FJ32X472K202PG,FJ,1210,X7R; ±10%; Pd/Ag; 13-inch Reeled,2000V,4.7 nF,,,,,,,Published
MLCC,Anti-Arcing High Voltage,FJ32X472K202ET,FJ,1210,X7R; ±10%; Ag/Ni/Sn; 7-inch Reeled,2000V,4.7 nF,,,,,,,Published
MLCC,Anti-Arcing High Voltage,FJ32X472K202EG,FJ,1210,X7R; ±10%; Ag/Ni/Sn; 13-inch Reeled,2000V,4.7 nF,,,,,,,Published
MLCC,Anti-Arcing High Voltage,FJ32X472M101PT,FJ,1210,X7R; ±20%; Pd/Ag; 7-inch Reeled,100V,4.7 nF,,,,,,,Published
MLCC,Anti-Arcing High Voltage,FJ32X472M101PG,FJ,1210,X7R; ±20%; Pd/Ag; 13-inch Reeled,100V,4.7 nF,,,,,,,Published
MLCC,Anti-Arcing High Voltage,FJ32X472M101ET,FJ,1210,X7R; ±20%; Ag/Ni/Sn; 7-inch Reeled,100V,4.7 nF,,,,,,,Published
MLCC,Anti-Arcing High Voltage,FJ32X472M101EG,FJ,1210,X7R; ±20%; Ag/Ni/Sn; 13-inch Reeled,100V,4.7 nF,,,,,,,Published
MLCC,Anti-Arcing High Voltage,FJ32X472M202PT,FJ,1210,X7R; ±20%; Pd/Ag; 7-inch Reeled,2000V,4.7 nF,,,,,,,Published
MLCC,Anti-Arcing High Voltage,FJ32X472M202PG,FJ,1210,X7R; ±20%; Pd/Ag; 13-inch Reeled,2000V,4.7 nF,,,,,,,Published
MLCC,Anti-Arcing High Voltage,FJ32X472M202ET,FJ,1210,X7R; ±20%; Ag/Ni/Sn; 7-inch Reeled,2000V,4.7 nF,,,,,,,Published
MLCC,Anti-Arcing High Voltage,FJ32X472M202EG,FJ,1210,X7R; ±20%; Ag/Ni/Sn; 13-inch Reeled,2000V,4.7 nF,,,,,,,Published
MLCC,Anti-Arcing High Voltage,FJ32X473J101PT,FJ,1210,X7R; ±5%; Pd/Ag; 7-inch Reeled,100V,47 nF,,,,,,,Published
MLCC,Anti-Arcing High Voltage,FJ32X473J101PG,FJ,1210,X7R; ±5%; Pd/Ag; 13-inch Reeled,100V,47 nF,,,,,,,Published
MLCC,Anti-Arcing High Voltage,FJ32X473J101ET,FJ,1210,X7R; ±5%; Ag/Ni/Sn; 7-inch Reeled,100V,47 nF,,,,,,,Published
MLCC,Anti-Arcing High Voltage,FJ32X473J101EG,FJ,1210,X7R; ±5%; Ag/Ni/Sn; 13-inch Reeled,100V,47 nF,,,,,,,Published
MLCC,Anti-Arcing High Voltage,FJ32X473J202PT,FJ,1210,X7R; ±5%; Pd/Ag; 7-inch Reeled,2000V,47 nF,,,,,,,Published
MLCC,Anti-Arcing High Voltage,FJ32X473J202PG,FJ,1210,X7R; ±5%; Pd/Ag; 13-inch Reeled,2000V,47 nF,,,,,,,Published
MLCC,Anti-Arcing High Voltage,FJ32X473J202ET,FJ,1210,X7R; ±5%; Ag/Ni/Sn; 7-inch Reeled,2000V,47 nF,,,,,,,Published
MLCC,Anti-Arcing High Voltage,FJ32X473J202EG,FJ,1210,X7R; ±5%; Ag/Ni/Sn; 13-inch Reeled,2000V,47 nF,,,,,,,Published
MLCC,Anti-Arcing High Voltage,FJ32X473K101PT,FJ,1210,X7R; ±10%; Pd/Ag; 7-inch Reeled,100V,47 nF,,,,,,,Published
MLCC,Anti-Arcing High Voltage,FJ32X473K101PG,FJ,1210,X7R; ±10%; Pd/Ag; 13-inch Reeled,100V,47 nF,,,,,,,Published
MLCC,Anti-Arcing High Voltage,FJ32X473K101ET,FJ,1210,X7R; ±10%; Ag/Ni/Sn; 7-inch Reeled,100V,47 nF,,,,,,,Published
MLCC,Anti-Arcing High Voltage,FJ32X473K101EG,FJ,1210,X7R; ±10%; Ag/Ni/Sn; 13-inch Reeled,100V,47 nF,,,,,,,Published
MLCC,Anti-Arcing High Voltage,FJ32X473K202PT,FJ,1210,X7R; ±10%; Pd/Ag; 7-inch Reeled,2000V,47 nF,,,,,,,Published
MLCC,Anti-Arcing High Voltage,FJ32X473K202PG,FJ,1210,X7R; ±10%; Pd/Ag; 13-inch Reeled,2000V,47 nF,,,,,,,Published
MLCC,Anti-Arcing High Voltage,FJ32X473K202ET,FJ,1210,X7R; ±10%; Ag/Ni/Sn; 7-inch Reeled,2000V,47 nF,,,,,,,Published
MLCC,Anti-Arcing High Voltage,FJ32X473K202EG,FJ,1210,X7R; ±10%; Ag/Ni/Sn; 13-inch Reeled,2000V,47 nF,,,,,,,Published
MLCC,Anti-Arcing High Voltage,FJ32X473M101PT,FJ,1210,X7R; ±20%; Pd/Ag; 7-inch Reeled,100V,47 nF,,,,,,,Published
MLCC,Anti-Arcing High Voltage,FJ32X473M101PG,FJ,1210,X7R; ±20%; Pd/Ag; 13-inch Reeled,100V,47 nF,,,,,,,Published
MLCC,Anti-Arcing High Voltage,FJ32X473M101ET,FJ,1210,X7R; ±20%; Ag/Ni/Sn; 7-inch Reeled,100V,47 nF,,,,,,,Published
MLCC,Anti-Arcing High Voltage,FJ32X473M101EG,FJ,1210,X7R; ±20%; Ag/Ni/Sn; 13-inch Reeled,100V,47 nF,,,,,,,Published
MLCC,Anti-Arcing High Voltage,FJ32X473M202PT,FJ,1210,X7R; ±20%; Pd/Ag; 7-inch Reeled,2000V,47 nF,,,,,,,Published
MLCC,Anti-Arcing High Voltage,FJ32X473M202PG,FJ,1210,X7R; ±20%; Pd/Ag; 13-inch Reeled,2000V,47 nF,,,,,,,Published
MLCC,Anti-Arcing High Voltage,FJ32X473M202ET,FJ,1210,X7R; ±20%; Ag/Ni/Sn; 7-inch Reeled,2000V,47 nF,,,,,,,Published
MLCC,Anti-Arcing High Voltage,FJ32X473M202EG,FJ,1210,X7R; ±20%; Ag/Ni/Sn; 13-inch Reeled,2000V,47 nF,,,,,,,Published
MLCC,Anti-Arcing High Voltage,FJ32X474J101PT,FJ,1210,X7R; ±5%; Pd/Ag; 7-inch Reeled,100V,470 nF,,,,,,,Published
MLCC,Anti-Arcing High Voltage,FJ32X474J101PG,FJ,1210,X7R; ±5%; Pd/Ag; 13-inch Reeled,100V,470 nF,,,,,,,Published
MLCC,Anti-Arcing High Voltage,FJ32X474J101ET,FJ,1210,X7R; ±5%; Ag/Ni/Sn; 7-inch Reeled,100V,470 nF,,,,,,,Published
MLCC,Anti-Arcing High Voltage,FJ32X474J101EG,FJ,1210,X7R; ±5%; Ag/Ni/Sn; 13-inch Reeled,100V,470 nF,,,,,,,Published
MLCC,Anti-Arcing High Voltage,FJ32X474J202PT,FJ,1210,X7R; ±5%; Pd/Ag; 7-inch Reeled,2000V,470 nF,,,,,,,Published
MLCC,Anti-Arcing High Voltage,FJ32X474J202PG,FJ,1210,X7R; ±5%; Pd/Ag; 13-inch Reeled,2000V,470 nF,,,,,,,Published
MLCC,Anti-Arcing High Voltage,FJ32X474J202ET,FJ,1210,X7R; ±5%; Ag/Ni/Sn; 7-inch Reeled,2000V,470 nF,,,,,,,Published
MLCC,Anti-Arcing High Voltage,FJ32X474J202EG,FJ,1210,X7R; ±5%; Ag/Ni/Sn; 13-inch Reeled,2000V,470 nF,,,,,,,Published
MLCC,Anti-Arcing High Voltage,FJ32X474K101PT,FJ,1210,X7R; ±10%; Pd/Ag; 7-inch Reeled,100V,470 nF,,,,,,,Published
MLCC,Anti-Arcing High Voltage,FJ32X474K101PG,FJ,1210,X7R; ±10%; Pd/Ag; 13-inch Reeled,100V,470 nF,,,,,,,Published
MLCC,Anti-Arcing High Voltage,FJ32X474K101ET,FJ,1210,X7R; ±10%; Ag/Ni/Sn; 7-inch Reeled,100V,470 nF,,,,,,,Published
MLCC,Anti-Arcing High Voltage,FJ32X474K101EG,FJ,1210,X7R; ±10%; Ag/Ni/Sn; 13-inch Reeled,100V,470 nF,,,,,,,Published
MLCC,Anti-Arcing High Voltage,FJ32X474K202PT,FJ,1210,X7R; ±10%; Pd/Ag; 7-inch Reeled,2000V,470 nF,,,,,,,Published
MLCC,Anti-Arcing High Voltage,FJ32X474K202PG,FJ,1210,X7R; ±10%; Pd/Ag; 13-inch Reeled,2000V,470 nF,,,,,,,Published
MLCC,Anti-Arcing High Voltage,FJ32X474K202ET,FJ,1210,X7R; ±10%; Ag/Ni/Sn; 7-inch Reeled,2000V,470 nF,,,,,,,Published
MLCC,Anti-Arcing High Voltage,FJ32X474K202EG,FJ,1210,X7R; ±10%; Ag/Ni/Sn; 13-inch Reeled,2000V,470 nF,,,,,,,Published
MLCC,Anti-Arcing High Voltage,FJ32X474M101PT,FJ,1210,X7R; ±20%; Pd/Ag; 7-inch Reeled,100V,470 nF,,,,,,,Published
MLCC,Anti-Arcing High Voltage,FJ32X474M101PG,FJ,1210,X7R; ±20%; Pd/Ag; 13-inch Reeled,100V,470 nF,,,,,,,Published
MLCC,Anti-Arcing High Voltage,FJ32X474M101ET,FJ,1210,X7R; ±20%; Ag/Ni/Sn; 7-inch Reeled,100V,470 nF,,,,,,,Published
MLCC,Anti-Arcing High Voltage,FJ32X474M101EG,FJ,1210,X7R; ±20%; Ag/Ni/Sn; 13-inch Reeled,100V,470 nF,,,,,,,Published
MLCC,Anti-Arcing High Voltage,FJ32X474M202PT,FJ,1210,X7R; ±20%; Pd/Ag; 7-inch Reeled,2000V,470 nF,,,,,,,Published
MLCC,Anti-Arcing High Voltage,FJ32X474M202PG,FJ,1210,X7R; ±20%; Pd/Ag; 13-inch Reeled,2000V,470 nF,,,,,,,Published
MLCC,Anti-Arcing High Voltage,FJ32X474M202ET,FJ,1210,X7R; ±20%; Ag/Ni/Sn; 7-inch Reeled,2000V,470 nF,,,,,,,Published
MLCC,Anti-Arcing High Voltage,FJ32X474M202EG,FJ,1210,X7R; ±20%; Ag/Ni/Sn; 13-inch Reeled,2000V,470 nF,,,,,,,Published
MLCC,Anti-Arcing High Voltage,FJ32X680J101PT,FJ,1210,X7R; ±5%; Pd/Ag; 7-inch Reeled,100V,68 pF,,,,,,,Published
MLCC,Anti-Arcing High Voltage,FJ32X680J101PG,FJ,1210,X7R; ±5%; Pd/Ag; 13-inch Reeled,100V,68 pF,,,,,,,Published
MLCC,Anti-Arcing High Voltage,FJ32X680J101ET,FJ,1210,X7R; ±5%; Ag/Ni/Sn; 7-inch Reeled,100V,68 pF,,,,,,,Published
MLCC,Anti-Arcing High Voltage,FJ32X680J101EG,FJ,1210,X7R; ±5%; Ag/Ni/Sn; 13-inch Reeled,100V,68 pF,,,,,,,Published
MLCC,Anti-Arcing High Voltage,FJ32X680J202PT,FJ,1210,X7R; ±5%; Pd/Ag; 7-inch Reeled,2000V,68 pF,,,,,,,Published
MLCC,Anti-Arcing High Voltage,FJ32X680J202PG,FJ,1210,X7R; ±5%; Pd/Ag; 13-inch Reeled,2000V,68 pF,,,,,,,Published
MLCC,Anti-Arcing High Voltage,FJ32X680J202ET,FJ,1210,X7R; ±5%; Ag/Ni/Sn; 7-inch Reeled,2000V,68 pF,,,,,,,Published
MLCC,Anti-Arcing High Voltage,FJ32X680J202EG,FJ,1210,X7R; ±5%; Ag/Ni/Sn; 13-inch Reeled,2000V,68 pF,,,,,,,Published
MLCC,Anti-Arcing High Voltage,FJ32X680K101PT,FJ,1210,X7R; ±10%; Pd/Ag; 7-inch Reeled,100V,68 pF,,,,,,,Published
MLCC,Anti-Arcing High Voltage,FJ32X680K101PG,FJ,1210,X7R; ±10%; Pd/Ag; 13-inch Reeled,100V,68 pF,,,,,,,Published
MLCC,Anti-Arcing High Voltage,FJ32X680K101ET,FJ,1210,X7R; ±10%; Ag/Ni/Sn; 7-inch Reeled,100V,68 pF,,,,,,,Published
MLCC,Anti-Arcing High Voltage,FJ32X680K101EG,FJ,1210,X7R; ±10%; Ag/Ni/Sn; 13-inch Reeled,100V,68 pF,,,,,,,Published
MLCC,Anti-Arcing High Voltage,FJ32X680K202PT,FJ,1210,X7R; ±10%; Pd/Ag; 7-inch Reeled,2000V,68 pF,,,,,,,Published
MLCC,Anti-Arcing High Voltage,FJ32X680K202PG,FJ,1210,X7R; ±10%; Pd/Ag; 13-inch Reeled,2000V,68 pF,,,,,,,Published
MLCC,Anti-Arcing High Voltage,FJ32X680K202ET,FJ,1210,X7R; ±10%; Ag/Ni/Sn; 7-inch Reeled,2000V,68 pF,,,,,,,Published
MLCC,Anti-Arcing High Voltage,FJ32X680K202EG,FJ,1210,X7R; ±10%; Ag/Ni/Sn; 13-inch Reeled,2000V,68 pF,,,,,,,Published
MLCC,Anti-Arcing High Voltage,FJ32X680M101PT,FJ,1210,X7R; ±20%; Pd/Ag; 7-inch Reeled,100V,68 pF,,,,,,,Published
MLCC,Anti-Arcing High Voltage,FJ32X680M101PG,FJ,1210,X7R; ±20%; Pd/Ag; 13-inch Reeled,100V,68 pF,,,,,,,Published
MLCC,Anti-Arcing High Voltage,FJ32X680M101ET,FJ,1210,X7R; ±20%; Ag/Ni/Sn; 7-inch Reeled,100V,68 pF,,,,,,,Published
MLCC,Anti-Arcing High Voltage,FJ32X680M101EG,FJ,1210,X7R; ±20%; Ag/Ni/Sn; 13-inch Reeled,100V,68 pF,,,,,,,Published
MLCC,Anti-Arcing High Voltage,FJ32X680M202PT,FJ,1210,X7R; ±20%; Pd/Ag; 7-inch Reeled,2000V,68 pF,,,,,,,Published
MLCC,Anti-Arcing High Voltage,FJ32X680M202PG,FJ,1210,X7R; ±20%; Pd/Ag; 13-inch Reeled,2000V,68 pF,,,,,,,Published
MLCC,Anti-Arcing High Voltage,FJ32X680M202ET,FJ,1210,X7R; ±20%; Ag/Ni/Sn; 7-inch Reeled,2000V,68 pF,,,,,,,Published
MLCC,Anti-Arcing High Voltage,FJ32X680M202EG,FJ,1210,X7R; ±20%; Ag/Ni/Sn; 13-inch Reeled,2000V,68 pF,,,,,,,Published
MLCC,Anti-Arcing High Voltage,FJ32X681J101PT,FJ,1210,X7R; ±5%; Pd/Ag; 7-inch Reeled,100V,680 pF,,,,,,,Published
MLCC,Anti-Arcing High Voltage,FJ32X681J101PG,FJ,1210,X7R; ±5%; Pd/Ag; 13-inch Reeled,100V,680 pF,,,,,,,Published
MLCC,Anti-Arcing High Voltage,FJ32X681J101ET,FJ,1210,X7R; ±5%; Ag/Ni/Sn; 7-inch Reeled,100V,680 pF,,,,,,,Published
MLCC,Anti-Arcing High Voltage,FJ32X681J101EG,FJ,1210,X7R; ±5%; Ag/Ni/Sn; 13-inch Reeled,100V,680 pF,,,,,,,Published
MLCC,Anti-Arcing High Voltage,FJ32X681J202PT,FJ,1210,X7R; ±5%; Pd/Ag; 7-inch Reeled,2000V,680 pF,,,,,,,Published
MLCC,Anti-Arcing High Voltage,FJ32X681J202PG,FJ,1210,X7R; ±5%; Pd/Ag; 13-inch Reeled,2000V,680 pF,,,,,,,Published
MLCC,Anti-Arcing High Voltage,FJ32X681J202ET,FJ,1210,X7R; ±5%; Ag/Ni/Sn; 7-inch Reeled,2000V,680 pF,,,,,,,Published
MLCC,Anti-Arcing High Voltage,FJ32X681J202EG,FJ,1210,X7R; ±5%; Ag/Ni/Sn; 13-inch Reeled,2000V,680 pF,,,,,,,Published
MLCC,Anti-Arcing High Voltage,FJ32X681K101PT,FJ,1210,X7R; ±10%; Pd/Ag; 7-inch Reeled,100V,680 pF,,,,,,,Published
MLCC,Anti-Arcing High Voltage,FJ32X681K101PG,FJ,1210,X7R; ±10%; Pd/Ag; 13-inch Reeled,100V,680 pF,,,,,,,Published
MLCC,Anti-Arcing High Voltage,FJ32X681K101ET,FJ,1210,X7R; ±10%; Ag/Ni/Sn; 7-inch Reeled,100V,680 pF,,,,,,,Published
MLCC,Anti-Arcing High Voltage,FJ32X681K101EG,FJ,1210,X7R; ±10%; Ag/Ni/Sn; 13-inch Reeled,100V,680 pF,,,,,,,Published
MLCC,Anti-Arcing High Voltage,FJ32X681K202PT,FJ,1210,X7R; ±10%; Pd/Ag; 7-inch Reeled,2000V,680 pF,,,,,,,Published
MLCC,Anti-Arcing High Voltage,FJ32X681K202PG,FJ,1210,X7R; ±10%; Pd/Ag; 13-inch Reeled,2000V,680 pF,,,,,,,Published
MLCC,Anti-Arcing High Voltage,FJ32X681K202ET,FJ,1210,X7R; ±10%; Ag/Ni/Sn; 7-inch Reeled,2000V,680 pF,,,,,,,Published
MLCC,Anti-Arcing High Voltage,FJ32X681K202EG,FJ,1210,X7R; ±10%; Ag/Ni/Sn; 13-inch Reeled,2000V,680 pF,,,,,,,Published
MLCC,Anti-Arcing High Voltage,FJ32X681M101PT,FJ,1210,X7R; ±20%; Pd/Ag; 7-inch Reeled,100V,680 pF,,,,,,,Published
MLCC,Anti-Arcing High Voltage,FJ32X681M101PG,FJ,1210,X7R; ±20%; Pd/Ag; 13-inch Reeled,100V,680 pF,,,,,,,Published
MLCC,Anti-Arcing High Voltage,FJ32X681M101ET,FJ,1210,X7R; ±20%; Ag/Ni/Sn; 7-inch Reeled,100V,680 pF,,,,,,,Published
MLCC,Anti-Arcing High Voltage,FJ32X681M101EG,FJ,1210,X7R; ±20%; Ag/Ni/Sn; 13-inch Reeled,100V,680 pF,,,,,,,Published
MLCC,Anti-Arcing High Voltage,FJ32X681M202PT,FJ,1210,X7R; ±20%; Pd/Ag; 7-inch Reeled,2000V,680 pF,,,,,,,Published
MLCC,Anti-Arcing High Voltage,FJ32X681M202PG,FJ,1210,X7R; ±20%; Pd/Ag; 13-inch Reeled,2000V,680 pF,,,,,,,Published
MLCC,Anti-Arcing High Voltage,FJ32X681M202ET,FJ,1210,X7R; ±20%; Ag/Ni/Sn; 7-inch Reeled,2000V,680 pF,,,,,,,Published
MLCC,Anti-Arcing High Voltage,FJ32X681M202EG,FJ,1210,X7R; ±20%; Ag/Ni/Sn; 13-inch Reeled,2000V,680 pF,,,,,,,Published
MLCC,Anti-Arcing High Voltage,FJ32X682J101PT,FJ,1210,X7R; ±5%; Pd/Ag; 7-inch Reeled,100V,6.8 nF,,,,,,,Published
MLCC,Anti-Arcing High Voltage,FJ32X682J101PG,FJ,1210,X7R; ±5%; Pd/Ag; 13-inch Reeled,100V,6.8 nF,,,,,,,Published
MLCC,Anti-Arcing High Voltage,FJ32X682J101ET,FJ,1210,X7R; ±5%; Ag/Ni/Sn; 7-inch Reeled,100V,6.8 nF,,,,,,,Published
MLCC,Anti-Arcing High Voltage,FJ32X682J101EG,FJ,1210,X7R; ±5%; Ag/Ni/Sn; 13-inch Reeled,100V,6.8 nF,,,,,,,Published
MLCC,Anti-Arcing High Voltage,FJ32X682J202PT,FJ,1210,X7R; ±5%; Pd/Ag; 7-inch Reeled,2000V,6.8 nF,,,,,,,Published
MLCC,Anti-Arcing High Voltage,FJ32X682J202PG,FJ,1210,X7R; ±5%; Pd/Ag; 13-inch Reeled,2000V,6.8 nF,,,,,,,Published
MLCC,Anti-Arcing High Voltage,FJ32X682J202ET,FJ,1210,X7R; ±5%; Ag/Ni/Sn; 7-inch Reeled,2000V,6.8 nF,,,,,,,Published
MLCC,Anti-Arcing High Voltage,FJ32X682J202EG,FJ,1210,X7R; ±5%; Ag/Ni/Sn; 13-inch Reeled,2000V,6.8 nF,,,,,,,Published
MLCC,Anti-Arcing High Voltage,FJ32X682K101PT,FJ,1210,X7R; ±10%; Pd/Ag; 7-inch Reeled,100V,6.8 nF,,,,,,,Published
MLCC,Anti-Arcing High Voltage,FJ32X682K101PG,FJ,1210,X7R; ±10%; Pd/Ag; 13-inch Reeled,100V,6.8 nF,,,,,,,Published
MLCC,Anti-Arcing High Voltage,FJ32X682K101ET,FJ,1210,X7R; ±10%; Ag/Ni/Sn; 7-inch Reeled,100V,6.8 nF,,,,,,,Published
MLCC,Anti-Arcing High Voltage,FJ32X682K101EG,FJ,1210,X7R; ±10%; Ag/Ni/Sn; 13-inch Reeled,100V,6.8 nF,,,,,,,Published
MLCC,Anti-Arcing High Voltage,FJ32X682K202PT,FJ,1210,X7R; ±10%; Pd/Ag; 7-inch Reeled,2000V,6.8 nF,,,,,,,Published
MLCC,Anti-Arcing High Voltage,FJ32X682K202PG,FJ,1210,X7R; ±10%; Pd/Ag; 13-inch Reeled,2000V,6.8 nF,,,,,,,Published
MLCC,Anti-Arcing High Voltage,FJ32X682K202ET,FJ,1210,X7R; ±10%; Ag/Ni/Sn; 7-inch Reeled,2000V,6.8 nF,,,,,,,Published
MLCC,Anti-Arcing High Voltage,FJ32X682K202EG,FJ,1210,X7R; ±10%; Ag/Ni/Sn; 13-inch Reeled,2000V,6.8 nF,,,,,,,Published
MLCC,Anti-Arcing High Voltage,FJ32X682M101PT,FJ,1210,X7R; ±20%; Pd/Ag; 7-inch Reeled,100V,6.8 nF,,,,,,,Published
MLCC,Anti-Arcing High Voltage,FJ32X682M101PG,FJ,1210,X7R; ±20%; Pd/Ag; 13-inch Reeled,100V,6.8 nF,,,,,,,Published
MLCC,Anti-Arcing High Voltage,FJ32X682M101ET,FJ,1210,X7R; ±20%; Ag/Ni/Sn; 7-inch Reeled,100V,6.8 nF,,,,,,,Published
MLCC,Anti-Arcing High Voltage,FJ32X682M101EG,FJ,1210,X7R; ±20%; Ag/Ni/Sn; 13-inch Reeled,100V,6.8 nF,,,,,,,Published
MLCC,Anti-Arcing High Voltage,FJ32X682M202PT,FJ,1210,X7R; ±20%; Pd/Ag; 7-inch Reeled,2000V,6.8 nF,,,,,,,Published
MLCC,Anti-Arcing High Voltage,FJ32X682M202PG,FJ,1210,X7R; ±20%; Pd/Ag; 13-inch Reeled,2000V,6.8 nF,,,,,,,Published
MLCC,Anti-Arcing High Voltage,FJ32X682M202ET,FJ,1210,X7R; ±20%; Ag/Ni/Sn; 7-inch Reeled,2000V,6.8 nF,,,,,,,Published
MLCC,Anti-Arcing High Voltage,FJ32X682M202EG,FJ,1210,X7R; ±20%; Ag/Ni/Sn; 13-inch Reeled,2000V,6.8 nF,,,,,,,Published
MLCC,Anti-Arcing High Voltage,FJ32X683J101PT,FJ,1210,X7R; ±5%; Pd/Ag; 7-inch Reeled,100V,68 nF,,,,,,,Published
MLCC,Anti-Arcing High Voltage,FJ32X683J101PG,FJ,1210,X7R; ±5%; Pd/Ag; 13-inch Reeled,100V,68 nF,,,,,,,Published
MLCC,Anti-Arcing High Voltage,FJ32X683J101ET,FJ,1210,X7R; ±5%; Ag/Ni/Sn; 7-inch Reeled,100V,68 nF,,,,,,,Published
MLCC,Anti-Arcing High Voltage,FJ32X683J101EG,FJ,1210,X7R; ±5%; Ag/Ni/Sn; 13-inch Reeled,100V,68 nF,,,,,,,Published
MLCC,Anti-Arcing High Voltage,FJ32X683J202PT,FJ,1210,X7R; ±5%; Pd/Ag; 7-inch Reeled,2000V,68 nF,,,,,,,Published
MLCC,Anti-Arcing High Voltage,FJ32X683J202PG,FJ,1210,X7R; ±5%; Pd/Ag; 13-inch Reeled,2000V,68 nF,,,,,,,Published
MLCC,Anti-Arcing High Voltage,FJ32X683J202ET,FJ,1210,X7R; ±5%; Ag/Ni/Sn; 7-inch Reeled,2000V,68 nF,,,,,,,Published
MLCC,Anti-Arcing High Voltage,FJ32X683J202EG,FJ,1210,X7R; ±5%; Ag/Ni/Sn; 13-inch Reeled,2000V,68 nF,,,,,,,Published
MLCC,Anti-Arcing High Voltage,FJ32X683K101PT,FJ,1210,X7R; ±10%; Pd/Ag; 7-inch Reeled,100V,68 nF,,,,,,,Published
MLCC,Anti-Arcing High Voltage,FJ32X683K101PG,FJ,1210,X7R; ±10%; Pd/Ag; 13-inch Reeled,100V,68 nF,,,,,,,Published
MLCC,Anti-Arcing High Voltage,FJ32X683K101ET,FJ,1210,X7R; ±10%; Ag/Ni/Sn; 7-inch Reeled,100V,68 nF,,,,,,,Published
MLCC,Anti-Arcing High Voltage,FJ32X683K101EG,FJ,1210,X7R; ±10%; Ag/Ni/Sn; 13-inch Reeled,100V,68 nF,,,,,,,Published
MLCC,Anti-Arcing High Voltage,FJ32X683K202PT,FJ,1210,X7R; ±10%; Pd/Ag; 7-inch Reeled,2000V,68 nF,,,,,,,Published
MLCC,Anti-Arcing High Voltage,FJ32X683K202PG,FJ,1210,X7R; ±10%; Pd/Ag; 13-inch Reeled,2000V,68 nF,,,,,,,Published
MLCC,Anti-Arcing High Voltage,FJ32X683K202ET,FJ,1210,X7R; ±10%; Ag/Ni/Sn; 7-inch Reeled,2000V,68 nF,,,,,,,Published
MLCC,Anti-Arcing High Voltage,FJ32X683K202EG,FJ,1210,X7R; ±10%; Ag/Ni/Sn; 13-inch Reeled,2000V,68 nF,,,,,,,Published
MLCC,Anti-Arcing High Voltage,FJ32X683M101PT,FJ,1210,X7R; ±20%; Pd/Ag; 7-inch Reeled,100V,68 nF,,,,,,,Published
MLCC,Anti-Arcing High Voltage,FJ32X683M101PG,FJ,1210,X7R; ±20%; Pd/Ag; 13-inch Reeled,100V,68 nF,,,,,,,Published
MLCC,Anti-Arcing High Voltage,FJ32X683M101ET,FJ,1210,X7R; ±20%; Ag/Ni/Sn; 7-inch Reeled,100V,68 nF,,,,,,,Published
MLCC,Anti-Arcing High Voltage,FJ32X683M101EG,FJ,1210,X7R; ±20%; Ag/Ni/Sn; 13-inch Reeled,100V,68 nF,,,,,,,Published
MLCC,Anti-Arcing High Voltage,FJ32X683M202PT,FJ,1210,X7R; ±20%; Pd/Ag; 7-inch Reeled,2000V,68 nF,,,,,,,Published
MLCC,Anti-Arcing High Voltage,FJ32X683M202PG,FJ,1210,X7R; ±20%; Pd/Ag; 13-inch Reeled,2000V,68 nF,,,,,,,Published
MLCC,Anti-Arcing High Voltage,FJ32X683M202ET,FJ,1210,X7R; ±20%; Ag/Ni/Sn; 7-inch Reeled,2000V,68 nF,,,,,,,Published
MLCC,Anti-Arcing High Voltage,FJ32X683M202EG,FJ,1210,X7R; ±20%; Ag/Ni/Sn; 13-inch Reeled,2000V,68 nF,,,,,,,Published
MLCC,Anti-Arcing High Voltage,FJ32X684J101PT,FJ,1210,X7R; ±5%; Pd/Ag; 7-inch Reeled,100V,680 nF,,,,,,,Published
MLCC,Anti-Arcing High Voltage,FJ32X684J101PG,FJ,1210,X7R; ±5%; Pd/Ag; 13-inch Reeled,100V,680 nF,,,,,,,Published
MLCC,Anti-Arcing High Voltage,FJ32X684J101ET,FJ,1210,X7R; ±5%; Ag/Ni/Sn; 7-inch Reeled,100V,680 nF,,,,,,,Published
MLCC,Anti-Arcing High Voltage,FJ32X684J101EG,FJ,1210,X7R; ±5%; Ag/Ni/Sn; 13-inch Reeled,100V,680 nF,,,,,,,Published
MLCC,Anti-Arcing High Voltage,FJ32X684J202PT,FJ,1210,X7R; ±5%; Pd/Ag; 7-inch Reeled,2000V,680 nF,,,,,,,Published
MLCC,Anti-Arcing High Voltage,FJ32X684J202PG,FJ,1210,X7R; ±5%; Pd/Ag; 13-inch Reeled,2000V,680 nF,,,,,,,Published
MLCC,Anti-Arcing High Voltage,FJ32X684J202ET,FJ,1210,X7R; ±5%; Ag/Ni/Sn; 7-inch Reeled,2000V,680 nF,,,,,,,Published
MLCC,Anti-Arcing High Voltage,FJ32X684J202EG,FJ,1210,X7R; ±5%; Ag/Ni/Sn; 13-inch Reeled,2000V,680 nF,,,,,,,Published
MLCC,Anti-Arcing High Voltage,FJ32X684K101PT,FJ,1210,X7R; ±10%; Pd/Ag; 7-inch Reeled,100V,680 nF,,,,,,,Published
MLCC,Anti-Arcing High Voltage,FJ32X684K101PG,FJ,1210,X7R; ±10%; Pd/Ag; 13-inch Reeled,100V,680 nF,,,,,,,Published
MLCC,Anti-Arcing High Voltage,FJ32X684K101ET,FJ,1210,X7R; ±10%; Ag/Ni/Sn; 7-inch Reeled,100V,680 nF,,,,,,,Published
MLCC,Anti-Arcing High Voltage,FJ32X684K101EG,FJ,1210,X7R; ±10%; Ag/Ni/Sn; 13-inch Reeled,100V,680 nF,,,,,,,Published
MLCC,Anti-Arcing High Voltage,FJ32X684K202PT,FJ,1210,X7R; ±10%; Pd/Ag; 7-inch Reeled,2000V,680 nF,,,,,,,Published
MLCC,Anti-Arcing High Voltage,FJ32X684K202PG,FJ,1210,X7R; ±10%; Pd/Ag; 13-inch Reeled,2000V,680 nF,,,,,,,Published
MLCC,Anti-Arcing High Voltage,FJ32X684K202ET,FJ,1210,X7R; ±10%; Ag/Ni/Sn; 7-inch Reeled,2000V,680 nF,,,,,,,Published
MLCC,Anti-Arcing High Voltage,FJ32X684K202EG,FJ,1210,X7R; ±10%; Ag/Ni/Sn; 13-inch Reeled,2000V,680 nF,,,,,,,Published
MLCC,Anti-Arcing High Voltage,FJ32X684M101PT,FJ,1210,X7R; ±20%; Pd/Ag; 7-inch Reeled,100V,680 nF,,,,,,,Published
MLCC,Anti-Arcing High Voltage,FJ32X684M101PG,FJ,1210,X7R; ±20%; Pd/Ag; 13-inch Reeled,100V,680 nF,,,,,,,Published
MLCC,Anti-Arcing High Voltage,FJ32X684M101ET,FJ,1210,X7R; ±20%; Ag/Ni/Sn; 7-inch Reeled,100V,680 nF,,,,,,,Published
MLCC,Anti-Arcing High Voltage,FJ32X684M101EG,FJ,1210,X7R; ±20%; Ag/Ni/Sn; 13-inch Reeled,100V,680 nF,,,,,,,Published
MLCC,Anti-Arcing High Voltage,FJ32X684M202PT,FJ,1210,X7R; ±20%; Pd/Ag; 7-inch Reeled,2000V,680 nF,,,,,,,Published
MLCC,Anti-Arcing High Voltage,FJ32X684M202PG,FJ,1210,X7R; ±20%; Pd/Ag; 13-inch Reeled,2000V,680 nF,,,,,,,Published
MLCC,Anti-Arcing High Voltage,FJ32X684M202ET,FJ,1210,X7R; ±20%; Ag/Ni/Sn; 7-inch Reeled,2000V,680 nF,,,,,,,Published
MLCC,Anti-Arcing High Voltage,FJ32X684M202EG,FJ,1210,X7R; ±20%; Ag/Ni/Sn; 13-inch Reeled,2000V,680 nF,,,,,,,Published
