Category,SubCategory,PartNumber,Series,Package,PrimarySpec,Voltage,Capacitance,Resistance,Inductance,SafetyClass,AutomotiveGrade,DatasheetURL,EnvironmentalURL,Status
MLCC,High Voltage MLCC,FV21N1R5J102ECG,FV,805,"C0G, ±5%, T=1.25 ± 0.10 mm",1000 VDC,1.5 pF,,,,No,,,Published
MLCC,High Voltage MLCC,FV31N1R5J102EXG,FV,1206,"C0G, ±5%, T=0.80 ± 0.10 mm",1000 VDC,1.5 pF,,,,No,,,Published
MLCC,High Voltage MLCC,FV31N1R5J152EXG,FV,1206,"C0G, ±5%, T=0.80 ± 0.10 mm",1500 VDC,1.5 pF,,,,No,,,Published
MLCC,High Voltage MLCC,FV31N1R5J202EXG,FV,1206,"C0G, ±5%, T=0.80 ± 0.10 mm",2000 VDC,1.5 pF,,,,No,,,Published
MLCC,High Voltage MLCC,FV21N1R8J102ECG,FV,805,"C0G, ±5%, T=1.25 ± 0.10 mm",1000 VDC,1.8 pF,,,,No,,,Published
MLCC,High Voltage MLCC,FV31N1R8J102EXG,FV,1206,"C0G, ±5%, T=0.80 ± 0.10 mm",1000 VDC,1.8 pF,,,,No,,,Published
MLCC,High Voltage MLCC,FV31N1R8J152EXG,FV,1206,"C0G, ±5%, T=0.80 ± 0.10 mm",1500 VDC,1.8 pF,,,,No,,,Published
MLCC,High Voltage MLCC,FV31N1R8J202EXG,FV,1206,"C0G, ±5%, T=0.80 ± 0.10 mm",2000 VDC,1.8 pF,,,,No,,,Published
MLCC,High Voltage MLCC,FV21N2R2J102ECG,FV,805,"C0G, ±5%, T=1.25 ± 0.10 mm",1000 VDC,2.2 pF,,,,No,,,Published
MLCC,High Voltage MLCC,FV31N2R2J102EXG,FV,1206,"C0G, ±5%, T=0.80 ± 0.10 mm",1000 VDC,2.2 pF,,,,No,,,Published
MLCC,High Voltage MLCC,FV31N2R2J152EXG,FV,1206,"C0G, ±5%, T=0.80 ± 0.10 mm",1500 VDC,2.2 pF,,,,No,,,Published
MLCC,High Voltage MLCC,FV31N2R2J202EXG,FV,1206,"C0G, ±5%, T=0.80 ± 0.10 mm",2000 VDC,2.2 pF,,,,No,,,Published
MLCC,High Voltage MLCC,FV21N2R7J102ECG,FV,805,"C0G, ±5%, T=1.25 ± 0.10 mm",1000 VDC,2.7 pF,,,,No,,,Published
MLCC,High Voltage MLCC,FV31N2R7J102EXG,FV,1206,"C0G, ±5%, T=0.80 ± 0.10 mm",1000 VDC,2.7 pF,,,,No,,,Published
MLCC,High Voltage MLCC,FV31N2R7J152EXG,FV,1206,"C0G, ±5%, T=0.80 ± 0.10 mm",1500 VDC,2.7 pF,,,,No,,,Published
MLCC,High Voltage MLCC,FV31N2R7J202EXG,FV,1206,"C0G, ±5%, T=0.80 ± 0.10 mm",2000 VDC,2.7 pF,,,,No,,,Published
MLCC,High Voltage MLCC,FV21N3R3J102ECG,FV,805,"C0G, ±5%, T=1.25 ± 0.10 mm",1000 VDC,3.3 pF,,,,No,,,Published
MLCC,High Voltage MLCC,FV31N3R3J102EXG,FV,1206,"C0G, ±5%, T=0.80 ± 0.10 mm",1000 VDC,3.3 pF,,,,No,,,Published
MLCC,High Voltage MLCC,FV31N3R3J152EXG,FV,1206,"C0G, ±5%, T=0.80 ± 0.10 mm",1500 VDC,3.3 pF,,,,No,,,Published
MLCC,High Voltage MLCC,FV31N3R3J202EXG,FV,1206,"C0G, ±5%, T=0.80 ± 0.10 mm",2000 VDC,3.3 pF,,,,No,,,Published
MLCC,High Voltage MLCC,FV21N3R9J102ECG,FV,805,"C0G, ±5%, T=1.25 ± 0.10 mm",1000 VDC,3.9 pF,,,,No,,,Published
MLCC,High Voltage MLCC,FV31N3R9J102EXG,FV,1206,"C0G, ±5%, T=0.80 ± 0.10 mm",1000 VDC,3.9 pF,,,,No,,,Published
MLCC,High Voltage MLCC,FV31N3R9J152EXG,FV,1206,"C0G, ±5%, T=0.80 ± 0.10 mm",1500 VDC,3.9 pF,,,,No,,,Published
MLCC,High Voltage MLCC,FV31N3R9J202EXG,FV,1206,"C0G, ±5%, T=0.80 ± 0.10 mm",2000 VDC,3.9 pF,,,,No,,,Published
MLCC,High Voltage MLCC,FV21N4R7J102ECG,FV,805,"C0G, ±5%, T=1.25 ± 0.10 mm",1000 VDC,4.7 pF,,,,No,,,Published
MLCC,High Voltage MLCC,FV31N4R7J102EXG,FV,1206,"C0G, ±5%, T=0.80 ± 0.10 mm",1000 VDC,4.7 pF,,,,No,,,Published
MLCC,High Voltage MLCC,FV31N4R7J152EXG,FV,1206,"C0G, ±5%, T=0.80 ± 0.10 mm",1500 VDC,4.7 pF,,,,No,,,Published
MLCC,High Voltage MLCC,FV31N4R7J202EXG,FV,1206,"C0G, ±5%, T=0.80 ± 0.10 mm",2000 VDC,4.7 pF,,,,No,,,Published
MLCC,High Voltage MLCC,FV21N5R0J102ECG,FV,805,"C0G, ±5%, T=1.25 ± 0.10 mm",1000 VDC,5 pF,,,,No,,,Published
MLCC,High Voltage MLCC,FV31N5R0J102EXG,FV,1206,"C0G, ±5%, T=0.80 ± 0.10 mm",1000 VDC,5 pF,,,,No,,,Published
MLCC,High Voltage MLCC,FV31N5R0J152EXG,FV,1206,"C0G, ±5%, T=0.80 ± 0.10 mm",1500 VDC,5 pF,,,,No,,,Published
MLCC,High Voltage MLCC,FV31N5R0J202EXG,FV,1206,"C0G, ±5%, T=0.80 ± 0.10 mm",2000 VDC,5 pF,,,,No,,,Published
MLCC,High Voltage MLCC,FV21N5R6J102ECG,FV,805,"C0G, ±5%, T=1.25 ± 0.10 mm",1000 VDC,5.6 pF,,,,No,,,Published
MLCC,High Voltage MLCC,FV31N5R6J102EXG,FV,1206,"C0G, ±5%, T=0.80 ± 0.10 mm",1000 VDC,5.6 pF,,,,No,,,Published
MLCC,High Voltage MLCC,FV31N5R6J152EXG,FV,1206,"C0G, ±5%, T=0.80 ± 0.10 mm",1500 VDC,5.6 pF,,,,No,,,Published
MLCC,High Voltage MLCC,FV31N5R6J202EXG,FV,1206,"C0G, ±5%, T=0.80 ± 0.10 mm",2000 VDC,5.6 pF,,,,No,,,Published
MLCC,High Voltage MLCC,FV21N6R8J102ECG,FV,805,"C0G, ±5%, T=1.25 ± 0.10 mm",1000 VDC,6.8 pF,,,,No,,,Published
MLCC,High Voltage MLCC,FV31N6R8J102EXG,FV,1206,"C0G, ±5%, T=0.80 ± 0.10 mm",1000 VDC,6.8 pF,,,,No,,,Published
MLCC,High Voltage MLCC,FV31N6R8J152EXG,FV,1206,"C0G, ±5%, T=0.80 ± 0.10 mm",1500 VDC,6.8 pF,,,,No,,,Published
MLCC,High Voltage MLCC,FV31N6R8J202EXG,FV,1206,"C0G, ±5%, T=0.80 ± 0.10 mm",2000 VDC,6.8 pF,,,,No,,,Published
MLCC,High Voltage MLCC,FV21N8R2J102ECG,FV,805,"C0G, ±5%, T=1.25 ± 0.10 mm",1000 VDC,8.2 pF,,,,No,,,Published
MLCC,High Voltage MLCC,FV31N8R2J102EXG,FV,1206,"C0G, ±5%, T=0.80 ± 0.10 mm",1000 VDC,8.2 pF,,,,No,,,Published
MLCC,High Voltage MLCC,FV31N8R2J152EXG,FV,1206,"C0G, ±5%, T=0.80 ± 0.10 mm",1500 VDC,8.2 pF,,,,No,,,Published
MLCC,High Voltage MLCC,FV31N8R2J202EXG,FV,1206,"C0G, ±5%, T=0.80 ± 0.10 mm",2000 VDC,8.2 pF,,,,No,,,Published
MLCC,High Voltage MLCC,FV21N100J102ECG,FV,805,"C0G, ±5%, T=1.25 ± 0.10 mm",1000 VDC,10 pF,,,,No,,,Published
MLCC,High Voltage MLCC,FV21N100J102EXG,FV,805,"C0G, ±5%, T=0.80 ± 0.10 mm",1000 VDC,10 pF,,,,No,,,Published
MLCC,High Voltage MLCC,FV31N100J102EXG,FV,1206,"C0G, ±5%, T=0.80 ± 0.10 mm",1000 VDC,10 pF,,,,No,,,Published
MLCC,High Voltage MLCC,FV31N100J152EXG,FV,1206,"C0G, ±5%, T=0.80 ± 0.10 mm",1500 VDC,10 pF,,,,No,,,Published
MLCC,High Voltage MLCC,FV31N100J202EXG,FV,1206,"C0G, ±5%, T=0.80 ± 0.10 mm",2000 VDC,10 pF,,,,No,,,Published
MLCC,High Voltage MLCC,FV31N100J302EEG,FV,1206,"C0G, ±5%, T=1.60 ± 0.20 mm",3000 VDC,10 pF,,,,No,,,Published
MLCC,High Voltage MLCC,FV32N100J102EMG,FV,1210,"C0G, ±5%, T=0.95 ± 0.10 mm",1000 VDC,10 pF,,,,No,,,Published
MLCC,High Voltage MLCC,FV32N100J152EMG,FV,1210,"C0G, ±5%, T=0.95 ± 0.10 mm",1500 VDC,10 pF,,,,No,,,Published
MLCC,High Voltage MLCC,FV32N100J202EMG,FV,1210,"C0G, ±5%, T=0.95 ± 0.10 mm",2000 VDC,10 pF,,,,No,,,Published
MLCC,High Voltage MLCC,FV32N100J302EFG,FV,1210,"C0G, ±5%, T=2.00 ± 0.20 mm",3000 VDC,10 pF,,,,No,,,Published
MLCC,High Voltage MLCC,FV21N120J102ECG,FV,805,"C0G, ±5%, T=1.25 ± 0.10 mm",1000 VDC,12 pF,,,,No,,,Published
MLCC,High Voltage MLCC,FV31N120J102EXG,FV,1206,"C0G, ±5%, T=0.80 ± 0.10 mm",1000 VDC,12 pF,,,,No,,,Published
MLCC,High Voltage MLCC,FV31N120J152EXG,FV,1206,"C0G, ±5%, T=0.80 ± 0.10 mm",1500 VDC,12 pF,,,,No,,,Published
MLCC,High Voltage MLCC,FV31N120J202EXG,FV,1206,"C0G, ±5%, T=0.80 ± 0.10 mm",2000 VDC,12 pF,,,,No,,,Published
MLCC,High Voltage MLCC,FV31N120J302EEG,FV,1206,"C0G, ±5%, T=1.60 ± 0.20 mm",3000 VDC,12 pF,,,,No,,,Published
MLCC,High Voltage MLCC,FV32N120J102EMG,FV,1210,"C0G, ±5%, T=0.95 ± 0.10 mm",1000 VDC,12 pF,,,,No,,,Published
MLCC,High Voltage MLCC,FV32N120J152EMG,FV,1210,"C0G, ±5%, T=0.95 ± 0.10 mm",1500 VDC,12 pF,,,,No,,,Published
MLCC,High Voltage MLCC,FV32N120J202EMG,FV,1210,"C0G, ±5%, T=0.95 ± 0.10 mm",2000 VDC,12 pF,,,,No,,,Published
MLCC,High Voltage MLCC,FV32N120J302EFG,FV,1210,"C0G, ±5%, T=2.00 ± 0.20 mm",3000 VDC,12 pF,,,,No,,,Published
MLCC,High Voltage MLCC,FV21N150J102ECG,FV,805,"C0G, ±5%, T=1.25 ± 0.10 mm",1000 VDC,15 pF,,,,No,,,Published
MLCC,High Voltage MLCC,FV31N150J102EXG,FV,1206,"C0G, ±5%, T=0.80 ± 0.10 mm",1000 VDC,15 pF,,,,No,,,Published
MLCC,High Voltage MLCC,FV31N150J152EXG,FV,1206,"C0G, ±5%, T=0.80 ± 0.10 mm",1500 VDC,15 pF,,,,No,,,Published
MLCC,High Voltage MLCC,FV31N150J202EXG,FV,1206,"C0G, ±5%, T=0.80 ± 0.10 mm",2000 VDC,15 pF,,,,No,,,Published
MLCC,High Voltage MLCC,FV31N150J302EEG,FV,1206,"C0G, ±5%, T=1.60 ± 0.20 mm",3000 VDC,15 pF,,,,No,,,Published
MLCC,High Voltage MLCC,FV32N150J102EMG,FV,1210,"C0G, ±5%, T=0.95 ± 0.10 mm",1000 VDC,15 pF,,,,No,,,Published
MLCC,High Voltage MLCC,FV32N150J152EMG,FV,1210,"C0G, ±5%, T=0.95 ± 0.10 mm",1500 VDC,15 pF,,,,No,,,Published
MLCC,High Voltage MLCC,FV32N150J202EMG,FV,1210,"C0G, ±5%, T=0.95 ± 0.10 mm",2000 VDC,15 pF,,,,No,,,Published
MLCC,High Voltage MLCC,FV32N150J302EFG,FV,1210,"C0G, ±5%, T=2.00 ± 0.20 mm",3000 VDC,15 pF,,,,No,,,Published
MLCC,High Voltage MLCC,FV21N180J102ECG,FV,805,"C0G, ±5%, T=1.25 ± 0.10 mm",1000 VDC,18 pF,,,,No,,,Published
MLCC,High Voltage MLCC,FV31N180J102EXG,FV,1206,"C0G, ±5%, T=0.80 ± 0.10 mm",1000 VDC,18 pF,,,,No,,,Published
MLCC,High Voltage MLCC,FV31N180J152EXG,FV,1206,"C0G, ±5%, T=0.80 ± 0.10 mm",1500 VDC,18 pF,,,,No,,,Published
MLCC,High Voltage MLCC,FV31N180J202EXG,FV,1206,"C0G, ±5%, T=0.80 ± 0.10 mm",2000 VDC,18 pF,,,,No,,,Published
MLCC,High Voltage MLCC,FV31N180J302EEG,FV,1206,"C0G, ±5%, T=1.60 ± 0.20 mm",3000 VDC,18 pF,,,,No,,,Published
MLCC,High Voltage MLCC,FV32N180J102EMG,FV,1210,"C0G, ±5%, T=0.95 ± 0.10 mm",1000 VDC,18 pF,,,,No,,,Published
MLCC,High Voltage MLCC,FV32N180J152EMG,FV,1210,"C0G, ±5%, T=0.95 ± 0.10 mm",1500 VDC,18 pF,,,,No,,,Published
MLCC,High Voltage MLCC,FV32N180J202EMG,FV,1210,"C0G, ±5%, T=0.95 ± 0.10 mm",2000 VDC,18 pF,,,,No,,,Published
MLCC,High Voltage MLCC,FV32N180J302EFG,FV,1210,"C0G, ±5%, T=2.00 ± 0.20 mm",3000 VDC,18 pF,,,,No,,,Published
MLCC,High Voltage MLCC,FV21N220J102ECG,FV,805,"C0G, ±5%, T=1.25 ± 0.10 mm",1000 VDC,22 pF,,,,No,,,Published
MLCC,High Voltage MLCC,FV31N220J102EXG,FV,1206,"C0G, ±5%, T=0.80 ± 0.10 mm",1000 VDC,22 pF,,,,No,,,Published
MLCC,High Voltage MLCC,FV31N220J152EXG,FV,1206,"C0G, ±5%, T=0.80 ± 0.10 mm",1500 VDC,22 pF,,,,No,,,Published
MLCC,High Voltage MLCC,FV31N220J202EXG,FV,1206,"C0G, ±5%, T=0.80 ± 0.10 mm",2000 VDC,22 pF,,,,No,,,Published
MLCC,High Voltage MLCC,FV31N220J302EEG,FV,1206,"C0G, ±5%, T=1.60 ± 0.20 mm",3000 VDC,22 pF,,,,No,,,Published
MLCC,High Voltage MLCC,FV32N220J102EMG,FV,1210,"C0G, ±5%, T=0.95 ± 0.10 mm",1000 VDC,22 pF,,,,No,,,Published
MLCC,High Voltage MLCC,FV32N220J152EMG,FV,1210,"C0G, ±5%, T=0.95 ± 0.10 mm",1500 VDC,22 pF,,,,No,,,Published
MLCC,High Voltage MLCC,FV32N220J202EMG,FV,1210,"C0G, ±5%, T=0.95 ± 0.10 mm",2000 VDC,22 pF,,,,No,,,Published
MLCC,High Voltage MLCC,FV32N220J302EFG,FV,1210,"C0G, ±5%, T=2.00 ± 0.20 mm",3000 VDC,22 pF,,,,No,,,Published
MLCC,High Voltage MLCC,FV21N270J102ECG,FV,805,"C0G, ±5%, T=1.25 ± 0.10 mm",1000 VDC,27 pF,,,,No,,,Published
MLCC,High Voltage MLCC,FV31N270J102EXG,FV,1206,"C0G, ±5%, T=0.80 ± 0.10 mm",1000 VDC,27 pF,,,,No,,,Published
MLCC,High Voltage MLCC,FV31N270J152EXG,FV,1206,"C0G, ±5%, T=0.80 ± 0.10 mm",1500 VDC,27 pF,,,,No,,,Published
MLCC,High Voltage MLCC,FV31N270J202EXG,FV,1206,"C0G, ±5%, T=0.80 ± 0.10 mm",2000 VDC,27 pF,,,,No,,,Published
MLCC,High Voltage MLCC,FV31N270J302EEG,FV,1206,"C0G, ±5%, T=1.60 ± 0.20 mm",3000 VDC,27 pF,,,,No,,,Published
MLCC,High Voltage MLCC,FV32N270J102EMG,FV,1210,"C0G, ±5%, T=0.95 ± 0.10 mm",1000 VDC,27 pF,,,,No,,,Published
MLCC,High Voltage MLCC,FV32N270J152EMG,FV,1210,"C0G, ±5%, T=0.95 ± 0.10 mm",1500 VDC,27 pF,,,,No,,,Published
MLCC,High Voltage MLCC,FV32N270J202EMG,FV,1210,"C0G, ±5%, T=0.95 ± 0.10 mm",2000 VDC,27 pF,,,,No,,,Published
MLCC,High Voltage MLCC,FV32N270J302EFG,FV,1210,"C0G, ±5%, T=2.00 ± 0.20 mm",3000 VDC,27 pF,,,,No,,,Published
MLCC,High Voltage MLCC,FV21N330J102ECG,FV,805,"C0G, ±5%, T=1.25 ± 0.10 mm",1000 VDC,33 pF,,,,No,,,Published
MLCC,High Voltage MLCC,FV31N330J102EXG,FV,1206,"C0G, ±5%, T=0.80 ± 0.10 mm",1000 VDC,33 pF,,,,No,,,Published
MLCC,High Voltage MLCC,FV31N330J152EMG,FV,1206,"C0G, ±5%, T=0.95 ± 0.10 mm",1500 VDC,33 pF,,,,No,,,Published
MLCC,High Voltage MLCC,FV31N330J152EXG,FV,1206,"C0G, ±5%, T=0.80 ± 0.10 mm",1500 VDC,33 pF,,,,No,,,Published
MLCC,High Voltage MLCC,FV31N330J202EMG,FV,1206,"C0G, ±5%, T=0.95 ± 0.10 mm",2000 VDC,33 pF,,,,No,,,Published
MLCC,High Voltage MLCC,FV31N330J202EXG,FV,1206,"C0G, ±5%, T=0.80 ± 0.10 mm",2000 VDC,33 pF,,,,No,,,Published
MLCC,High Voltage MLCC,FV31N330J302EEG,FV,1206,"C0G, ±5%, T=1.60 ± 0.20 mm",3000 VDC,33 pF,,,,No,,,Published
MLCC,High Voltage MLCC,FV32N330J102EMG,FV,1210,"C0G, ±5%, T=0.95 ± 0.10 mm",1000 VDC,33 pF,,,,No,,,Published
MLCC,High Voltage MLCC,FV32N330J152EMG,FV,1210,"C0G, ±5%, T=0.95 ± 0.10 mm",1500 VDC,33 pF,,,,No,,,Published
MLCC,High Voltage MLCC,FV32N330J202EMG,FV,1210,"C0G, ±5%, T=0.95 ± 0.10 mm",2000 VDC,33 pF,,,,No,,,Published
MLCC,High Voltage MLCC,FV32N330J302EFG,FV,1210,"C0G, ±5%, T=2.00 ± 0.20 mm",3000 VDC,33 pF,,,,No,,,Published
MLCC,High Voltage MLCC,FV21N390J102ECG,FV,805,"C0G, ±5%, T=1.25 ± 0.10 mm",1000 VDC,39 pF,,,,No,,,Published
MLCC,High Voltage MLCC,FV31N390J102EXG,FV,1206,"C0G, ±5%, T=0.80 ± 0.10 mm",1000 VDC,39 pF,,,,No,,,Published
MLCC,High Voltage MLCC,FV31N390J152EMG,FV,1206,"C0G, ±5%, T=0.95 ± 0.10 mm",1500 VDC,39 pF,,,,No,,,Published
MLCC,High Voltage MLCC,FV31N390J152EXG,FV,1206,"C0G, ±5%, T=0.80 ± 0.10 mm",1500 VDC,39 pF,,,,No,,,Published
MLCC,High Voltage MLCC,FV31N390J202EMG,FV,1206,"C0G, ±5%, T=0.95 ± 0.10 mm",2000 VDC,39 pF,,,,No,,,Published
MLCC,High Voltage MLCC,FV31N390J202EXG,FV,1206,"C0G, ±5%, T=0.80 ± 0.10 mm",2000 VDC,39 pF,,,,No,,,Published
MLCC,High Voltage MLCC,FV31N390J302EEG,FV,1206,"C0G, ±5%, T=1.60 ± 0.20 mm",3000 VDC,39 pF,,,,No,,,Published
MLCC,High Voltage MLCC,FV32N390J102EMG,FV,1210,"C0G, ±5%, T=0.95 ± 0.10 mm",1000 VDC,39 pF,,,,No,,,Published
MLCC,High Voltage MLCC,FV32N390J152EMG,FV,1210,"C0G, ±5%, T=0.95 ± 0.10 mm",1500 VDC,39 pF,,,,No,,,Published
MLCC,High Voltage MLCC,FV32N390J202EMG,FV,1210,"C0G, ±5%, T=0.95 ± 0.10 mm",2000 VDC,39 pF,,,,No,,,Published
MLCC,High Voltage MLCC,FV32N390J302EFG,FV,1210,"C0G, ±5%, T=2.00 ± 0.20 mm",3000 VDC,39 pF,,,,No,,,Published
MLCC,High Voltage MLCC,FV21N470J102ECG,FV,805,"C0G, ±5%, T=1.25 ± 0.10 mm",1000 VDC,47 pF,,,,No,,,Published
MLCC,High Voltage MLCC,FV31N470J102EXG,FV,1206,"C0G, ±5%, T=0.80 ± 0.10 mm",1000 VDC,47 pF,,,,No,,,Published
MLCC,High Voltage MLCC,FV31N470J152EMG,FV,1206,"C0G, ±5%, T=0.95 ± 0.10 mm",1500 VDC,47 pF,,,,No,,,Published
MLCC,High Voltage MLCC,FV31N470J152EXG,FV,1206,"C0G, ±5%, T=0.80 ± 0.10 mm",1500 VDC,47 pF,,,,No,,,Published
MLCC,High Voltage MLCC,FV31N470J202EMG,FV,1206,"C0G, ±5%, T=0.95 ± 0.10 mm",2000 VDC,47 pF,,,,No,,,Published
MLCC,High Voltage MLCC,FV31N470J202EXG,FV,1206,"C0G, ±5%, T=0.80 ± 0.10 mm",2000 VDC,47 pF,,,,No,,,Published
MLCC,High Voltage MLCC,FV31N470J302EEG,FV,1206,"C0G, ±5%, T=1.60 ± 0.20 mm",3000 VDC,47 pF,,,,No,,,Published
MLCC,High Voltage MLCC,FV32N470J102EMG,FV,1210,"C0G, ±5%, T=0.95 ± 0.10 mm",1000 VDC,47 pF,,,,No,,,Published
MLCC,High Voltage MLCC,FV32N470J152EMG,FV,1210,"C0G, ±5%, T=0.95 ± 0.10 mm",1500 VDC,47 pF,,,,No,,,Published
MLCC,High Voltage MLCC,FV32N470J202EMG,FV,1210,"C0G, ±5%, T=0.95 ± 0.10 mm",2000 VDC,47 pF,,,,No,,,Published
MLCC,High Voltage MLCC,FV32N470J302EFG,FV,1210,"C0G, ±5%, T=2.00 ± 0.20 mm",3000 VDC,47 pF,,,,No,,,Published
MLCC,High Voltage MLCC,FV21N560J102ECG,FV,805,"C0G, ±5%, T=1.25 ± 0.10 mm",1000 VDC,56 pF,,,,No,,,Published
MLCC,High Voltage MLCC,FV31N560J102EXG,FV,1206,"C0G, ±5%, T=0.80 ± 0.10 mm",1000 VDC,56 pF,,,,No,,,Published
MLCC,High Voltage MLCC,FV31N560J152ECG,FV,1206,"C0G, ±5%, T=1.25 ± 0.10 mm",1500 VDC,56 pF,,,,No,,,Published
MLCC,High Voltage MLCC,FV31N560J152EXG,FV,1206,"C0G, ±5%, T=0.80 ± 0.10 mm",1500 VDC,56 pF,,,,No,,,Published
MLCC,High Voltage MLCC,FV31N560J202ECG,FV,1206,"C0G, ±5%, T=1.25 ± 0.10 mm",2000 VDC,56 pF,,,,No,,,Published
MLCC,High Voltage MLCC,FV31N560J202EXG,FV,1206,"C0G, ±5%, T=0.80 ± 0.10 mm",2000 VDC,56 pF,,,,No,,,Published
MLCC,High Voltage MLCC,FV31N560J302EEG,FV,1206,"C0G, ±5%, T=1.60 ± 0.20 mm",3000 VDC,56 pF,,,,No,,,Published
MLCC,High Voltage MLCC,FV32N560J102EMG,FV,1210,"C0G, ±5%, T=0.95 ± 0.10 mm",1000 VDC,56 pF,,,,No,,,Published
MLCC,High Voltage MLCC,FV32N560J152ECG,FV,1210,"C0G, ±5%, T=1.25 ± 0.10 mm",1500 VDC,56 pF,,,,No,,,Published
MLCC,High Voltage MLCC,FV32N560J152EMG,FV,1210,"C0G, ±5%, T=0.95 ± 0.10 mm",1500 VDC,56 pF,,,,No,,,Published
MLCC,High Voltage MLCC,FV32N560J202ECG,FV,1210,"C0G, ±5%, T=1.25 ± 0.10 mm",2000 VDC,56 pF,,,,No,,,Published
MLCC,High Voltage MLCC,FV32N560J202EMG,FV,1210,"C0G, ±5%, T=0.95 ± 0.10 mm",2000 VDC,56 pF,,,,No,,,Published
MLCC,High Voltage MLCC,FV32N560J302EFG,FV,1210,"C0G, ±5%, T=2.00 ± 0.20 mm",3000 VDC,56 pF,,,,No,,,Published
MLCC,High Voltage MLCC,FV21N680J102ECG,FV,805,"C0G, ±5%, T=1.25 ± 0.10 mm",1000 VDC,68 pF,,,,No,,,Published
MLCC,High Voltage MLCC,FV31N680J102EXG,FV,1206,"C0G, ±5%, T=0.80 ± 0.10 mm",1000 VDC,68 pF,,,,No,,,Published
MLCC,High Voltage MLCC,FV31N680J152ECG,FV,1206,"C0G, ±5%, T=1.25 ± 0.10 mm",1500 VDC,68 pF,,,,No,,,Published
MLCC,High Voltage MLCC,FV31N680J152EXG,FV,1206,"C0G, ±5%, T=0.80 ± 0.10 mm",1500 VDC,68 pF,,,,No,,,Published
MLCC,High Voltage MLCC,FV31N680J202ECG,FV,1206,"C0G, ±5%, T=1.25 ± 0.10 mm",2000 VDC,68 pF,,,,No,,,Published
MLCC,High Voltage MLCC,FV31N680J202EXG,FV,1206,"C0G, ±5%, T=0.80 ± 0.10 mm",2000 VDC,68 pF,,,,No,,,Published
MLCC,High Voltage MLCC,FV31N680J302EEG,FV,1206,"C0G, ±5%, T=1.60 ± 0.20 mm",3000 VDC,68 pF,,,,No,,,Published
MLCC,High Voltage MLCC,FV32N680J102EMG,FV,1210,"C0G, ±5%, T=0.95 ± 0.10 mm",1000 VDC,68 pF,,,,No,,,Published
MLCC,High Voltage MLCC,FV32N680J152ECG,FV,1210,"C0G, ±5%, T=1.25 ± 0.10 mm",1500 VDC,68 pF,,,,No,,,Published
MLCC,High Voltage MLCC,FV32N680J152EMG,FV,1210,"C0G, ±5%, T=0.95 ± 0.10 mm",1500 VDC,68 pF,,,,No,,,Published
MLCC,High Voltage MLCC,FV32N680J202ECG,FV,1210,"C0G, ±5%, T=1.25 ± 0.10 mm",2000 VDC,68 pF,,,,No,,,Published
MLCC,High Voltage MLCC,FV32N680J202EMG,FV,1210,"C0G, ±5%, T=0.95 ± 0.10 mm",2000 VDC,68 pF,,,,No,,,Published
MLCC,High Voltage MLCC,FV32N680J302EFG,FV,1210,"C0G, ±5%, T=2.00 ± 0.20 mm",3000 VDC,68 pF,,,,No,,,Published
MLCC,High Voltage MLCC,FV21N820J102ECG,FV,805,"C0G, ±5%, T=1.25 ± 0.10 mm",1000 VDC,82 pF,,,,No,,,Published
MLCC,High Voltage MLCC,FV31N820J102EXG,FV,1206,"C0G, ±5%, T=0.80 ± 0.10 mm",1000 VDC,82 pF,,,,No,,,Published
MLCC,High Voltage MLCC,FV31N820J152ECG,FV,1206,"C0G, ±5%, T=1.25 ± 0.10 mm",1500 VDC,82 pF,,,,No,,,Published
MLCC,High Voltage MLCC,FV31N820J152EXG,FV,1206,"C0G, ±5%, T=0.80 ± 0.10 mm",1500 VDC,82 pF,,,,No,,,Published
MLCC,High Voltage MLCC,FV31N820J202ECG,FV,1206,"C0G, ±5%, T=1.25 ± 0.10 mm",2000 VDC,82 pF,,,,No,,,Published
MLCC,High Voltage MLCC,FV31N820J202EXG,FV,1206,"C0G, ±5%, T=0.80 ± 0.10 mm",2000 VDC,82 pF,,,,No,,,Published
MLCC,High Voltage MLCC,FV31N820J302EEG,FV,1206,"C0G, ±5%, T=1.60 ± 0.20 mm",3000 VDC,82 pF,,,,No,,,Published
MLCC,High Voltage MLCC,FV32N820J102EMG,FV,1210,"C0G, ±5%, T=0.95 ± 0.10 mm",1000 VDC,82 pF,,,,No,,,Published
MLCC,High Voltage MLCC,FV32N820J152ECG,FV,1210,"C0G, ±5%, T=1.25 ± 0.10 mm",1500 VDC,82 pF,,,,No,,,Published
MLCC,High Voltage MLCC,FV32N820J152EMG,FV,1210,"C0G, ±5%, T=0.95 ± 0.10 mm",1500 VDC,82 pF,,,,No,,,Published
MLCC,High Voltage MLCC,FV32N820J202ECG,FV,1210,"C0G, ±5%, T=1.25 ± 0.10 mm",2000 VDC,82 pF,,,,No,,,Published
MLCC,High Voltage MLCC,FV32N820J202EMG,FV,1210,"C0G, ±5%, T=0.95 ± 0.10 mm",2000 VDC,82 pF,,,,No,,,Published
MLCC,High Voltage MLCC,FV32N820J302EFG,FV,1210,"C0G, ±5%, T=2.00 ± 0.20 mm",3000 VDC,82 pF,,,,No,,,Published
MLCC,High Voltage MLCC,FV21N101J102ECG,FV,805,"C0G, ±5%, T=1.25 ± 0.10 mm",1000 VDC,100 pF,,,,No,,,Published
MLCC,High Voltage MLCC,FV31N101J102EXG,FV,1206,"C0G, ±5%, T=0.80 ± 0.10 mm",1000 VDC,100 pF,,,,No,,,Published
MLCC,High Voltage MLCC,FV31N101J152ECG,FV,1206,"C0G, ±5%, T=1.25 ± 0.10 mm",1500 VDC,100 pF,,,,No,,,Published
MLCC,High Voltage MLCC,FV31N101J152EXG,FV,1206,"C0G, ±5%, T=0.80 ± 0.10 mm",1500 VDC,100 pF,,,,No,,,Published
MLCC,High Voltage MLCC,FV31N101J202ECG,FV,1206,"C0G, ±5%, T=1.25 ± 0.10 mm",2000 VDC,100 pF,,,,No,,,Published
MLCC,High Voltage MLCC,FV31N101J202EXG,FV,1206,"C0G, ±5%, T=0.80 ± 0.10 mm",2000 VDC,100 pF,,,,No,,,Published
MLCC,High Voltage MLCC,FV31N101J302EEG,FV,1206,"C0G, ±5%, T=1.60 ± 0.20 mm",3000 VDC,100 pF,,,,No,,,Published
MLCC,High Voltage MLCC,FV32N101J102ECG,FV,1210,"C0G, ±5%, T=1.25 ± 0.10 mm",1000 VDC,100 pF,,,,No,,,Published
MLCC,High Voltage MLCC,FV32N101J152ECG,FV,1210,"C0G, ±5%, T=1.25 ± 0.10 mm",1500 VDC,100 pF,,,,No,,,Published
MLCC,High Voltage MLCC,FV32N101J152EMG,FV,1210,"C0G, ±5%, T=0.95 ± 0.10 mm",1500 VDC,100 pF,,,,No,,,Published
MLCC,High Voltage MLCC,FV32N101J202ECG,FV,1210,"C0G, ±5%, T=1.25 ± 0.10 mm",2000 VDC,100 pF,,,,No,,,Published
MLCC,High Voltage MLCC,FV32N101J202EMG,FV,1210,"C0G, ±5%, T=0.95 ± 0.10 mm",2000 VDC,100 pF,,,,No,,,Published
MLCC,High Voltage MLCC,FV32N101J302EFG,FV,1210,"C0G, ±5%, T=2.00 ± 0.20 mm",3000 VDC,100 pF,,,,No,,,Published
MLCC,High Voltage MLCC,FV21N121J102ECG,FV,805,"C0G, ±5%, T=1.25 ± 0.10 mm",1000 VDC,120 pF,,,,No,,,Published
MLCC,High Voltage MLCC,FV31N121J102EXG,FV,1206,"C0G, ±5%, T=0.80 ± 0.10 mm",1000 VDC,120 pF,,,,No,,,Published
MLCC,High Voltage MLCC,FV31N121J102ECG,FV,1206,"C0G, ±5%, T=1.25 ± 0.10 mm",1000 VDC,120 pF,,,,No,,,Published
MLCC,High Voltage MLCC,FV31N121J152EEG,FV,1206,"C0G, ±5%, T=1.60 ± 0.20 mm",1500 VDC,120 pF,,,,No,,,Published
MLCC,High Voltage MLCC,FV31N121J152EXG,FV,1206,"C0G, ±5%, T=0.80 ± 0.10 mm",1500 VDC,120 pF,,,,No,,,Published
MLCC,High Voltage MLCC,FV31N121J202EEG,FV,1206,"C0G, ±5%, T=1.60 ± 0.20 mm",2000 VDC,120 pF,,,,No,,,Published
MLCC,High Voltage MLCC,FV31N121J202EXG,FV,1206,"C0G, ±5%, T=0.80 ± 0.10 mm",2000 VDC,120 pF,,,,No,,,Published
MLCC,High Voltage MLCC,FV31N121J302EEG,FV,1206,"C0G, ±5%, T=1.60 ± 0.20 mm",3000 VDC,120 pF,,,,No,,,Published
MLCC,High Voltage MLCC,FV32N121J102ECG,FV,1210,"C0G, ±5%, T=1.25 ± 0.10 mm",1000 VDC,120 pF,,,,No,,,Published
MLCC,High Voltage MLCC,FV32N121J152ECG,FV,1210,"C0G, ±5%, T=1.25 ± 0.10 mm",1500 VDC,120 pF,,,,No,,,Published
MLCC,High Voltage MLCC,FV32N121J152EMG,FV,1210,"C0G, ±5%, T=0.95 ± 0.10 mm",1500 VDC,120 pF,,,,No,,,Published
MLCC,High Voltage MLCC,FV32N121J202ECG,FV,1210,"C0G, ±5%, T=1.25 ± 0.10 mm",2000 VDC,120 pF,,,,No,,,Published
MLCC,High Voltage MLCC,FV32N121J202EMG,FV,1210,"C0G, ±5%, T=0.95 ± 0.10 mm",2000 VDC,120 pF,,,,No,,,Published
MLCC,High Voltage MLCC,FV32N121J302EFG,FV,1210,"C0G, ±5%, T=2.00 ± 0.20 mm",3000 VDC,120 pF,,,,No,,,Published
MLCC,High Voltage MLCC,FV21N151J102ECG,FV,805,"C0G, ±5%, T=1.25 ± 0.10 mm",1000 VDC,150 pF,,,,No,,,Published
MLCC,High Voltage MLCC,FV31N151J102ECG,FV,1206,"C0G, ±5%, T=1.25 ± 0.10 mm",1000 VDC,150 pF,,,,No,,,Published
MLCC,High Voltage MLCC,FV31N151J152EEG,FV,1206,"C0G, ±5%, T=1.60 ± 0.20 mm",1500 VDC,150 pF,,,,No,,,Published
MLCC,High Voltage MLCC,FV31N151J152EMG,FV,1206,"C0G, ±5%, T=0.95 ± 0.10 mm",1500 VDC,150 pF,,,,No,,,Published
MLCC,High Voltage MLCC,FV31N151J202EEG,FV,1206,"C0G, ±5%, T=1.60 ± 0.20 mm",2000 VDC,150 pF,,,,No,,,Published
MLCC,High Voltage MLCC,FV31N151J202EMG,FV,1206,"C0G, ±5%, T=0.95 ± 0.10 mm",2000 VDC,150 pF,,,,No,,,Published
MLCC,High Voltage MLCC,FV32N151J102ECG,FV,1210,"C0G, ±5%, T=1.25 ± 0.10 mm",1000 VDC,150 pF,,,,No,,,Published
MLCC,High Voltage MLCC,FV32N151J152EEG,FV,1210,"C0G, ±5%, T=1.60 ± 0.20 mm",1500 VDC,150 pF,,,,No,,,Published
MLCC,High Voltage MLCC,FV32N151J152ECG,FV,1210,"C0G, ±5%, T=1.25 ± 0.10 mm",1500 VDC,150 pF,,,,No,,,Published
MLCC,High Voltage MLCC,FV32N151J152EMG,FV,1210,"C0G, ±5%, T=0.95 ± 0.10 mm",1500 VDC,150 pF,,,,No,,,Published
MLCC,High Voltage MLCC,FV32N151J202EEG,FV,1210,"C0G, ±5%, T=1.60 ± 0.20 mm",2000 VDC,150 pF,,,,No,,,Published
MLCC,High Voltage MLCC,FV32N151J302EFG,FV,1210,"C0G, ±5%, T=2.00 ± 0.20 mm",3000 VDC,150 pF,,,,No,,,Published
MLCC,High Voltage MLCC,FV21N181J102ECG,FV,805,"C0G, ±5%, T=1.25 ± 0.10 mm",1000 VDC,180 pF,,,,No,,,Published
MLCC,High Voltage MLCC,FV31N181J102EEG,FV,1206,"C0G, ±5%, T=1.60 ± 0.20 mm",1000 VDC,180 pF,,,,No,,,Published
MLCC,High Voltage MLCC,FV31N181J102ECG,FV,1206,"C0G, ±5%, T=1.25 ± 0.10 mm",1000 VDC,180 pF,,,,No,,,Published
MLCC,High Voltage MLCC,FV31N181J152EEG,FV,1206,"C0G, ±5%, T=1.60 ± 0.20 mm",1500 VDC,180 pF,,,,No,,,Published
MLCC,High Voltage MLCC,FV31N181J152EMG,FV,1206,"C0G, ±5%, T=0.95 ± 0.10 mm",1500 VDC,180 pF,,,,No,,,Published
MLCC,High Voltage MLCC,FV31N181J202EEG,FV,1206,"C0G, ±5%, T=1.60 ± 0.20 mm",2000 VDC,180 pF,,,,No,,,Published
MLCC,High Voltage MLCC,FV31N181J202EMG,FV,1206,"C0G, ±5%, T=0.95 ± 0.10 mm",2000 VDC,180 pF,,,,No,,,Published
MLCC,High Voltage MLCC,FV32N181J102ECG,FV,1210,"C0G, ±5%, T=1.25 ± 0.10 mm",1000 VDC,180 pF,,,,No,,,Published
MLCC,High Voltage MLCC,FV32N181J152EEG,FV,1210,"C0G, ±5%, T=1.60 ± 0.20 mm",1500 VDC,180 pF,,,,No,,,Published
MLCC,High Voltage MLCC,FV32N181J202EEG,FV,1210,"C0G, ±5%, T=1.60 ± 0.20 mm",2000 VDC,180 pF,,,,No,,,Published
MLCC,High Voltage MLCC,FV32N181J302EFG,FV,1210,"C0G, ±5%, T=2.00 ± 0.20 mm",3000 VDC,180 pF,,,,No,,,Published
MLCC,High Voltage MLCC,FV21N221J102ECG,FV,805,"C0G, ±5%, T=1.25 ± 0.10 mm",1000 VDC,220 pF,,,,No,,,Published
MLCC,High Voltage MLCC,FV31N221J102EEG,FV,1206,"C0G, ±5%, T=1.60 ± 0.20 mm",1000 VDC,220 pF,,,,No,,,Published
MLCC,High Voltage MLCC,FV31N221J102ECG,FV,1206,"C0G, ±5%, T=1.25 ± 0.10 mm",1000 VDC,220 pF,,,,No,,,Published
MLCC,High Voltage MLCC,FV31N221J152EEG,FV,1206,"C0G, ±5%, T=1.60 ± 0.20 mm",1500 VDC,220 pF,,,,No,,,Published
MLCC,High Voltage MLCC,FV31N221J152ECG,FV,1206,"C0G, ±5%, T=1.25 ± 0.10 mm",1500 VDC,220 pF,,,,No,,,Published
MLCC,High Voltage MLCC,FV31N221J202EEG,FV,1206,"C0G, ±5%, T=1.60 ± 0.20 mm",2000 VDC,220 pF,,,,No,,,Published
MLCC,High Voltage MLCC,FV31N221J202ECG,FV,1206,"C0G, ±5%, T=1.25 ± 0.10 mm",2000 VDC,220 pF,,,,No,,,Published
MLCC,High Voltage MLCC,FV32N221J102EEG,FV,1210,"C0G, ±5%, T=1.60 ± 0.20 mm",1000 VDC,220 pF,,,,No,,,Published
MLCC,High Voltage MLCC,FV32N221J152EEG,FV,1210,"C0G, ±5%, T=1.60 ± 0.20 mm",1500 VDC,220 pF,,,,No,,,Published
MLCC,High Voltage MLCC,FV32N221J202EEG,FV,1210,"C0G, ±5%, T=1.60 ± 0.20 mm",2000 VDC,220 pF,,,,No,,,Published
MLCC,High Voltage MLCC,FV32N221J302EFG,FV,1210,"C0G, ±5%, T=2.00 ± 0.20 mm",3000 VDC,220 pF,,,,No,,,Published
MLCC,High Voltage MLCC,FV21N271J102ECG,FV,805,"C0G, ±5%, T=1.25 ± 0.10 mm",1000 VDC,270 pF,,,,No,,,Published
MLCC,High Voltage MLCC,FV31N271J102EEG,FV,1206,"C0G, ±5%, T=1.60 ± 0.20 mm",1000 VDC,270 pF,,,,No,,,Published
MLCC,High Voltage MLCC,FV31N271J102ECG,FV,1206,"C0G, ±5%, T=1.25 ± 0.10 mm",1000 VDC,270 pF,,,,No,,,Published
MLCC,High Voltage MLCC,FV31N271J152EPG,FV,1206,"C0G, ±5%, T=1.60 +0.30/-0.10 mm",1500 VDC,270 pF,,,,No,,,Published
MLCC,High Voltage MLCC,FV31N271J152ECG,FV,1206,"C0G, ±5%, T=1.25 ± 0.10 mm",1500 VDC,270 pF,,,,No,,,Published
MLCC,High Voltage MLCC,FV31N271J202EPG,FV,1206,"C0G, ±5%, T=1.60 +0.30/-0.10 mm",2000 VDC,270 pF,,,,No,,,Published
MLCC,High Voltage MLCC,FV31N271J202ECG,FV,1206,"C0G, ±5%, T=1.25 ± 0.10 mm",2000 VDC,270 pF,,,,No,,,Published
MLCC,High Voltage MLCC,FV32N271J102EEG,FV,1210,"C0G, ±5%, T=1.60 ± 0.20 mm",1000 VDC,270 pF,,,,No,,,Published
MLCC,High Voltage MLCC,FV32N271J152EFG,FV,1210,"C0G, ±5%, T=2.00 ± 0.20 mm",1500 VDC,270 pF,,,,No,,,Published
MLCC,High Voltage MLCC,FV32N271J202EFG,FV,1210,"C0G, ±5%, T=2.00 ± 0.20 mm",2000 VDC,270 pF,,,,No,,,Published
MLCC,High Voltage MLCC,FV32N271J302EGG,FV,1210,"C0G, ±5%, T=2.50 ± 0.30 mm",3000 VDC,270 pF,,,,No,,,Published
MLCC,High Voltage MLCC,FV21N331J102ECG,FV,805,"C0G, ±5%, T=1.25 ± 0.10 mm",1000 VDC,330 pF,,,,No,,,Published
MLCC,High Voltage MLCC,FV31N331J102EEG,FV,1206,"C0G, ±5%, T=1.60 ± 0.20 mm",1000 VDC,330 pF,,,,No,,,Published
MLCC,High Voltage MLCC,FV31N331J102ECG,FV,1206,"C0G, ±5%, T=1.25 ± 0.10 mm",1000 VDC,330 pF,,,,No,,,Published
MLCC,High Voltage MLCC,FV31N331J152EPG,FV,1206,"C0G, ±5%, T=1.60 +0.30/-0.10 mm",1500 VDC,330 pF,,,,No,,,Published
MLCC,High Voltage MLCC,FV31N331J152EEG,FV,1206,"C0G, ±5%, T=1.60 ± 0.20 mm",1500 VDC,330 pF,,,,No,,,Published
MLCC,High Voltage MLCC,FV31N331J202EPG,FV,1206,"C0G, ±5%, T=1.60 +0.30/-0.10 mm",2000 VDC,330 pF,,,,No,,,Published
MLCC,High Voltage MLCC,FV31N331J202EEG,FV,1206,"C0G, ±5%, T=1.60 ± 0.20 mm",2000 VDC,330 pF,,,,No,,,Published
MLCC,High Voltage MLCC,FV32N331J102EEG,FV,1210,"C0G, ±5%, T=1.60 ± 0.20 mm",1000 VDC,330 pF,,,,No,,,Published
MLCC,High Voltage MLCC,FV32N331J152EFG,FV,1210,"C0G, ±5%, T=2.00 ± 0.20 mm",1500 VDC,330 pF,,,,No,,,Published
MLCC,High Voltage MLCC,FV32N331J202EFG,FV,1210,"C0G, ±5%, T=2.00 ± 0.20 mm",2000 VDC,330 pF,,,,No,,,Published
MLCC,High Voltage MLCC,FV21N391J102ECG,FV,805,"C0G, ±5%, T=1.25 ± 0.10 mm",1000 VDC,390 pF,,,,No,,,Published
MLCC,High Voltage MLCC,FV31N391J102EEG,FV,1206,"C0G, ±5%, T=1.60 ± 0.20 mm",1000 VDC,390 pF,,,,No,,,Published
MLCC,High Voltage MLCC,FV31N391J102ECG,FV,1206,"C0G, ±5%, T=1.25 ± 0.10 mm",1000 VDC,390 pF,,,,No,,,Published
MLCC,High Voltage MLCC,FV31N391J152EPG,FV,1206,"C0G, ±5%, T=1.60 +0.30/-0.10 mm",1500 VDC,390 pF,,,,No,,,Published
MLCC,High Voltage MLCC,FV31N391J152EEG,FV,1206,"C0G, ±5%, T=1.60 ± 0.20 mm",1500 VDC,390 pF,,,,No,,,Published
MLCC,High Voltage MLCC,FV31N391J202EPG,FV,1206,"C0G, ±5%, T=1.60 +0.30/-0.10 mm",2000 VDC,390 pF,,,,No,,,Published
MLCC,High Voltage MLCC,FV31N391J202EEG,FV,1206,"C0G, ±5%, T=1.60 ± 0.20 mm",2000 VDC,390 pF,,,,No,,,Published
MLCC,High Voltage MLCC,FV32N391J102EEG,FV,1210,"C0G, ±5%, T=1.60 ± 0.20 mm",1000 VDC,390 pF,,,,No,,,Published
MLCC,High Voltage MLCC,FV32N391J152EGG,FV,1210,"C0G, ±5%, T=2.50 ± 0.30 mm",1500 VDC,390 pF,,,,No,,,Published
MLCC,High Voltage MLCC,FV32N391J152EMG,FV,1210,"C0G, ±5%, T=0.95 ± 0.10 mm",1500 VDC,390 pF,,,,No,,,Published
MLCC,High Voltage MLCC,FV32N391J202EGG,FV,1210,"C0G, ±5%, T=2.50 ± 0.30 mm",2000 VDC,390 pF,,,,No,,,Published
MLCC,High Voltage MLCC,FV32N391J202EMG,FV,1210,"C0G, ±5%, T=0.95 ± 0.10 mm",2000 VDC,390 pF,,,,No,,,Published
MLCC,High Voltage MLCC,FV31N471J102EEG,FV,1206,"C0G, ±5%, T=1.60 ± 0.20 mm",1000 VDC,470 pF,,,,No,,,Published
MLCC,High Voltage MLCC,FV31N471J102ECG,FV,1206,"C0G, ±5%, T=1.25 ± 0.10 mm",1000 VDC,470 pF,,,,No,,,Published
MLCC,High Voltage MLCC,FV31N471J152EEG,FV,1206,"C0G, ±5%, T=1.60 ± 0.20 mm",1500 VDC,470 pF,,,,No,,,Published
MLCC,High Voltage MLCC,FV31N471J202EEG,FV,1206,"C0G, ±5%, T=1.60 ± 0.20 mm",2000 VDC,470 pF,,,,No,,,Published
MLCC,High Voltage MLCC,FV32N471J102EEG,FV,1210,"C0G, ±5%, T=1.60 ± 0.20 mm",1000 VDC,470 pF,,,,No,,,Published
MLCC,High Voltage MLCC,FV32N471J152ECG,FV,1210,"C0G, ±5%, T=1.25 ± 0.10 mm",1500 VDC,470 pF,,,,No,,,Published
MLCC,High Voltage MLCC,FV32N471J202ECG,FV,1210,"C0G, ±5%, T=1.25 ± 0.10 mm",2000 VDC,470 pF,,,,No,,,Published
MLCC,High Voltage MLCC,FV31N561J102EEG,FV,1206,"C0G, ±5%, T=1.60 ± 0.20 mm",1000 VDC,560 pF,,,,No,,,Published
MLCC,High Voltage MLCC,FV32N561J102EEG,FV,1210,"C0G, ±5%, T=1.60 ± 0.20 mm",1000 VDC,560 pF,,,,No,,,Published
MLCC,High Voltage MLCC,FV32N561J152EGG,FV,1210,"C0G, ±5%, T=2.50 ± 0.30 mm",1500 VDC,560 pF,,,,No,,,Published
MLCC,High Voltage MLCC,FV32N561J152ECG,FV,1210,"C0G, ±5%, T=1.25 ± 0.10 mm",1500 VDC,560 pF,,,,No,,,Published
MLCC,High Voltage MLCC,FV32N561J202EGG,FV,1210,"C0G, ±5%, T=2.50 ± 0.30 mm",2000 VDC,560 pF,,,,No,,,Published
MLCC,High Voltage MLCC,FV32N561J202ECG,FV,1210,"C0G, ±5%, T=1.25 ± 0.10 mm",2000 VDC,560 pF,,,,No,,,Published
MLCC,High Voltage MLCC,FV31N681J102EEG,FV,1206,"C0G, ±5%, T=1.60 ± 0.20 mm",1000 VDC,680 pF,,,,No,,,Published
MLCC,High Voltage MLCC,FV32N681J102EEG,FV,1210,"C0G, ±5%, T=1.60 ± 0.20 mm",1000 VDC,680 pF,,,,No,,,Published
MLCC,High Voltage MLCC,FV32N681J152EGG,FV,1210,"C0G, ±5%, T=2.50 ± 0.30 mm",1500 VDC,680 pF,,,,No,,,Published
MLCC,High Voltage MLCC,FV32N681J152EEG,FV,1210,"C0G, ±5%, T=1.60 ± 0.20 mm",1500 VDC,680 pF,,,,No,,,Published
MLCC,High Voltage MLCC,FV32N681J202EGG,FV,1210,"C0G, ±5%, T=2.50 ± 0.30 mm",2000 VDC,680 pF,,,,No,,,Published
MLCC,High Voltage MLCC,FV32N681J202EEG,FV,1210,"C0G, ±5%, T=1.60 ± 0.20 mm",2000 VDC,680 pF,,,,No,,,Published
MLCC,High Voltage MLCC,FV31N821J102EEG,FV,1206,"C0G, ±5%, T=1.60 ± 0.20 mm",1000 VDC,820 pF,,,,No,,,Published
MLCC,High Voltage MLCC,FV32N821J102EEG,FV,1210,"C0G, ±5%, T=1.60 ± 0.20 mm",1000 VDC,820 pF,,,,No,,,Published
MLCC,High Voltage MLCC,FV32N821J152EGG,FV,1210,"C0G, ±5%, T=2.50 ± 0.30 mm",1500 VDC,820 pF,,,,No,,,Published
MLCC,High Voltage MLCC,FV32N821J152EEG,FV,1210,"C0G, ±5%, T=1.60 ± 0.20 mm",1500 VDC,820 pF,,,,No,,,Published
MLCC,High Voltage MLCC,FV32N821J202EGG,FV,1210,"C0G, ±5%, T=2.50 ± 0.30 mm",2000 VDC,820 pF,,,,No,,,Published
MLCC,High Voltage MLCC,FV32N821J202EEG,FV,1210,"C0G, ±5%, T=1.60 ± 0.20 mm",2000 VDC,820 pF,,,,No,,,Published
MLCC,High Voltage MLCC,FV31N102J102EEG,FV,1206,"C0G, ±5%, T=1.60 ± 0.20 mm",1000 VDC,1 nF,,,,No,,,Published
MLCC,High Voltage MLCC,FV32N102J102EEG,FV,1210,"C0G, ±5%, T=1.60 ± 0.20 mm",1000 VDC,1 nF,,,,No,,,Published
MLCC,High Voltage MLCC,FV32N102J152EGG,FV,1210,"C0G, ±5%, T=2.50 ± 0.30 mm",1500 VDC,1 nF,,,,No,,,Published
MLCC,High Voltage MLCC,FV32N102J152EFG,FV,1210,"C0G, ±5%, T=2.00 ± 0.20 mm",1500 VDC,1 nF,,,,No,,,Published
MLCC,High Voltage MLCC,FV32N102J202EGG,FV,1210,"C0G, ±5%, T=2.50 ± 0.30 mm",2000 VDC,1 nF,,,,No,,,Published
MLCC,High Voltage MLCC,FV32N102J202EFG,FV,1210,"C0G, ±5%, T=2.00 ± 0.20 mm",2000 VDC,1 nF,,,,No,,,Published
MLCC,High Voltage MLCC,FV31N122J102EEG,FV,1206,"C0G, ±5%, T=1.60 ± 0.20 mm",1000 VDC,1.2 nF,,,,No,,,Published
MLCC,High Voltage MLCC,FV32N122J102EEG,FV,1210,"C0G, ±5%, T=1.60 ± 0.20 mm",1000 VDC,1.2 nF,,,,No,,,Published
MLCC,High Voltage MLCC,FV32N122J152EFG,FV,1210,"C0G, ±5%, T=2.00 ± 0.20 mm",1500 VDC,1.2 nF,,,,No,,,Published
MLCC,High Voltage MLCC,FV32N122J202EFG,FV,1210,"C0G, ±5%, T=2.00 ± 0.20 mm",2000 VDC,1.2 nF,,,,No,,,Published
MLCC,High Voltage MLCC,FV31N152J102EEG,FV,1206,"C0G, ±5%, T=1.60 ± 0.20 mm",1000 VDC,1.5 nF,,,,No,,,Published
MLCC,High Voltage MLCC,FV32N152J102EFG,FV,1210,"C0G, ±5%, T=2.00 ± 0.20 mm",1000 VDC,1.5 nF,,,,No,,,Published
MLCC,High Voltage MLCC,FV32N152J152EGG,FV,1210,"C0G, ±5%, T=2.50 ± 0.30 mm",1500 VDC,1.5 nF,,,,No,,,Published
MLCC,High Voltage MLCC,FV32N152J202EGG,FV,1210,"C0G, ±5%, T=2.50 ± 0.30 mm",2000 VDC,1.5 nF,,,,No,,,Published
MLCC,High Voltage MLCC,FV31N182J102EEG,FV,1206,"C0G, ±5%, T=1.60 ± 0.20 mm",1000 VDC,1.8 nF,,,,No,,,Published
MLCC,High Voltage MLCC,FV32N182J102EFG,FV,1210,"C0G, ±5%, T=2.00 ± 0.20 mm",1000 VDC,1.8 nF,,,,No,,,Published
MLCC,High Voltage MLCC,FV32N182J102EGG,FV,1210,"C0G, ±5%, T=2.50 ± 0.30 mm",1000 VDC,1.8 nF,,,,No,,,Published
MLCC,High Voltage MLCC,FV32N182J152EGG,FV,1210,"C0G, ±5%, T=2.50 ± 0.30 mm",1500 VDC,1.8 nF,,,,No,,,Published
MLCC,High Voltage MLCC,FV32N182J202EGG,FV,1210,"C0G, ±5%, T=2.50 ± 0.30 mm",2000 VDC,1.8 nF,,,,No,,,Published
MLCC,High Voltage MLCC,FV31N222J102EEG,FV,1206,"C0G, ±5%, T=1.60 ± 0.20 mm",1000 VDC,2.2 nF,,,,No,,,Published
MLCC,High Voltage MLCC,FV32N222J102EGG,FV,1210,"C0G, ±5%, T=2.50 ± 0.30 mm",1000 VDC,2.2 nF,,,,No,,,Published
MLCC,High Voltage MLCC,FV31N272J102EEG,FV,1206,"C0G, ±5%, T=1.60 ± 0.20 mm",1000 VDC,2.7 nF,,,,No,,,Published
MLCC,High Voltage MLCC,FV32N272J102EGG,FV,1210,"C0G, ±5%, T=2.50 ± 0.30 mm",1000 VDC,2.7 nF,,,,No,,,Published
MLCC,High Voltage MLCC,FV31N332J102EEG,FV,1206,"C0G, ±5%, T=1.60 ± 0.20 mm",1000 VDC,3.3 nF,,,,No,,,Published
MLCC,High Voltage MLCC,FV32N332J102EFG,FV,1210,"C0G, ±5%, T=2.00 ± 0.20 mm",1000 VDC,3.3 nF,,,,No,,,Published
MLCC,High Voltage MLCC,FV32N332J102EGG,FV,1210,"C0G, ±5%, T=2.50 ± 0.30 mm",1000 VDC,3.3 nF,,,,No,,,Published
MLCC,High Voltage MLCC,FV31N392J102EEG,FV,1206,"C0G, ±5%, T=1.60 ± 0.20 mm",1000 VDC,3.9 nF,,,,No,,,Published
MLCC,High Voltage MLCC,FV32N392J102EGG,FV,1210,"C0G, ±5%, T=2.50 ± 0.30 mm",1000 VDC,3.9 nF,,,,No,,,Published
MLCC,High Voltage MLCC,FV31N472J102EEG,FV,1206,"C0G, ±5%, T=1.60 ± 0.20 mm",1000 VDC,4.7 nF,,,,No,,,Published
MLCC,High Voltage MLCC,FV32N472J102EGG,FV,1210,"C0G, ±5%, T=2.50 ± 0.30 mm",1000 VDC,4.7 nF,,,,No,,,Published
MLCC,High Voltage MLCC,FV32N562J102EFG,FV,1210,"C0G, ±5%, T=2.00 ± 0.20 mm",1000 VDC,5.6 nF,,,,No,,,Published
MLCC,High Voltage MLCC,FV32N562J102EGG,FV,1210,"C0G, ±5%, T=2.50 ± 0.30 mm",1000 VDC,5.6 nF,,,,No,,,Published
MLCC,High Voltage MLCC,FV32N682J102EFG,FV,1210,"C0G, ±5%, T=2.00 ± 0.20 mm",1000 VDC,6.8 nF,,,,No,,,Published
MLCC,High Voltage MLCC,FV32N682J102EGG,FV,1210,"C0G, ±5%, T=2.50 ± 0.30 mm",1000 VDC,6.8 nF,,,,No,,,Published
MLCC,High Voltage MLCC,FV32N822J102EGG,FV,1210,"C0G, ±5%, T=2.50 ± 0.30 mm",1000 VDC,8.2 nF,,,,No,,,Published
MLCC,High Voltage MLCC,FV32N103J102EGG,FV,1210,"C0G, ±5%, T=2.50 ± 0.30 mm",1000 VDC,10 nF,,,,No,,,Published
MLCC,High Voltage MLCC,FV32N123J102EGG,FV,1210,"C0G, ±5%, T=2.50 ± 0.30 mm",1000 VDC,12 nF,,,,No,,,Published
MLCC,High Voltage MLCC,FV32N153J102EGG,FV,1210,"C0G, ±5%, T=2.50 ± 0.30 mm",1000 VDC,15 nF,,,,No,,,Published
MLCC,High Voltage MLCC,FV42N2R2J102ECG,FV,1808,"C0G, ±5%, T=1.25 ± 0.10 mm",1000 VDC,2.2 pF,,,,No,,,Published
MLCC,High Voltage MLCC,FV42N2R2J152ECG,FV,1808,"C0G, ±5%, T=1.25 ± 0.10 mm",1500 VDC,2.2 pF,,,,No,,,Published
MLCC,High Voltage MLCC,FV42N2R2J202ECG,FV,1808,"C0G, ±5%, T=1.25 ± 0.10 mm",2000 VDC,2.2 pF,,,,No,,,Published
MLCC,High Voltage MLCC,FV42N2R2J302ECG,FV,1808,"C0G, ±5%, T=1.25 ± 0.10 mm",3000 VDC,2.2 pF,,,,No,,,Published
MLCC,High Voltage MLCC,FV42N2R2J402ECG,FV,1808,"C0G, ±5%, T=1.25 ± 0.10 mm",4000 VDC,2.2 pF,,,,No,,,Published
MLCC,High Voltage MLCC,FV42N2R7J102ECG,FV,1808,"C0G, ±5%, T=1.25 ± 0.10 mm",1000 VDC,2.7 pF,,,,No,,,Published
MLCC,High Voltage MLCC,FV42N2R7J152ECG,FV,1808,"C0G, ±5%, T=1.25 ± 0.10 mm",1500 VDC,2.7 pF,,,,No,,,Published
MLCC,High Voltage MLCC,FV42N2R7J202ECG,FV,1808,"C0G, ±5%, T=1.25 ± 0.10 mm",2000 VDC,2.7 pF,,,,No,,,Published
MLCC,High Voltage MLCC,FV42N2R7J302ECG,FV,1808,"C0G, ±5%, T=1.25 ± 0.10 mm",3000 VDC,2.7 pF,,,,No,,,Published
MLCC,High Voltage MLCC,FV42N2R7J402ECG,FV,1808,"C0G, ±5%, T=1.25 ± 0.10 mm",4000 VDC,2.7 pF,,,,No,,,Published
MLCC,High Voltage MLCC,FV42N3R3J102ECG,FV,1808,"C0G, ±5%, T=1.25 ± 0.10 mm",1000 VDC,3.3 pF,,,,No,,,Published
MLCC,High Voltage MLCC,FV42N3R3J152ECG,FV,1808,"C0G, ±5%, T=1.25 ± 0.10 mm",1500 VDC,3.3 pF,,,,No,,,Published
MLCC,High Voltage MLCC,FV42N3R3J202ECG,FV,1808,"C0G, ±5%, T=1.25 ± 0.10 mm",2000 VDC,3.3 pF,,,,No,,,Published
MLCC,High Voltage MLCC,FV42N3R3J302ECG,FV,1808,"C0G, ±5%, T=1.25 ± 0.10 mm",3000 VDC,3.3 pF,,,,No,,,Published
MLCC,High Voltage MLCC,FV42N3R3J402ECG,FV,1808,"C0G, ±5%, T=1.25 ± 0.10 mm",4000 VDC,3.3 pF,,,,No,,,Published
MLCC,High Voltage MLCC,FV42N3R3J602ECQ,FV,1808,"C0G, ±5%, T=1.25 ± 0.10 mm, Surface coated",6000 VDC,3.3 pF,,,,No,,,Published
MLCC,High Voltage MLCC,FV42N3R9J102ECG,FV,1808,"C0G, ±5%, T=1.25 ± 0.10 mm",1000 VDC,3.9 pF,,,,No,,,Published
MLCC,High Voltage MLCC,FV42N3R9J152ECG,FV,1808,"C0G, ±5%, T=1.25 ± 0.10 mm",1500 VDC,3.9 pF,,,,No,,,Published
MLCC,High Voltage MLCC,FV42N3R9J202ECG,FV,1808,"C0G, ±5%, T=1.25 ± 0.10 mm",2000 VDC,3.9 pF,,,,No,,,Published
MLCC,High Voltage MLCC,FV42N3R9J302ECG,FV,1808,"C0G, ±5%, T=1.25 ± 0.10 mm",3000 VDC,3.9 pF,,,,No,,,Published
MLCC,High Voltage MLCC,FV42N3R9J402ECG,FV,1808,"C0G, ±5%, T=1.25 ± 0.10 mm",4000 VDC,3.9 pF,,,,No,,,Published
MLCC,High Voltage MLCC,FV42N3R9J602ECQ,FV,1808,"C0G, ±5%, T=1.25 ± 0.10 mm, Surface coated",6000 VDC,3.9 pF,,,,No,,,Published
MLCC,High Voltage MLCC,FV42N4R7J102ECG,FV,1808,"C0G, ±5%, T=1.25 ± 0.10 mm",1000 VDC,4.7 pF,,,,No,,,Published
MLCC,High Voltage MLCC,FV42N4R7J152ECG,FV,1808,"C0G, ±5%, T=1.25 ± 0.10 mm",1500 VDC,4.7 pF,,,,No,,,Published
MLCC,High Voltage MLCC,FV42N4R7J202ECG,FV,1808,"C0G, ±5%, T=1.25 ± 0.10 mm",2000 VDC,4.7 pF,,,,No,,,Published
MLCC,High Voltage MLCC,FV42N4R7J302ECG,FV,1808,"C0G, ±5%, T=1.25 ± 0.10 mm",3000 VDC,4.7 pF,,,,No,,,Published
MLCC,High Voltage MLCC,FV42N4R7J402ECG,FV,1808,"C0G, ±5%, T=1.25 ± 0.10 mm",4000 VDC,4.7 pF,,,,No,,,Published
MLCC,High Voltage MLCC,FV42N4R7J602ECQ,FV,1808,"C0G, ±5%, T=1.25 ± 0.10 mm, Surface coated",6000 VDC,4.7 pF,,,,No,,,Published
MLCC,High Voltage MLCC,FV42N5R0J102ECG,FV,1808,"C0G, ±5%, T=1.25 ± 0.10 mm",1000 VDC,5 pF,,,,No,,,Published
MLCC,High Voltage MLCC,FV42N5R0J152ECG,FV,1808,"C0G, ±5%, T=1.25 ± 0.10 mm",1500 VDC,5 pF,,,,No,,,Published
MLCC,High Voltage MLCC,FV42N5R0J202ECG,FV,1808,"C0G, ±5%, T=1.25 ± 0.10 mm",2000 VDC,5 pF,,,,No,,,Published
MLCC,High Voltage MLCC,FV42N5R0J302ECG,FV,1808,"C0G, ±5%, T=1.25 ± 0.10 mm",3000 VDC,5 pF,,,,No,,,Published
MLCC,High Voltage MLCC,FV42N5R0J402ECG,FV,1808,"C0G, ±5%, T=1.25 ± 0.10 mm",4000 VDC,5 pF,,,,No,,,Published
MLCC,High Voltage MLCC,FV42N5R0J602ECQ,FV,1808,"C0G, ±5%, T=1.25 ± 0.10 mm, Surface coated",6000 VDC,5 pF,,,,No,,,Published
MLCC,High Voltage MLCC,FV42N5R6J102ECG,FV,1808,"C0G, ±5%, T=1.25 ± 0.10 mm",1000 VDC,5.6 pF,,,,No,,,Published
MLCC,High Voltage MLCC,FV42N5R6J152ECG,FV,1808,"C0G, ±5%, T=1.25 ± 0.10 mm",1500 VDC,5.6 pF,,,,No,,,Published
MLCC,High Voltage MLCC,FV42N5R6J202ECG,FV,1808,"C0G, ±5%, T=1.25 ± 0.10 mm",2000 VDC,5.6 pF,,,,No,,,Published
MLCC,High Voltage MLCC,FV42N5R6J302ECG,FV,1808,"C0G, ±5%, T=1.25 ± 0.10 mm",3000 VDC,5.6 pF,,,,No,,,Published
MLCC,High Voltage MLCC,FV42N5R6J402ECG,FV,1808,"C0G, ±5%, T=1.25 ± 0.10 mm",4000 VDC,5.6 pF,,,,No,,,Published
MLCC,High Voltage MLCC,FV42N5R6J602ECQ,FV,1808,"C0G, ±5%, T=1.25 ± 0.10 mm, Surface coated",6000 VDC,5.6 pF,,,,No,,,Published
MLCC,High Voltage MLCC,FV42N6R8J102ECG,FV,1808,"C0G, ±5%, T=1.25 ± 0.10 mm",1000 VDC,6.8 pF,,,,No,,,Published
MLCC,High Voltage MLCC,FV42N6R8J152ECG,FV,1808,"C0G, ±5%, T=1.25 ± 0.10 mm",1500 VDC,6.8 pF,,,,No,,,Published
MLCC,High Voltage MLCC,FV42N6R8J202ECG,FV,1808,"C0G, ±5%, T=1.25 ± 0.10 mm",2000 VDC,6.8 pF,,,,No,,,Published
MLCC,High Voltage MLCC,FV42N6R8J302ECG,FV,1808,"C0G, ±5%, T=1.25 ± 0.10 mm",3000 VDC,6.8 pF,,,,No,,,Published
MLCC,High Voltage MLCC,FV42N6R8J402ECG,FV,1808,"C0G, ±5%, T=1.25 ± 0.10 mm",4000 VDC,6.8 pF,,,,No,,,Published
MLCC,High Voltage MLCC,FV42N6R8J602ECQ,FV,1808,"C0G, ±5%, T=1.25 ± 0.10 mm, Surface coated",6000 VDC,6.8 pF,,,,No,,,Published
MLCC,High Voltage MLCC,FV42N8R2J102ECG,FV,1808,"C0G, ±5%, T=1.25 ± 0.10 mm",1000 VDC,8.2 pF,,,,No,,,Published
MLCC,High Voltage MLCC,FV42N8R2J152ECG,FV,1808,"C0G, ±5%, T=1.25 ± 0.10 mm",1500 VDC,8.2 pF,,,,No,,,Published
MLCC,High Voltage MLCC,FV42N8R2J202ECG,FV,1808,"C0G, ±5%, T=1.25 ± 0.10 mm",2000 VDC,8.2 pF,,,,No,,,Published
MLCC,High Voltage MLCC,FV42N8R2J302ECG,FV,1808,"C0G, ±5%, T=1.25 ± 0.10 mm",3000 VDC,8.2 pF,,,,No,,,Published
MLCC,High Voltage MLCC,FV42N8R2J402ECG,FV,1808,"C0G, ±5%, T=1.25 ± 0.10 mm",4000 VDC,8.2 pF,,,,No,,,Published
MLCC,High Voltage MLCC,FV42N8R2J602ECQ,FV,1808,"C0G, ±5%, T=1.25 ± 0.10 mm, Surface coated",6000 VDC,8.2 pF,,,,No,,,Published
MLCC,High Voltage MLCC,FV42N100J102ECG,FV,1808,"C0G, ±5%, T=1.25 ± 0.10 mm",1000 VDC,10 pF,,,,No,,,Published
MLCC,High Voltage MLCC,FV42N100J152ECG,FV,1808,"C0G, ±5%, T=1.25 ± 0.10 mm",1500 VDC,10 pF,,,,No,,,Published
MLCC,High Voltage MLCC,FV42N100J202ECG,FV,1808,"C0G, ±5%, T=1.25 ± 0.10 mm",2000 VDC,10 pF,,,,No,,,Published
MLCC,High Voltage MLCC,FV42N100J302ECG,FV,1808,"C0G, ±5%, T=1.25 ± 0.10 mm",3000 VDC,10 pF,,,,No,,,Published
MLCC,High Voltage MLCC,FV42N100J402ECG,FV,1808,"C0G, ±5%, T=1.25 ± 0.10 mm",4000 VDC,10 pF,,,,No,,,Published
MLCC,High Voltage MLCC,FV42N100J602ECQ,FV,1808,"C0G, ±5%, T=1.25 ± 0.10 mm, Surface coated",6000 VDC,10 pF,,,,No,,,Published
MLCC,High Voltage MLCC,FV43N100J102ECG,FV,1812,"C0G, ±5%, T=1.25 ± 0.10 mm",1000 VDC,10 pF,,,,No,,,Published
MLCC,High Voltage MLCC,FV43N100J152ECG,FV,1812,"C0G, ±5%, T=1.25 ± 0.10 mm",1500 VDC,10 pF,,,,No,,,Published
MLCC,High Voltage MLCC,FV43N100J202ECG,FV,1812,"C0G, ±5%, T=1.25 ± 0.10 mm",2000 VDC,10 pF,,,,No,,,Published
MLCC,High Voltage MLCC,FV43N100J302ECG,FV,1812,"C0G, ±5%, T=1.25 ± 0.10 mm",3000 VDC,10 pF,,,,No,,,Published
MLCC,High Voltage MLCC,FV43N100J402ECG,FV,1812,"C0G, ±5%, T=1.25 ± 0.10 mm",4000 VDC,10 pF,,,,No,,,Published
MLCC,High Voltage MLCC,FV46N100J102EFG,FV,1825,"C0G, ±5%, T=2.00 ± 0.20 mm",1000 VDC,10 pF,,,,No,,,Published
MLCC,High Voltage MLCC,FV46N100J152EFG,FV,1825,"C0G, ±5%, T=2.00 ± 0.20 mm",1500 VDC,10 pF,,,,No,,,Published
MLCC,High Voltage MLCC,FV46N100J202EFG,FV,1825,"C0G, ±5%, T=2.00 ± 0.20 mm",2000 VDC,10 pF,,,,No,,,Published
MLCC,High Voltage MLCC,FV46N100J302EFG,FV,1825,"C0G, ±5%, T=2.00 ± 0.20 mm",3000 VDC,10 pF,,,,No,,,Published
MLCC,High Voltage MLCC,FV42N120J102ECG,FV,1808,"C0G, ±5%, T=1.25 ± 0.10 mm",1000 VDC,12 pF,,,,No,,,Published
MLCC,High Voltage MLCC,FV42N120J152ECG,FV,1808,"C0G, ±5%, T=1.25 ± 0.10 mm",1500 VDC,12 pF,,,,No,,,Published
MLCC,High Voltage MLCC,FV42N120J202ECG,FV,1808,"C0G, ±5%, T=1.25 ± 0.10 mm",2000 VDC,12 pF,,,,No,,,Published
MLCC,High Voltage MLCC,FV42N120J302ECG,FV,1808,"C0G, ±5%, T=1.25 ± 0.10 mm",3000 VDC,12 pF,,,,No,,,Published
MLCC,High Voltage MLCC,FV42N120J402ECG,FV,1808,"C0G, ±5%, T=1.25 ± 0.10 mm",4000 VDC,12 pF,,,,No,,,Published
MLCC,High Voltage MLCC,FV42N120J602ECQ,FV,1808,"C0G, ±5%, T=1.25 ± 0.10 mm, Surface coated",6000 VDC,12 pF,,,,No,,,Published
MLCC,High Voltage MLCC,FV43N120J102ECG,FV,1812,"C0G, ±5%, T=1.25 ± 0.10 mm",1000 VDC,12 pF,,,,No,,,Published
MLCC,High Voltage MLCC,FV43N120J152ECG,FV,1812,"C0G, ±5%, T=1.25 ± 0.10 mm",1500 VDC,12 pF,,,,No,,,Published
MLCC,High Voltage MLCC,FV43N120J202ECG,FV,1812,"C0G, ±5%, T=1.25 ± 0.10 mm",2000 VDC,12 pF,,,,No,,,Published
MLCC,High Voltage MLCC,FV43N120J302ECG,FV,1812,"C0G, ±5%, T=1.25 ± 0.10 mm",3000 VDC,12 pF,,,,No,,,Published
MLCC,High Voltage MLCC,FV43N120J402ECG,FV,1812,"C0G, ±5%, T=1.25 ± 0.10 mm",4000 VDC,12 pF,,,,No,,,Published
MLCC,High Voltage MLCC,FV46N120J102EFG,FV,1825,"C0G, ±5%, T=2.00 ± 0.20 mm",1000 VDC,12 pF,,,,No,,,Published
MLCC,High Voltage MLCC,FV46N120J152EFG,FV,1825,"C0G, ±5%, T=2.00 ± 0.20 mm",1500 VDC,12 pF,,,,No,,,Published
MLCC,High Voltage MLCC,FV46N120J202EFG,FV,1825,"C0G, ±5%, T=2.00 ± 0.20 mm",2000 VDC,12 pF,,,,No,,,Published
MLCC,High Voltage MLCC,FV46N120J302EFG,FV,1825,"C0G, ±5%, T=2.00 ± 0.20 mm",3000 VDC,12 pF,,,,No,,,Published
MLCC,High Voltage MLCC,FV42N150J102ECG,FV,1808,"C0G, ±5%, T=1.25 ± 0.10 mm",1000 VDC,15 pF,,,,No,,,Published
MLCC,High Voltage MLCC,FV42N150J152ECG,FV,1808,"C0G, ±5%, T=1.25 ± 0.10 mm",1500 VDC,15 pF,,,,No,,,Published
MLCC,High Voltage MLCC,FV42N150J202ECG,FV,1808,"C0G, ±5%, T=1.25 ± 0.10 mm",2000 VDC,15 pF,,,,No,,,Published
MLCC,High Voltage MLCC,FV42N150J302ECG,FV,1808,"C0G, ±5%, T=1.25 ± 0.10 mm",3000 VDC,15 pF,,,,No,,,Published
MLCC,High Voltage MLCC,FV42N150J402ECG,FV,1808,"C0G, ±5%, T=1.25 ± 0.10 mm",4000 VDC,15 pF,,,,No,,,Published
MLCC,High Voltage MLCC,FV42N150J602ECQ,FV,1808,"C0G, ±5%, T=1.25 ± 0.10 mm, Surface coated",6000 VDC,15 pF,,,,No,,,Published
MLCC,High Voltage MLCC,FV43N150J102ECG,FV,1812,"C0G, ±5%, T=1.25 ± 0.10 mm",1000 VDC,15 pF,,,,No,,,Published
MLCC,High Voltage MLCC,FV43N150J152ECG,FV,1812,"C0G, ±5%, T=1.25 ± 0.10 mm",1500 VDC,15 pF,,,,No,,,Published
MLCC,High Voltage MLCC,FV43N150J202ECG,FV,1812,"C0G, ±5%, T=1.25 ± 0.10 mm",2000 VDC,15 pF,,,,No,,,Published
MLCC,High Voltage MLCC,FV43N150J302ECG,FV,1812,"C0G, ±5%, T=1.25 ± 0.10 mm",3000 VDC,15 pF,,,,No,,,Published
MLCC,High Voltage MLCC,FV43N150J402ECG,FV,1812,"C0G, ±5%, T=1.25 ± 0.10 mm",4000 VDC,15 pF,,,,No,,,Published
MLCC,High Voltage MLCC,FV46N150J102EFG,FV,1825,"C0G, ±5%, T=2.00 ± 0.20 mm",1000 VDC,15 pF,,,,No,,,Published
MLCC,High Voltage MLCC,FV46N150J152EFG,FV,1825,"C0G, ±5%, T=2.00 ± 0.20 mm",1500 VDC,15 pF,,,,No,,,Published
MLCC,High Voltage MLCC,FV46N150J202EFG,FV,1825,"C0G, ±5%, T=2.00 ± 0.20 mm",2000 VDC,15 pF,,,,No,,,Published
MLCC,High Voltage MLCC,FV46N150J302EFG,FV,1825,"C0G, ±5%, T=2.00 ± 0.20 mm",3000 VDC,15 pF,,,,No,,,Published
MLCC,High Voltage MLCC,FV42N180J102ECG,FV,1808,"C0G, ±5%, T=1.25 ± 0.10 mm",1000 VDC,18 pF,,,,No,,,Published
MLCC,High Voltage MLCC,FV42N180J152ECG,FV,1808,"C0G, ±5%, T=1.25 ± 0.10 mm",1500 VDC,18 pF,,,,No,,,Published
MLCC,High Voltage MLCC,FV42N180J202ECG,FV,1808,"C0G, ±5%, T=1.25 ± 0.10 mm",2000 VDC,18 pF,,,,No,,,Published
MLCC,High Voltage MLCC,FV42N180J302ECG,FV,1808,"C0G, ±5%, T=1.25 ± 0.10 mm",3000 VDC,18 pF,,,,No,,,Published
MLCC,High Voltage MLCC,FV42N180J402ECG,FV,1808,"C0G, ±5%, T=1.25 ± 0.10 mm",4000 VDC,18 pF,,,,No,,,Published
MLCC,High Voltage MLCC,FV42N180J602ECQ,FV,1808,"C0G, ±5%, T=1.25 ± 0.10 mm, Surface coated",6000 VDC,18 pF,,,,No,,,Published
MLCC,High Voltage MLCC,FV43N180J102ECG,FV,1812,"C0G, ±5%, T=1.25 ± 0.10 mm",1000 VDC,18 pF,,,,No,,,Published
MLCC,High Voltage MLCC,FV43N180J152ECG,FV,1812,"C0G, ±5%, T=1.25 ± 0.10 mm",1500 VDC,18 pF,,,,No,,,Published
MLCC,High Voltage MLCC,FV43N180J202ECG,FV,1812,"C0G, ±5%, T=1.25 ± 0.10 mm",2000 VDC,18 pF,,,,No,,,Published
MLCC,High Voltage MLCC,FV43N180J302ECG,FV,1812,"C0G, ±5%, T=1.25 ± 0.10 mm",3000 VDC,18 pF,,,,No,,,Published
MLCC,High Voltage MLCC,FV43N180J402ECG,FV,1812,"C0G, ±5%, T=1.25 ± 0.10 mm",4000 VDC,18 pF,,,,No,,,Published
MLCC,High Voltage MLCC,FV46N180J102EFG,FV,1825,"C0G, ±5%, T=2.00 ± 0.20 mm",1000 VDC,18 pF,,,,No,,,Published
MLCC,High Voltage MLCC,FV46N180J152EFG,FV,1825,"C0G, ±5%, T=2.00 ± 0.20 mm",1500 VDC,18 pF,,,,No,,,Published
MLCC,High Voltage MLCC,FV46N180J202EFG,FV,1825,"C0G, ±5%, T=2.00 ± 0.20 mm",2000 VDC,18 pF,,,,No,,,Published
MLCC,High Voltage MLCC,FV46N180J302EFG,FV,1825,"C0G, ±5%, T=2.00 ± 0.20 mm",3000 VDC,18 pF,,,,No,,,Published
MLCC,High Voltage MLCC,FV42N220J102ECG,FV,1808,"C0G, ±5%, T=1.25 ± 0.10 mm",1000 VDC,22 pF,,,,No,,,Published
MLCC,High Voltage MLCC,FV42N220J152ECG,FV,1808,"C0G, ±5%, T=1.25 ± 0.10 mm",1500 VDC,22 pF,,,,No,,,Published
MLCC,High Voltage MLCC,FV42N220J202ECG,FV,1808,"C0G, ±5%, T=1.25 ± 0.10 mm",2000 VDC,22 pF,,,,No,,,Published
MLCC,High Voltage MLCC,FV42N220J302ECG,FV,1808,"C0G, ±5%, T=1.25 ± 0.10 mm",3000 VDC,22 pF,,,,No,,,Published
MLCC,High Voltage MLCC,FV42N220J402EEG,FV,1808,"C0G, ±5%, T=1.60 ± 0.20 mm",4000 VDC,22 pF,,,,No,,,Published
MLCC,High Voltage MLCC,FV42N220J602ECQ,FV,1808,"C0G, ±5%, T=1.25 ± 0.10 mm, Surface coated",6000 VDC,22 pF,,,,No,,,Published
MLCC,High Voltage MLCC,FV43N220J102ECG,FV,1812,"C0G, ±5%, T=1.25 ± 0.10 mm",1000 VDC,22 pF,,,,No,,,Published
MLCC,High Voltage MLCC,FV43N220J152ECG,FV,1812,"C0G, ±5%, T=1.25 ± 0.10 mm",1500 VDC,22 pF,,,,No,,,Published
MLCC,High Voltage MLCC,FV43N220J202ECG,FV,1812,"C0G, ±5%, T=1.25 ± 0.10 mm",2000 VDC,22 pF,,,,No,,,Published
MLCC,High Voltage MLCC,FV43N220J302ECG,FV,1812,"C0G, ±5%, T=1.25 ± 0.10 mm",3000 VDC,22 pF,,,,No,,,Published
MLCC,High Voltage MLCC,FV43N220J402ECG,FV,1812,"C0G, ±5%, T=1.25 ± 0.10 mm",4000 VDC,22 pF,,,,No,,,Published
MLCC,High Voltage MLCC,FV46N220J102EFG,FV,1825,"C0G, ±5%, T=2.00 ± 0.20 mm",1000 VDC,22 pF,,,,No,,,Published
MLCC,High Voltage MLCC,FV46N220J152EFG,FV,1825,"C0G, ±5%, T=2.00 ± 0.20 mm",1500 VDC,22 pF,,,,No,,,Published
MLCC,High Voltage MLCC,FV46N220J202EFG,FV,1825,"C0G, ±5%, T=2.00 ± 0.20 mm",2000 VDC,22 pF,,,,No,,,Published
MLCC,High Voltage MLCC,FV46N220J302EFG,FV,1825,"C0G, ±5%, T=2.00 ± 0.20 mm",3000 VDC,22 pF,,,,No,,,Published
MLCC,High Voltage MLCC,FV42N270J102ECG,FV,1808,"C0G, ±5%, T=1.25 ± 0.10 mm",1000 VDC,27 pF,,,,No,,,Published
MLCC,High Voltage MLCC,FV42N270J152ECG,FV,1808,"C0G, ±5%, T=1.25 ± 0.10 mm",1500 VDC,27 pF,,,,No,,,Published
MLCC,High Voltage MLCC,FV42N270J202ECG,FV,1808,"C0G, ±5%, T=1.25 ± 0.10 mm",2000 VDC,27 pF,,,,No,,,Published
MLCC,High Voltage MLCC,FV42N270J302ECG,FV,1808,"C0G, ±5%, T=1.25 ± 0.10 mm",3000 VDC,27 pF,,,,No,,,Published
MLCC,High Voltage MLCC,FV42N270J402EEG,FV,1808,"C0G, ±5%, T=1.60 ± 0.20 mm",4000 VDC,27 pF,,,,No,,,Published
MLCC,High Voltage MLCC,FV42N270J602ECQ,FV,1808,"C0G, ±5%, T=1.25 ± 0.10 mm, Surface coated",6000 VDC,27 pF,,,,No,,,Published
MLCC,High Voltage MLCC,FV43N270J102ECG,FV,1812,"C0G, ±5%, T=1.25 ± 0.10 mm",1000 VDC,27 pF,,,,No,,,Published
MLCC,High Voltage MLCC,FV43N270J152ECG,FV,1812,"C0G, ±5%, T=1.25 ± 0.10 mm",1500 VDC,27 pF,,,,No,,,Published
MLCC,High Voltage MLCC,FV43N270J202ECG,FV,1812,"C0G, ±5%, T=1.25 ± 0.10 mm",2000 VDC,27 pF,,,,No,,,Published
MLCC,High Voltage MLCC,FV43N270J302ECG,FV,1812,"C0G, ±5%, T=1.25 ± 0.10 mm",3000 VDC,27 pF,,,,No,,,Published
MLCC,High Voltage MLCC,FV43N270J402ECG,FV,1812,"C0G, ±5%, T=1.25 ± 0.10 mm",4000 VDC,27 pF,,,,No,,,Published
MLCC,High Voltage MLCC,FV46N270J102EFG,FV,1825,"C0G, ±5%, T=2.00 ± 0.20 mm",1000 VDC,27 pF,,,,No,,,Published
MLCC,High Voltage MLCC,FV46N270J152EFG,FV,1825,"C0G, ±5%, T=2.00 ± 0.20 mm",1500 VDC,27 pF,,,,No,,,Published
MLCC,High Voltage MLCC,FV46N270J202EFG,FV,1825,"C0G, ±5%, T=2.00 ± 0.20 mm",2000 VDC,27 pF,,,,No,,,Published
MLCC,High Voltage MLCC,FV46N270J302EFG,FV,1825,"C0G, ±5%, T=2.00 ± 0.20 mm",3000 VDC,27 pF,,,,No,,,Published
MLCC,High Voltage MLCC,FV42N330J102ECG,FV,1808,"C0G, ±5%, T=1.25 ± 0.10 mm",1000 VDC,33 pF,,,,No,,,Published
MLCC,High Voltage MLCC,FV42N330J152ECG,FV,1808,"C0G, ±5%, T=1.25 ± 0.10 mm",1500 VDC,33 pF,,,,No,,,Published
MLCC,High Voltage MLCC,FV42N330J202ECG,FV,1808,"C0G, ±5%, T=1.25 ± 0.10 mm",2000 VDC,33 pF,,,,No,,,Published
MLCC,High Voltage MLCC,FV42N330J302ECG,FV,1808,"C0G, ±5%, T=1.25 ± 0.10 mm",3000 VDC,33 pF,,,,No,,,Published
MLCC,High Voltage MLCC,FV42N330J402EEQ,FV,1808,"C0G, ±5%, T=1.60 ± 0.20 mm, Surface coated",4000 VDC,33 pF,,,,No,,,Published
MLCC,High Voltage MLCC,FV42N330J602ECQ,FV,1808,"C0G, ±5%, T=1.25 ± 0.10 mm, Surface coated",6000 VDC,33 pF,,,,No,,,Published
MLCC,High Voltage MLCC,FV43N330J102ECG,FV,1812,"C0G, ±5%, T=1.25 ± 0.10 mm",1000 VDC,33 pF,,,,No,,,Published
MLCC,High Voltage MLCC,FV43N330J152ECG,FV,1812,"C0G, ±5%, T=1.25 ± 0.10 mm",1500 VDC,33 pF,,,,No,,,Published
MLCC,High Voltage MLCC,FV43N330J202ECG,FV,1812,"C0G, ±5%, T=1.25 ± 0.10 mm",2000 VDC,33 pF,,,,No,,,Published
MLCC,High Voltage MLCC,FV43N330J302ECG,FV,1812,"C0G, ±5%, T=1.25 ± 0.10 mm",3000 VDC,33 pF,,,,No,,,Published
MLCC,High Voltage MLCC,FV43N330J402ECQ,FV,1812,"C0G, ±5%, T=1.25 ± 0.10 mm, Surface coated",4000 VDC,33 pF,,,,No,,,Published
MLCC,High Voltage MLCC,FV46N330J102EFG,FV,1825,"C0G, ±5%, T=2.00 ± 0.20 mm",1000 VDC,33 pF,,,,No,,,Published
MLCC,High Voltage MLCC,FV46N330J152EFG,FV,1825,"C0G, ±5%, T=2.00 ± 0.20 mm",1500 VDC,33 pF,,,,No,,,Published
MLCC,High Voltage MLCC,FV46N330J202EFG,FV,1825,"C0G, ±5%, T=2.00 ± 0.20 mm",2000 VDC,33 pF,,,,No,,,Published
MLCC,High Voltage MLCC,FV46N330J302EFG,FV,1825,"C0G, ±5%, T=2.00 ± 0.20 mm",3000 VDC,33 pF,,,,No,,,Published
MLCC,High Voltage MLCC,FV42N390J102ECG,FV,1808,"C0G, ±5%, T=1.25 ± 0.10 mm",1000 VDC,39 pF,,,,No,,,Published
MLCC,High Voltage MLCC,FV42N390J152ECG,FV,1808,"C0G, ±5%, T=1.25 ± 0.10 mm",1500 VDC,39 pF,,,,No,,,Published
MLCC,High Voltage MLCC,FV42N390J202ECG,FV,1808,"C0G, ±5%, T=1.25 ± 0.10 mm",2000 VDC,39 pF,,,,No,,,Published
MLCC,High Voltage MLCC,FV42N390J302ECG,FV,1808,"C0G, ±5%, T=1.25 ± 0.10 mm",3000 VDC,39 pF,,,,No,,,Published
MLCC,High Voltage MLCC,FV42N390J402EFQ,FV,1808,"C0G, ±5%, T=2.00 ± 0.20 mm, Surface coated",4000 VDC,39 pF,,,,No,,,Published
MLCC,High Voltage MLCC,FV42N390J602EEQ,FV,1808,"C0G, ±5%, T=1.60 ± 0.20 mm, Surface coated",6000 VDC,39 pF,,,,No,,,Published
MLCC,High Voltage MLCC,FV43N390J102ECG,FV,1812,"C0G, ±5%, T=1.25 ± 0.10 mm",1000 VDC,39 pF,,,,No,,,Published
MLCC,High Voltage MLCC,FV43N390J152ECG,FV,1812,"C0G, ±5%, T=1.25 ± 0.10 mm",1500 VDC,39 pF,,,,No,,,Published
MLCC,High Voltage MLCC,FV43N390J202ECG,FV,1812,"C0G, ±5%, T=1.25 ± 0.10 mm",2000 VDC,39 pF,,,,No,,,Published
MLCC,High Voltage MLCC,FV43N390J302ECG,FV,1812,"C0G, ±5%, T=1.25 ± 0.10 mm",3000 VDC,39 pF,,,,No,,,Published
MLCC,High Voltage MLCC,FV43N390J402ECQ,FV,1812,"C0G, ±5%, T=1.25 ± 0.10 mm, Surface coated",4000 VDC,39 pF,,,,No,,,Published
MLCC,High Voltage MLCC,FV46N390J102EFG,FV,1825,"C0G, ±5%, T=2.00 ± 0.20 mm",1000 VDC,39 pF,,,,No,,,Published
MLCC,High Voltage MLCC,FV46N390J152EFG,FV,1825,"C0G, ±5%, T=2.00 ± 0.20 mm",1500 VDC,39 pF,,,,No,,,Published
MLCC,High Voltage MLCC,FV46N390J202EFG,FV,1825,"C0G, ±5%, T=2.00 ± 0.20 mm",2000 VDC,39 pF,,,,No,,,Published
MLCC,High Voltage MLCC,FV46N390J302EFG,FV,1825,"C0G, ±5%, T=2.00 ± 0.20 mm",3000 VDC,39 pF,,,,No,,,Published
MLCC,High Voltage MLCC,FV42N470J102ECG,FV,1808,"C0G, ±5%, T=1.25 ± 0.10 mm",1000 VDC,47 pF,,,,No,,,Published
MLCC,High Voltage MLCC,FV42N470J152ECG,FV,1808,"C0G, ±5%, T=1.25 ± 0.10 mm",1500 VDC,47 pF,,,,No,,,Published
MLCC,High Voltage MLCC,FV42N470J202ECG,FV,1808,"C0G, ±5%, T=1.25 ± 0.10 mm",2000 VDC,47 pF,,,,No,,,Published
MLCC,High Voltage MLCC,FV42N470J302ECG,FV,1808,"C0G, ±5%, T=1.25 ± 0.10 mm",3000 VDC,47 pF,,,,No,,,Published
MLCC,High Voltage MLCC,FV42N470J602EEQ,FV,1808,"C0G, ±5%, T=1.60 ± 0.20 mm, Surface coated",6000 VDC,47 pF,,,,No,,,Published
MLCC,High Voltage MLCC,FV43N470J102ECG,FV,1812,"C0G, ±5%, T=1.25 ± 0.10 mm",1000 VDC,47 pF,,,,No,,,Published
MLCC,High Voltage MLCC,FV43N470J152ECG,FV,1812,"C0G, ±5%, T=1.25 ± 0.10 mm",1500 VDC,47 pF,,,,No,,,Published
MLCC,High Voltage MLCC,FV43N470J202ECG,FV,1812,"C0G, ±5%, T=1.25 ± 0.10 mm",2000 VDC,47 pF,,,,No,,,Published
MLCC,High Voltage MLCC,FV43N470J302ECG,FV,1812,"C0G, ±5%, T=1.25 ± 0.10 mm",3000 VDC,47 pF,,,,No,,,Published
MLCC,High Voltage MLCC,FV43N470J402EEQ,FV,1812,"C0G, ±5%, T=1.60 ± 0.20 mm, Surface coated",4000 VDC,47 pF,,,,No,,,Published
MLCC,High Voltage MLCC,FV46N470J102EFG,FV,1825,"C0G, ±5%, T=2.00 ± 0.20 mm",1000 VDC,47 pF,,,,No,,,Published
MLCC,High Voltage MLCC,FV46N470J152EFG,FV,1825,"C0G, ±5%, T=2.00 ± 0.20 mm",1500 VDC,47 pF,,,,No,,,Published
MLCC,High Voltage MLCC,FV46N470J202EFG,FV,1825,"C0G, ±5%, T=2.00 ± 0.20 mm",2000 VDC,47 pF,,,,No,,,Published
MLCC,High Voltage MLCC,FV46N470J302EFG,FV,1825,"C0G, ±5%, T=2.00 ± 0.20 mm",3000 VDC,47 pF,,,,No,,,Published
MLCC,High Voltage MLCC,FV42N560J102ECG,FV,1808,"C0G, ±5%, T=1.25 ± 0.10 mm",1000 VDC,56 pF,,,,No,,,Published
MLCC,High Voltage MLCC,FV42N560J152ECG,FV,1808,"C0G, ±5%, T=1.25 ± 0.10 mm",1500 VDC,56 pF,,,,No,,,Published
MLCC,High Voltage MLCC,FV42N560J202ECG,FV,1808,"C0G, ±5%, T=1.25 ± 0.10 mm",2000 VDC,56 pF,,,,No,,,Published
MLCC,High Voltage MLCC,FV42N560J302ECG,FV,1808,"C0G, ±5%, T=1.25 ± 0.10 mm",3000 VDC,56 pF,,,,No,,,Published
MLCC,High Voltage MLCC,FV42N560J602EEQ,FV,1808,"C0G, ±5%, T=1.60 ± 0.20 mm, Surface coated",6000 VDC,56 pF,,,,No,,,Published
MLCC,High Voltage MLCC,FV43N560J102ECG,FV,1812,"C0G, ±5%, T=1.25 ± 0.10 mm",1000 VDC,56 pF,,,,No,,,Published
MLCC,High Voltage MLCC,FV43N560J152ECG,FV,1812,"C0G, ±5%, T=1.25 ± 0.10 mm",1500 VDC,56 pF,,,,No,,,Published
MLCC,High Voltage MLCC,FV43N560J202ECG,FV,1812,"C0G, ±5%, T=1.25 ± 0.10 mm",2000 VDC,56 pF,,,,No,,,Published
MLCC,High Voltage MLCC,FV43N560J302ECG,FV,1812,"C0G, ±5%, T=1.25 ± 0.10 mm",3000 VDC,56 pF,,,,No,,,Published
MLCC,High Voltage MLCC,FV43N560J402EEQ,FV,1812,"C0G, ±5%, T=1.60 ± 0.20 mm, Surface coated",4000 VDC,56 pF,,,,No,,,Published
MLCC,High Voltage MLCC,FV46N560J102EFG,FV,1825,"C0G, ±5%, T=2.00 ± 0.20 mm",1000 VDC,56 pF,,,,No,,,Published
MLCC,High Voltage MLCC,FV46N560J152EFG,FV,1825,"C0G, ±5%, T=2.00 ± 0.20 mm",1500 VDC,56 pF,,,,No,,,Published
MLCC,High Voltage MLCC,FV46N560J202EFG,FV,1825,"C0G, ±5%, T=2.00 ± 0.20 mm",2000 VDC,56 pF,,,,No,,,Published
MLCC,High Voltage MLCC,FV46N560J302EFG,FV,1825,"C0G, ±5%, T=2.00 ± 0.20 mm",3000 VDC,56 pF,,,,No,,,Published
MLCC,High Voltage MLCC,FV42N680J102ECG,FV,1808,"C0G, ±5%, T=1.25 ± 0.10 mm",1000 VDC,68 pF,,,,No,,,Published
MLCC,High Voltage MLCC,FV42N680J152ECG,FV,1808,"C0G, ±5%, T=1.25 ± 0.10 mm",1500 VDC,68 pF,,,,No,,,Published
MLCC,High Voltage MLCC,FV42N680J202ECG,FV,1808,"C0G, ±5%, T=1.25 ± 0.10 mm",2000 VDC,68 pF,,,,No,,,Published
MLCC,High Voltage MLCC,FV42N680J302ECG,FV,1808,"C0G, ±5%, T=1.25 ± 0.10 mm",3000 VDC,68 pF,,,,No,,,Published
MLCC,High Voltage MLCC,FV42N680J602EFQ,FV,1808,"C0G, ±5%, T=2.00 ± 0.20 mm, Surface coated",6000 VDC,68 pF,,,,No,,,Published
MLCC,High Voltage MLCC,FV43N680J102ECG,FV,1812,"C0G, ±5%, T=1.25 ± 0.10 mm",1000 VDC,68 pF,,,,No,,,Published
MLCC,High Voltage MLCC,FV43N680J152ECG,FV,1812,"C0G, ±5%, T=1.25 ± 0.10 mm",1500 VDC,68 pF,,,,No,,,Published
MLCC,High Voltage MLCC,FV43N680J202ECG,FV,1812,"C0G, ±5%, T=1.25 ± 0.10 mm",2000 VDC,68 pF,,,,No,,,Published
MLCC,High Voltage MLCC,FV43N680J302ECG,FV,1812,"C0G, ±5%, T=1.25 ± 0.10 mm",3000 VDC,68 pF,,,,No,,,Published
MLCC,High Voltage MLCC,FV43N680J402EFQ,FV,1812,"C0G, ±5%, T=2.00 ± 0.20 mm, Surface coated",4000 VDC,68 pF,,,,No,,,Published
MLCC,High Voltage MLCC,FV46N680J102EFG,FV,1825,"C0G, ±5%, T=2.00 ± 0.20 mm",1000 VDC,68 pF,,,,No,,,Published
MLCC,High Voltage MLCC,FV46N680J152EFG,FV,1825,"C0G, ±5%, T=2.00 ± 0.20 mm",1500 VDC,68 pF,,,,No,,,Published
MLCC,High Voltage MLCC,FV46N680J202EFG,FV,1825,"C0G, ±5%, T=2.00 ± 0.20 mm",2000 VDC,68 pF,,,,No,,,Published
MLCC,High Voltage MLCC,FV46N680J302EFG,FV,1825,"C0G, ±5%, T=2.00 ± 0.20 mm",3000 VDC,68 pF,,,,No,,,Published
MLCC,High Voltage MLCC,FV42N820J102ECG,FV,1808,"C0G, ±5%, T=1.25 ± 0.10 mm",1000 VDC,82 pF,,,,No,,,Published
MLCC,High Voltage MLCC,FV42N820J152ECG,FV,1808,"C0G, ±5%, T=1.25 ± 0.10 mm",1500 VDC,82 pF,,,,No,,,Published
MLCC,High Voltage MLCC,FV42N820J202ECG,FV,1808,"C0G, ±5%, T=1.25 ± 0.10 mm",2000 VDC,82 pF,,,,No,,,Published
MLCC,High Voltage MLCC,FV42N820J302ECG,FV,1808,"C0G, ±5%, T=1.25 ± 0.10 mm",3000 VDC,82 pF,,,,No,,,Published
MLCC,High Voltage MLCC,FV42N820J602EFQ,FV,1808,"C0G, ±5%, T=2.00 ± 0.20 mm, Surface coated",6000 VDC,82 pF,,,,No,,,Published
MLCC,High Voltage MLCC,FV43N820J102ECG,FV,1812,"C0G, ±5%, T=1.25 ± 0.10 mm",1000 VDC,82 pF,,,,No,,,Published
MLCC,High Voltage MLCC,FV43N820J152ECG,FV,1812,"C0G, ±5%, T=1.25 ± 0.10 mm",1500 VDC,82 pF,,,,No,,,Published
MLCC,High Voltage MLCC,FV43N820J202ECG,FV,1812,"C0G, ±5%, T=1.25 ± 0.10 mm",2000 VDC,82 pF,,,,No,,,Published
MLCC,High Voltage MLCC,FV43N820J302ECG,FV,1812,"C0G, ±5%, T=1.25 ± 0.10 mm",3000 VDC,82 pF,,,,No,,,Published
MLCC,High Voltage MLCC,FV43N820J402EFQ,FV,1812,"C0G, ±5%, T=2.00 ± 0.20 mm, Surface coated",4000 VDC,82 pF,,,,No,,,Published
MLCC,High Voltage MLCC,FV46N820J102EFG,FV,1825,"C0G, ±5%, T=2.00 ± 0.20 mm",1000 VDC,82 pF,,,,No,,,Published
MLCC,High Voltage MLCC,FV46N820J152EFG,FV,1825,"C0G, ±5%, T=2.00 ± 0.20 mm",1500 VDC,82 pF,,,,No,,,Published
MLCC,High Voltage MLCC,FV46N820J202EFG,FV,1825,"C0G, ±5%, T=2.00 ± 0.20 mm",2000 VDC,82 pF,,,,No,,,Published
MLCC,High Voltage MLCC,FV46N820J302EFG,FV,1825,"C0G, ±5%, T=2.00 ± 0.20 mm",3000 VDC,82 pF,,,,No,,,Published
MLCC,High Voltage MLCC,FV42N101J102ECG,FV,1808,"C0G, ±5%, T=1.25 ± 0.10 mm",1000 VDC,100 pF,,,,No,,,Published
MLCC,High Voltage MLCC,FV42N101J152ECG,FV,1808,"C0G, ±5%, T=1.25 ± 0.10 mm",1500 VDC,100 pF,,,,No,,,Published
MLCC,High Voltage MLCC,FV42N101J202ECG,FV,1808,"C0G, ±5%, T=1.25 ± 0.10 mm",2000 VDC,100 pF,,,,No,,,Published
MLCC,High Voltage MLCC,FV42N101J302ECG,FV,1808,"C0G, ±5%, T=1.25 ± 0.10 mm",3000 VDC,100 pF,,,,No,,,Published
MLCC,High Voltage MLCC,FV42N101J602EFQ,FV,1808,"C0G, ±5%, T=2.00 ± 0.20 mm, Surface coated",6000 VDC,100 pF,,,,No,,,Published
MLCC,High Voltage MLCC,FV43N101J102ECG,FV,1812,"C0G, ±5%, T=1.25 ± 0.10 mm",1000 VDC,100 pF,,,,No,,,Published
MLCC,High Voltage MLCC,FV43N101J152ECG,FV,1812,"C0G, ±5%, T=1.25 ± 0.10 mm",1500 VDC,100 pF,,,,No,,,Published
MLCC,High Voltage MLCC,FV43N101J202ECG,FV,1812,"C0G, ±5%, T=1.25 ± 0.10 mm",2000 VDC,100 pF,,,,No,,,Published
MLCC,High Voltage MLCC,FV43N101J302ECG,FV,1812,"C0G, ±5%, T=1.25 ± 0.10 mm",3000 VDC,100 pF,,,,No,,,Published
MLCC,High Voltage MLCC,FV43N101J402EFQ,FV,1812,"C0G, ±5%, T=2.00 ± 0.20 mm, Surface coated",4000 VDC,100 pF,,,,No,,,Published
MLCC,High Voltage MLCC,FV46N101J102EFG,FV,1825,"C0G, ±5%, T=2.00 ± 0.20 mm",1000 VDC,100 pF,,,,No,,,Published
MLCC,High Voltage MLCC,FV46N101J152EFG,FV,1825,"C0G, ±5%, T=2.00 ± 0.20 mm",1500 VDC,100 pF,,,,No,,,Published
MLCC,High Voltage MLCC,FV46N101J202EFG,FV,1825,"C0G, ±5%, T=2.00 ± 0.20 mm",2000 VDC,100 pF,,,,No,,,Published
MLCC,High Voltage MLCC,FV46N101J302EFG,FV,1825,"C0G, ±5%, T=2.00 ± 0.20 mm",3000 VDC,100 pF,,,,No,,,Published
MLCC,High Voltage MLCC,FV42N121J102ECG,FV,1808,"C0G, ±5%, T=1.25 ± 0.10 mm",1000 VDC,120 pF,,,,No,,,Published
MLCC,High Voltage MLCC,FV42N121J152ECG,FV,1808,"C0G, ±5%, T=1.25 ± 0.10 mm",1500 VDC,120 pF,,,,No,,,Published
MLCC,High Voltage MLCC,FV42N121J202ECG,FV,1808,"C0G, ±5%, T=1.25 ± 0.10 mm",2000 VDC,120 pF,,,,No,,,Published
MLCC,High Voltage MLCC,FV42N121J302ECG,FV,1808,"C0G, ±5%, T=1.25 ± 0.10 mm",3000 VDC,120 pF,,,,No,,,Published
MLCC,High Voltage MLCC,FV43N121J102ECG,FV,1812,"C0G, ±5%, T=1.25 ± 0.10 mm",1000 VDC,120 pF,,,,No,,,Published
MLCC,High Voltage MLCC,FV43N121J152ECG,FV,1812,"C0G, ±5%, T=1.25 ± 0.10 mm",1500 VDC,120 pF,,,,No,,,Published
MLCC,High Voltage MLCC,FV43N121J202ECG,FV,1812,"C0G, ±5%, T=1.25 ± 0.10 mm",2000 VDC,120 pF,,,,No,,,Published
MLCC,High Voltage MLCC,FV43N121J302ECG,FV,1812,"C0G, ±5%, T=1.25 ± 0.10 mm",3000 VDC,120 pF,,,,No,,,Published
MLCC,High Voltage MLCC,FV43N121J402EGQ,FV,1812,"C0G, ±5%, T=2.50 ± 0.30 mm, Surface coated",4000 VDC,120 pF,,,,No,,,Published
MLCC,High Voltage MLCC,FV46N121J102EFG,FV,1825,"C0G, ±5%, T=2.00 ± 0.20 mm",1000 VDC,120 pF,,,,No,,,Published
MLCC,High Voltage MLCC,FV46N121J152EFG,FV,1825,"C0G, ±5%, T=2.00 ± 0.20 mm",1500 VDC,120 pF,,,,No,,,Published
MLCC,High Voltage MLCC,FV46N121J202EFG,FV,1825,"C0G, ±5%, T=2.00 ± 0.20 mm",2000 VDC,120 pF,,,,No,,,Published
MLCC,High Voltage MLCC,FV46N121J302EFG,FV,1825,"C0G, ±5%, T=2.00 ± 0.20 mm",3000 VDC,120 pF,,,,No,,,Published
MLCC,High Voltage MLCC,FV42N151J102ECG,FV,1808,"C0G, ±5%, T=1.25 ± 0.10 mm",1000 VDC,150 pF,,,,No,,,Published
MLCC,High Voltage MLCC,FV42N151J152ECG,FV,1808,"C0G, ±5%, T=1.25 ± 0.10 mm",1500 VDC,150 pF,,,,No,,,Published
MLCC,High Voltage MLCC,FV42N151J202ECG,FV,1808,"C0G, ±5%, T=1.25 ± 0.10 mm",2000 VDC,150 pF,,,,No,,,Published
MLCC,High Voltage MLCC,FV42N151J302ECG,FV,1808,"C0G, ±5%, T=1.25 ± 0.10 mm",3000 VDC,150 pF,,,,No,,,Published
MLCC,High Voltage MLCC,FV43N151J102ECG,FV,1812,"C0G, ±5%, T=1.25 ± 0.10 mm",1000 VDC,150 pF,,,,No,,,Published
MLCC,High Voltage MLCC,FV43N151J152ECG,FV,1812,"C0G, ±5%, T=1.25 ± 0.10 mm",1500 VDC,150 pF,,,,No,,,Published
MLCC,High Voltage MLCC,FV43N151J202ECG,FV,1812,"C0G, ±5%, T=1.25 ± 0.10 mm",2000 VDC,150 pF,,,,No,,,Published
MLCC,High Voltage MLCC,FV43N151J302ECG,FV,1812,"C0G, ±5%, T=1.25 ± 0.10 mm",3000 VDC,150 pF,,,,No,,,Published
MLCC,High Voltage MLCC,FV46N151J102EFG,FV,1825,"C0G, ±5%, T=2.00 ± 0.20 mm",1000 VDC,150 pF,,,,No,,,Published
MLCC,High Voltage MLCC,FV46N151J152EFG,FV,1825,"C0G, ±5%, T=2.00 ± 0.20 mm",1500 VDC,150 pF,,,,No,,,Published
MLCC,High Voltage MLCC,FV46N151J202EFG,FV,1825,"C0G, ±5%, T=2.00 ± 0.20 mm",2000 VDC,150 pF,,,,No,,,Published
MLCC,High Voltage MLCC,FV46N151J302EFG,FV,1825,"C0G, ±5%, T=2.00 ± 0.20 mm",3000 VDC,150 pF,,,,No,,,Published
MLCC,High Voltage MLCC,FV42N181J102ECG,FV,1808,"C0G, ±5%, T=1.25 ± 0.10 mm",1000 VDC,180 pF,,,,No,,,Published
MLCC,High Voltage MLCC,FV42N181J152ECG,FV,1808,"C0G, ±5%, T=1.25 ± 0.10 mm",1500 VDC,180 pF,,,,No,,,Published
MLCC,High Voltage MLCC,FV42N181J202ECG,FV,1808,"C0G, ±5%, T=1.25 ± 0.10 mm",2000 VDC,180 pF,,,,No,,,Published
MLCC,High Voltage MLCC,FV42N181J302ECG,FV,1808,"C0G, ±5%, T=1.25 ± 0.10 mm",3000 VDC,180 pF,,,,No,,,Published
MLCC,High Voltage MLCC,FV43N181J102ECG,FV,1812,"C0G, ±5%, T=1.25 ± 0.10 mm",1000 VDC,180 pF,,,,No,,,Published
MLCC,High Voltage MLCC,FV43N181J152ECG,FV,1812,"C0G, ±5%, T=1.25 ± 0.10 mm",1500 VDC,180 pF,,,,No,,,Published
MLCC,High Voltage MLCC,FV43N181J202ECG,FV,1812,"C0G, ±5%, T=1.25 ± 0.10 mm",2000 VDC,180 pF,,,,No,,,Published
MLCC,High Voltage MLCC,FV43N181J302ECG,FV,1812,"C0G, ±5%, T=1.25 ± 0.10 mm",3000 VDC,180 pF,,,,No,,,Published
MLCC,High Voltage MLCC,FV46N181J102EFG,FV,1825,"C0G, ±5%, T=2.00 ± 0.20 mm",1000 VDC,180 pF,,,,No,,,Published
MLCC,High Voltage MLCC,FV46N181J152EFG,FV,1825,"C0G, ±5%, T=2.00 ± 0.20 mm",1500 VDC,180 pF,,,,No,,,Published
MLCC,High Voltage MLCC,FV46N181J202EFG,FV,1825,"C0G, ±5%, T=2.00 ± 0.20 mm",2000 VDC,180 pF,,,,No,,,Published
MLCC,High Voltage MLCC,FV46N181J302EFG,FV,1825,"C0G, ±5%, T=2.00 ± 0.20 mm",3000 VDC,180 pF,,,,No,,,Published
MLCC,High Voltage MLCC,FV42N221J102ECG,FV,1808,"C0G, ±5%, T=1.25 ± 0.10 mm",1000 VDC,220 pF,,,,No,,,Published
MLCC,High Voltage MLCC,FV42N221J152ECG,FV,1808,"C0G, ±5%, T=1.25 ± 0.10 mm",1500 VDC,220 pF,,,,No,,,Published
MLCC,High Voltage MLCC,FV42N221J202ECG,FV,1808,"C0G, ±5%, T=1.25 ± 0.10 mm",2000 VDC,220 pF,,,,No,,,Published
MLCC,High Voltage MLCC,FV42N221J302EEG,FV,1808,"C0G, ±5%, T=1.60 ± 0.20 mm",3000 VDC,220 pF,,,,No,,,Published
MLCC,High Voltage MLCC,FV43N221J102ECG,FV,1812,"C0G, ±5%, T=1.25 ± 0.10 mm",1000 VDC,220 pF,,,,No,,,Published
MLCC,High Voltage MLCC,FV43N221J152ECG,FV,1812,"C0G, ±5%, T=1.25 ± 0.10 mm",1500 VDC,220 pF,,,,No,,,Published
MLCC,High Voltage MLCC,FV43N221J202ECG,FV,1812,"C0G, ±5%, T=1.25 ± 0.10 mm",2000 VDC,220 pF,,,,No,,,Published
MLCC,High Voltage MLCC,FV43N221J302ECG,FV,1812,"C0G, ±5%, T=1.25 ± 0.10 mm",3000 VDC,220 pF,,,,No,,,Published
MLCC,High Voltage MLCC,FV46N221J102EFG,FV,1825,"C0G, ±5%, T=2.00 ± 0.20 mm",1000 VDC,220 pF,,,,No,,,Published
MLCC,High Voltage MLCC,FV46N221J152EFG,FV,1825,"C0G, ±5%, T=2.00 ± 0.20 mm",1500 VDC,220 pF,,,,No,,,Published
MLCC,High Voltage MLCC,FV46N221J202EFG,FV,1825,"C0G, ±5%, T=2.00 ± 0.20 mm",2000 VDC,220 pF,,,,No,,,Published
MLCC,High Voltage MLCC,FV46N221J302EFG,FV,1825,"C0G, ±5%, T=2.00 ± 0.20 mm",3000 VDC,220 pF,,,,No,,,Published
MLCC,High Voltage MLCC,FV42N271J102ECG,FV,1808,"C0G, ±5%, T=1.25 ± 0.10 mm",1000 VDC,270 pF,,,,No,,,Published
MLCC,High Voltage MLCC,FV42N271J152ECG,FV,1808,"C0G, ±5%, T=1.25 ± 0.10 mm",1500 VDC,270 pF,,,,No,,,Published
MLCC,High Voltage MLCC,FV42N271J202ECG,FV,1808,"C0G, ±5%, T=1.25 ± 0.10 mm",2000 VDC,270 pF,,,,No,,,Published
MLCC,High Voltage MLCC,FV42N271J302EEG,FV,1808,"C0G, ±5%, T=1.60 ± 0.20 mm",3000 VDC,270 pF,,,,No,,,Published
MLCC,High Voltage MLCC,FV43N271J102ECG,FV,1812,"C0G, ±5%, T=1.25 ± 0.10 mm",1000 VDC,270 pF,,,,No,,,Published
MLCC,High Voltage MLCC,FV43N271J152ECG,FV,1812,"C0G, ±5%, T=1.25 ± 0.10 mm",1500 VDC,270 pF,,,,No,,,Published
MLCC,High Voltage MLCC,FV43N271J202ECG,FV,1812,"C0G, ±5%, T=1.25 ± 0.10 mm",2000 VDC,270 pF,,,,No,,,Published
MLCC,High Voltage MLCC,FV43N271J302ECG,FV,1812,"C0G, ±5%, T=1.25 ± 0.10 mm",3000 VDC,270 pF,,,,No,,,Published
MLCC,High Voltage MLCC,FV46N271J102EFG,FV,1825,"C0G, ±5%, T=2.00 ± 0.20 mm",1000 VDC,270 pF,,,,No,,,Published
MLCC,High Voltage MLCC,FV46N271J152EFG,FV,1825,"C0G, ±5%, T=2.00 ± 0.20 mm",1500 VDC,270 pF,,,,No,,,Published
MLCC,High Voltage MLCC,FV46N271J202EFG,FV,1825,"C0G, ±5%, T=2.00 ± 0.20 mm",2000 VDC,270 pF,,,,No,,,Published
MLCC,High Voltage MLCC,FV46N271J302EFG,FV,1825,"C0G, ±5%, T=2.00 ± 0.20 mm",3000 VDC,270 pF,,,,No,,,Published
MLCC,High Voltage MLCC,FV42N331J102ECG,FV,1808,"C0G, ±5%, T=1.25 ± 0.10 mm",1000 VDC,330 pF,,,,No,,,Published
MLCC,High Voltage MLCC,FV42N331J152ECG,FV,1808,"C0G, ±5%, T=1.25 ± 0.10 mm",1500 VDC,330 pF,,,,No,,,Published
MLCC,High Voltage MLCC,FV42N331J202ECG,FV,1808,"C0G, ±5%, T=1.25 ± 0.10 mm",2000 VDC,330 pF,,,,No,,,Published
MLCC,High Voltage MLCC,FV42N331J302EFG,FV,1808,"C0G, ±5%, T=2.00 ± 0.20 mm",3000 VDC,330 pF,,,,No,,,Published
MLCC,High Voltage MLCC,FV43N331J102ECG,FV,1812,"C0G, ±5%, T=1.25 ± 0.10 mm",1000 VDC,330 pF,,,,No,,,Published
MLCC,High Voltage MLCC,FV43N331J152ECG,FV,1812,"C0G, ±5%, T=1.25 ± 0.10 mm",1500 VDC,330 pF,,,,No,,,Published
MLCC,High Voltage MLCC,FV43N331J202ECG,FV,1812,"C0G, ±5%, T=1.25 ± 0.10 mm",2000 VDC,330 pF,,,,No,,,Published
MLCC,High Voltage MLCC,FV43N331J302ECG,FV,1812,"C0G, ±5%, T=1.25 ± 0.10 mm",3000 VDC,330 pF,,,,No,,,Published
MLCC,High Voltage MLCC,FV46N331J102EFG,FV,1825,"C0G, ±5%, T=2.00 ± 0.20 mm",1000 VDC,330 pF,,,,No,,,Published
MLCC,High Voltage MLCC,FV46N331J152EFG,FV,1825,"C0G, ±5%, T=2.00 ± 0.20 mm",1500 VDC,330 pF,,,,No,,,Published
MLCC,High Voltage MLCC,FV46N331J202EFG,FV,1825,"C0G, ±5%, T=2.00 ± 0.20 mm",2000 VDC,330 pF,,,,No,,,Published
MLCC,High Voltage MLCC,FV46N331J302EFG,FV,1825,"C0G, ±5%, T=2.00 ± 0.20 mm",3000 VDC,330 pF,,,,No,,,Published
MLCC,High Voltage MLCC,FV42N391J102ECG,FV,1808,"C0G, ±5%, T=1.25 ± 0.10 mm",1000 VDC,390 pF,,,,No,,,Published
MLCC,High Voltage MLCC,FV42N391J152ECG,FV,1808,"C0G, ±5%, T=1.25 ± 0.10 mm",1500 VDC,390 pF,,,,No,,,Published
MLCC,High Voltage MLCC,FV42N391J202ECG,FV,1808,"C0G, ±5%, T=1.25 ± 0.10 mm",2000 VDC,390 pF,,,,No,,,Published
MLCC,High Voltage MLCC,FV42N391J302EFG,FV,1808,"C0G, ±5%, T=2.00 ± 0.20 mm",3000 VDC,390 pF,,,,No,,,Published
MLCC,High Voltage MLCC,FV43N391J102ECG,FV,1812,"C0G, ±5%, T=1.25 ± 0.10 mm",1000 VDC,390 pF,,,,No,,,Published
MLCC,High Voltage MLCC,FV43N391J152ECG,FV,1812,"C0G, ±5%, T=1.25 ± 0.10 mm",1500 VDC,390 pF,,,,No,,,Published
MLCC,High Voltage MLCC,FV43N391J202ECG,FV,1812,"C0G, ±5%, T=1.25 ± 0.10 mm",2000 VDC,390 pF,,,,No,,,Published
MLCC,High Voltage MLCC,FV43N391J302ECG,FV,1812,"C0G, ±5%, T=1.25 ± 0.10 mm",3000 VDC,390 pF,,,,No,,,Published
MLCC,High Voltage MLCC,FV46N391J102EFG,FV,1825,"C0G, ±5%, T=2.00 ± 0.20 mm",1000 VDC,390 pF,,,,No,,,Published
MLCC,High Voltage MLCC,FV46N391J152EFG,FV,1825,"C0G, ±5%, T=2.00 ± 0.20 mm",1500 VDC,390 pF,,,,No,,,Published
MLCC,High Voltage MLCC,FV46N391J202EFG,FV,1825,"C0G, ±5%, T=2.00 ± 0.20 mm",2000 VDC,390 pF,,,,No,,,Published
MLCC,High Voltage MLCC,FV46N391J302EFG,FV,1825,"C0G, ±5%, T=2.00 ± 0.20 mm",3000 VDC,390 pF,,,,No,,,Published
MLCC,High Voltage MLCC,FV42N471J102ECG,FV,1808,"C0G, ±5%, T=1.25 ± 0.10 mm",1000 VDC,470 pF,,,,No,,,Published
MLCC,High Voltage MLCC,FV42N471J152ECG,FV,1808,"C0G, ±5%, T=1.25 ± 0.10 mm",1500 VDC,470 pF,,,,No,,,Published
MLCC,High Voltage MLCC,FV42N471J202ECG,FV,1808,"C0G, ±5%, T=1.25 ± 0.10 mm",2000 VDC,470 pF,,,,No,,,Published
MLCC,High Voltage MLCC,FV42N471J302EFG,FV,1808,"C0G, ±5%, T=2.00 ± 0.20 mm",3000 VDC,470 pF,,,,No,,,Published
MLCC,High Voltage MLCC,FV43N471J102ECG,FV,1812,"C0G, ±5%, T=1.25 ± 0.10 mm",1000 VDC,470 pF,,,,No,,,Published
MLCC,High Voltage MLCC,FV43N471J152ECG,FV,1812,"C0G, ±5%, T=1.25 ± 0.10 mm",1500 VDC,470 pF,,,,No,,,Published
MLCC,High Voltage MLCC,FV43N471J202ECG,FV,1812,"C0G, ±5%, T=1.25 ± 0.10 mm",2000 VDC,470 pF,,,,No,,,Published
MLCC,High Voltage MLCC,FV43N471J302EEG,FV,1812,"C0G, ±5%, T=1.60 ± 0.20 mm",3000 VDC,470 pF,,,,No,,,Published
MLCC,High Voltage MLCC,FV46N471J102EFG,FV,1825,"C0G, ±5%, T=2.00 ± 0.20 mm",1000 VDC,470 pF,,,,No,,,Published
MLCC,High Voltage MLCC,FV46N471J152EFG,FV,1825,"C0G, ±5%, T=2.00 ± 0.20 mm",1500 VDC,470 pF,,,,No,,,Published
MLCC,High Voltage MLCC,FV46N471J202EFG,FV,1825,"C0G, ±5%, T=2.00 ± 0.20 mm",2000 VDC,470 pF,,,,No,,,Published
MLCC,High Voltage MLCC,FV46N471J302EFG,FV,1825,"C0G, ±5%, T=2.00 ± 0.20 mm",3000 VDC,470 pF,,,,No,,,Published
MLCC,High Voltage MLCC,FV42N561J102ECG,FV,1808,"C0G, ±5%, T=1.25 ± 0.10 mm",1000 VDC,560 pF,,,,No,,,Published
MLCC,High Voltage MLCC,FV42N561J152ECG,FV,1808,"C0G, ±5%, T=1.25 ± 0.10 mm",1500 VDC,560 pF,,,,No,,,Published
MLCC,High Voltage MLCC,FV42N561J202ECG,FV,1808,"C0G, ±5%, T=1.25 ± 0.10 mm",2000 VDC,560 pF,,,,No,,,Published
MLCC,High Voltage MLCC,FV43N561J102ECG,FV,1812,"C0G, ±5%, T=1.25 ± 0.10 mm",1000 VDC,560 pF,,,,No,,,Published
MLCC,High Voltage MLCC,FV43N561J152ECG,FV,1812,"C0G, ±5%, T=1.25 ± 0.10 mm",1500 VDC,560 pF,,,,No,,,Published
MLCC,High Voltage MLCC,FV43N561J202ECG,FV,1812,"C0G, ±5%, T=1.25 ± 0.10 mm",2000 VDC,560 pF,,,,No,,,Published
MLCC,High Voltage MLCC,FV43N561J302EEG,FV,1812,"C0G, ±5%, T=1.60 ± 0.20 mm",3000 VDC,560 pF,,,,No,,,Published
MLCC,High Voltage MLCC,FV46N561J102EFG,FV,1825,"C0G, ±5%, T=2.00 ± 0.20 mm",1000 VDC,560 pF,,,,No,,,Published
MLCC,High Voltage MLCC,FV46N561J152EFG,FV,1825,"C0G, ±5%, T=2.00 ± 0.20 mm",1500 VDC,560 pF,,,,No,,,Published
MLCC,High Voltage MLCC,FV46N561J202EFG,FV,1825,"C0G, ±5%, T=2.00 ± 0.20 mm",2000 VDC,560 pF,,,,No,,,Published
MLCC,High Voltage MLCC,FV46N561J302EFG,FV,1825,"C0G, ±5%, T=2.00 ± 0.20 mm",3000 VDC,560 pF,,,,No,,,Published
MLCC,High Voltage MLCC,FV42N681J102ECG,FV,1808,"C0G, ±5%, T=1.25 ± 0.10 mm",1000 VDC,680 pF,,,,No,,,Published
MLCC,High Voltage MLCC,FV42N681J152ECG,FV,1808,"C0G, ±5%, T=1.25 ± 0.10 mm",1500 VDC,680 pF,,,,No,,,Published
MLCC,High Voltage MLCC,FV42N681J202ECG,FV,1808,"C0G, ±5%, T=1.25 ± 0.10 mm",2000 VDC,680 pF,,,,No,,,Published
MLCC,High Voltage MLCC,FV43N681J102ECG,FV,1812,"C0G, ±5%, T=1.25 ± 0.10 mm",1000 VDC,680 pF,,,,No,,,Published
MLCC,High Voltage MLCC,FV43N681J152ECG,FV,1812,"C0G, ±5%, T=1.25 ± 0.10 mm",1500 VDC,680 pF,,,,No,,,Published
MLCC,High Voltage MLCC,FV43N681J202ECG,FV,1812,"C0G, ±5%, T=1.25 ± 0.10 mm",2000 VDC,680 pF,,,,No,,,Published
MLCC,High Voltage MLCC,FV43N681J302EFG,FV,1812,"C0G, ±5%, T=2.00 ± 0.20 mm",3000 VDC,680 pF,,,,No,,,Published
MLCC,High Voltage MLCC,FV46N681J102EFG,FV,1825,"C0G, ±5%, T=2.00 ± 0.20 mm",1000 VDC,680 pF,,,,No,,,Published
MLCC,High Voltage MLCC,FV46N681J152EFG,FV,1825,"C0G, ±5%, T=2.00 ± 0.20 mm",1500 VDC,680 pF,,,,No,,,Published
MLCC,High Voltage MLCC,FV46N681J202EFG,FV,1825,"C0G, ±5%, T=2.00 ± 0.20 mm",2000 VDC,680 pF,,,,No,,,Published
MLCC,High Voltage MLCC,FV46N681J302EFG,FV,1825,"C0G, ±5%, T=2.00 ± 0.20 mm",3000 VDC,680 pF,,,,No,,,Published
MLCC,High Voltage MLCC,FV42N821J102ECG,FV,1808,"C0G, ±5%, T=1.25 ± 0.10 mm",1000 VDC,820 pF,,,,No,,,Published
MLCC,High Voltage MLCC,FV42N821J152ECG,FV,1808,"C0G, ±5%, T=1.25 ± 0.10 mm",1500 VDC,820 pF,,,,No,,,Published
MLCC,High Voltage MLCC,FV42N821J202ECG,FV,1808,"C0G, ±5%, T=1.25 ± 0.10 mm",2000 VDC,820 pF,,,,No,,,Published
MLCC,High Voltage MLCC,FV43N821J102ECG,FV,1812,"C0G, ±5%, T=1.25 ± 0.10 mm",1000 VDC,820 pF,,,,No,,,Published
MLCC,High Voltage MLCC,FV43N821J152ECG,FV,1812,"C0G, ±5%, T=1.25 ± 0.10 mm",1500 VDC,820 pF,,,,No,,,Published
MLCC,High Voltage MLCC,FV43N821J202ECG,FV,1812,"C0G, ±5%, T=1.25 ± 0.10 mm",2000 VDC,820 pF,,,,No,,,Published
MLCC,High Voltage MLCC,FV43N821J302EGG,FV,1812,"C0G, ±5%, T=2.50 ± 0.30 mm",3000 VDC,820 pF,,,,No,,,Published
MLCC,High Voltage MLCC,FV46N821J102EFG,FV,1825,"C0G, ±5%, T=2.00 ± 0.20 mm",1000 VDC,820 pF,,,,No,,,Published
MLCC,High Voltage MLCC,FV46N821J152EFG,FV,1825,"C0G, ±5%, T=2.00 ± 0.20 mm",1500 VDC,820 pF,,,,No,,,Published
MLCC,High Voltage MLCC,FV46N821J202EFG,FV,1825,"C0G, ±5%, T=2.00 ± 0.20 mm",2000 VDC,820 pF,,,,No,,,Published
MLCC,High Voltage MLCC,FV46N821J302EFG,FV,1825,"C0G, ±5%, T=2.00 ± 0.20 mm",3000 VDC,820 pF,,,,No,,,Published
MLCC,High Voltage MLCC,FV42N102J102ECG,FV,1808,"C0G, ±5%, T=1.25 ± 0.10 mm",1000 VDC,1 nF,,,,No,,,Published
MLCC,High Voltage MLCC,FV42N102J152EEG,FV,1808,"C0G, ±5%, T=1.60 ± 0.20 mm",1500 VDC,1 nF,,,,No,,,Published
MLCC,High Voltage MLCC,FV42N102J202EEG,FV,1808,"C0G, ±5%, T=1.60 ± 0.20 mm",2000 VDC,1 nF,,,,No,,,Published
MLCC,High Voltage MLCC,FV43N102J102ECG,FV,1812,"C0G, ±5%, T=1.25 ± 0.10 mm",1000 VDC,1 nF,,,,No,,,Published
MLCC,High Voltage MLCC,FV43N102J152ECG,FV,1812,"C0G, ±5%, T=1.25 ± 0.10 mm",1500 VDC,1 nF,,,,No,,,Published
MLCC,High Voltage MLCC,FV43N102J202ECG,FV,1812,"C0G, ±5%, T=1.25 ± 0.10 mm",2000 VDC,1 nF,,,,No,,,Published
MLCC,High Voltage MLCC,FV43N102J302EGG,FV,1812,"C0G, ±5%, T=2.50 ± 0.30 mm",3000 VDC,1 nF,,,,No,,,Published
MLCC,High Voltage MLCC,FV46N102J102EFG,FV,1825,"C0G, ±5%, T=2.00 ± 0.20 mm",1000 VDC,1 nF,,,,No,,,Published
MLCC,High Voltage MLCC,FV46N102J152EFG,FV,1825,"C0G, ±5%, T=2.00 ± 0.20 mm",1500 VDC,1 nF,,,,No,,,Published
MLCC,High Voltage MLCC,FV46N102J202EFG,FV,1825,"C0G, ±5%, T=2.00 ± 0.20 mm",2000 VDC,1 nF,,,,No,,,Published
MLCC,High Voltage MLCC,FV46N102J302EFG,FV,1825,"C0G, ±5%, T=2.00 ± 0.20 mm",3000 VDC,1 nF,,,,No,,,Published
MLCC,High Voltage MLCC,FV42N122J102EEG,FV,1808,"C0G, ±5%, T=1.60 ± 0.20 mm",1000 VDC,1.2 nF,,,,No,,,Published
MLCC,High Voltage MLCC,FV42N122J152EEG,FV,1808,"C0G, ±5%, T=1.60 ± 0.20 mm",1500 VDC,1.2 nF,,,,No,,,Published
MLCC,High Voltage MLCC,FV42N122J202EEG,FV,1808,"C0G, ±5%, T=1.60 ± 0.20 mm",2000 VDC,1.2 nF,,,,No,,,Published
MLCC,High Voltage MLCC,FV43N122J102ECG,FV,1812,"C0G, ±5%, T=1.25 ± 0.10 mm",1000 VDC,1.2 nF,,,,No,,,Published
MLCC,High Voltage MLCC,FV43N122J152EEG,FV,1812,"C0G, ±5%, T=1.60 ± 0.20 mm",1500 VDC,1.2 nF,,,,No,,,Published
MLCC,High Voltage MLCC,FV43N122J202EEG,FV,1812,"C0G, ±5%, T=1.60 ± 0.20 mm",2000 VDC,1.2 nF,,,,No,,,Published
MLCC,High Voltage MLCC,FV43N122J302EHG,FV,1812,"C0G, ±5%, T=2.80 ± 0.30 mm",3000 VDC,1.2 nF,,,,No,,,Published
MLCC,High Voltage MLCC,FV43N122J302ERG,FV,1812,"C0G, ±5%, T=3.10 ± 0.30 mm",3000 VDC,1.2 nF,,,,No,,,Published
MLCC,High Voltage MLCC,FV46N122J102EFG,FV,1825,"C0G, ±5%, T=2.00 ± 0.20 mm",1000 VDC,1.2 nF,,,,No,,,Published
MLCC,High Voltage MLCC,FV46N122J152EFG,FV,1825,"C0G, ±5%, T=2.00 ± 0.20 mm",1500 VDC,1.2 nF,,,,No,,,Published
MLCC,High Voltage MLCC,FV46N122J202EFG,FV,1825,"C0G, ±5%, T=2.00 ± 0.20 mm",2000 VDC,1.2 nF,,,,No,,,Published
MLCC,High Voltage MLCC,FV42N152J102EEG,FV,1808,"C0G, ±5%, T=1.60 ± 0.20 mm",1000 VDC,1.5 nF,,,,No,,,Published
MLCC,High Voltage MLCC,FV42N152J152EFG,FV,1808,"C0G, ±5%, T=2.00 ± 0.20 mm",1500 VDC,1.5 nF,,,,No,,,Published
MLCC,High Voltage MLCC,FV42N152J202EFG,FV,1808,"C0G, ±5%, T=2.00 ± 0.20 mm",2000 VDC,1.5 nF,,,,No,,,Published
MLCC,High Voltage MLCC,FV43N152J102ECG,FV,1812,"C0G, ±5%, T=1.25 ± 0.10 mm",1000 VDC,1.5 nF,,,,No,,,Published
MLCC,High Voltage MLCC,FV43N152J152EEG,FV,1812,"C0G, ±5%, T=1.60 ± 0.20 mm",1500 VDC,1.5 nF,,,,No,,,Published
MLCC,High Voltage MLCC,FV43N152J202EEG,FV,1812,"C0G, ±5%, T=1.60 ± 0.20 mm",2000 VDC,1.5 nF,,,,No,,,Published
MLCC,High Voltage MLCC,FV43N152J302ERG,FV,1812,"C0G, ±5%, T=3.10 ± 0.30 mm",3000 VDC,1.5 nF,,,,No,,,Published
MLCC,High Voltage MLCC,FV46N152J102EFG,FV,1825,"C0G, ±5%, T=2.00 ± 0.20 mm",1000 VDC,1.5 nF,,,,No,,,Published
MLCC,High Voltage MLCC,FV46N152J152EFG,FV,1825,"C0G, ±5%, T=2.00 ± 0.20 mm",1500 VDC,1.5 nF,,,,No,,,Published
MLCC,High Voltage MLCC,FV46N152J202EFG,FV,1825,"C0G, ±5%, T=2.00 ± 0.20 mm",2000 VDC,1.5 nF,,,,No,,,Published
MLCC,High Voltage MLCC,FV42N182J102EFG,FV,1808,"C0G, ±5%, T=2.00 ± 0.20 mm",1000 VDC,1.8 nF,,,,No,,,Published
MLCC,High Voltage MLCC,FV42N182J152EFG,FV,1808,"C0G, ±5%, T=2.00 ± 0.20 mm",1500 VDC,1.8 nF,,,,No,,,Published
MLCC,High Voltage MLCC,FV42N182J202EFG,FV,1808,"C0G, ±5%, T=2.00 ± 0.20 mm",2000 VDC,1.8 nF,,,,No,,,Published
MLCC,High Voltage MLCC,FV43N182J102EEG,FV,1812,"C0G, ±5%, T=1.60 ± 0.20 mm",1000 VDC,1.8 nF,,,,No,,,Published
MLCC,High Voltage MLCC,FV43N182J152EFG,FV,1812,"C0G, ±5%, T=2.00 ± 0.20 mm",1500 VDC,1.8 nF,,,,No,,,Published
MLCC,High Voltage MLCC,FV43N182J202EFG,FV,1812,"C0G, ±5%, T=2.00 ± 0.20 mm",2000 VDC,1.8 nF,,,,No,,,Published
MLCC,High Voltage MLCC,FV46N182J102EFG,FV,1825,"C0G, ±5%, T=2.00 ± 0.20 mm",1000 VDC,1.8 nF,,,,No,,,Published
MLCC,High Voltage MLCC,FV46N182J152EFG,FV,1825,"C0G, ±5%, T=2.00 ± 0.20 mm",1500 VDC,1.8 nF,,,,No,,,Published
MLCC,High Voltage MLCC,FV46N182J202EFG,FV,1825,"C0G, ±5%, T=2.00 ± 0.20 mm",2000 VDC,1.8 nF,,,,No,,,Published
MLCC,High Voltage MLCC,FV42N222J102EFG,FV,1808,"C0G, ±5%, T=2.00 ± 0.20 mm",1000 VDC,2.2 nF,,,,No,,,Published
MLCC,High Voltage MLCC,FV42N222J152EFG,FV,1808,"C0G, ±5%, T=2.00 ± 0.20 mm",1500 VDC,2.2 nF,,,,No,,,Published
MLCC,High Voltage MLCC,FV42N222J202EFG,FV,1808,"C0G, ±5%, T=2.00 ± 0.20 mm",2000 VDC,2.2 nF,,,,No,,,Published
MLCC,High Voltage MLCC,FV43N222J102EFG,FV,1812,"C0G, ±5%, T=2.00 ± 0.20 mm",1000 VDC,2.2 nF,,,,No,,,Published
MLCC,High Voltage MLCC,FV43N222J152EFG,FV,1812,"C0G, ±5%, T=2.00 ± 0.20 mm",1500 VDC,2.2 nF,,,,No,,,Published
MLCC,High Voltage MLCC,FV43N222J202EFG,FV,1812,"C0G, ±5%, T=2.00 ± 0.20 mm",2000 VDC,2.2 nF,,,,No,,,Published
MLCC,High Voltage MLCC,FV46N222J102EFG,FV,1825,"C0G, ±5%, T=2.00 ± 0.20 mm",1000 VDC,2.2 nF,,,,No,,,Published
MLCC,High Voltage MLCC,FV46N222J152EFG,FV,1825,"C0G, ±5%, T=2.00 ± 0.20 mm",1500 VDC,2.2 nF,,,,No,,,Published
MLCC,High Voltage MLCC,FV46N222J202EFG,FV,1825,"C0G, ±5%, T=2.00 ± 0.20 mm",2000 VDC,2.2 nF,,,,No,,,Published
MLCC,High Voltage MLCC,FV42N272J102EFG,FV,1808,"C0G, ±5%, T=2.00 ± 0.20 mm",1000 VDC,2.7 nF,,,,No,,,Published
MLCC,High Voltage MLCC,FV43N272J102EFG,FV,1812,"C0G, ±5%, T=2.00 ± 0.20 mm",1000 VDC,2.7 nF,,,,No,,,Published
MLCC,High Voltage MLCC,FV43N272J152EGG,FV,1812,"C0G, ±5%, T=2.50 ± 0.30 mm",1500 VDC,2.7 nF,,,,No,,,Published
MLCC,High Voltage MLCC,FV43N272J202EGG,FV,1812,"C0G, ±5%, T=2.50 ± 0.30 mm",2000 VDC,2.7 nF,,,,No,,,Published
MLCC,High Voltage MLCC,FV46N272J102EFG,FV,1825,"C0G, ±5%, T=2.00 ± 0.20 mm",1000 VDC,2.7 nF,,,,No,,,Published
MLCC,High Voltage MLCC,FV46N272J152EFG,FV,1825,"C0G, ±5%, T=2.00 ± 0.20 mm",1500 VDC,2.7 nF,,,,No,,,Published
MLCC,High Voltage MLCC,FV46N272J202EFG,FV,1825,"C0G, ±5%, T=2.00 ± 0.20 mm",2000 VDC,2.7 nF,,,,No,,,Published
MLCC,High Voltage MLCC,FV42N332J102EFG,FV,1808,"C0G, ±5%, T=2.00 ± 0.20 mm",1000 VDC,3.3 nF,,,,No,,,Published
MLCC,High Voltage MLCC,FV43N332J102EFG,FV,1812,"C0G, ±5%, T=2.00 ± 0.20 mm",1000 VDC,3.3 nF,,,,No,,,Published
MLCC,High Voltage MLCC,FV43N332J152EGG,FV,1812,"C0G, ±5%, T=2.50 ± 0.30 mm",1500 VDC,3.3 nF,,,,No,,,Published
MLCC,High Voltage MLCC,FV43N332J202EGG,FV,1812,"C0G, ±5%, T=2.50 ± 0.30 mm",2000 VDC,3.3 nF,,,,No,,,Published
MLCC,High Voltage MLCC,FV46N332J102EFG,FV,1825,"C0G, ±5%, T=2.00 ± 0.20 mm",1000 VDC,3.3 nF,,,,No,,,Published
MLCC,High Voltage MLCC,FV46N332J152EFG,FV,1825,"C0G, ±5%, T=2.00 ± 0.20 mm",1500 VDC,3.3 nF,,,,No,,,Published
MLCC,High Voltage MLCC,FV46N332J202EFG,FV,1825,"C0G, ±5%, T=2.00 ± 0.20 mm",2000 VDC,3.3 nF,,,,No,,,Published
MLCC,High Voltage MLCC,FV43N392J102EGG,FV,1812,"C0G, ±5%, T=2.50 ± 0.30 mm",1000 VDC,3.9 nF,,,,No,,,Published
MLCC,High Voltage MLCC,FV46N392J102EFG,FV,1825,"C0G, ±5%, T=2.00 ± 0.20 mm",1000 VDC,3.9 nF,,,,No,,,Published
MLCC,High Voltage MLCC,FV46N392J152EFG,FV,1825,"C0G, ±5%, T=2.00 ± 0.20 mm",1500 VDC,3.9 nF,,,,No,,,Published
MLCC,High Voltage MLCC,FV46N392J202EFG,FV,1825,"C0G, ±5%, T=2.00 ± 0.20 mm",2000 VDC,3.9 nF,,,,No,,,Published
MLCC,High Voltage MLCC,FV43N472J102EFG,FV,1812,"C0G, ±5%, T=2.00 ± 0.20 mm",1000 VDC,4.7 nF,,,,No,,,Published
MLCC,High Voltage MLCC,FV43N472J102EGG,FV,1812,"C0G, ±5%, T=2.50 ± 0.30 mm",1000 VDC,4.7 nF,,,,No,,,Published
MLCC,High Voltage MLCC,FV46N472J102EFG,FV,1825,"C0G, ±5%, T=2.00 ± 0.20 mm",1000 VDC,4.7 nF,,,,No,,,Published
MLCC,High Voltage MLCC,FV46N472J152EFG,FV,1825,"C0G, ±5%, T=2.00 ± 0.20 mm",1500 VDC,4.7 nF,,,,No,,,Published
MLCC,High Voltage MLCC,FV46N472J202EFG,FV,1825,"C0G, ±5%, T=2.00 ± 0.20 mm",2000 VDC,4.7 nF,,,,No,,,Published
MLCC,High Voltage MLCC,FV43N562J102EGG,FV,1812,"C0G, ±5%, T=2.50 ± 0.30 mm",1000 VDC,5.6 nF,,,,No,,,Published
MLCC,High Voltage MLCC,FV46N562J102EFG,FV,1825,"C0G, ±5%, T=2.00 ± 0.20 mm",1000 VDC,5.6 nF,,,,No,,,Published
MLCC,High Voltage MLCC,FV43N682J102EGG,FV,1812,"C0G, ±5%, T=2.50 ± 0.30 mm",1000 VDC,6.8 nF,,,,No,,,Published
MLCC,High Voltage MLCC,FV46N682J102EFG,FV,1825,"C0G, ±5%, T=2.00 ± 0.20 mm",1000 VDC,6.8 nF,,,,No,,,Published
MLCC,High Voltage MLCC,FV43N822J102EGG,FV,1812,"C0G, ±5%, T=2.50 ± 0.30 mm",1000 VDC,8.2 nF,,,,No,,,Published
MLCC,High Voltage MLCC,FV46N822J102EGG,FV,1825,"C0G, ±5%, T=2.50 ± 0.30 mm",1000 VDC,8.2 nF,,,,No,,,Published
MLCC,High Voltage MLCC,FV43N103J102EGG,FV,1812,"C0G, ±5%, T=2.50 ± 0.30 mm",1000 VDC,10 nF,,,,No,,,Published
MLCC,High Voltage MLCC,FV46N103J102EGG,FV,1825,"C0G, ±5%, T=2.50 ± 0.30 mm",1000 VDC,10 nF,,,,No,,,Published
MLCC,High Voltage MLCC,FV43N123J102EGG,FV,1812,"C0G, ±5%, T=2.50 ± 0.30 mm",1000 VDC,12 nF,,,,No,,,Published
MLCC,High Voltage MLCC,FV55N100J102EFG,FV,2220,"C0G, ±5%, T=2.00 ± 0.20 mm",1000 VDC,10 pF,,,,No,,,Published
MLCC,High Voltage MLCC,FV55N100J152EFG,FV,2220,"C0G, ±5%, T=2.00 ± 0.20 mm",1500 VDC,10 pF,,,,No,,,Published
MLCC,High Voltage MLCC,FV55N100J202EFG,FV,2220,"C0G, ±5%, T=2.00 ± 0.20 mm",2000 VDC,10 pF,,,,No,,,Published
MLCC,High Voltage MLCC,FV55N100J302EFG,FV,2220,"C0G, ±5%, T=2.00 ± 0.20 mm",3000 VDC,10 pF,,,,No,,,Published
MLCC,High Voltage MLCC,FV55N100J402EFG,FV,2220,"C0G, ±5%, T=2.00 ± 0.20 mm",4000 VDC,10 pF,,,,No,,,Published
MLCC,High Voltage MLCC,FV56N100J102EFG,FV,2225,"C0G, ±5%, T=2.00 ± 0.20 mm",1000 VDC,10 pF,,,,No,,,Published
MLCC,High Voltage MLCC,FV56N100J152EFG,FV,2225,"C0G, ±5%, T=2.00 ± 0.20 mm",1500 VDC,10 pF,,,,No,,,Published
MLCC,High Voltage MLCC,FV56N100J202EFG,FV,2225,"C0G, ±5%, T=2.00 ± 0.20 mm",2000 VDC,10 pF,,,,No,,,Published
MLCC,High Voltage MLCC,FV56N100J302EFG,FV,2225,"C0G, ±5%, T=2.00 ± 0.20 mm",3000 VDC,10 pF,,,,No,,,Published
MLCC,High Voltage MLCC,FV56N100J402EFG,FV,2225,"C0G, ±5%, T=2.00 ± 0.20 mm",4000 VDC,10 pF,,,,No,,,Published
MLCC,High Voltage MLCC,FV55N120J102EFG,FV,2220,"C0G, ±5%, T=2.00 ± 0.20 mm",1000 VDC,12 pF,,,,No,,,Published
MLCC,High Voltage MLCC,FV55N120J152EFG,FV,2220,"C0G, ±5%, T=2.00 ± 0.20 mm",1500 VDC,12 pF,,,,No,,,Published
MLCC,High Voltage MLCC,FV55N120J202EFG,FV,2220,"C0G, ±5%, T=2.00 ± 0.20 mm",2000 VDC,12 pF,,,,No,,,Published
MLCC,High Voltage MLCC,FV55N120J302EFG,FV,2220,"C0G, ±5%, T=2.00 ± 0.20 mm",3000 VDC,12 pF,,,,No,,,Published
MLCC,High Voltage MLCC,FV55N120J402EFG,FV,2220,"C0G, ±5%, T=2.00 ± 0.20 mm",4000 VDC,12 pF,,,,No,,,Published
MLCC,High Voltage MLCC,FV56N120J102EFG,FV,2225,"C0G, ±5%, T=2.00 ± 0.20 mm",1000 VDC,12 pF,,,,No,,,Published
MLCC,High Voltage MLCC,FV56N120J152EFG,FV,2225,"C0G, ±5%, T=2.00 ± 0.20 mm",1500 VDC,12 pF,,,,No,,,Published
MLCC,High Voltage MLCC,FV56N120J202EFG,FV,2225,"C0G, ±5%, T=2.00 ± 0.20 mm",2000 VDC,12 pF,,,,No,,,Published
MLCC,High Voltage MLCC,FV56N120J302EFG,FV,2225,"C0G, ±5%, T=2.00 ± 0.20 mm",3000 VDC,12 pF,,,,No,,,Published
MLCC,High Voltage MLCC,FV56N120J402EFG,FV,2225,"C0G, ±5%, T=2.00 ± 0.20 mm",4000 VDC,12 pF,,,,No,,,Published
MLCC,High Voltage MLCC,FV55N150J102EFG,FV,2220,"C0G, ±5%, T=2.00 ± 0.20 mm",1000 VDC,15 pF,,,,No,,,Published
MLCC,High Voltage MLCC,FV55N150J152EFG,FV,2220,"C0G, ±5%, T=2.00 ± 0.20 mm",1500 VDC,15 pF,,,,No,,,Published
MLCC,High Voltage MLCC,FV55N150J202EFG,FV,2220,"C0G, ±5%, T=2.00 ± 0.20 mm",2000 VDC,15 pF,,,,No,,,Published
MLCC,High Voltage MLCC,FV55N150J302EFG,FV,2220,"C0G, ±5%, T=2.00 ± 0.20 mm",3000 VDC,15 pF,,,,No,,,Published
MLCC,High Voltage MLCC,FV55N150J402EFG,FV,2220,"C0G, ±5%, T=2.00 ± 0.20 mm",4000 VDC,15 pF,,,,No,,,Published
MLCC,High Voltage MLCC,FV56N150J102EFG,FV,2225,"C0G, ±5%, T=2.00 ± 0.20 mm",1000 VDC,15 pF,,,,No,,,Published
MLCC,High Voltage MLCC,FV56N150J152EFG,FV,2225,"C0G, ±5%, T=2.00 ± 0.20 mm",1500 VDC,15 pF,,,,No,,,Published
MLCC,High Voltage MLCC,FV56N150J202EFG,FV,2225,"C0G, ±5%, T=2.00 ± 0.20 mm",2000 VDC,15 pF,,,,No,,,Published
MLCC,High Voltage MLCC,FV56N150J302EFG,FV,2225,"C0G, ±5%, T=2.00 ± 0.20 mm",3000 VDC,15 pF,,,,No,,,Published
MLCC,High Voltage MLCC,FV56N150J402EFG,FV,2225,"C0G, ±5%, T=2.00 ± 0.20 mm",4000 VDC,15 pF,,,,No,,,Published
MLCC,High Voltage MLCC,FV55N180J102EFG,FV,2220,"C0G, ±5%, T=2.00 ± 0.20 mm",1000 VDC,18 pF,,,,No,,,Published
MLCC,High Voltage MLCC,FV55N180J152EFG,FV,2220,"C0G, ±5%, T=2.00 ± 0.20 mm",1500 VDC,18 pF,,,,No,,,Published
MLCC,High Voltage MLCC,FV55N180J202EFG,FV,2220,"C0G, ±5%, T=2.00 ± 0.20 mm",2000 VDC,18 pF,,,,No,,,Published
MLCC,High Voltage MLCC,FV55N180J302EFG,FV,2220,"C0G, ±5%, T=2.00 ± 0.20 mm",3000 VDC,18 pF,,,,No,,,Published
MLCC,High Voltage MLCC,FV55N180J402EFG,FV,2220,"C0G, ±5%, T=2.00 ± 0.20 mm",4000 VDC,18 pF,,,,No,,,Published
MLCC,High Voltage MLCC,FV56N180J102EFG,FV,2225,"C0G, ±5%, T=2.00 ± 0.20 mm",1000 VDC,18 pF,,,,No,,,Published
MLCC,High Voltage MLCC,FV56N180J152EFG,FV,2225,"C0G, ±5%, T=2.00 ± 0.20 mm",1500 VDC,18 pF,,,,No,,,Published
MLCC,High Voltage MLCC,FV56N180J202EFG,FV,2225,"C0G, ±5%, T=2.00 ± 0.20 mm",2000 VDC,18 pF,,,,No,,,Published
MLCC,High Voltage MLCC,FV56N180J302EFG,FV,2225,"C0G, ±5%, T=2.00 ± 0.20 mm",3000 VDC,18 pF,,,,No,,,Published
MLCC,High Voltage MLCC,FV56N180J402EFG,FV,2225,"C0G, ±5%, T=2.00 ± 0.20 mm",4000 VDC,18 pF,,,,No,,,Published
MLCC,High Voltage MLCC,FV55N220J102EFG,FV,2220,"C0G, ±5%, T=2.00 ± 0.20 mm",1000 VDC,22 pF,,,,No,,,Published
MLCC,High Voltage MLCC,FV55N220J152EFG,FV,2220,"C0G, ±5%, T=2.00 ± 0.20 mm",1500 VDC,22 pF,,,,No,,,Published
MLCC,High Voltage MLCC,FV55N220J202EFG,FV,2220,"C0G, ±5%, T=2.00 ± 0.20 mm",2000 VDC,22 pF,,,,No,,,Published
MLCC,High Voltage MLCC,FV55N220J302EFG,FV,2220,"C0G, ±5%, T=2.00 ± 0.20 mm",3000 VDC,22 pF,,,,No,,,Published
MLCC,High Voltage MLCC,FV55N220J402EFG,FV,2220,"C0G, ±5%, T=2.00 ± 0.20 mm",4000 VDC,22 pF,,,,No,,,Published
MLCC,High Voltage MLCC,FV56N220J102EFG,FV,2225,"C0G, ±5%, T=2.00 ± 0.20 mm",1000 VDC,22 pF,,,,No,,,Published
MLCC,High Voltage MLCC,FV56N220J152EFG,FV,2225,"C0G, ±5%, T=2.00 ± 0.20 mm",1500 VDC,22 pF,,,,No,,,Published
MLCC,High Voltage MLCC,FV56N220J202EFG,FV,2225,"C0G, ±5%, T=2.00 ± 0.20 mm",2000 VDC,22 pF,,,,No,,,Published
MLCC,High Voltage MLCC,FV56N220J302EFG,FV,2225,"C0G, ±5%, T=2.00 ± 0.20 mm",3000 VDC,22 pF,,,,No,,,Published
MLCC,High Voltage MLCC,FV56N220J402EFG,FV,2225,"C0G, ±5%, T=2.00 ± 0.20 mm",4000 VDC,22 pF,,,,No,,,Published
MLCC,High Voltage MLCC,FV55N270J102EFG,FV,2220,"C0G, ±5%, T=2.00 ± 0.20 mm",1000 VDC,27 pF,,,,No,,,Published
MLCC,High Voltage MLCC,FV55N270J152EFG,FV,2220,"C0G, ±5%, T=2.00 ± 0.20 mm",1500 VDC,27 pF,,,,No,,,Published
MLCC,High Voltage MLCC,FV55N270J202EFG,FV,2220,"C0G, ±5%, T=2.00 ± 0.20 mm",2000 VDC,27 pF,,,,No,,,Published
MLCC,High Voltage MLCC,FV55N270J302EFG,FV,2220,"C0G, ±5%, T=2.00 ± 0.20 mm",3000 VDC,27 pF,,,,No,,,Published
MLCC,High Voltage MLCC,FV55N270J402EFG,FV,2220,"C0G, ±5%, T=2.00 ± 0.20 mm",4000 VDC,27 pF,,,,No,,,Published
MLCC,High Voltage MLCC,FV56N270J102EFG,FV,2225,"C0G, ±5%, T=2.00 ± 0.20 mm",1000 VDC,27 pF,,,,No,,,Published
MLCC,High Voltage MLCC,FV56N270J152EFG,FV,2225,"C0G, ±5%, T=2.00 ± 0.20 mm",1500 VDC,27 pF,,,,No,,,Published
MLCC,High Voltage MLCC,FV56N270J202EFG,FV,2225,"C0G, ±5%, T=2.00 ± 0.20 mm",2000 VDC,27 pF,,,,No,,,Published
MLCC,High Voltage MLCC,FV56N270J302EFG,FV,2225,"C0G, ±5%, T=2.00 ± 0.20 mm",3000 VDC,27 pF,,,,No,,,Published
MLCC,High Voltage MLCC,FV56N270J402EFG,FV,2225,"C0G, ±5%, T=2.00 ± 0.20 mm",4000 VDC,27 pF,,,,No,,,Published
MLCC,High Voltage MLCC,FV55N330J102EFG,FV,2220,"C0G, ±5%, T=2.00 ± 0.20 mm",1000 VDC,33 pF,,,,No,,,Published
MLCC,High Voltage MLCC,FV55N330J152EFG,FV,2220,"C0G, ±5%, T=2.00 ± 0.20 mm",1500 VDC,33 pF,,,,No,,,Published
MLCC,High Voltage MLCC,FV55N330J202EFG,FV,2220,"C0G, ±5%, T=2.00 ± 0.20 mm",2000 VDC,33 pF,,,,No,,,Published
MLCC,High Voltage MLCC,FV55N330J302EFG,FV,2220,"C0G, ±5%, T=2.00 ± 0.20 mm",3000 VDC,33 pF,,,,No,,,Published
MLCC,High Voltage MLCC,FV55N330J402EFG,FV,2220,"C0G, ±5%, T=2.00 ± 0.20 mm",4000 VDC,33 pF,,,,No,,,Published
MLCC,High Voltage MLCC,FV56N330J102EFG,FV,2225,"C0G, ±5%, T=2.00 ± 0.20 mm",1000 VDC,33 pF,,,,No,,,Published
MLCC,High Voltage MLCC,FV56N330J152EFG,FV,2225,"C0G, ±5%, T=2.00 ± 0.20 mm",1500 VDC,33 pF,,,,No,,,Published
MLCC,High Voltage MLCC,FV56N330J202EFG,FV,2225,"C0G, ±5%, T=2.00 ± 0.20 mm",2000 VDC,33 pF,,,,No,,,Published
MLCC,High Voltage MLCC,FV56N330J302EFG,FV,2225,"C0G, ±5%, T=2.00 ± 0.20 mm",3000 VDC,33 pF,,,,No,,,Published
MLCC,High Voltage MLCC,FV56N330J402EFG,FV,2225,"C0G, ±5%, T=2.00 ± 0.20 mm",4000 VDC,33 pF,,,,No,,,Published
MLCC,High Voltage MLCC,FV55N390J102EFG,FV,2220,"C0G, ±5%, T=2.00 ± 0.20 mm",1000 VDC,39 pF,,,,No,,,Published
MLCC,High Voltage MLCC,FV55N390J152EFG,FV,2220,"C0G, ±5%, T=2.00 ± 0.20 mm",1500 VDC,39 pF,,,,No,,,Published
MLCC,High Voltage MLCC,FV55N390J202EFG,FV,2220,"C0G, ±5%, T=2.00 ± 0.20 mm",2000 VDC,39 pF,,,,No,,,Published
MLCC,High Voltage MLCC,FV55N390J302EFG,FV,2220,"C0G, ±5%, T=2.00 ± 0.20 mm",3000 VDC,39 pF,,,,No,,,Published
MLCC,High Voltage MLCC,FV55N390J402EFG,FV,2220,"C0G, ±5%, T=2.00 ± 0.20 mm",4000 VDC,39 pF,,,,No,,,Published
MLCC,High Voltage MLCC,FV56N390J102EFG,FV,2225,"C0G, ±5%, T=2.00 ± 0.20 mm",1000 VDC,39 pF,,,,No,,,Published
MLCC,High Voltage MLCC,FV56N390J152EFG,FV,2225,"C0G, ±5%, T=2.00 ± 0.20 mm",1500 VDC,39 pF,,,,No,,,Published
MLCC,High Voltage MLCC,FV56N390J202EFG,FV,2225,"C0G, ±5%, T=2.00 ± 0.20 mm",2000 VDC,39 pF,,,,No,,,Published
MLCC,High Voltage MLCC,FV56N390J302EFG,FV,2225,"C0G, ±5%, T=2.00 ± 0.20 mm",3000 VDC,39 pF,,,,No,,,Published
MLCC,High Voltage MLCC,FV56N390J402EFG,FV,2225,"C0G, ±5%, T=2.00 ± 0.20 mm",4000 VDC,39 pF,,,,No,,,Published
MLCC,High Voltage MLCC,FV55N470J102EFG,FV,2220,"C0G, ±5%, T=2.00 ± 0.20 mm",1000 VDC,47 pF,,,,No,,,Published
MLCC,High Voltage MLCC,FV55N470J152EFG,FV,2220,"C0G, ±5%, T=2.00 ± 0.20 mm",1500 VDC,47 pF,,,,No,,,Published
MLCC,High Voltage MLCC,FV55N470J202EFG,FV,2220,"C0G, ±5%, T=2.00 ± 0.20 mm",2000 VDC,47 pF,,,,No,,,Published
MLCC,High Voltage MLCC,FV55N470J302EFG,FV,2220,"C0G, ±5%, T=2.00 ± 0.20 mm",3000 VDC,47 pF,,,,No,,,Published
MLCC,High Voltage MLCC,FV55N470J402EFG,FV,2220,"C0G, ±5%, T=2.00 ± 0.20 mm",4000 VDC,47 pF,,,,No,,,Published
MLCC,High Voltage MLCC,FV56N470J102EFG,FV,2225,"C0G, ±5%, T=2.00 ± 0.20 mm",1000 VDC,47 pF,,,,No,,,Published
MLCC,High Voltage MLCC,FV56N470J152EFG,FV,2225,"C0G, ±5%, T=2.00 ± 0.20 mm",1500 VDC,47 pF,,,,No,,,Published
MLCC,High Voltage MLCC,FV56N470J202EFG,FV,2225,"C0G, ±5%, T=2.00 ± 0.20 mm",2000 VDC,47 pF,,,,No,,,Published
MLCC,High Voltage MLCC,FV56N470J302EFG,FV,2225,"C0G, ±5%, T=2.00 ± 0.20 mm",3000 VDC,47 pF,,,,No,,,Published
MLCC,High Voltage MLCC,FV56N470J402EFG,FV,2225,"C0G, ±5%, T=2.00 ± 0.20 mm",4000 VDC,47 pF,,,,No,,,Published
MLCC,High Voltage MLCC,FV55N560J102EFG,FV,2220,"C0G, ±5%, T=2.00 ± 0.20 mm",1000 VDC,56 pF,,,,No,,,Published
MLCC,High Voltage MLCC,FV55N560J152EFG,FV,2220,"C0G, ±5%, T=2.00 ± 0.20 mm",1500 VDC,56 pF,,,,No,,,Published
MLCC,High Voltage MLCC,FV55N560J202EFG,FV,2220,"C0G, ±5%, T=2.00 ± 0.20 mm",2000 VDC,56 pF,,,,No,,,Published
MLCC,High Voltage MLCC,FV55N560J302EFG,FV,2220,"C0G, ±5%, T=2.00 ± 0.20 mm",3000 VDC,56 pF,,,,No,,,Published
MLCC,High Voltage MLCC,FV55N560J402EFG,FV,2220,"C0G, ±5%, T=2.00 ± 0.20 mm",4000 VDC,56 pF,,,,No,,,Published
MLCC,High Voltage MLCC,FV56N560J102EFG,FV,2225,"C0G, ±5%, T=2.00 ± 0.20 mm",1000 VDC,56 pF,,,,No,,,Published
MLCC,High Voltage MLCC,FV56N560J152EFG,FV,2225,"C0G, ±5%, T=2.00 ± 0.20 mm",1500 VDC,56 pF,,,,No,,,Published
MLCC,High Voltage MLCC,FV56N560J202EFG,FV,2225,"C0G, ±5%, T=2.00 ± 0.20 mm",2000 VDC,56 pF,,,,No,,,Published
MLCC,High Voltage MLCC,FV56N560J302EFG,FV,2225,"C0G, ±5%, T=2.00 ± 0.20 mm",3000 VDC,56 pF,,,,No,,,Published
MLCC,High Voltage MLCC,FV56N560J402EFG,FV,2225,"C0G, ±5%, T=2.00 ± 0.20 mm",4000 VDC,56 pF,,,,No,,,Published
MLCC,High Voltage MLCC,FV55N680J102EFG,FV,2220,"C0G, ±5%, T=2.00 ± 0.20 mm",1000 VDC,68 pF,,,,No,,,Published
MLCC,High Voltage MLCC,FV55N680J152EFG,FV,2220,"C0G, ±5%, T=2.00 ± 0.20 mm",1500 VDC,68 pF,,,,No,,,Published
MLCC,High Voltage MLCC,FV55N680J202EFG,FV,2220,"C0G, ±5%, T=2.00 ± 0.20 mm",2000 VDC,68 pF,,,,No,,,Published
MLCC,High Voltage MLCC,FV55N680J302EFG,FV,2220,"C0G, ±5%, T=2.00 ± 0.20 mm",3000 VDC,68 pF,,,,No,,,Published
MLCC,High Voltage MLCC,FV55N680J402EFG,FV,2220,"C0G, ±5%, T=2.00 ± 0.20 mm",4000 VDC,68 pF,,,,No,,,Published
MLCC,High Voltage MLCC,FV56N680J102EFG,FV,2225,"C0G, ±5%, T=2.00 ± 0.20 mm",1000 VDC,68 pF,,,,No,,,Published
MLCC,High Voltage MLCC,FV56N680J152EFG,FV,2225,"C0G, ±5%, T=2.00 ± 0.20 mm",1500 VDC,68 pF,,,,No,,,Published
MLCC,High Voltage MLCC,FV56N680J202EFG,FV,2225,"C0G, ±5%, T=2.00 ± 0.20 mm",2000 VDC,68 pF,,,,No,,,Published
MLCC,High Voltage MLCC,FV56N680J302EFG,FV,2225,"C0G, ±5%, T=2.00 ± 0.20 mm",3000 VDC,68 pF,,,,No,,,Published
MLCC,High Voltage MLCC,FV56N680J402EFG,FV,2225,"C0G, ±5%, T=2.00 ± 0.20 mm",4000 VDC,68 pF,,,,No,,,Published
MLCC,High Voltage MLCC,FV55N820J102EFG,FV,2220,"C0G, ±5%, T=2.00 ± 0.20 mm",1000 VDC,82 pF,,,,No,,,Published
MLCC,High Voltage MLCC,FV55N820J152EFG,FV,2220,"C0G, ±5%, T=2.00 ± 0.20 mm",1500 VDC,82 pF,,,,No,,,Published
MLCC,High Voltage MLCC,FV55N820J202EFG,FV,2220,"C0G, ±5%, T=2.00 ± 0.20 mm",2000 VDC,82 pF,,,,No,,,Published
MLCC,High Voltage MLCC,FV55N820J302EFG,FV,2220,"C0G, ±5%, T=2.00 ± 0.20 mm",3000 VDC,82 pF,,,,No,,,Published
MLCC,High Voltage MLCC,FV55N820J402EFG,FV,2220,"C0G, ±5%, T=2.00 ± 0.20 mm",4000 VDC,82 pF,,,,No,,,Published
MLCC,High Voltage MLCC,FV56N820J102EFG,FV,2225,"C0G, ±5%, T=2.00 ± 0.20 mm",1000 VDC,82 pF,,,,No,,,Published
MLCC,High Voltage MLCC,FV56N820J152EFG,FV,2225,"C0G, ±5%, T=2.00 ± 0.20 mm",1500 VDC,82 pF,,,,No,,,Published
MLCC,High Voltage MLCC,FV56N820J202EFG,FV,2225,"C0G, ±5%, T=2.00 ± 0.20 mm",2000 VDC,82 pF,,,,No,,,Published
MLCC,High Voltage MLCC,FV56N820J302EFG,FV,2225,"C0G, ±5%, T=2.00 ± 0.20 mm",3000 VDC,82 pF,,,,No,,,Published
MLCC,High Voltage MLCC,FV56N820J402EFG,FV,2225,"C0G, ±5%, T=2.00 ± 0.20 mm",4000 VDC,82 pF,,,,No,,,Published
MLCC,High Voltage MLCC,FV55N101J102EFG,FV,2220,"C0G, ±5%, T=2.00 ± 0.20 mm",1000 VDC,100 pF,,,,No,,,Published
MLCC,High Voltage MLCC,FV55N101J152EFG,FV,2220,"C0G, ±5%, T=2.00 ± 0.20 mm",1500 VDC,100 pF,,,,No,,,Published
MLCC,High Voltage MLCC,FV55N101J202EFG,FV,2220,"C0G, ±5%, T=2.00 ± 0.20 mm",2000 VDC,100 pF,,,,No,,,Published
MLCC,High Voltage MLCC,FV55N101J302EFG,FV,2220,"C0G, ±5%, T=2.00 ± 0.20 mm",3000 VDC,100 pF,,,,No,,,Published
MLCC,High Voltage MLCC,FV55N101J402EFG,FV,2220,"C0G, ±5%, T=2.00 ± 0.20 mm",4000 VDC,100 pF,,,,No,,,Published
MLCC,High Voltage MLCC,FV56N101J102EFG,FV,2225,"C0G, ±5%, T=2.00 ± 0.20 mm",1000 VDC,100 pF,,,,No,,,Published
MLCC,High Voltage MLCC,FV56N101J152EFG,FV,2225,"C0G, ±5%, T=2.00 ± 0.20 mm",1500 VDC,100 pF,,,,No,,,Published
MLCC,High Voltage MLCC,FV56N101J202EFG,FV,2225,"C0G, ±5%, T=2.00 ± 0.20 mm",2000 VDC,100 pF,,,,No,,,Published
MLCC,High Voltage MLCC,FV56N101J302EFG,FV,2225,"C0G, ±5%, T=2.00 ± 0.20 mm",3000 VDC,100 pF,,,,No,,,Published
MLCC,High Voltage MLCC,FV56N101J402EFG,FV,2225,"C0G, ±5%, T=2.00 ± 0.20 mm",4000 VDC,100 pF,,,,No,,,Published
MLCC,High Voltage MLCC,FV55N121J102EFG,FV,2220,"C0G, ±5%, T=2.00 ± 0.20 mm",1000 VDC,120 pF,,,,No,,,Published
MLCC,High Voltage MLCC,FV55N121J152EFG,FV,2220,"C0G, ±5%, T=2.00 ± 0.20 mm",1500 VDC,120 pF,,,,No,,,Published
MLCC,High Voltage MLCC,FV55N121J202EFG,FV,2220,"C0G, ±5%, T=2.00 ± 0.20 mm",2000 VDC,120 pF,,,,No,,,Published
MLCC,High Voltage MLCC,FV55N121J302EFG,FV,2220,"C0G, ±5%, T=2.00 ± 0.20 mm",3000 VDC,120 pF,,,,No,,,Published
MLCC,High Voltage MLCC,FV55N121J402EFG,FV,2220,"C0G, ±5%, T=2.00 ± 0.20 mm",4000 VDC,120 pF,,,,No,,,Published
MLCC,High Voltage MLCC,FV56N121J102EFG,FV,2225,"C0G, ±5%, T=2.00 ± 0.20 mm",1000 VDC,120 pF,,,,No,,,Published
MLCC,High Voltage MLCC,FV56N121J152EFG,FV,2225,"C0G, ±5%, T=2.00 ± 0.20 mm",1500 VDC,120 pF,,,,No,,,Published
MLCC,High Voltage MLCC,FV56N121J202EFG,FV,2225,"C0G, ±5%, T=2.00 ± 0.20 mm",2000 VDC,120 pF,,,,No,,,Published
MLCC,High Voltage MLCC,FV56N121J302EFG,FV,2225,"C0G, ±5%, T=2.00 ± 0.20 mm",3000 VDC,120 pF,,,,No,,,Published
MLCC,High Voltage MLCC,FV56N121J402EFQ,FV,2225,"C0G, ±5%, T=2.00 ± 0.20 mm, Surface coated",4000 VDC,120 pF,,,,No,,,Published
MLCC,High Voltage MLCC,FV55N151J102EFG,FV,2220,"C0G, ±5%, T=2.00 ± 0.20 mm",1000 VDC,150 pF,,,,No,,,Published
MLCC,High Voltage MLCC,FV55N151J152EFG,FV,2220,"C0G, ±5%, T=2.00 ± 0.20 mm",1500 VDC,150 pF,,,,No,,,Published
MLCC,High Voltage MLCC,FV55N151J202EFG,FV,2220,"C0G, ±5%, T=2.00 ± 0.20 mm",2000 VDC,150 pF,,,,No,,,Published
MLCC,High Voltage MLCC,FV55N151J302EFG,FV,2220,"C0G, ±5%, T=2.00 ± 0.20 mm",3000 VDC,150 pF,,,,No,,,Published
MLCC,High Voltage MLCC,FV55N151J402EFG,FV,2220,"C0G, ±5%, T=2.00 ± 0.20 mm",4000 VDC,150 pF,,,,No,,,Published
MLCC,High Voltage MLCC,FV56N151J102EFG,FV,2225,"C0G, ±5%, T=2.00 ± 0.20 mm",1000 VDC,150 pF,,,,No,,,Published
MLCC,High Voltage MLCC,FV56N151J152EFG,FV,2225,"C0G, ±5%, T=2.00 ± 0.20 mm",1500 VDC,150 pF,,,,No,,,Published
MLCC,High Voltage MLCC,FV56N151J202EFG,FV,2225,"C0G, ±5%, T=2.00 ± 0.20 mm",2000 VDC,150 pF,,,,No,,,Published
MLCC,High Voltage MLCC,FV56N151J302EFG,FV,2225,"C0G, ±5%, T=2.00 ± 0.20 mm",3000 VDC,150 pF,,,,No,,,Published
MLCC,High Voltage MLCC,FV56N151J402EFQ,FV,2225,"C0G, ±5%, T=2.00 ± 0.20 mm, Surface coated",4000 VDC,150 pF,,,,No,,,Published
MLCC,High Voltage MLCC,FV55N181J102EFG,FV,2220,"C0G, ±5%, T=2.00 ± 0.20 mm",1000 VDC,180 pF,,,,No,,,Published
MLCC,High Voltage MLCC,FV55N181J152EFG,FV,2220,"C0G, ±5%, T=2.00 ± 0.20 mm",1500 VDC,180 pF,,,,No,,,Published
MLCC,High Voltage MLCC,FV55N181J202EFG,FV,2220,"C0G, ±5%, T=2.00 ± 0.20 mm",2000 VDC,180 pF,,,,No,,,Published
MLCC,High Voltage MLCC,FV55N181J302EFG,FV,2220,"C0G, ±5%, T=2.00 ± 0.20 mm",3000 VDC,180 pF,,,,No,,,Published
MLCC,High Voltage MLCC,FV55N181J402EFG,FV,2220,"C0G, ±5%, T=2.00 ± 0.20 mm",4000 VDC,180 pF,,,,No,,,Published
MLCC,High Voltage MLCC,FV56N181J102EFG,FV,2225,"C0G, ±5%, T=2.00 ± 0.20 mm",1000 VDC,180 pF,,,,No,,,Published
MLCC,High Voltage MLCC,FV56N181J152EFG,FV,2225,"C0G, ±5%, T=2.00 ± 0.20 mm",1500 VDC,180 pF,,,,No,,,Published
MLCC,High Voltage MLCC,FV56N181J202EFG,FV,2225,"C0G, ±5%, T=2.00 ± 0.20 mm",2000 VDC,180 pF,,,,No,,,Published
MLCC,High Voltage MLCC,FV56N181J302EFG,FV,2225,"C0G, ±5%, T=2.00 ± 0.20 mm",3000 VDC,180 pF,,,,No,,,Published
MLCC,High Voltage MLCC,FV56N181J402EFQ,FV,2225,"C0G, ±5%, T=2.00 ± 0.20 mm, Surface coated",4000 VDC,180 pF,,,,No,,,Published
MLCC,High Voltage MLCC,FV55N221J102EFG,FV,2220,"C0G, ±5%, T=2.00 ± 0.20 mm",1000 VDC,220 pF,,,,No,,,Published
MLCC,High Voltage MLCC,FV55N221J152EFG,FV,2220,"C0G, ±5%, T=2.00 ± 0.20 mm",1500 VDC,220 pF,,,,No,,,Published
MLCC,High Voltage MLCC,FV55N221J202EFG,FV,2220,"C0G, ±5%, T=2.00 ± 0.20 mm",2000 VDC,220 pF,,,,No,,,Published
MLCC,High Voltage MLCC,FV55N221J302EFG,FV,2220,"C0G, ±5%, T=2.00 ± 0.20 mm",3000 VDC,220 pF,,,,No,,,Published
MLCC,High Voltage MLCC,FV55N221J402EFG,FV,2220,"C0G, ±5%, T=2.00 ± 0.20 mm",4000 VDC,220 pF,,,,No,,,Published
MLCC,High Voltage MLCC,FV56N221J102EFG,FV,2225,"C0G, ±5%, T=2.00 ± 0.20 mm",1000 VDC,220 pF,,,,No,,,Published
MLCC,High Voltage MLCC,FV56N221J152EFG,FV,2225,"C0G, ±5%, T=2.00 ± 0.20 mm",1500 VDC,220 pF,,,,No,,,Published
MLCC,High Voltage MLCC,FV56N221J202EFG,FV,2225,"C0G, ±5%, T=2.00 ± 0.20 mm",2000 VDC,220 pF,,,,No,,,Published
MLCC,High Voltage MLCC,FV56N221J302EFG,FV,2225,"C0G, ±5%, T=2.00 ± 0.20 mm",3000 VDC,220 pF,,,,No,,,Published
MLCC,High Voltage MLCC,FV56N221J402EFQ,FV,2225,"C0G, ±5%, T=2.00 ± 0.20 mm, Surface coated",4000 VDC,220 pF,,,,No,,,Published
MLCC,High Voltage MLCC,FV55N271J102EFG,FV,2220,"C0G, ±5%, T=2.00 ± 0.20 mm",1000 VDC,270 pF,,,,No,,,Published
MLCC,High Voltage MLCC,FV55N271J152EFG,FV,2220,"C0G, ±5%, T=2.00 ± 0.20 mm",1500 VDC,270 pF,,,,No,,,Published
MLCC,High Voltage MLCC,FV55N271J202EFG,FV,2220,"C0G, ±5%, T=2.00 ± 0.20 mm",2000 VDC,270 pF,,,,No,,,Published
MLCC,High Voltage MLCC,FV55N271J302EFG,FV,2220,"C0G, ±5%, T=2.00 ± 0.20 mm",3000 VDC,270 pF,,,,No,,,Published
MLCC,High Voltage MLCC,FV55N271J402EGG,FV,2220,"C0G, ±5%, T=2.50 ± 0.30 mm",4000 VDC,270 pF,,,,No,,,Published
MLCC,High Voltage MLCC,FV56N271J102EFG,FV,2225,"C0G, ±5%, T=2.00 ± 0.20 mm",1000 VDC,270 pF,,,,No,,,Published
MLCC,High Voltage MLCC,FV56N271J152EFG,FV,2225,"C0G, ±5%, T=2.00 ± 0.20 mm",1500 VDC,270 pF,,,,No,,,Published
MLCC,High Voltage MLCC,FV56N271J202EFG,FV,2225,"C0G, ±5%, T=2.00 ± 0.20 mm",2000 VDC,270 pF,,,,No,,,Published
MLCC,High Voltage MLCC,FV56N271J302EFG,FV,2225,"C0G, ±5%, T=2.00 ± 0.20 mm",3000 VDC,270 pF,,,,No,,,Published
MLCC,High Voltage MLCC,FV56N271J402EFQ,FV,2225,"C0G, ±5%, T=2.00 ± 0.20 mm, Surface coated",4000 VDC,270 pF,,,,No,,,Published
MLCC,High Voltage MLCC,FV55N331J102EFG,FV,2220,"C0G, ±5%, T=2.00 ± 0.20 mm",1000 VDC,330 pF,,,,No,,,Published
MLCC,High Voltage MLCC,FV55N331J152EFG,FV,2220,"C0G, ±5%, T=2.00 ± 0.20 mm",1500 VDC,330 pF,,,,No,,,Published
MLCC,High Voltage MLCC,FV55N331J202EFG,FV,2220,"C0G, ±5%, T=2.00 ± 0.20 mm",2000 VDC,330 pF,,,,No,,,Published
MLCC,High Voltage MLCC,FV55N331J302EFG,FV,2220,"C0G, ±5%, T=2.00 ± 0.20 mm",3000 VDC,330 pF,,,,No,,,Published
MLCC,High Voltage MLCC,FV55N331J402EGG,FV,2220,"C0G, ±5%, T=2.50 ± 0.30 mm",4000 VDC,330 pF,,,,No,,,Published
MLCC,High Voltage MLCC,FV56N331J102EFG,FV,2225,"C0G, ±5%, T=2.00 ± 0.20 mm",1000 VDC,330 pF,,,,No,,,Published
MLCC,High Voltage MLCC,FV56N331J152EFG,FV,2225,"C0G, ±5%, T=2.00 ± 0.20 mm",1500 VDC,330 pF,,,,No,,,Published
MLCC,High Voltage MLCC,FV56N331J202EFG,FV,2225,"C0G, ±5%, T=2.00 ± 0.20 mm",2000 VDC,330 pF,,,,No,,,Published
MLCC,High Voltage MLCC,FV56N331J302EFG,FV,2225,"C0G, ±5%, T=2.00 ± 0.20 mm",3000 VDC,330 pF,,,,No,,,Published
MLCC,High Voltage MLCC,FV56N331J402EFQ,FV,2225,"C0G, ±5%, T=2.00 ± 0.20 mm, Surface coated",4000 VDC,330 pF,,,,No,,,Published
MLCC,High Voltage MLCC,FV55N391J102EFG,FV,2220,"C0G, ±5%, T=2.00 ± 0.20 mm",1000 VDC,390 pF,,,,No,,,Published
MLCC,High Voltage MLCC,FV55N391J152EFG,FV,2220,"C0G, ±5%, T=2.00 ± 0.20 mm",1500 VDC,390 pF,,,,No,,,Published
MLCC,High Voltage MLCC,FV55N391J202EFG,FV,2220,"C0G, ±5%, T=2.00 ± 0.20 mm",2000 VDC,390 pF,,,,No,,,Published
MLCC,High Voltage MLCC,FV55N391J302EFG,FV,2220,"C0G, ±5%, T=2.00 ± 0.20 mm",3000 VDC,390 pF,,,,No,,,Published
MLCC,High Voltage MLCC,FV56N391J102EFG,FV,2225,"C0G, ±5%, T=2.00 ± 0.20 mm",1000 VDC,390 pF,,,,No,,,Published
MLCC,High Voltage MLCC,FV56N391J152EFG,FV,2225,"C0G, ±5%, T=2.00 ± 0.20 mm",1500 VDC,390 pF,,,,No,,,Published
MLCC,High Voltage MLCC,FV56N391J202EFG,FV,2225,"C0G, ±5%, T=2.00 ± 0.20 mm",2000 VDC,390 pF,,,,No,,,Published
MLCC,High Voltage MLCC,FV56N391J302EFG,FV,2225,"C0G, ±5%, T=2.00 ± 0.20 mm",3000 VDC,390 pF,,,,No,,,Published
MLCC,High Voltage MLCC,FV56N391J402EFQ,FV,2225,"C0G, ±5%, T=2.00 ± 0.20 mm, Surface coated",4000 VDC,390 pF,,,,No,,,Published
MLCC,High Voltage MLCC,FV55N471J102EFG,FV,2220,"C0G, ±5%, T=2.00 ± 0.20 mm",1000 VDC,470 pF,,,,No,,,Published
MLCC,High Voltage MLCC,FV55N471J152EFG,FV,2220,"C0G, ±5%, T=2.00 ± 0.20 mm",1500 VDC,470 pF,,,,No,,,Published
MLCC,High Voltage MLCC,FV55N471J202EFG,FV,2220,"C0G, ±5%, T=2.00 ± 0.20 mm",2000 VDC,470 pF,,,,No,,,Published
MLCC,High Voltage MLCC,FV55N471J302EFG,FV,2220,"C0G, ±5%, T=2.00 ± 0.20 mm",3000 VDC,470 pF,,,,No,,,Published
MLCC,High Voltage MLCC,FV56N471J102EFG,FV,2225,"C0G, ±5%, T=2.00 ± 0.20 mm",1000 VDC,470 pF,,,,No,,,Published
MLCC,High Voltage MLCC,FV56N471J152EFG,FV,2225,"C0G, ±5%, T=2.00 ± 0.20 mm",1500 VDC,470 pF,,,,No,,,Published
MLCC,High Voltage MLCC,FV56N471J202EFG,FV,2225,"C0G, ±5%, T=2.00 ± 0.20 mm",2000 VDC,470 pF,,,,No,,,Published
MLCC,High Voltage MLCC,FV56N471J302EFG,FV,2225,"C0G, ±5%, T=2.00 ± 0.20 mm",3000 VDC,470 pF,,,,No,,,Published
MLCC,High Voltage MLCC,FV56N471J402EFQ,FV,2225,"C0G, ±5%, T=2.00 ± 0.20 mm, Surface coated",4000 VDC,470 pF,,,,No,,,Published
MLCC,High Voltage MLCC,FV55N561J102EFG,FV,2220,"C0G, ±5%, T=2.00 ± 0.20 mm",1000 VDC,560 pF,,,,No,,,Published
MLCC,High Voltage MLCC,FV55N561J152EFG,FV,2220,"C0G, ±5%, T=2.00 ± 0.20 mm",1500 VDC,560 pF,,,,No,,,Published
MLCC,High Voltage MLCC,FV55N561J202EFG,FV,2220,"C0G, ±5%, T=2.00 ± 0.20 mm",2000 VDC,560 pF,,,,No,,,Published
MLCC,High Voltage MLCC,FV55N561J302EFG,FV,2220,"C0G, ±5%, T=2.00 ± 0.20 mm",3000 VDC,560 pF,,,,No,,,Published
MLCC,High Voltage MLCC,FV56N561J102EFG,FV,2225,"C0G, ±5%, T=2.00 ± 0.20 mm",1000 VDC,560 pF,,,,No,,,Published
MLCC,High Voltage MLCC,FV56N561J152EFG,FV,2225,"C0G, ±5%, T=2.00 ± 0.20 mm",1500 VDC,560 pF,,,,No,,,Published
MLCC,High Voltage MLCC,FV56N561J202EFG,FV,2225,"C0G, ±5%, T=2.00 ± 0.20 mm",2000 VDC,560 pF,,,,No,,,Published
MLCC,High Voltage MLCC,FV56N561J302EFG,FV,2225,"C0G, ±5%, T=2.00 ± 0.20 mm",3000 VDC,560 pF,,,,No,,,Published
MLCC,High Voltage MLCC,FV56N561J402EFQ,FV,2225,"C0G, ±5%, T=2.00 ± 0.20 mm, Surface coated",4000 VDC,560 pF,,,,No,,,Published
MLCC,High Voltage MLCC,FV55N681J102EFG,FV,2220,"C0G, ±5%, T=2.00 ± 0.20 mm",1000 VDC,680 pF,,,,No,,,Published
MLCC,High Voltage MLCC,FV55N681J152EFG,FV,2220,"C0G, ±5%, T=2.00 ± 0.20 mm",1500 VDC,680 pF,,,,No,,,Published
MLCC,High Voltage MLCC,FV55N681J202EFG,FV,2220,"C0G, ±5%, T=2.00 ± 0.20 mm",2000 VDC,680 pF,,,,No,,,Published
MLCC,High Voltage MLCC,FV55N681J302EFG,FV,2220,"C0G, ±5%, T=2.00 ± 0.20 mm",3000 VDC,680 pF,,,,No,,,Published
MLCC,High Voltage MLCC,FV56N681J102EFG,FV,2225,"C0G, ±5%, T=2.00 ± 0.20 mm",1000 VDC,680 pF,,,,No,,,Published
MLCC,High Voltage MLCC,FV56N681J152EFG,FV,2225,"C0G, ±5%, T=2.00 ± 0.20 mm",1500 VDC,680 pF,,,,No,,,Published
MLCC,High Voltage MLCC,FV56N681J202EFG,FV,2225,"C0G, ±5%, T=2.00 ± 0.20 mm",2000 VDC,680 pF,,,,No,,,Published
MLCC,High Voltage MLCC,FV56N681J302EFG,FV,2225,"C0G, ±5%, T=2.00 ± 0.20 mm",3000 VDC,680 pF,,,,No,,,Published
MLCC,High Voltage MLCC,FV56N681J402EFQ,FV,2225,"C0G, ±5%, T=2.00 ± 0.20 mm, Surface coated",4000 VDC,680 pF,,,,No,,,Published
MLCC,High Voltage MLCC,FV55N821J102EFG,FV,2220,"C0G, ±5%, T=2.00 ± 0.20 mm",1000 VDC,820 pF,,,,No,,,Published
MLCC,High Voltage MLCC,FV55N821J152EFG,FV,2220,"C0G, ±5%, T=2.00 ± 0.20 mm",1500 VDC,820 pF,,,,No,,,Published
MLCC,High Voltage MLCC,FV55N821J202EFG,FV,2220,"C0G, ±5%, T=2.00 ± 0.20 mm",2000 VDC,820 pF,,,,No,,,Published
MLCC,High Voltage MLCC,FV55N821J302EFG,FV,2220,"C0G, ±5%, T=2.00 ± 0.20 mm",3000 VDC,820 pF,,,,No,,,Published
MLCC,High Voltage MLCC,FV56N821J102EFG,FV,2225,"C0G, ±5%, T=2.00 ± 0.20 mm",1000 VDC,820 pF,,,,No,,,Published
MLCC,High Voltage MLCC,FV56N821J152EFG,FV,2225,"C0G, ±5%, T=2.00 ± 0.20 mm",1500 VDC,820 pF,,,,No,,,Published
MLCC,High Voltage MLCC,FV56N821J202EFG,FV,2225,"C0G, ±5%, T=2.00 ± 0.20 mm",2000 VDC,820 pF,,,,No,,,Published
MLCC,High Voltage MLCC,FV56N821J302EFG,FV,2225,"C0G, ±5%, T=2.00 ± 0.20 mm",3000 VDC,820 pF,,,,No,,,Published
MLCC,High Voltage MLCC,FV56N821J402EFQ,FV,2225,"C0G, ±5%, T=2.00 ± 0.20 mm, Surface coated",4000 VDC,820 pF,,,,No,,,Published
MLCC,High Voltage MLCC,FV55N102J102EFG,FV,2220,"C0G, ±5%, T=2.00 ± 0.20 mm",1000 VDC,1 nF,,,,No,,,Published
MLCC,High Voltage MLCC,FV55N102J152EFG,FV,2220,"C0G, ±5%, T=2.00 ± 0.20 mm",1500 VDC,1 nF,,,,No,,,Published
MLCC,High Voltage MLCC,FV55N102J202EFG,FV,2220,"C0G, ±5%, T=2.00 ± 0.20 mm",2000 VDC,1 nF,,,,No,,,Published
MLCC,High Voltage MLCC,FV55N102J302EFG,FV,2220,"C0G, ±5%, T=2.00 ± 0.20 mm",3000 VDC,1 nF,,,,No,,,Published
MLCC,High Voltage MLCC,FV56N102J102EFG,FV,2225,"C0G, ±5%, T=2.00 ± 0.20 mm",1000 VDC,1 nF,,,,No,,,Published
MLCC,High Voltage MLCC,FV56N102J152EFG,FV,2225,"C0G, ±5%, T=2.00 ± 0.20 mm",1500 VDC,1 nF,,,,No,,,Published
MLCC,High Voltage MLCC,FV56N102J202EFG,FV,2225,"C0G, ±5%, T=2.00 ± 0.20 mm",2000 VDC,1 nF,,,,No,,,Published
MLCC,High Voltage MLCC,FV56N102J302EFG,FV,2225,"C0G, ±5%, T=2.00 ± 0.20 mm",3000 VDC,1 nF,,,,No,,,Published
MLCC,High Voltage MLCC,FV56N102J402EGQ,FV,2225,"C0G, ±5%, T=2.50 ± 0.30 mm, Surface coated",4000 VDC,1 nF,,,,No,,,Published
MLCC,High Voltage MLCC,FV55N122J102EFG,FV,2220,"C0G, ±5%, T=2.00 ± 0.20 mm",1000 VDC,1.2 nF,,,,No,,,Published
MLCC,High Voltage MLCC,FV55N122J152EFG,FV,2220,"C0G, ±5%, T=2.00 ± 0.20 mm",1500 VDC,1.2 nF,,,,No,,,Published
MLCC,High Voltage MLCC,FV55N122J202EFG,FV,2220,"C0G, ±5%, T=2.00 ± 0.20 mm",2000 VDC,1.2 nF,,,,No,,,Published
MLCC,High Voltage MLCC,FV55N122J302EFG,FV,2220,"C0G, ±5%, T=2.00 ± 0.20 mm",3000 VDC,1.2 nF,,,,No,,,Published
MLCC,High Voltage MLCC,FV56N122J102EFG,FV,2225,"C0G, ±5%, T=2.00 ± 0.20 mm",1000 VDC,1.2 nF,,,,No,,,Published
MLCC,High Voltage MLCC,FV56N122J152EFG,FV,2225,"C0G, ±5%, T=2.00 ± 0.20 mm",1500 VDC,1.2 nF,,,,No,,,Published
MLCC,High Voltage MLCC,FV56N122J202EFG,FV,2225,"C0G, ±5%, T=2.00 ± 0.20 mm",2000 VDC,1.2 nF,,,,No,,,Published
MLCC,High Voltage MLCC,FV56N122J302EFG,FV,2225,"C0G, ±5%, T=2.00 ± 0.20 mm",3000 VDC,1.2 nF,,,,No,,,Published
MLCC,High Voltage MLCC,FV55N152J102EFG,FV,2220,"C0G, ±5%, T=2.00 ± 0.20 mm",1000 VDC,1.5 nF,,,,No,,,Published
MLCC,High Voltage MLCC,FV55N152J152EFG,FV,2220,"C0G, ±5%, T=2.00 ± 0.20 mm",1500 VDC,1.5 nF,,,,No,,,Published
MLCC,High Voltage MLCC,FV55N152J202EFG,FV,2220,"C0G, ±5%, T=2.00 ± 0.20 mm",2000 VDC,1.5 nF,,,,No,,,Published
MLCC,High Voltage MLCC,FV55N152J302EFG,FV,2220,"C0G, ±5%, T=2.00 ± 0.20 mm",3000 VDC,1.5 nF,,,,No,,,Published
MLCC,High Voltage MLCC,FV56N152J102EFG,FV,2225,"C0G, ±5%, T=2.00 ± 0.20 mm",1000 VDC,1.5 nF,,,,No,,,Published
MLCC,High Voltage MLCC,FV56N152J152EFG,FV,2225,"C0G, ±5%, T=2.00 ± 0.20 mm",1500 VDC,1.5 nF,,,,No,,,Published
MLCC,High Voltage MLCC,FV56N152J202EFG,FV,2225,"C0G, ±5%, T=2.00 ± 0.20 mm",2000 VDC,1.5 nF,,,,No,,,Published
MLCC,High Voltage MLCC,FV56N152J302EFG,FV,2225,"C0G, ±5%, T=2.00 ± 0.20 mm",3000 VDC,1.5 nF,,,,No,,,Published
MLCC,High Voltage MLCC,FV55N182J102EFG,FV,2220,"C0G, ±5%, T=2.00 ± 0.20 mm",1000 VDC,1.8 nF,,,,No,,,Published
MLCC,High Voltage MLCC,FV55N182J152EFG,FV,2220,"C0G, ±5%, T=2.00 ± 0.20 mm",1500 VDC,1.8 nF,,,,No,,,Published
MLCC,High Voltage MLCC,FV55N182J202EFG,FV,2220,"C0G, ±5%, T=2.00 ± 0.20 mm",2000 VDC,1.8 nF,,,,No,,,Published
MLCC,High Voltage MLCC,FV56N182J102EFG,FV,2225,"C0G, ±5%, T=2.00 ± 0.20 mm",1000 VDC,1.8 nF,,,,No,,,Published
MLCC,High Voltage MLCC,FV56N182J152EFG,FV,2225,"C0G, ±5%, T=2.00 ± 0.20 mm",1500 VDC,1.8 nF,,,,No,,,Published
MLCC,High Voltage MLCC,FV56N182J202EFG,FV,2225,"C0G, ±5%, T=2.00 ± 0.20 mm",2000 VDC,1.8 nF,,,,No,,,Published
MLCC,High Voltage MLCC,FV56N182J302EFG,FV,2225,"C0G, ±5%, T=2.00 ± 0.20 mm",3000 VDC,1.8 nF,,,,No,,,Published
MLCC,High Voltage MLCC,FV55N222J102EFG,FV,2220,"C0G, ±5%, T=2.00 ± 0.20 mm",1000 VDC,2.2 nF,,,,No,,,Published
MLCC,High Voltage MLCC,FV55N222J152EFG,FV,2220,"C0G, ±5%, T=2.00 ± 0.20 mm",1500 VDC,2.2 nF,,,,No,,,Published
MLCC,High Voltage MLCC,FV55N222J202EFG,FV,2220,"C0G, ±5%, T=2.00 ± 0.20 mm",2000 VDC,2.2 nF,,,,No,,,Published
MLCC,High Voltage MLCC,FV56N222J102EFG,FV,2225,"C0G, ±5%, T=2.00 ± 0.20 mm",1000 VDC,2.2 nF,,,,No,,,Published
MLCC,High Voltage MLCC,FV56N222J152EFG,FV,2225,"C0G, ±5%, T=2.00 ± 0.20 mm",1500 VDC,2.2 nF,,,,No,,,Published
MLCC,High Voltage MLCC,FV56N222J202EFG,FV,2225,"C0G, ±5%, T=2.00 ± 0.20 mm",2000 VDC,2.2 nF,,,,No,,,Published
MLCC,High Voltage MLCC,FV56N222J302EFG,FV,2225,"C0G, ±5%, T=2.00 ± 0.20 mm",3000 VDC,2.2 nF,,,,No,,,Published
MLCC,High Voltage MLCC,FV55N272J102EFG,FV,2220,"C0G, ±5%, T=2.00 ± 0.20 mm",1000 VDC,2.7 nF,,,,No,,,Published
MLCC,High Voltage MLCC,FV55N272J152EFG,FV,2220,"C0G, ±5%, T=2.00 ± 0.20 mm",1500 VDC,2.7 nF,,,,No,,,Published
MLCC,High Voltage MLCC,FV55N272J202EFG,FV,2220,"C0G, ±5%, T=2.00 ± 0.20 mm",2000 VDC,2.7 nF,,,,No,,,Published
MLCC,High Voltage MLCC,FV56N272J102EFG,FV,2225,"C0G, ±5%, T=2.00 ± 0.20 mm",1000 VDC,2.7 nF,,,,No,,,Published
MLCC,High Voltage MLCC,FV56N272J152EFG,FV,2225,"C0G, ±5%, T=2.00 ± 0.20 mm",1500 VDC,2.7 nF,,,,No,,,Published
MLCC,High Voltage MLCC,FV56N272J202EFG,FV,2225,"C0G, ±5%, T=2.00 ± 0.20 mm",2000 VDC,2.7 nF,,,,No,,,Published
MLCC,High Voltage MLCC,FV56N272J302EGG,FV,2225,"C0G, ±5%, T=2.50 ± 0.30 mm",3000 VDC,2.7 nF,,,,No,,,Published
MLCC,High Voltage MLCC,FV55N332J102EFG,FV,2220,"C0G, ±5%, T=2.00 ± 0.20 mm",1000 VDC,3.3 nF,,,,No,,,Published
MLCC,High Voltage MLCC,FV55N332J152EFG,FV,2220,"C0G, ±5%, T=2.00 ± 0.20 mm",1500 VDC,3.3 nF,,,,No,,,Published
MLCC,High Voltage MLCC,FV55N332J202EFG,FV,2220,"C0G, ±5%, T=2.00 ± 0.20 mm",2000 VDC,3.3 nF,,,,No,,,Published
MLCC,High Voltage MLCC,FV56N332J102EFG,FV,2225,"C0G, ±5%, T=2.00 ± 0.20 mm",1000 VDC,3.3 nF,,,,No,,,Published
MLCC,High Voltage MLCC,FV56N332J152EFG,FV,2225,"C0G, ±5%, T=2.00 ± 0.20 mm",1500 VDC,3.3 nF,,,,No,,,Published
MLCC,High Voltage MLCC,FV56N332J202EFG,FV,2225,"C0G, ±5%, T=2.00 ± 0.20 mm",2000 VDC,3.3 nF,,,,No,,,Published
MLCC,High Voltage MLCC,FV56N332J302EGG,FV,2225,"C0G, ±5%, T=2.50 ± 0.30 mm",3000 VDC,3.3 nF,,,,No,,,Published
MLCC,High Voltage MLCC,FV55N392J102EFG,FV,2220,"C0G, ±5%, T=2.00 ± 0.20 mm",1000 VDC,3.9 nF,,,,No,,,Published
MLCC,High Voltage MLCC,FV55N392J152EFG,FV,2220,"C0G, ±5%, T=2.00 ± 0.20 mm",1500 VDC,3.9 nF,,,,No,,,Published
MLCC,High Voltage MLCC,FV55N392J202EFG,FV,2220,"C0G, ±5%, T=2.00 ± 0.20 mm",2000 VDC,3.9 nF,,,,No,,,Published
MLCC,High Voltage MLCC,FV56N392J102EFG,FV,2225,"C0G, ±5%, T=2.00 ± 0.20 mm",1000 VDC,3.9 nF,,,,No,,,Published
MLCC,High Voltage MLCC,FV56N392J152EFG,FV,2225,"C0G, ±5%, T=2.00 ± 0.20 mm",1500 VDC,3.9 nF,,,,No,,,Published
MLCC,High Voltage MLCC,FV56N392J202EFG,FV,2225,"C0G, ±5%, T=2.00 ± 0.20 mm",2000 VDC,3.9 nF,,,,No,,,Published
MLCC,High Voltage MLCC,FV55N472J102EFG,FV,2220,"C0G, ±5%, T=2.00 ± 0.20 mm",1000 VDC,4.7 nF,,,,No,,,Published
MLCC,High Voltage MLCC,FV55N472J152EFG,FV,2220,"C0G, ±5%, T=2.00 ± 0.20 mm",1500 VDC,4.7 nF,,,,No,,,Published
MLCC,High Voltage MLCC,FV55N472J202EFG,FV,2220,"C0G, ±5%, T=2.00 ± 0.20 mm",2000 VDC,4.7 nF,,,,No,,,Published
MLCC,High Voltage MLCC,FV56N472J102EFG,FV,2225,"C0G, ±5%, T=2.00 ± 0.20 mm",1000 VDC,4.7 nF,,,,No,,,Published
MLCC,High Voltage MLCC,FV56N472J152EFG,FV,2225,"C0G, ±5%, T=2.00 ± 0.20 mm",1500 VDC,4.7 nF,,,,No,,,Published
MLCC,High Voltage MLCC,FV56N472J202EFG,FV,2225,"C0G, ±5%, T=2.00 ± 0.20 mm",2000 VDC,4.7 nF,,,,No,,,Published
MLCC,High Voltage MLCC,FV55N562J102EFG,FV,2220,"C0G, ±5%, T=2.00 ± 0.20 mm",1000 VDC,5.6 nF,,,,No,,,Published
MLCC,High Voltage MLCC,FV56N562J102EFG,FV,2225,"C0G, ±5%, T=2.00 ± 0.20 mm",1000 VDC,5.6 nF,,,,No,,,Published
MLCC,High Voltage MLCC,FV56N562J152EFG,FV,2225,"C0G, ±5%, T=2.00 ± 0.20 mm",1500 VDC,5.6 nF,,,,No,,,Published
MLCC,High Voltage MLCC,FV56N562J202EFG,FV,2225,"C0G, ±5%, T=2.00 ± 0.20 mm",2000 VDC,5.6 nF,,,,No,,,Published
MLCC,High Voltage MLCC,FV55N682J102EFG,FV,2220,"C0G, ±5%, T=2.00 ± 0.20 mm",1000 VDC,6.8 nF,,,,No,,,Published
MLCC,High Voltage MLCC,FV56N682J102EFG,FV,2225,"C0G, ±5%, T=2.00 ± 0.20 mm",1000 VDC,6.8 nF,,,,No,,,Published
MLCC,High Voltage MLCC,FV56N682J152EFG,FV,2225,"C0G, ±5%, T=2.00 ± 0.20 mm",1500 VDC,6.8 nF,,,,No,,,Published
MLCC,High Voltage MLCC,FV56N682J202EFG,FV,2225,"C0G, ±5%, T=2.00 ± 0.20 mm",2000 VDC,6.8 nF,,,,No,,,Published
MLCC,High Voltage MLCC,FV55N822J102EGG,FV,2220,"C0G, ±5%, T=2.50 ± 0.30 mm",1000 VDC,8.2 nF,,,,No,,,Published
MLCC,High Voltage MLCC,FV56N822J102EFG,FV,2225,"C0G, ±5%, T=2.00 ± 0.20 mm",1000 VDC,8.2 nF,,,,No,,,Published
MLCC,High Voltage MLCC,FV56N822J152EGG,FV,2225,"C0G, ±5%, T=2.50 ± 0.30 mm",1500 VDC,8.2 nF,,,,No,,,Published
MLCC,High Voltage MLCC,FV56N822J202EGG,FV,2225,"C0G, ±5%, T=2.50 ± 0.30 mm",2000 VDC,8.2 nF,,,,No,,,Published
MLCC,High Voltage MLCC,FV55N103J102EFG,FV,2220,"C0G, ±5%, T=2.00 ± 0.20 mm",1000 VDC,10 nF,,,,No,,,Published
MLCC,High Voltage MLCC,FV55N103J102EGG,FV,2220,"C0G, ±5%, T=2.50 ± 0.30 mm",1000 VDC,10 nF,,,,No,,,Published
MLCC,High Voltage MLCC,FV56N103J102EGG,FV,2225,"C0G, ±5%, T=2.50 ± 0.30 mm",1000 VDC,10 nF,,,,No,,,Published
MLCC,High Voltage MLCC,FV56N103J152EGG,FV,2225,"C0G, ±5%, T=2.50 ± 0.30 mm",1500 VDC,10 nF,,,,No,,,Published
MLCC,High Voltage MLCC,FV56N103J202EGG,FV,2225,"C0G, ±5%, T=2.50 ± 0.30 mm",2000 VDC,10 nF,,,,No,,,Published
MLCC,High Voltage MLCC,FV55N123J102EGG,FV,2220,"C0G, ±5%, T=2.50 ± 0.30 mm",1000 VDC,12 nF,,,,No,,,Published
MLCC,High Voltage MLCC,FV55N153J102EGG,FV,2220,"C0G, ±5%, T=2.50 ± 0.30 mm",1000 VDC,15 nF,,,,No,,,Published
MLCC,High Voltage MLCC,FV55N183J102EGG,FV,2220,"C0G, ±5%, T=2.50 ± 0.30 mm",1000 VDC,18 nF,,,,No,,,Published
MLCC,High Voltage MLCC,FV55N223J102EGG,FV,2220,"C0G, ±5%, T=2.50 ± 0.30 mm",1000 VDC,22 nF,,,,No,,,Published
MLCC,High Voltage MLCC,FV55N273J102EGG,FV,2220,"C0G, ±5%, T=2.50 ± 0.30 mm",1000 VDC,27 nF,,,,No,,,Published
MLCC,High Voltage MLCC,FV55N333J102EGG,FV,2220,"C0G, ±5%, T=2.50 ± 0.30 mm",1000 VDC,33 nF,,,,No,,,Published
MLCC,High Voltage MLCC,FV21X101K102EXG,FV,805,"X7R, ±10%, T=0.80 ± 0.10 mm",1000 VDC,100 pF,,,,No,,,Published
MLCC,High Voltage MLCC,FV31X101K152ECG,FV,1206,"X7R, ±10%, T=1.25 ± 0.10 mm",1500 VDC,100 pF,,,,No,,,Published
MLCC,High Voltage MLCC,FV31X101K152EXG,FV,1206,"X7R, ±10%, T=0.80 ± 0.10 mm",1500 VDC,100 pF,,,,No,,,Published
MLCC,High Voltage MLCC,FV31X101K202ECG,FV,1206,"X7R, ±10%, T=1.25 ± 0.10 mm",2000 VDC,100 pF,,,,No,,,Published
MLCC,High Voltage MLCC,FV31X101K202EXG,FV,1206,"X7R, ±10%, T=0.80 ± 0.10 mm",2000 VDC,100 pF,,,,No,,,Published
MLCC,High Voltage MLCC,FV31X101K252ECG,FV,1206,"X7R, ±10%, T=1.25 ± 0.10 mm",2500 VDC,100 pF,,,,No,,,Published
MLCC,High Voltage MLCC,FV31X101K252EXG,FV,1206,"X7R, ±10%, T=0.80 ± 0.10 mm",2500 VDC,100 pF,,,,No,,,Published
MLCC,High Voltage MLCC,FV31X101K282ECG,FV,1206,"X7R, ±10%, T=1.25 ± 0.10 mm",2800 VDC,100 pF,,,,No,,,Published
MLCC,High Voltage MLCC,FV31X101K282EXG,FV,1206,"X7R, ±10%, T=0.80 ± 0.10 mm",2800 VDC,100 pF,,,,No,,,Published
MLCC,High Voltage MLCC,FV32X101K152ECG,FV,1210,"X7R, ±10%, T=1.25 ± 0.10 mm",1500 VDC,100 pF,,,,No,,,Published
MLCC,High Voltage MLCC,FV32X101K202ECG,FV,1210,"X7R, ±10%, T=1.25 ± 0.10 mm",2000 VDC,100 pF,,,,No,,,Published
MLCC,High Voltage MLCC,FV32X101K202EEG,FV,1210,"X7R, ±10%, T=1.60 ± 0.20 mm",2000 VDC,100 pF,,,,No,,,Published
MLCC,High Voltage MLCC,FV42X101K102ECG,FV,1808,"X7R, ±10%, T=1.25 ± 0.10 mm",1000 VDC,100 pF,,,,No,,,Published
MLCC,High Voltage MLCC,FV42X101K102EEG,FV,1808,"X7R, ±10%, T=1.60 ± 0.20 mm",1000 VDC,100 pF,,,,No,,,Published
MLCC,High Voltage MLCC,FV21X121K102EXG,FV,805,"X7R, ±10%, T=0.80 ± 0.10 mm",1000 VDC,120 pF,,,,No,,,Published
MLCC,High Voltage MLCC,FV31X121K152ECG,FV,1206,"X7R, ±10%, T=1.25 ± 0.10 mm",1500 VDC,120 pF,,,,No,,,Published
MLCC,High Voltage MLCC,FV31X121K152EXG,FV,1206,"X7R, ±10%, T=0.80 ± 0.10 mm",1500 VDC,120 pF,,,,No,,,Published
MLCC,High Voltage MLCC,FV31X121K202ECG,FV,1206,"X7R, ±10%, T=1.25 ± 0.10 mm",2000 VDC,120 pF,,,,No,,,Published
MLCC,High Voltage MLCC,FV31X121K202EXG,FV,1206,"X7R, ±10%, T=0.80 ± 0.10 mm",2000 VDC,120 pF,,,,No,,,Published
MLCC,High Voltage MLCC,FV31X121K252ECG,FV,1206,"X7R, ±10%, T=1.25 ± 0.10 mm",2500 VDC,120 pF,,,,No,,,Published
MLCC,High Voltage MLCC,FV31X121K252EXG,FV,1206,"X7R, ±10%, T=0.80 ± 0.10 mm",2500 VDC,120 pF,,,,No,,,Published
MLCC,High Voltage MLCC,FV31X121K282ECG,FV,1206,"X7R, ±10%, T=1.25 ± 0.10 mm",2800 VDC,120 pF,,,,No,,,Published
MLCC,High Voltage MLCC,FV31X121K282EXG,FV,1206,"X7R, ±10%, T=0.80 ± 0.10 mm",2800 VDC,120 pF,,,,No,,,Published
MLCC,High Voltage MLCC,FV32X121K152ECG,FV,1210,"X7R, ±10%, T=1.25 ± 0.10 mm",1500 VDC,120 pF,,,,No,,,Published
MLCC,High Voltage MLCC,FV32X121K202ECG,FV,1210,"X7R, ±10%, T=1.25 ± 0.10 mm",2000 VDC,120 pF,,,,No,,,Published
MLCC,High Voltage MLCC,FV32X121K202EEG,FV,1210,"X7R, ±10%, T=1.60 ± 0.20 mm",2000 VDC,120 pF,,,,No,,,Published
MLCC,High Voltage MLCC,FV42X121K102ECG,FV,1808,"X7R, ±10%, T=1.25 ± 0.10 mm",1000 VDC,120 pF,,,,No,,,Published
MLCC,High Voltage MLCC,FV42X121K102EEG,FV,1808,"X7R, ±10%, T=1.60 ± 0.20 mm",1000 VDC,120 pF,,,,No,,,Published
MLCC,High Voltage MLCC,FV21X151K102EXG,FV,805,"X7R, ±10%, T=0.80 ± 0.10 mm",1000 VDC,150 pF,,,,No,,,Published
MLCC,High Voltage MLCC,FV31X151K152ECG,FV,1206,"X7R, ±10%, T=1.25 ± 0.10 mm",1500 VDC,150 pF,,,,No,,,Published
MLCC,High Voltage MLCC,FV31X151K152EXG,FV,1206,"X7R, ±10%, T=0.80 ± 0.10 mm",1500 VDC,150 pF,,,,No,,,Published
MLCC,High Voltage MLCC,FV31X151K202ECG,FV,1206,"X7R, ±10%, T=1.25 ± 0.10 mm",2000 VDC,150 pF,,,,No,,,Published
MLCC,High Voltage MLCC,FV31X151K202EXG,FV,1206,"X7R, ±10%, T=0.80 ± 0.10 mm",2000 VDC,150 pF,,,,No,,,Published
MLCC,High Voltage MLCC,FV31X151K252ECG,FV,1206,"X7R, ±10%, T=1.25 ± 0.10 mm",2500 VDC,150 pF,,,,No,,,Published
MLCC,High Voltage MLCC,FV31X151K252EXG,FV,1206,"X7R, ±10%, T=0.80 ± 0.10 mm",2500 VDC,150 pF,,,,No,,,Published
MLCC,High Voltage MLCC,FV31X151K282ECG,FV,1206,"X7R, ±10%, T=1.25 ± 0.10 mm",2800 VDC,150 pF,,,,No,,,Published
MLCC,High Voltage MLCC,FV31X151K282EXG,FV,1206,"X7R, ±10%, T=0.80 ± 0.10 mm",2800 VDC,150 pF,,,,No,,,Published
MLCC,High Voltage MLCC,FV32X151K152ECG,FV,1210,"X7R, ±10%, T=1.25 ± 0.10 mm",1500 VDC,150 pF,,,,No,,,Published
MLCC,High Voltage MLCC,FV32X151K202ECG,FV,1210,"X7R, ±10%, T=1.25 ± 0.10 mm",2000 VDC,150 pF,,,,No,,,Published
MLCC,High Voltage MLCC,FV32X151K202EEG,FV,1210,"X7R, ±10%, T=1.60 ± 0.20 mm",2000 VDC,150 pF,,,,No,,,Published
MLCC,High Voltage MLCC,FV42X151K102ECG,FV,1808,"X7R, ±10%, T=1.25 ± 0.10 mm",1000 VDC,150 pF,,,,No,,,Published
MLCC,High Voltage MLCC,FV42X151K102EEG,FV,1808,"X7R, ±10%, T=1.60 ± 0.20 mm",1000 VDC,150 pF,,,,No,,,Published
MLCC,High Voltage MLCC,FV42X151K152ECG,FV,1808,"X7R, ±10%, T=1.25 ± 0.10 mm",1500 VDC,150 pF,,,,No,,,Published
MLCC,High Voltage MLCC,FV42X151K202ECG,FV,1808,"X7R, ±10%, T=1.25 ± 0.10 mm",2000 VDC,150 pF,,,,No,,,Published
MLCC,High Voltage MLCC,FV42X151K302ECG,FV,1808,"X7R, ±10%, T=1.25 ± 0.10 mm",3000 VDC,150 pF,,,,No,,,Published
MLCC,High Voltage MLCC,FV42X151K402EFQ,FV,1808,"X7R, ±10%, T=2.00 ± 0.20 mm, Surface coated",4000 VDC,150 pF,,,,No,,,Published
MLCC,High Voltage MLCC,FV21X181K102EXG,FV,805,"X7R, ±10%, T=0.80 ± 0.10 mm",1000 VDC,180 pF,,,,No,,,Published
MLCC,High Voltage MLCC,FV31X181K152ECG,FV,1206,"X7R, ±10%, T=1.25 ± 0.10 mm",1500 VDC,180 pF,,,,No,,,Published
MLCC,High Voltage MLCC,FV31X181K152EXG,FV,1206,"X7R, ±10%, T=0.80 ± 0.10 mm",1500 VDC,180 pF,,,,No,,,Published
MLCC,High Voltage MLCC,FV31X181K202ECG,FV,1206,"X7R, ±10%, T=1.25 ± 0.10 mm",2000 VDC,180 pF,,,,No,,,Published
MLCC,High Voltage MLCC,FV31X181K202EXG,FV,1206,"X7R, ±10%, T=0.80 ± 0.10 mm",2000 VDC,180 pF,,,,No,,,Published
MLCC,High Voltage MLCC,FV31X181K252ECG,FV,1206,"X7R, ±10%, T=1.25 ± 0.10 mm",2500 VDC,180 pF,,,,No,,,Published
MLCC,High Voltage MLCC,FV31X181K252EXG,FV,1206,"X7R, ±10%, T=0.80 ± 0.10 mm",2500 VDC,180 pF,,,,No,,,Published
MLCC,High Voltage MLCC,FV31X181K282ECG,FV,1206,"X7R, ±10%, T=1.25 ± 0.10 mm",2800 VDC,180 pF,,,,No,,,Published
MLCC,High Voltage MLCC,FV31X181K282EXG,FV,1206,"X7R, ±10%, T=0.80 ± 0.10 mm",2800 VDC,180 pF,,,,No,,,Published
MLCC,High Voltage MLCC,FV32X181K152ECG,FV,1210,"X7R, ±10%, T=1.25 ± 0.10 mm",1500 VDC,180 pF,,,,No,,,Published
MLCC,High Voltage MLCC,FV32X181K202ECG,FV,1210,"X7R, ±10%, T=1.25 ± 0.10 mm",2000 VDC,180 pF,,,,No,,,Published
MLCC,High Voltage MLCC,FV32X181K202EEG,FV,1210,"X7R, ±10%, T=1.60 ± 0.20 mm",2000 VDC,180 pF,,,,No,,,Published
MLCC,High Voltage MLCC,FV42X181K102ECG,FV,1808,"X7R, ±10%, T=1.25 ± 0.10 mm",1000 VDC,180 pF,,,,No,,,Published
MLCC,High Voltage MLCC,FV42X181K102EEG,FV,1808,"X7R, ±10%, T=1.60 ± 0.20 mm",1000 VDC,180 pF,,,,No,,,Published
MLCC,High Voltage MLCC,FV42X181K152ECG,FV,1808,"X7R, ±10%, T=1.25 ± 0.10 mm",1500 VDC,180 pF,,,,No,,,Published
MLCC,High Voltage MLCC,FV42X181K202ECG,FV,1808,"X7R, ±10%, T=1.25 ± 0.10 mm",2000 VDC,180 pF,,,,No,,,Published
MLCC,High Voltage MLCC,FV42X181K302ECG,FV,1808,"X7R, ±10%, T=1.25 ± 0.10 mm",3000 VDC,180 pF,,,,No,,,Published
MLCC,High Voltage MLCC,FV42X181K402EFQ,FV,1808,"X7R, ±10%, T=2.00 ± 0.20 mm, Surface coated",4000 VDC,180 pF,,,,No,,,Published
MLCC,High Voltage MLCC,FV21X221K102EXG,FV,805,"X7R, ±10%, T=0.80 ± 0.10 mm",1000 VDC,220 pF,,,,No,,,Published
MLCC,High Voltage MLCC,FV31X221K152ECG,FV,1206,"X7R, ±10%, T=1.25 ± 0.10 mm",1500 VDC,220 pF,,,,No,,,Published
MLCC,High Voltage MLCC,FV31X221K152EXG,FV,1206,"X7R, ±10%, T=0.80 ± 0.10 mm",1500 VDC,220 pF,,,,No,,,Published
MLCC,High Voltage MLCC,FV31X221K202ECG,FV,1206,"X7R, ±10%, T=1.25 ± 0.10 mm",2000 VDC,220 pF,,,,No,,,Published
MLCC,High Voltage MLCC,FV31X221K202EXG,FV,1206,"X7R, ±10%, T=0.80 ± 0.10 mm",2000 VDC,220 pF,,,,No,,,Published
MLCC,High Voltage MLCC,FV31X221K252ECG,FV,1206,"X7R, ±10%, T=1.25 ± 0.10 mm",2500 VDC,220 pF,,,,No,,,Published
MLCC,High Voltage MLCC,FV31X221K252EXG,FV,1206,"X7R, ±10%, T=0.80 ± 0.10 mm",2500 VDC,220 pF,,,,No,,,Published
MLCC,High Voltage MLCC,FV31X221K282ECG,FV,1206,"X7R, ±10%, T=1.25 ± 0.10 mm",2800 VDC,220 pF,,,,No,,,Published
MLCC,High Voltage MLCC,FV31X221K282EXG,FV,1206,"X7R, ±10%, T=0.80 ± 0.10 mm",2800 VDC,220 pF,,,,No,,,Published
MLCC,High Voltage MLCC,FV32X221K152EMG,FV,1210,"X7R, ±10%, T=0.95 ± 0.10 mm",1500 VDC,220 pF,,,,No,,,Published
MLCC,High Voltage MLCC,FV32X221K152ECG,FV,1210,"X7R, ±10%, T=1.25 ± 0.10 mm",1500 VDC,220 pF,,,,No,,,Published
MLCC,High Voltage MLCC,FV32X221K202EMG,FV,1210,"X7R, ±10%, T=0.95 ± 0.10 mm",2000 VDC,220 pF,,,,No,,,Published
MLCC,High Voltage MLCC,FV32X221K202ECG,FV,1210,"X7R, ±10%, T=1.25 ± 0.10 mm",2000 VDC,220 pF,,,,No,,,Published
MLCC,High Voltage MLCC,FV42X221K102EMG,FV,1808,"X7R, ±10%, T=0.95 ± 0.10 mm",1000 VDC,220 pF,,,,No,,,Published
MLCC,High Voltage MLCC,FV42X221K102ECG,FV,1808,"X7R, ±10%, T=1.25 ± 0.10 mm",1000 VDC,220 pF,,,,No,,,Published
MLCC,High Voltage MLCC,FV42X221K102EEG,FV,1808,"X7R, ±10%, T=1.60 ± 0.20 mm",1000 VDC,220 pF,,,,No,,,Published
MLCC,High Voltage MLCC,FV42X221K152ECG,FV,1808,"X7R, ±10%, T=1.25 ± 0.10 mm",1500 VDC,220 pF,,,,No,,,Published
MLCC,High Voltage MLCC,FV42X221K202ECG,FV,1808,"X7R, ±10%, T=1.25 ± 0.10 mm",2000 VDC,220 pF,,,,No,,,Published
MLCC,High Voltage MLCC,FV42X221K302ECG,FV,1808,"X7R, ±10%, T=1.25 ± 0.10 mm",3000 VDC,220 pF,,,,No,,,Published
MLCC,High Voltage MLCC,FV42X221K402EFQ,FV,1808,"X7R, ±10%, T=2.00 ± 0.20 mm, Surface coated",4000 VDC,220 pF,,,,No,,,Published
MLCC,High Voltage MLCC,FV21X271K102EXG,FV,805,"X7R, ±10%, T=0.80 ± 0.10 mm",1000 VDC,270 pF,,,,No,,,Published
MLCC,High Voltage MLCC,FV31X271K152ECG,FV,1206,"X7R, ±10%, T=1.25 ± 0.10 mm",1500 VDC,270 pF,,,,No,,,Published
MLCC,High Voltage MLCC,FV31X271K152EXG,FV,1206,"X7R, ±10%, T=0.80 ± 0.10 mm",1500 VDC,270 pF,,,,No,,,Published
MLCC,High Voltage MLCC,FV31X271K202ECG,FV,1206,"X7R, ±10%, T=1.25 ± 0.10 mm",2000 VDC,270 pF,,,,No,,,Published
MLCC,High Voltage MLCC,FV31X271K202EXG,FV,1206,"X7R, ±10%, T=0.80 ± 0.10 mm",2000 VDC,270 pF,,,,No,,,Published
MLCC,High Voltage MLCC,FV31X271K252ECG,FV,1206,"X7R, ±10%, T=1.25 ± 0.10 mm",2500 VDC,270 pF,,,,No,,,Published
MLCC,High Voltage MLCC,FV31X271K252EXG,FV,1206,"X7R, ±10%, T=0.80 ± 0.10 mm",2500 VDC,270 pF,,,,No,,,Published
MLCC,High Voltage MLCC,FV31X271K282ECG,FV,1206,"X7R, ±10%, T=1.25 ± 0.10 mm",2800 VDC,270 pF,,,,No,,,Published
MLCC,High Voltage MLCC,FV31X271K282EXG,FV,1206,"X7R, ±10%, T=0.80 ± 0.10 mm",2800 VDC,270 pF,,,,No,,,Published
MLCC,High Voltage MLCC,FV32X271K152EMG,FV,1210,"X7R, ±10%, T=0.95 ± 0.10 mm",1500 VDC,270 pF,,,,No,,,Published
MLCC,High Voltage MLCC,FV32X271K152ECG,FV,1210,"X7R, ±10%, T=1.25 ± 0.10 mm",1500 VDC,270 pF,,,,No,,,Published
MLCC,High Voltage MLCC,FV32X271K202EMG,FV,1210,"X7R, ±10%, T=0.95 ± 0.10 mm",2000 VDC,270 pF,,,,No,,,Published
MLCC,High Voltage MLCC,FV32X271K202ECG,FV,1210,"X7R, ±10%, T=1.25 ± 0.10 mm",2000 VDC,270 pF,,,,No,,,Published
MLCC,High Voltage MLCC,FV42X271K102EMG,FV,1808,"X7R, ±10%, T=0.95 ± 0.10 mm",1000 VDC,270 pF,,,,No,,,Published
MLCC,High Voltage MLCC,FV42X271K102ECG,FV,1808,"X7R, ±10%, T=1.25 ± 0.10 mm",1000 VDC,270 pF,,,,No,,,Published
MLCC,High Voltage MLCC,FV42X271K102EEG,FV,1808,"X7R, ±10%, T=1.60 ± 0.20 mm",1000 VDC,270 pF,,,,No,,,Published
MLCC,High Voltage MLCC,FV42X271K152ECG,FV,1808,"X7R, ±10%, T=1.25 ± 0.10 mm",1500 VDC,270 pF,,,,No,,,Published
MLCC,High Voltage MLCC,FV42X271K202ECG,FV,1808,"X7R, ±10%, T=1.25 ± 0.10 mm",2000 VDC,270 pF,,,,No,,,Published
MLCC,High Voltage MLCC,FV42X271K302ECG,FV,1808,"X7R, ±10%, T=1.25 ± 0.10 mm",3000 VDC,270 pF,,,,No,,,Published
MLCC,High Voltage MLCC,FV42X271K402EFQ,FV,1808,"X7R, ±10%, T=2.00 ± 0.20 mm, Surface coated",4000 VDC,270 pF,,,,No,,,Published
MLCC,High Voltage MLCC,FV21X331K102EXG,FV,805,"X7R, ±10%, T=0.80 ± 0.10 mm",1000 VDC,330 pF,,,,No,,,Published
MLCC,High Voltage MLCC,FV31X331K152ECG,FV,1206,"X7R, ±10%, T=1.25 ± 0.10 mm",1500 VDC,330 pF,,,,No,,,Published
MLCC,High Voltage MLCC,FV31X331K152EXG,FV,1206,"X7R, ±10%, T=0.80 ± 0.10 mm",1500 VDC,330 pF,,,,No,,,Published
MLCC,High Voltage MLCC,FV31X331K202ECG,FV,1206,"X7R, ±10%, T=1.25 ± 0.10 mm",2000 VDC,330 pF,,,,No,,,Published
MLCC,High Voltage MLCC,FV31X331K202EXG,FV,1206,"X7R, ±10%, T=0.80 ± 0.10 mm",2000 VDC,330 pF,,,,No,,,Published
MLCC,High Voltage MLCC,FV31X331K252ECG,FV,1206,"X7R, ±10%, T=1.25 ± 0.10 mm",2500 VDC,330 pF,,,,No,,,Published
MLCC,High Voltage MLCC,FV31X331K252EXG,FV,1206,"X7R, ±10%, T=0.80 ± 0.10 mm",2500 VDC,330 pF,,,,No,,,Published
MLCC,High Voltage MLCC,FV31X331K282ECG,FV,1206,"X7R, ±10%, T=1.25 ± 0.10 mm",2800 VDC,330 pF,,,,No,,,Published
MLCC,High Voltage MLCC,FV31X331K282EXG,FV,1206,"X7R, ±10%, T=0.80 ± 0.10 mm",2800 VDC,330 pF,,,,No,,,Published
MLCC,High Voltage MLCC,FV32X331K152EMG,FV,1210,"X7R, ±10%, T=0.95 ± 0.10 mm",1500 VDC,330 pF,,,,No,,,Published
MLCC,High Voltage MLCC,FV32X331K152ECG,FV,1210,"X7R, ±10%, T=1.25 ± 0.10 mm",1500 VDC,330 pF,,,,No,,,Published
MLCC,High Voltage MLCC,FV32X331K202EMG,FV,1210,"X7R, ±10%, T=0.95 ± 0.10 mm",2000 VDC,330 pF,,,,No,,,Published
MLCC,High Voltage MLCC,FV32X331K202ECG,FV,1210,"X7R, ±10%, T=1.25 ± 0.10 mm",2000 VDC,330 pF,,,,No,,,Published
MLCC,High Voltage MLCC,FV42X331K102EMG,FV,1808,"X7R, ±10%, T=0.95 ± 0.10 mm",1000 VDC,330 pF,,,,No,,,Published
MLCC,High Voltage MLCC,FV42X331K102ECG,FV,1808,"X7R, ±10%, T=1.25 ± 0.10 mm",1000 VDC,330 pF,,,,No,,,Published
MLCC,High Voltage MLCC,FV42X331K102EEG,FV,1808,"X7R, ±10%, T=1.60 ± 0.20 mm",1000 VDC,330 pF,,,,No,,,Published
MLCC,High Voltage MLCC,FV42X331K152ECG,FV,1808,"X7R, ±10%, T=1.25 ± 0.10 mm",1500 VDC,330 pF,,,,No,,,Published
MLCC,High Voltage MLCC,FV42X331K202ECG,FV,1808,"X7R, ±10%, T=1.25 ± 0.10 mm",2000 VDC,330 pF,,,,No,,,Published
MLCC,High Voltage MLCC,FV42X331K302ECG,FV,1808,"X7R, ±10%, T=1.25 ± 0.10 mm",3000 VDC,330 pF,,,,No,,,Published
MLCC,High Voltage MLCC,FV42X331K302EFG,FV,1808,"X7R, ±10%, T=2.00 ± 0.20 mm",3000 VDC,330 pF,,,,No,,,Published
MLCC,High Voltage MLCC,FV42X331K402EFQ,FV,1808,"X7R, ±10%, T=2.00 ± 0.20 mm, Surface coated",4000 VDC,330 pF,,,,No,,,Published
MLCC,High Voltage MLCC,FV21X391K102EXG,FV,805,"X7R, ±10%, T=0.80 ± 0.10 mm",1000 VDC,390 pF,,,,No,,,Published
MLCC,High Voltage MLCC,FV31X391K152ECG,FV,1206,"X7R, ±10%, T=1.25 ± 0.10 mm",1500 VDC,390 pF,,,,No,,,Published
MLCC,High Voltage MLCC,FV31X391K152EXG,FV,1206,"X7R, ±10%, T=0.80 ± 0.10 mm",1500 VDC,390 pF,,,,No,,,Published
MLCC,High Voltage MLCC,FV31X391K202ECG,FV,1206,"X7R, ±10%, T=1.25 ± 0.10 mm",2000 VDC,390 pF,,,,No,,,Published
MLCC,High Voltage MLCC,FV31X391K202EXG,FV,1206,"X7R, ±10%, T=0.80 ± 0.10 mm",2000 VDC,390 pF,,,,No,,,Published
MLCC,High Voltage MLCC,FV31X391K252ECG,FV,1206,"X7R, ±10%, T=1.25 ± 0.10 mm",2500 VDC,390 pF,,,,No,,,Published
MLCC,High Voltage MLCC,FV31X391K252EXG,FV,1206,"X7R, ±10%, T=0.80 ± 0.10 mm",2500 VDC,390 pF,,,,No,,,Published
MLCC,High Voltage MLCC,FV31X391K282ECG,FV,1206,"X7R, ±10%, T=1.25 ± 0.10 mm",2800 VDC,390 pF,,,,No,,,Published
MLCC,High Voltage MLCC,FV31X391K282EXG,FV,1206,"X7R, ±10%, T=0.80 ± 0.10 mm",2800 VDC,390 pF,,,,No,,,Published
MLCC,High Voltage MLCC,FV32X391K152EMG,FV,1210,"X7R, ±10%, T=0.95 ± 0.10 mm",1500 VDC,390 pF,,,,No,,,Published
MLCC,High Voltage MLCC,FV32X391K152ECG,FV,1210,"X7R, ±10%, T=1.25 ± 0.10 mm",1500 VDC,390 pF,,,,No,,,Published
MLCC,High Voltage MLCC,FV32X391K202EMG,FV,1210,"X7R, ±10%, T=0.95 ± 0.10 mm",2000 VDC,390 pF,,,,No,,,Published
MLCC,High Voltage MLCC,FV32X391K202ECG,FV,1210,"X7R, ±10%, T=1.25 ± 0.10 mm",2000 VDC,390 pF,,,,No,,,Published
MLCC,High Voltage MLCC,FV42X391K102EMG,FV,1808,"X7R, ±10%, T=0.95 ± 0.10 mm",1000 VDC,390 pF,,,,No,,,Published
MLCC,High Voltage MLCC,FV42X391K102ECG,FV,1808,"X7R, ±10%, T=1.25 ± 0.10 mm",1000 VDC,390 pF,,,,No,,,Published
MLCC,High Voltage MLCC,FV42X391K102EEG,FV,1808,"X7R, ±10%, T=1.60 ± 0.20 mm",1000 VDC,390 pF,,,,No,,,Published
MLCC,High Voltage MLCC,FV42X391K152ECG,FV,1808,"X7R, ±10%, T=1.25 ± 0.10 mm",1500 VDC,390 pF,,,,No,,,Published
MLCC,High Voltage MLCC,FV42X391K202ECG,FV,1808,"X7R, ±10%, T=1.25 ± 0.10 mm",2000 VDC,390 pF,,,,No,,,Published
MLCC,High Voltage MLCC,FV42X391K302ECG,FV,1808,"X7R, ±10%, T=1.25 ± 0.10 mm",3000 VDC,390 pF,,,,No,,,Published
MLCC,High Voltage MLCC,FV42X391K302EFG,FV,1808,"X7R, ±10%, T=2.00 ± 0.20 mm",3000 VDC,390 pF,,,,No,,,Published
MLCC,High Voltage MLCC,FV42X391K402EFQ,FV,1808,"X7R, ±10%, T=2.00 ± 0.20 mm, Surface coated",4000 VDC,390 pF,,,,No,,,Published
MLCC,High Voltage MLCC,FV21X471K102EXG,FV,805,"X7R, ±10%, T=0.80 ± 0.10 mm",1000 VDC,470 pF,,,,No,,,Published
MLCC,High Voltage MLCC,FV31X471K152ECG,FV,1206,"X7R, ±10%, T=1.25 ± 0.10 mm",1500 VDC,470 pF,,,,No,,,Published
MLCC,High Voltage MLCC,FV31X471K152EXG,FV,1206,"X7R, ±10%, T=0.80 ± 0.10 mm",1500 VDC,470 pF,,,,No,,,Published
MLCC,High Voltage MLCC,FV31X471K202ECG,FV,1206,"X7R, ±10%, T=1.25 ± 0.10 mm",2000 VDC,470 pF,,,,No,,,Published
MLCC,High Voltage MLCC,FV31X471K202EXG,FV,1206,"X7R, ±10%, T=0.80 ± 0.10 mm",2000 VDC,470 pF,,,,No,,,Published
MLCC,High Voltage MLCC,FV31X471K252ECG,FV,1206,"X7R, ±10%, T=1.25 ± 0.10 mm",2500 VDC,470 pF,,,,No,,,Published
MLCC,High Voltage MLCC,FV31X471K252EXG,FV,1206,"X7R, ±10%, T=0.80 ± 0.10 mm",2500 VDC,470 pF,,,,No,,,Published
MLCC,High Voltage MLCC,FV31X471K282ECG,FV,1206,"X7R, ±10%, T=1.25 ± 0.10 mm",2800 VDC,470 pF,,,,No,,,Published
MLCC,High Voltage MLCC,FV31X471K282EXG,FV,1206,"X7R, ±10%, T=0.80 ± 0.10 mm",2800 VDC,470 pF,,,,No,,,Published
MLCC,High Voltage MLCC,FV32X471K152EMG,FV,1210,"X7R, ±10%, T=0.95 ± 0.10 mm",1500 VDC,470 pF,,,,No,,,Published
MLCC,High Voltage MLCC,FV32X471K152ECG,FV,1210,"X7R, ±10%, T=1.25 ± 0.10 mm",1500 VDC,470 pF,,,,No,,,Published
MLCC,High Voltage MLCC,FV32X471K202EMG,FV,1210,"X7R, ±10%, T=0.95 ± 0.10 mm",2000 VDC,470 pF,,,,No,,,Published
MLCC,High Voltage MLCC,FV32X471K202ECG,FV,1210,"X7R, ±10%, T=1.25 ± 0.10 mm",2000 VDC,470 pF,,,,No,,,Published
MLCC,High Voltage MLCC,FV42X471K102EMG,FV,1808,"X7R, ±10%, T=0.95 ± 0.10 mm",1000 VDC,470 pF,,,,No,,,Published
MLCC,High Voltage MLCC,FV42X471K102ECG,FV,1808,"X7R, ±10%, T=1.25 ± 0.10 mm",1000 VDC,470 pF,,,,No,,,Published
MLCC,High Voltage MLCC,FV42X471K102EEG,FV,1808,"X7R, ±10%, T=1.60 ± 0.20 mm",1000 VDC,470 pF,,,,No,,,Published
MLCC,High Voltage MLCC,FV42X471K152ECG,FV,1808,"X7R, ±10%, T=1.25 ± 0.10 mm",1500 VDC,470 pF,,,,No,,,Published
MLCC,High Voltage MLCC,FV42X471K202ECG,FV,1808,"X7R, ±10%, T=1.25 ± 0.10 mm",2000 VDC,470 pF,,,,No,,,Published
MLCC,High Voltage MLCC,FV42X471K302ECG,FV,1808,"X7R, ±10%, T=1.25 ± 0.10 mm",3000 VDC,470 pF,,,,No,,,Published
MLCC,High Voltage MLCC,FV42X471K302EFG,FV,1808,"X7R, ±10%, T=2.00 ± 0.20 mm",3000 VDC,470 pF,,,,No,,,Published
MLCC,High Voltage MLCC,FV42X471K402EFQ,FV,1808,"X7R, ±10%, T=2.00 ± 0.20 mm, Surface coated",4000 VDC,470 pF,,,,No,,,Published
MLCC,High Voltage MLCC,FV21X561K102EXG,FV,805,"X7R, ±10%, T=0.80 ± 0.10 mm",1000 VDC,560 pF,,,,No,,,Published
MLCC,High Voltage MLCC,FV31X561K152ECG,FV,1206,"X7R, ±10%, T=1.25 ± 0.10 mm",1500 VDC,560 pF,,,,No,,,Published
MLCC,High Voltage MLCC,FV31X561K152EXG,FV,1206,"X7R, ±10%, T=0.80 ± 0.10 mm",1500 VDC,560 pF,,,,No,,,Published
MLCC,High Voltage MLCC,FV31X561K202ECG,FV,1206,"X7R, ±10%, T=1.25 ± 0.10 mm",2000 VDC,560 pF,,,,No,,,Published
MLCC,High Voltage MLCC,FV31X561K202EXG,FV,1206,"X7R, ±10%, T=0.80 ± 0.10 mm",2000 VDC,560 pF,,,,No,,,Published
MLCC,High Voltage MLCC,FV31X561K252ECG,FV,1206,"X7R, ±10%, T=1.25 ± 0.10 mm",2500 VDC,560 pF,,,,No,,,Published
MLCC,High Voltage MLCC,FV31X561K252EXG,FV,1206,"X7R, ±10%, T=0.80 ± 0.10 mm",2500 VDC,560 pF,,,,No,,,Published
MLCC,High Voltage MLCC,FV31X561K282ECG,FV,1206,"X7R, ±10%, T=1.25 ± 0.10 mm",2800 VDC,560 pF,,,,No,,,Published
MLCC,High Voltage MLCC,FV31X561K282EXG,FV,1206,"X7R, ±10%, T=0.80 ± 0.10 mm",2800 VDC,560 pF,,,,No,,,Published
MLCC,High Voltage MLCC,FV32X561K152EMG,FV,1210,"X7R, ±10%, T=0.95 ± 0.10 mm",1500 VDC,560 pF,,,,No,,,Published
MLCC,High Voltage MLCC,FV32X561K152ECG,FV,1210,"X7R, ±10%, T=1.25 ± 0.10 mm",1500 VDC,560 pF,,,,No,,,Published
MLCC,High Voltage MLCC,FV32X561K202EMG,FV,1210,"X7R, ±10%, T=0.95 ± 0.10 mm",2000 VDC,560 pF,,,,No,,,Published
MLCC,High Voltage MLCC,FV32X561K202ECG,FV,1210,"X7R, ±10%, T=1.25 ± 0.10 mm",2000 VDC,560 pF,,,,No,,,Published
MLCC,High Voltage MLCC,FV42X561K102EMG,FV,1808,"X7R, ±10%, T=0.95 ± 0.10 mm",1000 VDC,560 pF,,,,No,,,Published
MLCC,High Voltage MLCC,FV42X561K102ECG,FV,1808,"X7R, ±10%, T=1.25 ± 0.10 mm",1000 VDC,560 pF,,,,No,,,Published
MLCC,High Voltage MLCC,FV42X561K102EEG,FV,1808,"X7R, ±10%, T=1.60 ± 0.20 mm",1000 VDC,560 pF,,,,No,,,Published
MLCC,High Voltage MLCC,FV42X561K152ECG,FV,1808,"X7R, ±10%, T=1.25 ± 0.10 mm",1500 VDC,560 pF,,,,No,,,Published
MLCC,High Voltage MLCC,FV42X561K202ECG,FV,1808,"X7R, ±10%, T=1.25 ± 0.10 mm",2000 VDC,560 pF,,,,No,,,Published
MLCC,High Voltage MLCC,FV42X561K302ECG,FV,1808,"X7R, ±10%, T=1.25 ± 0.10 mm",3000 VDC,560 pF,,,,No,,,Published
MLCC,High Voltage MLCC,FV42X561K302EFG,FV,1808,"X7R, ±10%, T=2.00 ± 0.20 mm",3000 VDC,560 pF,,,,No,,,Published
MLCC,High Voltage MLCC,FV42X561K402EFQ,FV,1808,"X7R, ±10%, T=2.00 ± 0.20 mm, Surface coated",4000 VDC,560 pF,,,,No,,,Published
MLCC,High Voltage MLCC,FV21X681K102EXG,FV,805,"X7R, ±10%, T=0.80 ± 0.10 mm",1000 VDC,680 pF,,,,No,,,Published
MLCC,High Voltage MLCC,FV31X681K152ECG,FV,1206,"X7R, ±10%, T=1.25 ± 0.10 mm",1500 VDC,680 pF,,,,No,,,Published
MLCC,High Voltage MLCC,FV31X681K152EXG,FV,1206,"X7R, ±10%, T=0.80 ± 0.10 mm",1500 VDC,680 pF,,,,No,,,Published
MLCC,High Voltage MLCC,FV31X681K202EMG,FV,1206,"X7R, ±10%, T=0.95 ± 0.10 mm",2000 VDC,680 pF,,,,No,,,Published
MLCC,High Voltage MLCC,FV31X681K202ECG,FV,1206,"X7R, ±10%, T=1.25 ± 0.10 mm",2000 VDC,680 pF,,,,No,,,Published
MLCC,High Voltage MLCC,FV31X681K252EMG,FV,1206,"X7R, ±10%, T=0.95 ± 0.10 mm",2500 VDC,680 pF,,,,No,,,Published
MLCC,High Voltage MLCC,FV31X681K252ECG,FV,1206,"X7R, ±10%, T=1.25 ± 0.10 mm",2500 VDC,680 pF,,,,No,,,Published
MLCC,High Voltage MLCC,FV31X681K282ECQ,FV,1206,"X7R, ±10%, T=1.25 ± 0.10 mm, Surface coated",2800 VDC,680 pF,,,,No,,,Published
MLCC,High Voltage MLCC,FV32X681K102ECQ,FV,1210,"X7R, ±10%, T=1.25 ± 0.10 mm, Surface coated",1000 VDC,680 pF,,,,No,,,Published
MLCC,High Voltage MLCC,FV32X681K152EMG,FV,1210,"X7R, ±10%, T=0.95 ± 0.10 mm",1500 VDC,680 pF,,,,No,,,Published
MLCC,High Voltage MLCC,FV32X681K152ECG,FV,1210,"X7R, ±10%, T=1.25 ± 0.10 mm",1500 VDC,680 pF,,,,No,,,Published
MLCC,High Voltage MLCC,FV32X681K202EMG,FV,1210,"X7R, ±10%, T=0.95 ± 0.10 mm",2000 VDC,680 pF,,,,No,,,Published
MLCC,High Voltage MLCC,FV32X681K202ECG,FV,1210,"X7R, ±10%, T=1.25 ± 0.10 mm",2000 VDC,680 pF,,,,No,,,Published
MLCC,High Voltage MLCC,FV42X681K102EMG,FV,1808,"X7R, ±10%, T=0.95 ± 0.10 mm",1000 VDC,680 pF,,,,No,,,Published
MLCC,High Voltage MLCC,FV42X681K102ECG,FV,1808,"X7R, ±10%, T=1.25 ± 0.10 mm",1000 VDC,680 pF,,,,No,,,Published
MLCC,High Voltage MLCC,FV42X681K102EEG,FV,1808,"X7R, ±10%, T=1.60 ± 0.20 mm",1000 VDC,680 pF,,,,No,,,Published
MLCC,High Voltage MLCC,FV42X681K152ECG,FV,1808,"X7R, ±10%, T=1.25 ± 0.10 mm",1500 VDC,680 pF,,,,No,,,Published
MLCC,High Voltage MLCC,FV42X681K202ECG,FV,1808,"X7R, ±10%, T=1.25 ± 0.10 mm",2000 VDC,680 pF,,,,No,,,Published
MLCC,High Voltage MLCC,FV42X681K302ECG,FV,1808,"X7R, ±10%, T=1.25 ± 0.10 mm",3000 VDC,680 pF,,,,No,,,Published
MLCC,High Voltage MLCC,FV42X681K302EFG,FV,1808,"X7R, ±10%, T=2.00 ± 0.20 mm",3000 VDC,680 pF,,,,No,,,Published
MLCC,High Voltage MLCC,FV42X681K402EFQ,FV,1808,"X7R, ±10%, T=2.00 ± 0.20 mm, Surface coated",4000 VDC,680 pF,,,,No,,,Published
MLCC,High Voltage MLCC,FV21X821K102EXG,FV,805,"X7R, ±10%, T=0.80 ± 0.10 mm",1000 VDC,820 pF,,,,No,,,Published
MLCC,High Voltage MLCC,FV31X821K152ECG,FV,1206,"X7R, ±10%, T=1.25 ± 0.10 mm",1500 VDC,820 pF,,,,No,,,Published
MLCC,High Voltage MLCC,FV31X821K152EXG,FV,1206,"X7R, ±10%, T=0.80 ± 0.10 mm",1500 VDC,820 pF,,,,No,,,Published
MLCC,High Voltage MLCC,FV31X821K202EMG,FV,1206,"X7R, ±10%, T=0.95 ± 0.10 mm",2000 VDC,820 pF,,,,No,,,Published
MLCC,High Voltage MLCC,FV31X821K202ECG,FV,1206,"X7R, ±10%, T=1.25 ± 0.10 mm",2000 VDC,820 pF,,,,No,,,Published
MLCC,High Voltage MLCC,FV31X821K252EMG,FV,1206,"X7R, ±10%, T=0.95 ± 0.10 mm",2500 VDC,820 pF,,,,No,,,Published
MLCC,High Voltage MLCC,FV31X821K252ECG,FV,1206,"X7R, ±10%, T=1.25 ± 0.10 mm",2500 VDC,820 pF,,,,No,,,Published
MLCC,High Voltage MLCC,FV31X821K282ECQ,FV,1206,"X7R, ±10%, T=1.25 ± 0.10 mm, Surface coated",2800 VDC,820 pF,,,,No,,,Published
MLCC,High Voltage MLCC,FV32X821K102ECQ,FV,1210,"X7R, ±10%, T=1.25 ± 0.10 mm, Surface coated",1000 VDC,820 pF,,,,No,,,Published
MLCC,High Voltage MLCC,FV32X821K152EMG,FV,1210,"X7R, ±10%, T=0.95 ± 0.10 mm",1500 VDC,820 pF,,,,No,,,Published
MLCC,High Voltage MLCC,FV32X821K152ECG,FV,1210,"X7R, ±10%, T=1.25 ± 0.10 mm",1500 VDC,820 pF,,,,No,,,Published
MLCC,High Voltage MLCC,FV32X821K202EMG,FV,1210,"X7R, ±10%, T=0.95 ± 0.10 mm",2000 VDC,820 pF,,,,No,,,Published
MLCC,High Voltage MLCC,FV32X821K202ECG,FV,1210,"X7R, ±10%, T=1.25 ± 0.10 mm",2000 VDC,820 pF,,,,No,,,Published
MLCC,High Voltage MLCC,FV42X821K102EMG,FV,1808,"X7R, ±10%, T=0.95 ± 0.10 mm",1000 VDC,820 pF,,,,No,,,Published
MLCC,High Voltage MLCC,FV42X821K102ECG,FV,1808,"X7R, ±10%, T=1.25 ± 0.10 mm",1000 VDC,820 pF,,,,No,,,Published
MLCC,High Voltage MLCC,FV42X821K102EEG,FV,1808,"X7R, ±10%, T=1.60 ± 0.20 mm",1000 VDC,820 pF,,,,No,,,Published
MLCC,High Voltage MLCC,FV42X821K152ECG,FV,1808,"X7R, ±10%, T=1.25 ± 0.10 mm",1500 VDC,820 pF,,,,No,,,Published
MLCC,High Voltage MLCC,FV42X821K202ECG,FV,1808,"X7R, ±10%, T=1.25 ± 0.10 mm",2000 VDC,820 pF,,,,No,,,Published
MLCC,High Voltage MLCC,FV42X821K302ECG,FV,1808,"X7R, ±10%, T=1.25 ± 0.10 mm",3000 VDC,820 pF,,,,No,,,Published
MLCC,High Voltage MLCC,FV42X821K302EFG,FV,1808,"X7R, ±10%, T=2.00 ± 0.20 mm",3000 VDC,820 pF,,,,No,,,Published
MLCC,High Voltage MLCC,FV42X821K402EFQ,FV,1808,"X7R, ±10%, T=2.00 ± 0.20 mm, Surface coated",4000 VDC,820 pF,,,,No,,,Published
MLCC,High Voltage MLCC,FV21X102K102EXG,FV,805,"X7R, ±10%, T=0.80 ± 0.10 mm",1000 VDC,1 nF,,,,No,,,Published
MLCC,High Voltage MLCC,FV31X102K152ECG,FV,1206,"X7R, ±10%, T=1.25 ± 0.10 mm",1500 VDC,1 nF,,,,No,,,Published
MLCC,High Voltage MLCC,FV31X102K152EXG,FV,1206,"X7R, ±10%, T=0.80 ± 0.10 mm",1500 VDC,1 nF,,,,No,,,Published
MLCC,High Voltage MLCC,FV31X102K252EXG,FV,1206,"X7R, ±10%, T=0.80 ± 0.10 mm",2500 VDC,1 nF,,,,No,,,Published
MLCC,High Voltage MLCC,FV31X102K252ECG,FV,1206,"X7R, ±10%, T=1.25 ± 0.10 mm",2500 VDC,1 nF,,,,No,,,Published
MLCC,High Voltage MLCC,FV31X102K282ECQ,FV,1206,"X7R, ±10%, T=1.25 ± 0.10 mm, Surface coated",2800 VDC,1 nF,,,,No,,,Published
MLCC,High Voltage MLCC,FV32X102K102ECQ,FV,1210,"X7R, ±10%, T=1.25 ± 0.10 mm, Surface coated",1000 VDC,1 nF,,,,No,,,Published
MLCC,High Voltage MLCC,FV32X102K152EMG,FV,1210,"X7R, ±10%, T=0.95 ± 0.10 mm",1500 VDC,1 nF,,,,No,,,Published
MLCC,High Voltage MLCC,FV32X102K152ECG,FV,1210,"X7R, ±10%, T=1.25 ± 0.10 mm",1500 VDC,1 nF,,,,No,,,Published
MLCC,High Voltage MLCC,FV32X102K202ECG,FV,1210,"X7R, ±10%, T=1.25 ± 0.10 mm",2000 VDC,1 nF,,,,No,,,Published
MLCC,High Voltage MLCC,FV42X102K102EMG,FV,1808,"X7R, ±10%, T=0.95 ± 0.10 mm",1000 VDC,1 nF,,,,No,,,Published
MLCC,High Voltage MLCC,FV42X102K102ECG,FV,1808,"X7R, ±10%, T=1.25 ± 0.10 mm",1000 VDC,1 nF,,,,No,,,Published
MLCC,High Voltage MLCC,FV42X102K102EEG,FV,1808,"X7R, ±10%, T=1.60 ± 0.20 mm",1000 VDC,1 nF,,,,No,,,Published
MLCC,High Voltage MLCC,FV42X102K152ECG,FV,1808,"X7R, ±10%, T=1.25 ± 0.10 mm",1500 VDC,1 nF,,,,No,,,Published
MLCC,High Voltage MLCC,FV42X102K202ECG,FV,1808,"X7R, ±10%, T=1.25 ± 0.10 mm",2000 VDC,1 nF,,,,No,,,Published
MLCC,High Voltage MLCC,FV42X102K302ECG,FV,1808,"X7R, ±10%, T=1.25 ± 0.10 mm",3000 VDC,1 nF,,,,No,,,Published
MLCC,High Voltage MLCC,FV42X102K302EEG,FV,1808,"X7R, ±10%, T=1.60 ± 0.20 mm",3000 VDC,1 nF,,,,No,,,Published
MLCC,High Voltage MLCC,FV42X102K402ECG,FV,1808,"X7R, ±10%, T=1.25 ± 0.10 mm",4000 VDC,1 nF,,,,No,,,Published
MLCC,High Voltage MLCC,FV42X102K402EDG,FV,1808,"X7R, ±10%, T=1.40 ± 0.15 mm",4000 VDC,1 nF,,,,No,,,Published
MLCC,High Voltage MLCC,FV42X102K402EEG,FV,1808,"X7R, ±10%, T=1.60 ± 0.20 mm",4000 VDC,1 nF,,,,No,,,Published
MLCC,High Voltage MLCC,FV42X102K402EFQ,FV,1808,"X7R, ±10%, T=2.00 ± 0.20 mm, Surface coated",4000 VDC,1 nF,,,,No,,,Published
MLCC,High Voltage MLCC,FV21X122K102EXG,FV,805,"X7R, ±10%, T=0.80 ± 0.10 mm",1000 VDC,1.2 nF,,,,No,,,Published
MLCC,High Voltage MLCC,FV31X122K152ECG,FV,1206,"X7R, ±10%, T=1.25 ± 0.10 mm",1500 VDC,1.2 nF,,,,No,,,Published
MLCC,High Voltage MLCC,FV31X122K152EXG,FV,1206,"X7R, ±10%, T=0.80 ± 0.10 mm",1500 VDC,1.2 nF,,,,No,,,Published
MLCC,High Voltage MLCC,FV31X122K202EEG,FV,1206,"X7R, ±10%, T=1.60 ± 0.20 mm",2000 VDC,1.2 nF,,,,No,,,Published
MLCC,High Voltage MLCC,FV31X122K252EEG,FV,1206,"X7R, ±10%, T=1.60 ± 0.20 mm",2500 VDC,1.2 nF,,,,No,,,Published
MLCC,High Voltage MLCC,FV31X122K282EEQ,FV,1206,"X7R, ±10%, T=1.60 ± 0.20 mm, Surface coated",2800 VDC,1.2 nF,,,,No,,,Published
MLCC,High Voltage MLCC,FV32X122K152EMG,FV,1210,"X7R, ±10%, T=0.95 ± 0.10 mm",1500 VDC,1.2 nF,,,,No,,,Published
MLCC,High Voltage MLCC,FV32X122K152ECG,FV,1210,"X7R, ±10%, T=1.25 ± 0.10 mm",1500 VDC,1.2 nF,,,,No,,,Published
MLCC,High Voltage MLCC,FV32X122K202EGG,FV,1210,"X7R, ±10%, T=2.50 ± 0.30 mm",2000 VDC,1.2 nF,,,,No,,,Published
MLCC,High Voltage MLCC,FV42X122K102EMG,FV,1808,"X7R, ±10%, T=0.95 ± 0.10 mm",1000 VDC,1.2 nF,,,,No,,,Published
MLCC,High Voltage MLCC,FV42X122K102ECG,FV,1808,"X7R, ±10%, T=1.25 ± 0.10 mm",1000 VDC,1.2 nF,,,,No,,,Published
MLCC,High Voltage MLCC,FV42X122K102EEG,FV,1808,"X7R, ±10%, T=1.60 ± 0.20 mm",1000 VDC,1.2 nF,,,,No,,,Published
MLCC,High Voltage MLCC,FV42X122K152ECG,FV,1808,"X7R, ±10%, T=1.25 ± 0.10 mm",1500 VDC,1.2 nF,,,,No,,,Published
MLCC,High Voltage MLCC,FV42X122K202ECG,FV,1808,"X7R, ±10%, T=1.25 ± 0.10 mm",2000 VDC,1.2 nF,,,,No,,,Published
MLCC,High Voltage MLCC,FV42X122K202EFG,FV,1808,"X7R, ±10%, T=2.00 ± 0.20 mm",2000 VDC,1.2 nF,,,,No,,,Published
MLCC,High Voltage MLCC,FV42X122K302ECG,FV,1808,"X7R, ±10%, T=1.25 ± 0.10 mm",3000 VDC,1.2 nF,,,,No,,,Published
MLCC,High Voltage MLCC,FV42X122K302EFG,FV,1808,"X7R, ±10%, T=2.00 ± 0.20 mm",3000 VDC,1.2 nF,,,,No,,,Published
MLCC,High Voltage MLCC,FV21X152K102ECG,FV,805,"X7R, ±10%, T=1.25 ± 0.10 mm",1000 VDC,1.5 nF,,,,No,,,Published
MLCC,High Voltage MLCC,FV31X152K152ECG,FV,1206,"X7R, ±10%, T=1.25 ± 0.10 mm",1500 VDC,1.5 nF,,,,No,,,Published
MLCC,High Voltage MLCC,FV31X152K152EXG,FV,1206,"X7R, ±10%, T=0.80 ± 0.10 mm",1500 VDC,1.5 nF,,,,No,,,Published
MLCC,High Voltage MLCC,FV31X152K202EEG,FV,1206,"X7R, ±10%, T=1.60 ± 0.20 mm",2000 VDC,1.5 nF,,,,No,,,Published
MLCC,High Voltage MLCC,FV31X152K252EEG,FV,1206,"X7R, ±10%, T=1.60 ± 0.20 mm",2500 VDC,1.5 nF,,,,No,,,Published
MLCC,High Voltage MLCC,FV31X152K282EEQ,FV,1206,"X7R, ±10%, T=1.60 ± 0.20 mm, Surface coated",2800 VDC,1.5 nF,,,,No,,,Published
MLCC,High Voltage MLCC,FV32X152K152EMG,FV,1210,"X7R, ±10%, T=0.95 ± 0.10 mm",1500 VDC,1.5 nF,,,,No,,,Published
MLCC,High Voltage MLCC,FV32X152K152ECG,FV,1210,"X7R, ±10%, T=1.25 ± 0.10 mm",1500 VDC,1.5 nF,,,,No,,,Published
MLCC,High Voltage MLCC,FV32X152K202EGG,FV,1210,"X7R, ±10%, T=2.50 ± 0.30 mm",2000 VDC,1.5 nF,,,,No,,,Published
MLCC,High Voltage MLCC,FV42X152K102EFG,FV,1808,"X7R, ±10%, T=2.00 ± 0.20 mm",1000 VDC,1.5 nF,,,,No,,,Published
MLCC,High Voltage MLCC,FV42X152K152ECG,FV,1808,"X7R, ±10%, T=1.25 ± 0.10 mm",1500 VDC,1.5 nF,,,,No,,,Published
MLCC,High Voltage MLCC,FV42X152K202ECG,FV,1808,"X7R, ±10%, T=1.25 ± 0.10 mm",2000 VDC,1.5 nF,,,,No,,,Published
MLCC,High Voltage MLCC,FV42X152K202EFG,FV,1808,"X7R, ±10%, T=2.00 ± 0.20 mm",2000 VDC,1.5 nF,,,,No,,,Published
MLCC,High Voltage MLCC,FV42X152K302ECG,FV,1808,"X7R, ±10%, T=1.25 ± 0.10 mm",3000 VDC,1.5 nF,,,,No,,,Published
MLCC,High Voltage MLCC,FV42X152K302EFG,FV,1808,"X7R, ±10%, T=2.00 ± 0.20 mm",3000 VDC,1.5 nF,,,,No,,,Published
MLCC,High Voltage MLCC,FV21X182K102ECG,FV,805,"X7R, ±10%, T=1.25 ± 0.10 mm",1000 VDC,1.8 nF,,,,No,,,Published
MLCC,High Voltage MLCC,FV31X182K152ECG,FV,1206,"X7R, ±10%, T=1.25 ± 0.10 mm",1500 VDC,1.8 nF,,,,No,,,Published
MLCC,High Voltage MLCC,FV31X182K152EXG,FV,1206,"X7R, ±10%, T=0.80 ± 0.10 mm",1500 VDC,1.8 nF,,,,No,,,Published
MLCC,High Voltage MLCC,FV31X182K202EEG,FV,1206,"X7R, ±10%, T=1.60 ± 0.20 mm",2000 VDC,1.8 nF,,,,No,,,Published
MLCC,High Voltage MLCC,FV31X182K252EEG,FV,1206,"X7R, ±10%, T=1.60 ± 0.20 mm",2500 VDC,1.8 nF,,,,No,,,Published
MLCC,High Voltage MLCC,FV31X182K282EEQ,FV,1206,"X7R, ±10%, T=1.60 ± 0.20 mm, Surface coated",2800 VDC,1.8 nF,,,,No,,,Published
MLCC,High Voltage MLCC,FV32X182K152EMG,FV,1210,"X7R, ±10%, T=0.95 ± 0.10 mm",1500 VDC,1.8 nF,,,,No,,,Published
MLCC,High Voltage MLCC,FV32X182K152ECG,FV,1210,"X7R, ±10%, T=1.25 ± 0.10 mm",1500 VDC,1.8 nF,,,,No,,,Published
MLCC,High Voltage MLCC,FV32X182K202EGG,FV,1210,"X7R, ±10%, T=2.50 ± 0.30 mm",2000 VDC,1.8 nF,,,,No,,,Published
MLCC,High Voltage MLCC,FV42X182K102EFG,FV,1808,"X7R, ±10%, T=2.00 ± 0.20 mm",1000 VDC,1.8 nF,,,,No,,,Published
MLCC,High Voltage MLCC,FV42X182K152ECG,FV,1808,"X7R, ±10%, T=1.25 ± 0.10 mm",1500 VDC,1.8 nF,,,,No,,,Published
MLCC,High Voltage MLCC,FV42X182K202ECG,FV,1808,"X7R, ±10%, T=1.25 ± 0.10 mm",2000 VDC,1.8 nF,,,,No,,,Published
MLCC,High Voltage MLCC,FV42X182K202EFG,FV,1808,"X7R, ±10%, T=2.00 ± 0.20 mm",2000 VDC,1.8 nF,,,,No,,,Published
MLCC,High Voltage MLCC,FV42X182K302ECG,FV,1808,"X7R, ±10%, T=1.25 ± 0.10 mm",3000 VDC,1.8 nF,,,,No,,,Published
MLCC,High Voltage MLCC,FV42X182K302EFG,FV,1808,"X7R, ±10%, T=2.00 ± 0.20 mm",3000 VDC,1.8 nF,,,,No,,,Published
MLCC,High Voltage MLCC,FV21X222K102ECG,FV,805,"X7R, ±10%, T=1.25 ± 0.10 mm",1000 VDC,2.2 nF,,,,No,,,Published
MLCC,High Voltage MLCC,FV31X222K152ECG,FV,1206,"X7R, ±10%, T=1.25 ± 0.10 mm",1500 VDC,2.2 nF,,,,No,,,Published
MLCC,High Voltage MLCC,FV31X222K152EXG,FV,1206,"X7R, ±10%, T=0.80 ± 0.10 mm",1500 VDC,2.2 nF,,,,No,,,Published
MLCC,High Voltage MLCC,FV31X222K202EEG,FV,1206,"X7R, ±10%, T=1.60 ± 0.20 mm",2000 VDC,2.2 nF,,,,No,,,Published
MLCC,High Voltage MLCC,FV31X222K252EEG,FV,1206,"X7R, ±10%, T=1.60 ± 0.20 mm",2500 VDC,2.2 nF,,,,No,,,Published
MLCC,High Voltage MLCC,FV31X222K282EEQ,FV,1206,"X7R, ±10%, T=1.60 ± 0.20 mm, Surface coated",2800 VDC,2.2 nF,,,,No,,,Published
MLCC,High Voltage MLCC,FV32X222K152EMG,FV,1210,"X7R, ±10%, T=0.95 ± 0.10 mm",1500 VDC,2.2 nF,,,,No,,,Published
MLCC,High Voltage MLCC,FV32X222K152ECG,FV,1210,"X7R, ±10%, T=1.25 ± 0.10 mm",1500 VDC,2.2 nF,,,,No,,,Published
MLCC,High Voltage MLCC,FV32X222K202EGG,FV,1210,"X7R, ±10%, T=2.50 ± 0.30 mm",2000 VDC,2.2 nF,,,,No,,,Published
MLCC,High Voltage MLCC,FV42X222K102EFG,FV,1808,"X7R, ±10%, T=2.00 ± 0.20 mm",1000 VDC,2.2 nF,,,,No,,,Published
MLCC,High Voltage MLCC,FV42X222K152ECG,FV,1808,"X7R, ±10%, T=1.25 ± 0.10 mm",1500 VDC,2.2 nF,,,,No,,,Published
MLCC,High Voltage MLCC,FV42X222K202EEG,FV,1808,"X7R, ±10%, T=1.60 ± 0.20 mm",2000 VDC,2.2 nF,,,,No,,,Published
MLCC,High Voltage MLCC,FV42X222K202EFG,FV,1808,"X7R, ±10%, T=2.00 ± 0.20 mm",2000 VDC,2.2 nF,,,,No,,,Published
MLCC,High Voltage MLCC,FV42X222K302EEG,FV,1808,"X7R, ±10%, T=1.60 ± 0.20 mm",3000 VDC,2.2 nF,,,,No,,,Published
MLCC,High Voltage MLCC,FV42X222K302EFG,FV,1808,"X7R, ±10%, T=2.00 ± 0.20 mm",3000 VDC,2.2 nF,,,,No,,,Published
MLCC,High Voltage MLCC,FV21X272K102ECG,FV,805,"X7R, ±10%, T=1.25 ± 0.10 mm",1000 VDC,2.7 nF,,,,No,,,Published
MLCC,High Voltage MLCC,FV31X272K152ECG,FV,1206,"X7R, ±10%, T=1.25 ± 0.10 mm",1500 VDC,2.7 nF,,,,No,,,Published
MLCC,High Voltage MLCC,FV31X272K152EXG,FV,1206,"X7R, ±10%, T=0.80 ± 0.10 mm",1500 VDC,2.7 nF,,,,No,,,Published
MLCC,High Voltage MLCC,FV31X272K202EEG,FV,1206,"X7R, ±10%, T=1.60 ± 0.20 mm",2000 VDC,2.7 nF,,,,No,,,Published
MLCC,High Voltage MLCC,FV31X272K252EEG,FV,1206,"X7R, ±10%, T=1.60 ± 0.20 mm",2500 VDC,2.7 nF,,,,No,,,Published
MLCC,High Voltage MLCC,FV31X272K282EEQ,FV,1206,"X7R, ±10%, T=1.60 ± 0.20 mm, Surface coated",2800 VDC,2.7 nF,,,,No,,,Published
MLCC,High Voltage MLCC,FV32X272K152EMG,FV,1210,"X7R, ±10%, T=0.95 ± 0.10 mm",1500 VDC,2.7 nF,,,,No,,,Published
MLCC,High Voltage MLCC,FV32X272K152ECG,FV,1210,"X7R, ±10%, T=1.25 ± 0.10 mm",1500 VDC,2.7 nF,,,,No,,,Published
MLCC,High Voltage MLCC,FV32X272K202EGG,FV,1210,"X7R, ±10%, T=2.50 ± 0.30 mm",2000 VDC,2.7 nF,,,,No,,,Published
MLCC,High Voltage MLCC,FV42X272K102EGG,FV,1808,"X7R, ±10%, T=2.50 ± 0.30 mm",1000 VDC,2.7 nF,,,,No,,,Published
MLCC,High Voltage MLCC,FV42X272K152ECG,FV,1808,"X7R, ±10%, T=1.25 ± 0.10 mm",1500 VDC,2.7 nF,,,,No,,,Published
MLCC,High Voltage MLCC,FV42X272K202EFG,FV,1808,"X7R, ±10%, T=2.00 ± 0.20 mm",2000 VDC,2.7 nF,,,,No,,,Published
MLCC,High Voltage MLCC,FV42X272K302EFG,FV,1808,"X7R, ±10%, T=2.00 ± 0.20 mm",3000 VDC,2.7 nF,,,,No,,,Published
MLCC,High Voltage MLCC,FV21X332K102ECG,FV,805,"X7R, ±10%, T=1.25 ± 0.10 mm",1000 VDC,3.3 nF,,,,No,,,Published
MLCC,High Voltage MLCC,FV31X332K152ECG,FV,1206,"X7R, ±10%, T=1.25 ± 0.10 mm",1500 VDC,3.3 nF,,,,No,,,Published
MLCC,High Voltage MLCC,FV31X332K152EXG,FV,1206,"X7R, ±10%, T=0.80 ± 0.10 mm",1500 VDC,3.3 nF,,,,No,,,Published
MLCC,High Voltage MLCC,FV31X332K202EEG,FV,1206,"X7R, ±10%, T=1.60 ± 0.20 mm",2000 VDC,3.3 nF,,,,No,,,Published
MLCC,High Voltage MLCC,FV31X332K252EEG,FV,1206,"X7R, ±10%, T=1.60 ± 0.20 mm",2500 VDC,3.3 nF,,,,No,,,Published
MLCC,High Voltage MLCC,FV31X332K282EEQ,FV,1206,"X7R, ±10%, T=1.60 ± 0.20 mm, Surface coated",2800 VDC,3.3 nF,,,,No,,,Published
MLCC,High Voltage MLCC,FV32X332K152EMG,FV,1210,"X7R, ±10%, T=0.95 ± 0.10 mm",1500 VDC,3.3 nF,,,,No,,,Published
MLCC,High Voltage MLCC,FV32X332K152ECG,FV,1210,"X7R, ±10%, T=1.25 ± 0.10 mm",1500 VDC,3.3 nF,,,,No,,,Published
MLCC,High Voltage MLCC,FV32X332K202EGG,FV,1210,"X7R, ±10%, T=2.50 ± 0.30 mm",2000 VDC,3.3 nF,,,,No,,,Published
MLCC,High Voltage MLCC,FV42X332K102EGG,FV,1808,"X7R, ±10%, T=2.50 ± 0.30 mm",1000 VDC,3.3 nF,,,,No,,,Published
MLCC,High Voltage MLCC,FV42X332K152ECG,FV,1808,"X7R, ±10%, T=1.25 ± 0.10 mm",1500 VDC,3.3 nF,,,,No,,,Published
MLCC,High Voltage MLCC,FV42X332K202EFG,FV,1808,"X7R, ±10%, T=2.00 ± 0.20 mm",2000 VDC,3.3 nF,,,,No,,,Published
MLCC,High Voltage MLCC,FV42X332K302EFG,FV,1808,"X7R, ±10%, T=2.00 ± 0.20 mm",3000 VDC,3.3 nF,,,,No,,,Published
MLCC,High Voltage MLCC,FV21X392K102ECG,FV,805,"X7R, ±10%, T=1.25 ± 0.10 mm",1000 VDC,3.9 nF,,,,No,,,Published
MLCC,High Voltage MLCC,FV31X392K152ECG,FV,1206,"X7R, ±10%, T=1.25 ± 0.10 mm",1500 VDC,3.9 nF,,,,No,,,Published
MLCC,High Voltage MLCC,FV31X392K152EXG,FV,1206,"X7R, ±10%, T=0.80 ± 0.10 mm",1500 VDC,3.9 nF,,,,No,,,Published
MLCC,High Voltage MLCC,FV31X392K202EEG,FV,1206,"X7R, ±10%, T=1.60 ± 0.20 mm",2000 VDC,3.9 nF,,,,No,,,Published
MLCC,High Voltage MLCC,FV31X392K282EEQ,FV,1206,"X7R, ±10%, T=1.60 ± 0.20 mm, Surface coated",2800 VDC,3.9 nF,,,,No,,,Published
MLCC,High Voltage MLCC,FV32X392K152EMG,FV,1210,"X7R, ±10%, T=0.95 ± 0.10 mm",1500 VDC,3.9 nF,,,,No,,,Published
MLCC,High Voltage MLCC,FV32X392K152EEG,FV,1210,"X7R, ±10%, T=1.60 ± 0.20 mm",1500 VDC,3.9 nF,,,,No,,,Published
MLCC,High Voltage MLCC,FV32X392K202EGG,FV,1210,"X7R, ±10%, T=2.50 ± 0.30 mm",2000 VDC,3.9 nF,,,,No,,,Published
MLCC,High Voltage MLCC,FV42X392K102EGG,FV,1808,"X7R, ±10%, T=2.50 ± 0.30 mm",1000 VDC,3.9 nF,,,,No,,,Published
MLCC,High Voltage MLCC,FV42X392K152ECG,FV,1808,"X7R, ±10%, T=1.25 ± 0.10 mm",1500 VDC,3.9 nF,,,,No,,,Published
MLCC,High Voltage MLCC,FV42X392K202EFG,FV,1808,"X7R, ±10%, T=2.00 ± 0.20 mm",2000 VDC,3.9 nF,,,,No,,,Published
MLCC,High Voltage MLCC,FV42X392K302EFG,FV,1808,"X7R, ±10%, T=2.00 ± 0.20 mm",3000 VDC,3.9 nF,,,,No,,,Published
MLCC,High Voltage MLCC,FV42X392K402EFQ,FV,1808,"X7R, ±10%, T=2.00 ± 0.20 mm, Surface coated",4000 VDC,3.9 nF,,,,No,,,Published
MLCC,High Voltage MLCC,FV21X472K102ECG,FV,805,"X7R, ±10%, T=1.25 ± 0.10 mm",1000 VDC,4.7 nF,,,,No,,,Published
MLCC,High Voltage MLCC,FV31X472K152ECG,FV,1206,"X7R, ±10%, T=1.25 ± 0.10 mm",1500 VDC,4.7 nF,,,,No,,,Published
MLCC,High Voltage MLCC,FV31X472K152EXG,FV,1206,"X7R, ±10%, T=0.80 ± 0.10 mm",1500 VDC,4.7 nF,,,,No,,,Published
MLCC,High Voltage MLCC,FV31X472K202EEG,FV,1206,"X7R, ±10%, T=1.60 ± 0.20 mm",2000 VDC,4.7 nF,,,,No,,,Published
MLCC,High Voltage MLCC,FV31X472K282EEQ,FV,1206,"X7R, ±10%, T=1.60 ± 0.20 mm, Surface coated",2800 VDC,4.7 nF,,,,No,,,Published
MLCC,High Voltage MLCC,FV32X472K152EMG,FV,1210,"X7R, ±10%, T=0.95 ± 0.10 mm",1500 VDC,4.7 nF,,,,No,,,Published
MLCC,High Voltage MLCC,FV32X472K152EEG,FV,1210,"X7R, ±10%, T=1.60 ± 0.20 mm",1500 VDC,4.7 nF,,,,No,,,Published
MLCC,High Voltage MLCC,FV32X472K202EGG,FV,1210,"X7R, ±10%, T=2.50 ± 0.30 mm",2000 VDC,4.7 nF,,,,No,,,Published
MLCC,High Voltage MLCC,FV32X472K202EFG,FV,1210,"X7R, ±10%, T=2.00 ± 0.20 mm",2000 VDC,4.7 nF,,,,No,,,Published
MLCC,High Voltage MLCC,FV42X472K102EEG,FV,1808,"X7R, ±10%, T=1.60 ± 0.20 mm",1000 VDC,4.7 nF,,,,No,,,Published
MLCC,High Voltage MLCC,FV42X472K102EFG,FV,1808,"X7R, ±10%, T=2.00 ± 0.20 mm",1000 VDC,4.7 nF,,,,No,,,Published
MLCC,High Voltage MLCC,FV42X472K102EGG,FV,1808,"X7R, ±10%, T=2.50 ± 0.30 mm",1000 VDC,4.7 nF,,,,No,,,Published
MLCC,High Voltage MLCC,FV42X472K152ECG,FV,1808,"X7R, ±10%, T=1.25 ± 0.10 mm",1500 VDC,4.7 nF,,,,No,,,Published
MLCC,High Voltage MLCC,FV42X472K202EFG,FV,1808,"X7R, ±10%, T=2.00 ± 0.20 mm",2000 VDC,4.7 nF,,,,No,,,Published
MLCC,High Voltage MLCC,FV42X472K302EFG,FV,1808,"X7R, ±10%, T=2.00 ± 0.20 mm",3000 VDC,4.7 nF,,,,No,,,Published
MLCC,High Voltage MLCC,FV42X472K402EFQ,FV,1808,"X7R, ±10%, T=2.00 ± 0.20 mm, Surface coated",4000 VDC,4.7 nF,,,,No,,,Published
MLCC,High Voltage MLCC,FV21X562K102ECG,FV,805,"X7R, ±10%, T=1.25 ± 0.10 mm",1000 VDC,5.6 nF,,,,No,,,Published
MLCC,High Voltage MLCC,FV31X562K152ECG,FV,1206,"X7R, ±10%, T=1.25 ± 0.10 mm",1500 VDC,5.6 nF,,,,No,,,Published
MLCC,High Voltage MLCC,FV31X562K152EXG,FV,1206,"X7R, ±10%, T=0.80 ± 0.10 mm",1500 VDC,5.6 nF,,,,No,,,Published
MLCC,High Voltage MLCC,FV31X562K202EEQ,FV,1206,"X7R, ±10%, T=1.60 ± 0.20 mm, Surface coated",2000 VDC,5.6 nF,,,,No,,,Published
MLCC,High Voltage MLCC,FV32X562K152EMG,FV,1210,"X7R, ±10%, T=0.95 ± 0.10 mm",1500 VDC,5.6 nF,,,,No,,,Published
MLCC,High Voltage MLCC,FV32X562K152EEG,FV,1210,"X7R, ±10%, T=1.60 ± 0.20 mm",1500 VDC,5.6 nF,,,,No,,,Published
MLCC,High Voltage MLCC,FV32X562K202EGG,FV,1210,"X7R, ±10%, T=2.50 ± 0.30 mm",2000 VDC,5.6 nF,,,,No,,,Published
MLCC,High Voltage MLCC,FV42X562K102EGQ,FV,1808,"X7R, ±10%, T=2.50 ± 0.30 mm, Surface coated",1000 VDC,5.6 nF,,,,No,,,Published
MLCC,High Voltage MLCC,FV42X562K152ECG,FV,1808,"X7R, ±10%, T=1.25 ± 0.10 mm",1500 VDC,5.6 nF,,,,No,,,Published
MLCC,High Voltage MLCC,FV42X562K152EFG,FV,1808,"X7R, ±10%, T=2.00 ± 0.20 mm",1500 VDC,5.6 nF,,,,No,,,Published
MLCC,High Voltage MLCC,FV42X562K202EFG,FV,1808,"X7R, ±10%, T=2.00 ± 0.20 mm",2000 VDC,5.6 nF,,,,No,,,Published
MLCC,High Voltage MLCC,FV42X562K302EFG,FV,1808,"X7R, ±10%, T=2.00 ± 0.20 mm",3000 VDC,5.6 nF,,,,No,,,Published
MLCC,High Voltage MLCC,FV42X562K402EFQ,FV,1808,"X7R, ±10%, T=2.00 ± 0.20 mm, Surface coated",4000 VDC,5.6 nF,,,,No,,,Published
MLCC,High Voltage MLCC,FV21X682K102ECG,FV,805,"X7R, ±10%, T=1.25 ± 0.10 mm",1000 VDC,6.8 nF,,,,No,,,Published
MLCC,High Voltage MLCC,FV31X682K152EMG,FV,1206,"X7R, ±10%, T=0.95 ± 0.10 mm",1500 VDC,6.8 nF,,,,No,,,Published
MLCC,High Voltage MLCC,FV31X682K152ECG,FV,1206,"X7R, ±10%, T=1.25 ± 0.10 mm",1500 VDC,6.8 nF,,,,No,,,Published
MLCC,High Voltage MLCC,FV31X682K202EEQ,FV,1206,"X7R, ±10%, T=1.60 ± 0.20 mm, Surface coated",2000 VDC,6.8 nF,,,,No,,,Published
MLCC,High Voltage MLCC,FV32X682K152EMG,FV,1210,"X7R, ±10%, T=0.95 ± 0.10 mm",1500 VDC,6.8 nF,,,,No,,,Published
MLCC,High Voltage MLCC,FV32X682K152EEG,FV,1210,"X7R, ±10%, T=1.60 ± 0.20 mm",1500 VDC,6.8 nF,,,,No,,,Published
MLCC,High Voltage MLCC,FV32X682K202EGG,FV,1210,"X7R, ±10%, T=2.50 ± 0.30 mm",2000 VDC,6.8 nF,,,,No,,,Published
MLCC,High Voltage MLCC,FV42X682K102EGQ,FV,1808,"X7R, ±10%, T=2.50 ± 0.30 mm, Surface coated",1000 VDC,6.8 nF,,,,No,,,Published
MLCC,High Voltage MLCC,FV42X682K152ECG,FV,1808,"X7R, ±10%, T=1.25 ± 0.10 mm",1500 VDC,6.8 nF,,,,No,,,Published
MLCC,High Voltage MLCC,FV42X682K152EFG,FV,1808,"X7R, ±10%, T=2.00 ± 0.20 mm",1500 VDC,6.8 nF,,,,No,,,Published
MLCC,High Voltage MLCC,FV42X682K202EFG,FV,1808,"X7R, ±10%, T=2.00 ± 0.20 mm",2000 VDC,6.8 nF,,,,No,,,Published
MLCC,High Voltage MLCC,FV42X682K302EFG,FV,1808,"X7R, ±10%, T=2.00 ± 0.20 mm",3000 VDC,6.8 nF,,,,No,,,Published
MLCC,High Voltage MLCC,FV42X682K402EFQ,FV,1808,"X7R, ±10%, T=2.00 ± 0.20 mm, Surface coated",4000 VDC,6.8 nF,,,,No,,,Published
MLCC,High Voltage MLCC,FV21X822K102ECG,FV,805,"X7R, ±10%, T=1.25 ± 0.10 mm",1000 VDC,8.2 nF,,,,No,,,Published
MLCC,High Voltage MLCC,FV31X822K152EMG,FV,1206,"X7R, ±10%, T=0.95 ± 0.10 mm",1500 VDC,8.2 nF,,,,No,,,Published
MLCC,High Voltage MLCC,FV31X822K152ECG,FV,1206,"X7R, ±10%, T=1.25 ± 0.10 mm",1500 VDC,8.2 nF,,,,No,,,Published
MLCC,High Voltage MLCC,FV31X822K202EEQ,FV,1206,"X7R, ±10%, T=1.60 ± 0.20 mm, Surface coated",2000 VDC,8.2 nF,,,,No,,,Published
MLCC,High Voltage MLCC,FV32X822K152EMG,FV,1210,"X7R, ±10%, T=0.95 ± 0.10 mm",1500 VDC,8.2 nF,,,,No,,,Published
MLCC,High Voltage MLCC,FV32X822K152EEG,FV,1210,"X7R, ±10%, T=1.60 ± 0.20 mm",1500 VDC,8.2 nF,,,,No,,,Published
MLCC,High Voltage MLCC,FV32X822K202EGG,FV,1210,"X7R, ±10%, T=2.50 ± 0.30 mm",2000 VDC,8.2 nF,,,,No,,,Published
MLCC,High Voltage MLCC,FV42X822K102EGQ,FV,1808,"X7R, ±10%, T=2.50 ± 0.30 mm, Surface coated",1000 VDC,8.2 nF,,,,No,,,Published
MLCC,High Voltage MLCC,FV42X822K152ECG,FV,1808,"X7R, ±10%, T=1.25 ± 0.10 mm",1500 VDC,8.2 nF,,,,No,,,Published
MLCC,High Voltage MLCC,FV42X822K152EFG,FV,1808,"X7R, ±10%, T=2.00 ± 0.20 mm",1500 VDC,8.2 nF,,,,No,,,Published
MLCC,High Voltage MLCC,FV42X822K202EFQ,FV,1808,"X7R, ±10%, T=2.00 ± 0.20 mm, Surface coated",2000 VDC,8.2 nF,,,,No,,,Published
MLCC,High Voltage MLCC,FV42X822K302EFQ,FV,1808,"X7R, ±10%, T=2.00 ± 0.20 mm, Surface coated",3000 VDC,8.2 nF,,,,No,,,Published
MLCC,High Voltage MLCC,FV42X822K402EFQ,FV,1808,"X7R, ±10%, T=2.00 ± 0.20 mm, Surface coated",4000 VDC,8.2 nF,,,,No,,,Published
MLCC,High Voltage MLCC,FV21X103K102ECG,FV,805,"X7R, ±10%, T=1.25 ± 0.10 mm",1000 VDC,10 nF,,,,No,,,Published
MLCC,High Voltage MLCC,FV31X103K152EMG,FV,1206,"X7R, ±10%, T=0.95 ± 0.10 mm",1500 VDC,10 nF,,,,No,,,Published
MLCC,High Voltage MLCC,FV31X103K152ECG,FV,1206,"X7R, ±10%, T=1.25 ± 0.10 mm",1500 VDC,10 nF,,,,No,,,Published
MLCC,High Voltage MLCC,FV31X103K202EEQ,FV,1206,"X7R, ±10%, T=1.60 ± 0.20 mm, Surface coated",2000 VDC,10 nF,,,,No,,,Published
MLCC,High Voltage MLCC,FV32X103K152ECG,FV,1210,"X7R, ±10%, T=1.25 ± 0.10 mm",1500 VDC,10 nF,,,,No,,,Published
MLCC,High Voltage MLCC,FV32X103K152EEG,FV,1210,"X7R, ±10%, T=1.60 ± 0.20 mm",1500 VDC,10 nF,,,,No,,,Published
MLCC,High Voltage MLCC,FV32X103K202EGG,FV,1210,"X7R, ±10%, T=2.50 ± 0.30 mm",2000 VDC,10 nF,,,,No,,,Published
MLCC,High Voltage MLCC,FV42X103K102EGQ,FV,1808,"X7R, ±10%, T=2.50 ± 0.30 mm, Surface coated",1000 VDC,10 nF,,,,No,,,Published
MLCC,High Voltage MLCC,FV42X103K152ECG,FV,1808,"X7R, ±10%, T=1.25 ± 0.10 mm",1500 VDC,10 nF,,,,No,,,Published
MLCC,High Voltage MLCC,FV42X103K152EFG,FV,1808,"X7R, ±10%, T=2.00 ± 0.20 mm",1500 VDC,10 nF,,,,No,,,Published
MLCC,High Voltage MLCC,FV42X103K202EFQ,FV,1808,"X7R, ±10%, T=2.00 ± 0.20 mm, Surface coated",2000 VDC,10 nF,,,,No,,,Published
MLCC,High Voltage MLCC,FV42X103K302EFQ,FV,1808,"X7R, ±10%, T=2.00 ± 0.20 mm, Surface coated",3000 VDC,10 nF,,,,No,,,Published
MLCC,High Voltage MLCC,FV42X103K402EFQ,FV,1808,"X7R, ±10%, T=2.00 ± 0.20 mm, Surface coated",4000 VDC,10 nF,,,,No,,,Published
MLCC,High Voltage MLCC,FV31X123K152ECG,FV,1206,"X7R, ±10%, T=1.25 ± 0.10 mm",1500 VDC,12 nF,,,,No,,,Published
MLCC,High Voltage MLCC,FV31X123K152EEG,FV,1206,"X7R, ±10%, T=1.60 ± 0.20 mm",1500 VDC,12 nF,,,,No,,,Published
MLCC,High Voltage MLCC,FV32X123K152ECG,FV,1210,"X7R, ±10%, T=1.25 ± 0.10 mm",1500 VDC,12 nF,,,,No,,,Published
MLCC,High Voltage MLCC,FV32X123K152EEG,FV,1210,"X7R, ±10%, T=1.60 ± 0.20 mm",1500 VDC,12 nF,,,,No,,,Published
MLCC,High Voltage MLCC,FV32X123K202EGG,FV,1210,"X7R, ±10%, T=2.50 ± 0.30 mm",2000 VDC,12 nF,,,,No,,,Published
MLCC,High Voltage MLCC,FV42X123K152EEG,FV,1808,"X7R, ±10%, T=1.60 ± 0.20 mm",1500 VDC,12 nF,,,,No,,,Published
MLCC,High Voltage MLCC,FV42X123K152EFG,FV,1808,"X7R, ±10%, T=2.00 ± 0.20 mm",1500 VDC,12 nF,,,,No,,,Published
MLCC,High Voltage MLCC,FV31X153K102EEG,FV,1206,"X7R, ±10%, T=1.60 ± 0.20 mm",1000 VDC,15 nF,,,,No,,,Published
MLCC,High Voltage MLCC,FV32X153K152EEG,FV,1210,"X7R, ±10%, T=1.60 ± 0.20 mm",1500 VDC,15 nF,,,,No,,,Published
MLCC,High Voltage MLCC,FV32X153K202EGG,FV,1210,"X7R, ±10%, T=2.50 ± 0.30 mm",2000 VDC,15 nF,,,,No,,,Published
MLCC,High Voltage MLCC,FV42X153K152EEG,FV,1808,"X7R, ±10%, T=1.60 ± 0.20 mm",1500 VDC,15 nF,,,,No,,,Published
MLCC,High Voltage MLCC,FV42X153K152EFG,FV,1808,"X7R, ±10%, T=2.00 ± 0.20 mm",1500 VDC,15 nF,,,,No,,,Published
MLCC,High Voltage MLCC,FV31X183K102EEG,FV,1206,"X7R, ±10%, T=1.60 ± 0.20 mm",1000 VDC,18 nF,,,,No,,,Published
MLCC,High Voltage MLCC,FV32X183K152EEG,FV,1210,"X7R, ±10%, T=1.60 ± 0.20 mm",1500 VDC,18 nF,,,,No,,,Published
MLCC,High Voltage MLCC,FV32X183K202EGG,FV,1210,"X7R, ±10%, T=2.50 ± 0.30 mm",2000 VDC,18 nF,,,,No,,,Published
MLCC,High Voltage MLCC,FV42X183K152EFG,FV,1808,"X7R, ±10%, T=2.00 ± 0.20 mm",1500 VDC,18 nF,,,,No,,,Published
MLCC,High Voltage MLCC,FV31X223K102EEG,FV,1206,"X7R, ±10%, T=1.60 ± 0.20 mm",1000 VDC,22 nF,,,,No,,,Published
MLCC,High Voltage MLCC,FV32X223K152EEG,FV,1210,"X7R, ±10%, T=1.60 ± 0.20 mm",1500 VDC,22 nF,,,,No,,,Published
MLCC,High Voltage MLCC,FV32X223K202EGG,FV,1210,"X7R, ±10%, T=2.50 ± 0.30 mm",2000 VDC,22 nF,,,,No,,,Published
MLCC,High Voltage MLCC,FV42X223K152EFG,FV,1808,"X7R, ±10%, T=2.00 ± 0.20 mm",1500 VDC,22 nF,,,,No,,,Published
MLCC,High Voltage MLCC,FV32X273K152EEG,FV,1210,"X7R, ±10%, T=1.60 ± 0.20 mm",1500 VDC,27 nF,,,,No,,,Published
MLCC,High Voltage MLCC,FV32X273K202EGG,FV,1210,"X7R, ±10%, T=2.50 ± 0.30 mm",2000 VDC,27 nF,,,,No,,,Published
MLCC,High Voltage MLCC,FV42X273K152EFG,FV,1808,"X7R, ±10%, T=2.00 ± 0.20 mm",1500 VDC,27 nF,,,,No,,,Published
MLCC,High Voltage MLCC,FV32X333K152EEG,FV,1210,"X7R, ±10%, T=1.60 ± 0.20 mm",1500 VDC,33 nF,,,,No,,,Published
MLCC,High Voltage MLCC,FV32X333K202EGG,FV,1210,"X7R, ±10%, T=2.50 ± 0.30 mm",2000 VDC,33 nF,,,,No,,,Published
MLCC,High Voltage MLCC,FV42X333K152EFG,FV,1808,"X7R, ±10%, T=2.00 ± 0.20 mm",1500 VDC,33 nF,,,,No,,,Published
MLCC,High Voltage MLCC,FV32X393K152EFG,FV,1210,"X7R, ±10%, T=2.00 ± 0.20 mm",1500 VDC,39 nF,,,,No,,,Published
MLCC,High Voltage MLCC,FV42X393K152EFG,FV,1808,"X7R, ±10%, T=2.00 ± 0.20 mm",1500 VDC,39 nF,,,,No,,,Published
MLCC,High Voltage MLCC,FV32X473K152EGG,FV,1210,"X7R, ±10%, T=2.50 ± 0.30 mm",1500 VDC,47 nF,,,,No,,,Published
MLCC,High Voltage MLCC,FV42X473K152EFG,FV,1808,"X7R, ±10%, T=2.00 ± 0.20 mm",1500 VDC,47 nF,,,,No,,,Published
MLCC,High Voltage MLCC,FV42X563K152EFG,FV,1808,"X7R, ±10%, T=2.00 ± 0.20 mm",1500 VDC,56 nF,,,,No,,,Published
MLCC,High Voltage MLCC,FV43X151K352ECQ,FV,1812,"X7R, ±10%, T=1.25 ± 0.10 mm, Surface coated",3500 VDC,150 pF,,,,No,,,Published
MLCC,High Voltage MLCC,FV43X181K352ECQ,FV,1812,"X7R, ±10%, T=1.25 ± 0.10 mm, Surface coated",3500 VDC,180 pF,,,,No,,,Published
MLCC,High Voltage MLCC,FV43X221K202ECG,FV,1812,"X7R, ±10%, T=1.25 ± 0.10 mm",2000 VDC,220 pF,,,,No,,,Published
MLCC,High Voltage MLCC,FV43X221K352ECQ,FV,1812,"X7R, ±10%, T=1.25 ± 0.10 mm, Surface coated",3500 VDC,220 pF,,,,No,,,Published
MLCC,High Voltage MLCC,FV43X271K102ECG,FV,1812,"X7R, ±10%, T=1.25 ± 0.10 mm",1000 VDC,270 pF,,,,No,,,Published
MLCC,High Voltage MLCC,FV43X271K152ECG,FV,1812,"X7R, ±10%, T=1.25 ± 0.10 mm",1500 VDC,270 pF,,,,No,,,Published
MLCC,High Voltage MLCC,FV43X271K202ECG,FV,1812,"X7R, ±10%, T=1.25 ± 0.10 mm",2000 VDC,270 pF,,,,No,,,Published
MLCC,High Voltage MLCC,FV43X271K302EFG,FV,1812,"X7R, ±10%, T=2.00 ± 0.20 mm",3000 VDC,270 pF,,,,No,,,Published
MLCC,High Voltage MLCC,FV43X271K352ECQ,FV,1812,"X7R, ±10%, T=1.25 ± 0.10 mm, Surface coated",3500 VDC,270 pF,,,,No,,,Published
MLCC,High Voltage MLCC,FV43X271K402EFQ,FV,1812,"X7R, ±10%, T=2.00 ± 0.20 mm, Surface coated",4000 VDC,270 pF,,,,No,,,Published
MLCC,High Voltage MLCC,FV46X271K402EFQ,FV,1825,"X7R, ±10%, T=2.00 ± 0.20 mm, Surface coated",4000 VDC,270 pF,,,,No,,,Published
MLCC,High Voltage MLCC,FV43X331K102ECG,FV,1812,"X7R, ±10%, T=1.25 ± 0.10 mm",1000 VDC,330 pF,,,,No,,,Published
MLCC,High Voltage MLCC,FV43X331K152ECG,FV,1812,"X7R, ±10%, T=1.25 ± 0.10 mm",1500 VDC,330 pF,,,,No,,,Published
MLCC,High Voltage MLCC,FV43X331K202ECG,FV,1812,"X7R, ±10%, T=1.25 ± 0.10 mm",2000 VDC,330 pF,,,,No,,,Published
MLCC,High Voltage MLCC,FV43X331K302EFG,FV,1812,"X7R, ±10%, T=2.00 ± 0.20 mm",3000 VDC,330 pF,,,,No,,,Published
MLCC,High Voltage MLCC,FV43X331K352ECQ,FV,1812,"X7R, ±10%, T=1.25 ± 0.10 mm, Surface coated",3500 VDC,330 pF,,,,No,,,Published
MLCC,High Voltage MLCC,FV43X331K402EFQ,FV,1812,"X7R, ±10%, T=2.00 ± 0.20 mm, Surface coated",4000 VDC,330 pF,,,,No,,,Published
MLCC,High Voltage MLCC,FV46X331K402EFQ,FV,1825,"X7R, ±10%, T=2.00 ± 0.20 mm, Surface coated",4000 VDC,330 pF,,,,No,,,Published
MLCC,High Voltage MLCC,FV43X391K102ECG,FV,1812,"X7R, ±10%, T=1.25 ± 0.10 mm",1000 VDC,390 pF,,,,No,,,Published
MLCC,High Voltage MLCC,FV43X391K152ECG,FV,1812,"X7R, ±10%, T=1.25 ± 0.10 mm",1500 VDC,390 pF,,,,No,,,Published
MLCC,High Voltage MLCC,FV43X391K202ECG,FV,1812,"X7R, ±10%, T=1.25 ± 0.10 mm",2000 VDC,390 pF,,,,No,,,Published
MLCC,High Voltage MLCC,FV43X391K302EFG,FV,1812,"X7R, ±10%, T=2.00 ± 0.20 mm",3000 VDC,390 pF,,,,No,,,Published
MLCC,High Voltage MLCC,FV43X391K352ECQ,FV,1812,"X7R, ±10%, T=1.25 ± 0.10 mm, Surface coated",3500 VDC,390 pF,,,,No,,,Published
MLCC,High Voltage MLCC,FV43X391K402EFQ,FV,1812,"X7R, ±10%, T=2.00 ± 0.20 mm, Surface coated",4000 VDC,390 pF,,,,No,,,Published
MLCC,High Voltage MLCC,FV46X391K402EFQ,FV,1825,"X7R, ±10%, T=2.00 ± 0.20 mm, Surface coated",4000 VDC,390 pF,,,,No,,,Published
MLCC,High Voltage MLCC,FV43X471K102ECG,FV,1812,"X7R, ±10%, T=1.25 ± 0.10 mm",1000 VDC,470 pF,,,,No,,,Published
MLCC,High Voltage MLCC,FV43X471K152ECG,FV,1812,"X7R, ±10%, T=1.25 ± 0.10 mm",1500 VDC,470 pF,,,,No,,,Published
MLCC,High Voltage MLCC,FV43X471K202ECG,FV,1812,"X7R, ±10%, T=1.25 ± 0.10 mm",2000 VDC,470 pF,,,,No,,,Published
MLCC,High Voltage MLCC,FV43X471K302EFG,FV,1812,"X7R, ±10%, T=2.00 ± 0.20 mm",3000 VDC,470 pF,,,,No,,,Published
MLCC,High Voltage MLCC,FV43X471K352ECQ,FV,1812,"X7R, ±10%, T=1.25 ± 0.10 mm, Surface coated",3500 VDC,470 pF,,,,No,,,Published
MLCC,High Voltage MLCC,FV43X471K402EFQ,FV,1812,"X7R, ±10%, T=2.00 ± 0.20 mm, Surface coated",4000 VDC,470 pF,,,,No,,,Published
MLCC,High Voltage MLCC,FV46X471K402EFQ,FV,1825,"X7R, ±10%, T=2.00 ± 0.20 mm, Surface coated",4000 VDC,470 pF,,,,No,,,Published
MLCC,High Voltage MLCC,FV43X561K102ECG,FV,1812,"X7R, ±10%, T=1.25 ± 0.10 mm",1000 VDC,560 pF,,,,No,,,Published
MLCC,High Voltage MLCC,FV43X561K152ECG,FV,1812,"X7R, ±10%, T=1.25 ± 0.10 mm",1500 VDC,560 pF,,,,No,,,Published
MLCC,High Voltage MLCC,FV43X561K202ECG,FV,1812,"X7R, ±10%, T=1.25 ± 0.10 mm",2000 VDC,560 pF,,,,No,,,Published
MLCC,High Voltage MLCC,FV43X561K302EFG,FV,1812,"X7R, ±10%, T=2.00 ± 0.20 mm",3000 VDC,560 pF,,,,No,,,Published
MLCC,High Voltage MLCC,FV43X561K352ECQ,FV,1812,"X7R, ±10%, T=1.25 ± 0.10 mm, Surface coated",3500 VDC,560 pF,,,,No,,,Published
MLCC,High Voltage MLCC,FV43X561K402EFQ,FV,1812,"X7R, ±10%, T=2.00 ± 0.20 mm, Surface coated",4000 VDC,560 pF,,,,No,,,Published
MLCC,High Voltage MLCC,FV46X561K402EFQ,FV,1825,"X7R, ±10%, T=2.00 ± 0.20 mm, Surface coated",4000 VDC,560 pF,,,,No,,,Published
MLCC,High Voltage MLCC,FV43X681K102ECG,FV,1812,"X7R, ±10%, T=1.25 ± 0.10 mm",1000 VDC,680 pF,,,,No,,,Published
MLCC,High Voltage MLCC,FV43X681K152ECG,FV,1812,"X7R, ±10%, T=1.25 ± 0.10 mm",1500 VDC,680 pF,,,,No,,,Published
MLCC,High Voltage MLCC,FV43X681K202ECG,FV,1812,"X7R, ±10%, T=1.25 ± 0.10 mm",2000 VDC,680 pF,,,,No,,,Published
MLCC,High Voltage MLCC,FV43X681K302EFG,FV,1812,"X7R, ±10%, T=2.00 ± 0.20 mm",3000 VDC,680 pF,,,,No,,,Published
MLCC,High Voltage MLCC,FV43X681K352ECQ,FV,1812,"X7R, ±10%, T=1.25 ± 0.10 mm, Surface coated",3500 VDC,680 pF,,,,No,,,Published
MLCC,High Voltage MLCC,FV43X681K402EFQ,FV,1812,"X7R, ±10%, T=2.00 ± 0.20 mm, Surface coated",4000 VDC,680 pF,,,,No,,,Published
MLCC,High Voltage MLCC,FV46X681K402EFQ,FV,1825,"X7R, ±10%, T=2.00 ± 0.20 mm, Surface coated",4000 VDC,680 pF,,,,No,,,Published
MLCC,High Voltage MLCC,FV43X821K102ECG,FV,1812,"X7R, ±10%, T=1.25 ± 0.10 mm",1000 VDC,820 pF,,,,No,,,Published
MLCC,High Voltage MLCC,FV43X821K152ECG,FV,1812,"X7R, ±10%, T=1.25 ± 0.10 mm",1500 VDC,820 pF,,,,No,,,Published
MLCC,High Voltage MLCC,FV43X821K202ECG,FV,1812,"X7R, ±10%, T=1.25 ± 0.10 mm",2000 VDC,820 pF,,,,No,,,Published
MLCC,High Voltage MLCC,FV43X821K302EFG,FV,1812,"X7R, ±10%, T=2.00 ± 0.20 mm",3000 VDC,820 pF,,,,No,,,Published
MLCC,High Voltage MLCC,FV43X821K352ECQ,FV,1812,"X7R, ±10%, T=1.25 ± 0.10 mm, Surface coated",3500 VDC,820 pF,,,,No,,,Published
MLCC,High Voltage MLCC,FV43X821K402EFQ,FV,1812,"X7R, ±10%, T=2.00 ± 0.20 mm, Surface coated",4000 VDC,820 pF,,,,No,,,Published
MLCC,High Voltage MLCC,FV46X821K402EFQ,FV,1825,"X7R, ±10%, T=2.00 ± 0.20 mm, Surface coated",4000 VDC,820 pF,,,,No,,,Published
MLCC,High Voltage MLCC,FV43X102K102ECG,FV,1812,"X7R, ±10%, T=1.25 ± 0.10 mm",1000 VDC,1 nF,,,,No,,,Published
MLCC,High Voltage MLCC,FV43X102K152ECG,FV,1812,"X7R, ±10%, T=1.25 ± 0.10 mm",1500 VDC,1 nF,,,,No,,,Published
MLCC,High Voltage MLCC,FV43X102K202ECG,FV,1812,"X7R, ±10%, T=1.25 ± 0.10 mm",2000 VDC,1 nF,,,,No,,,Published
MLCC,High Voltage MLCC,FV43X102K302EFG,FV,1812,"X7R, ±10%, T=2.00 ± 0.20 mm",3000 VDC,1 nF,,,,No,,,Published
MLCC,High Voltage MLCC,FV43X102K352ECQ,FV,1812,"X7R, ±10%, T=1.25 ± 0.10 mm, Surface coated",3500 VDC,1 nF,,,,No,,,Published
MLCC,High Voltage MLCC,FV43X102K402EFQ,FV,1812,"X7R, ±10%, T=2.00 ± 0.20 mm, Surface coated",4000 VDC,1 nF,,,,No,,,Published
MLCC,High Voltage MLCC,FV46X102K102EFG,FV,1825,"X7R, ±10%, T=2.00 ± 0.20 mm",1000 VDC,1 nF,,,,No,,,Published
MLCC,High Voltage MLCC,FV46X102K152EFG,FV,1825,"X7R, ±10%, T=2.00 ± 0.20 mm",1500 VDC,1 nF,,,,No,,,Published
MLCC,High Voltage MLCC,FV46X102K202EFG,FV,1825,"X7R, ±10%, T=2.00 ± 0.20 mm",2000 VDC,1 nF,,,,No,,,Published
MLCC,High Voltage MLCC,FV46X102K302EFG,FV,1825,"X7R, ±10%, T=2.00 ± 0.20 mm",3000 VDC,1 nF,,,,No,,,Published
MLCC,High Voltage MLCC,FV46X102K402EFQ,FV,1825,"X7R, ±10%, T=2.00 ± 0.20 mm, Surface coated",4000 VDC,1 nF,,,,No,,,Published
MLCC,High Voltage MLCC,FV43X122K102ECG,FV,1812,"X7R, ±10%, T=1.25 ± 0.10 mm",1000 VDC,1.2 nF,,,,No,,,Published
MLCC,High Voltage MLCC,FV43X122K152ECG,FV,1812,"X7R, ±10%, T=1.25 ± 0.10 mm",1500 VDC,1.2 nF,,,,No,,,Published
MLCC,High Voltage MLCC,FV43X122K202ECG,FV,1812,"X7R, ±10%, T=1.25 ± 0.10 mm",2000 VDC,1.2 nF,,,,No,,,Published
MLCC,High Voltage MLCC,FV43X122K302EFG,FV,1812,"X7R, ±10%, T=2.00 ± 0.20 mm",3000 VDC,1.2 nF,,,,No,,,Published
MLCC,High Voltage MLCC,FV43X122K352ECQ,FV,1812,"X7R, ±10%, T=1.25 ± 0.10 mm, Surface coated",3500 VDC,1.2 nF,,,,No,,,Published
MLCC,High Voltage MLCC,FV43X122K402EGQ,FV,1812,"X7R, ±10%, T=2.50 ± 0.30 mm, Surface coated",4000 VDC,1.2 nF,,,,No,,,Published
MLCC,High Voltage MLCC,FV46X122K102EFG,FV,1825,"X7R, ±10%, T=2.00 ± 0.20 mm",1000 VDC,1.2 nF,,,,No,,,Published
MLCC,High Voltage MLCC,FV46X122K152EFG,FV,1825,"X7R, ±10%, T=2.00 ± 0.20 mm",1500 VDC,1.2 nF,,,,No,,,Published
MLCC,High Voltage MLCC,FV46X122K202EFG,FV,1825,"X7R, ±10%, T=2.00 ± 0.20 mm",2000 VDC,1.2 nF,,,,No,,,Published
MLCC,High Voltage MLCC,FV46X122K302EFG,FV,1825,"X7R, ±10%, T=2.00 ± 0.20 mm",3000 VDC,1.2 nF,,,,No,,,Published
MLCC,High Voltage MLCC,FV46X122K402EGQ,FV,1825,"X7R, ±10%, T=2.50 ± 0.30 mm, Surface coated",4000 VDC,1.2 nF,,,,No,,,Published
MLCC,High Voltage MLCC,FV43X152K102ECG,FV,1812,"X7R, ±10%, T=1.25 ± 0.10 mm",1000 VDC,1.5 nF,,,,No,,,Published
MLCC,High Voltage MLCC,FV43X152K152ECG,FV,1812,"X7R, ±10%, T=1.25 ± 0.10 mm",1500 VDC,1.5 nF,,,,No,,,Published
MLCC,High Voltage MLCC,FV43X152K202ECG,FV,1812,"X7R, ±10%, T=1.25 ± 0.10 mm",2000 VDC,1.5 nF,,,,No,,,Published
MLCC,High Voltage MLCC,FV43X152K302EFG,FV,1812,"X7R, ±10%, T=2.00 ± 0.20 mm",3000 VDC,1.5 nF,,,,No,,,Published
MLCC,High Voltage MLCC,FV43X152K352ECQ,FV,1812,"X7R, ±10%, T=1.25 ± 0.10 mm, Surface coated",3500 VDC,1.5 nF,,,,No,,,Published
MLCC,High Voltage MLCC,FV43X152K402EGQ,FV,1812,"X7R, ±10%, T=2.50 ± 0.30 mm, Surface coated",4000 VDC,1.5 nF,,,,No,,,Published
MLCC,High Voltage MLCC,FV46X152K102EFG,FV,1825,"X7R, ±10%, T=2.00 ± 0.20 mm",1000 VDC,1.5 nF,,,,No,,,Published
MLCC,High Voltage MLCC,FV46X152K152EFG,FV,1825,"X7R, ±10%, T=2.00 ± 0.20 mm",1500 VDC,1.5 nF,,,,No,,,Published
MLCC,High Voltage MLCC,FV46X152K202EFG,FV,1825,"X7R, ±10%, T=2.00 ± 0.20 mm",2000 VDC,1.5 nF,,,,No,,,Published
MLCC,High Voltage MLCC,FV46X152K302EFG,FV,1825,"X7R, ±10%, T=2.00 ± 0.20 mm",3000 VDC,1.5 nF,,,,No,,,Published
MLCC,High Voltage MLCC,FV46X152K402EGQ,FV,1825,"X7R, ±10%, T=2.50 ± 0.30 mm, Surface coated",4000 VDC,1.5 nF,,,,No,,,Published
MLCC,High Voltage MLCC,FV43X182K102ECG,FV,1812,"X7R, ±10%, T=1.25 ± 0.10 mm",1000 VDC,1.8 nF,,,,No,,,Published
MLCC,High Voltage MLCC,FV43X182K152ECG,FV,1812,"X7R, ±10%, T=1.25 ± 0.10 mm",1500 VDC,1.8 nF,,,,No,,,Published
MLCC,High Voltage MLCC,FV43X182K202ECG,FV,1812,"X7R, ±10%, T=1.25 ± 0.10 mm",2000 VDC,1.8 nF,,,,No,,,Published
MLCC,High Voltage MLCC,FV43X182K302EGG,FV,1812,"X7R, ±10%, T=2.50 ± 0.30 mm",3000 VDC,1.8 nF,,,,No,,,Published
MLCC,High Voltage MLCC,FV43X182K352ECQ,FV,1812,"X7R, ±10%, T=1.25 ± 0.10 mm, Surface coated",3500 VDC,1.8 nF,,,,No,,,Published
MLCC,High Voltage MLCC,FV43X182K402EGQ,FV,1812,"X7R, ±10%, T=2.50 ± 0.30 mm, Surface coated",4000 VDC,1.8 nF,,,,No,,,Published
MLCC,High Voltage MLCC,FV46X182K102EFG,FV,1825,"X7R, ±10%, T=2.00 ± 0.20 mm",1000 VDC,1.8 nF,,,,No,,,Published
MLCC,High Voltage MLCC,FV46X182K152EFG,FV,1825,"X7R, ±10%, T=2.00 ± 0.20 mm",1500 VDC,1.8 nF,,,,No,,,Published
MLCC,High Voltage MLCC,FV46X182K202EFG,FV,1825,"X7R, ±10%, T=2.00 ± 0.20 mm",2000 VDC,1.8 nF,,,,No,,,Published
MLCC,High Voltage MLCC,FV46X182K302EFG,FV,1825,"X7R, ±10%, T=2.00 ± 0.20 mm",3000 VDC,1.8 nF,,,,No,,,Published
MLCC,High Voltage MLCC,FV46X182K402EGQ,FV,1825,"X7R, ±10%, T=2.50 ± 0.30 mm, Surface coated",4000 VDC,1.8 nF,,,,No,,,Published
MLCC,High Voltage MLCC,FV43X222K102ECG,FV,1812,"X7R, ±10%, T=1.25 ± 0.10 mm",1000 VDC,2.2 nF,,,,No,,,Published
MLCC,High Voltage MLCC,FV43X222K152ECG,FV,1812,"X7R, ±10%, T=1.25 ± 0.10 mm",1500 VDC,2.2 nF,,,,No,,,Published
MLCC,High Voltage MLCC,FV43X222K202ECG,FV,1812,"X7R, ±10%, T=1.25 ± 0.10 mm",2000 VDC,2.2 nF,,,,No,,,Published
MLCC,High Voltage MLCC,FV43X222K202EEG,FV,1812,"X7R, ±10%, T=1.60 ± 0.20 mm",2000 VDC,2.2 nF,,,,No,,,Published
MLCC,High Voltage MLCC,FV43X222K302EEG,FV,1812,"X7R, ±10%, T=1.60 ± 0.20 mm",3000 VDC,2.2 nF,,,,No,,,Published
MLCC,High Voltage MLCC,FV43X222K302EFG,FV,1812,"X7R, ±10%, T=2.00 ± 0.20 mm",3000 VDC,2.2 nF,,,,No,,,Published
MLCC,High Voltage MLCC,FV43X222K302EGQ,FV,1812,"X7R, ±10%, T=2.50 ± 0.30 mm, Surface coated",3000 VDC,2.2 nF,,,,No,,,Published
MLCC,High Voltage MLCC,FV43X222K352EEQ,FV,1812,"X7R, ±10%, T=1.60 ± 0.20 mm, Surface coated",3500 VDC,2.2 nF,,,,No,,,Published
MLCC,High Voltage MLCC,FV46X222K102EFG,FV,1825,"X7R, ±10%, T=2.00 ± 0.20 mm",1000 VDC,2.2 nF,,,,No,,,Published
MLCC,High Voltage MLCC,FV46X222K152EFG,FV,1825,"X7R, ±10%, T=2.00 ± 0.20 mm",1500 VDC,2.2 nF,,,,No,,,Published
MLCC,High Voltage MLCC,FV46X222K202EFG,FV,1825,"X7R, ±10%, T=2.00 ± 0.20 mm",2000 VDC,2.2 nF,,,,No,,,Published
MLCC,High Voltage MLCC,FV46X222K302EFQ,FV,1825,"X7R, ±10%, T=2.00 ± 0.20 mm, Surface coated",3000 VDC,2.2 nF,,,,No,,,Published
MLCC,High Voltage MLCC,FV43X272K102ECG,FV,1812,"X7R, ±10%, T=1.25 ± 0.10 mm",1000 VDC,2.7 nF,,,,No,,,Published
MLCC,High Voltage MLCC,FV43X272K152ECG,FV,1812,"X7R, ±10%, T=1.25 ± 0.10 mm",1500 VDC,2.7 nF,,,,No,,,Published
MLCC,High Voltage MLCC,FV43X272K202ECG,FV,1812,"X7R, ±10%, T=1.25 ± 0.10 mm",2000 VDC,2.7 nF,,,,No,,,Published
MLCC,High Voltage MLCC,FV43X272K302EGQ,FV,1812,"X7R, ±10%, T=2.50 ± 0.30 mm, Surface coated",3000 VDC,2.7 nF,,,,No,,,Published
MLCC,High Voltage MLCC,FV43X272K352EEQ,FV,1812,"X7R, ±10%, T=1.60 ± 0.20 mm, Surface coated",3500 VDC,2.7 nF,,,,No,,,Published
MLCC,High Voltage MLCC,FV46X272K102EFG,FV,1825,"X7R, ±10%, T=2.00 ± 0.20 mm",1000 VDC,2.7 nF,,,,No,,,Published
MLCC,High Voltage MLCC,FV46X272K152EFG,FV,1825,"X7R, ±10%, T=2.00 ± 0.20 mm",1500 VDC,2.7 nF,,,,No,,,Published
MLCC,High Voltage MLCC,FV46X272K202EFG,FV,1825,"X7R, ±10%, T=2.00 ± 0.20 mm",2000 VDC,2.7 nF,,,,No,,,Published
MLCC,High Voltage MLCC,FV46X272K302EFQ,FV,1825,"X7R, ±10%, T=2.00 ± 0.20 mm, Surface coated",3000 VDC,2.7 nF,,,,No,,,Published
MLCC,High Voltage MLCC,FV43X332K102ECG,FV,1812,"X7R, ±10%, T=1.25 ± 0.10 mm",1000 VDC,3.3 nF,,,,No,,,Published
MLCC,High Voltage MLCC,FV43X332K152EEG,FV,1812,"X7R, ±10%, T=1.60 ± 0.20 mm",1500 VDC,3.3 nF,,,,No,,,Published
MLCC,High Voltage MLCC,FV43X332K152EFG,FV,1812,"X7R, ±10%, T=2.00 ± 0.20 mm",1500 VDC,3.3 nF,,,,No,,,Published
MLCC,High Voltage MLCC,FV43X332K202ECG,FV,1812,"X7R, ±10%, T=1.25 ± 0.10 mm",2000 VDC,3.3 nF,,,,No,,,Published
MLCC,High Voltage MLCC,FV43X332K202EFG,FV,1812,"X7R, ±10%, T=2.00 ± 0.20 mm",2000 VDC,3.3 nF,,,,No,,,Published
MLCC,High Voltage MLCC,FV43X332K302EGQ,FV,1812,"X7R, ±10%, T=2.50 ± 0.30 mm, Surface coated",3000 VDC,3.3 nF,,,,No,,,Published
MLCC,High Voltage MLCC,FV43X332K352EEQ,FV,1812,"X7R, ±10%, T=1.60 ± 0.20 mm, Surface coated",3500 VDC,3.3 nF,,,,No,,,Published
MLCC,High Voltage MLCC,FV46X332K102EFG,FV,1825,"X7R, ±10%, T=2.00 ± 0.20 mm",1000 VDC,3.3 nF,,,,No,,,Published
MLCC,High Voltage MLCC,FV46X332K152EFG,FV,1825,"X7R, ±10%, T=2.00 ± 0.20 mm",1500 VDC,3.3 nF,,,,No,,,Published
MLCC,High Voltage MLCC,FV46X332K202EFG,FV,1825,"X7R, ±10%, T=2.00 ± 0.20 mm",2000 VDC,3.3 nF,,,,No,,,Published
MLCC,High Voltage MLCC,FV46X332K302EFQ,FV,1825,"X7R, ±10%, T=2.00 ± 0.20 mm, Surface coated",3000 VDC,3.3 nF,,,,No,,,Published
MLCC,High Voltage MLCC,FV43X392K102ECG,FV,1812,"X7R, ±10%, T=1.25 ± 0.10 mm",1000 VDC,3.9 nF,,,,No,,,Published
MLCC,High Voltage MLCC,FV43X392K152EFG,FV,1812,"X7R, ±10%, T=2.00 ± 0.20 mm",1500 VDC,3.9 nF,,,,No,,,Published
MLCC,High Voltage MLCC,FV43X392K202EFG,FV,1812,"X7R, ±10%, T=2.00 ± 0.20 mm",2000 VDC,3.9 nF,,,,No,,,Published
MLCC,High Voltage MLCC,FV43X392K302EGQ,FV,1812,"X7R, ±10%, T=2.50 ± 0.30 mm, Surface coated",3000 VDC,3.9 nF,,,,No,,,Published
MLCC,High Voltage MLCC,FV43X392K352EFQ,FV,1812,"X7R, ±10%, T=2.00 ± 0.20 mm, Surface coated",3500 VDC,3.9 nF,,,,No,,,Published
MLCC,High Voltage MLCC,FV46X392K102EFG,FV,1825,"X7R, ±10%, T=2.00 ± 0.20 mm",1000 VDC,3.9 nF,,,,No,,,Published
MLCC,High Voltage MLCC,FV46X392K152EFG,FV,1825,"X7R, ±10%, T=2.00 ± 0.20 mm",1500 VDC,3.9 nF,,,,No,,,Published
MLCC,High Voltage MLCC,FV46X392K202EFG,FV,1825,"X7R, ±10%, T=2.00 ± 0.20 mm",2000 VDC,3.9 nF,,,,No,,,Published
MLCC,High Voltage MLCC,FV46X392K302EFQ,FV,1825,"X7R, ±10%, T=2.00 ± 0.20 mm, Surface coated",3000 VDC,3.9 nF,,,,No,,,Published
MLCC,High Voltage MLCC,FV43X472K102ECG,FV,1812,"X7R, ±10%, T=1.25 ± 0.10 mm",1000 VDC,4.7 nF,,,,No,,,Published
MLCC,High Voltage MLCC,FV43X472K152EFG,FV,1812,"X7R, ±10%, T=2.00 ± 0.20 mm",1500 VDC,4.7 nF,,,,No,,,Published
MLCC,High Voltage MLCC,FV43X472K202EFG,FV,1812,"X7R, ±10%, T=2.00 ± 0.20 mm",2000 VDC,4.7 nF,,,,No,,,Published
MLCC,High Voltage MLCC,FV43X472K302EGQ,FV,1812,"X7R, ±10%, T=2.50 ± 0.30 mm, Surface coated",3000 VDC,4.7 nF,,,,No,,,Published
MLCC,High Voltage MLCC,FV43X472K352EFQ,FV,1812,"X7R, ±10%, T=2.00 ± 0.20 mm, Surface coated",3500 VDC,4.7 nF,,,,No,,,Published
MLCC,High Voltage MLCC,FV46X472K102EFG,FV,1825,"X7R, ±10%, T=2.00 ± 0.20 mm",1000 VDC,4.7 nF,,,,No,,,Published
MLCC,High Voltage MLCC,FV46X472K152EFG,FV,1825,"X7R, ±10%, T=2.00 ± 0.20 mm",1500 VDC,4.7 nF,,,,No,,,Published
MLCC,High Voltage MLCC,FV46X472K202EFG,FV,1825,"X7R, ±10%, T=2.00 ± 0.20 mm",2000 VDC,4.7 nF,,,,No,,,Published
MLCC,High Voltage MLCC,FV46X472K302EFQ,FV,1825,"X7R, ±10%, T=2.00 ± 0.20 mm, Surface coated",3000 VDC,4.7 nF,,,,No,,,Published
MLCC,High Voltage MLCC,FV43X562K102ECG,FV,1812,"X7R, ±10%, T=1.25 ± 0.10 mm",1000 VDC,5.6 nF,,,,No,,,Published
MLCC,High Voltage MLCC,FV43X562K152EGG,FV,1812,"X7R, ±10%, T=2.50 ± 0.30 mm",1500 VDC,5.6 nF,,,,No,,,Published
MLCC,High Voltage MLCC,FV43X562K202EGG,FV,1812,"X7R, ±10%, T=2.50 ± 0.30 mm",2000 VDC,5.6 nF,,,,No,,,Published
MLCC,High Voltage MLCC,FV43X562K352EFQ,FV,1812,"X7R, ±10%, T=2.00 ± 0.20 mm, Surface coated",3500 VDC,5.6 nF,,,,No,,,Published
MLCC,High Voltage MLCC,FV46X562K102EFG,FV,1825,"X7R, ±10%, T=2.00 ± 0.20 mm",1000 VDC,5.6 nF,,,,No,,,Published
MLCC,High Voltage MLCC,FV46X562K152EFG,FV,1825,"X7R, ±10%, T=2.00 ± 0.20 mm",1500 VDC,5.6 nF,,,,No,,,Published
MLCC,High Voltage MLCC,FV46X562K202EFG,FV,1825,"X7R, ±10%, T=2.00 ± 0.20 mm",2000 VDC,5.6 nF,,,,No,,,Published
MLCC,High Voltage MLCC,FV46X562K302EGQ,FV,1825,"X7R, ±10%, T=2.50 ± 0.30 mm, Surface coated",3000 VDC,5.6 nF,,,,No,,,Published
MLCC,High Voltage MLCC,FV43X682K102ECG,FV,1812,"X7R, ±10%, T=1.25 ± 0.10 mm",1000 VDC,6.8 nF,,,,No,,,Published
MLCC,High Voltage MLCC,FV43X682K152EGG,FV,1812,"X7R, ±10%, T=2.50 ± 0.30 mm",1500 VDC,6.8 nF,,,,No,,,Published
MLCC,High Voltage MLCC,FV43X682K202EGG,FV,1812,"X7R, ±10%, T=2.50 ± 0.30 mm",2000 VDC,6.8 nF,,,,No,,,Published
MLCC,High Voltage MLCC,FV43X682K352EGQ,FV,1812,"X7R, ±10%, T=2.50 ± 0.30 mm, Surface coated",3500 VDC,6.8 nF,,,,No,,,Published
MLCC,High Voltage MLCC,FV46X682K102EFG,FV,1825,"X7R, ±10%, T=2.00 ± 0.20 mm",1000 VDC,6.8 nF,,,,No,,,Published
MLCC,High Voltage MLCC,FV46X682K152EFG,FV,1825,"X7R, ±10%, T=2.00 ± 0.20 mm",1500 VDC,6.8 nF,,,,No,,,Published
MLCC,High Voltage MLCC,FV46X682K202EFG,FV,1825,"X7R, ±10%, T=2.00 ± 0.20 mm",2000 VDC,6.8 nF,,,,No,,,Published
MLCC,High Voltage MLCC,FV46X682K302EGQ,FV,1825,"X7R, ±10%, T=2.50 ± 0.30 mm, Surface coated",3000 VDC,6.8 nF,,,,No,,,Published
MLCC,High Voltage MLCC,FV43X822K102ECG,FV,1812,"X7R, ±10%, T=1.25 ± 0.10 mm",1000 VDC,8.2 nF,,,,No,,,Published
MLCC,High Voltage MLCC,FV43X822K152EGG,FV,1812,"X7R, ±10%, T=2.50 ± 0.30 mm",1500 VDC,8.2 nF,,,,No,,,Published
MLCC,High Voltage MLCC,FV43X822K202EGG,FV,1812,"X7R, ±10%, T=2.50 ± 0.30 mm",2000 VDC,8.2 nF,,,,No,,,Published
MLCC,High Voltage MLCC,FV43X822K352EGQ,FV,1812,"X7R, ±10%, T=2.50 ± 0.30 mm, Surface coated",3500 VDC,8.2 nF,,,,No,,,Published
MLCC,High Voltage MLCC,FV46X822K102EFG,FV,1825,"X7R, ±10%, T=2.00 ± 0.20 mm",1000 VDC,8.2 nF,,,,No,,,Published
MLCC,High Voltage MLCC,FV46X822K152EFG,FV,1825,"X7R, ±10%, T=2.00 ± 0.20 mm",1500 VDC,8.2 nF,,,,No,,,Published
MLCC,High Voltage MLCC,FV46X822K202EFG,FV,1825,"X7R, ±10%, T=2.00 ± 0.20 mm",2000 VDC,8.2 nF,,,,No,,,Published
MLCC,High Voltage MLCC,FV46X822K302EGQ,FV,1825,"X7R, ±10%, T=2.50 ± 0.30 mm, Surface coated",3000 VDC,8.2 nF,,,,No,,,Published
MLCC,High Voltage MLCC,FV43X103K102ECG,FV,1812,"X7R, ±10%, T=1.25 ± 0.10 mm",1000 VDC,10 nF,,,,No,,,Published
MLCC,High Voltage MLCC,FV43X103K152EEG,FV,1812,"X7R, ±10%, T=1.60 ± 0.20 mm",1500 VDC,10 nF,,,,No,,,Published
MLCC,High Voltage MLCC,FV43X103K152EGG,FV,1812,"X7R, ±10%, T=2.50 ± 0.30 mm",1500 VDC,10 nF,,,,No,,,Published
MLCC,High Voltage MLCC,FV43X103K152EFG,FV,1812,"X7R, ±10%, T=2.00 ± 0.20 mm",1500 VDC,10 nF,,,,No,,,Published
MLCC,High Voltage MLCC,FV43X103K202EEG,FV,1812,"X7R, ±10%, T=1.60 ± 0.20 mm",2000 VDC,10 nF,,,,No,,,Published
MLCC,High Voltage MLCC,FV43X103K202EGG,FV,1812,"X7R, ±10%, T=2.50 ± 0.30 mm",2000 VDC,10 nF,,,,No,,,Published
MLCC,High Voltage MLCC,FV43X103K202EFG,FV,1812,"X7R, ±10%, T=2.00 ± 0.20 mm",2000 VDC,10 nF,,,,No,,,Published
MLCC,High Voltage MLCC,FV43X103K352EGQ,FV,1812,"X7R, ±10%, T=2.50 ± 0.30 mm, Surface coated",3500 VDC,10 nF,,,,No,,,Published
MLCC,High Voltage MLCC,FV46X103K102EFG,FV,1825,"X7R, ±10%, T=2.00 ± 0.20 mm",1000 VDC,10 nF,,,,No,,,Published
MLCC,High Voltage MLCC,FV46X103K152EFG,FV,1825,"X7R, ±10%, T=2.00 ± 0.20 mm",1500 VDC,10 nF,,,,No,,,Published
MLCC,High Voltage MLCC,FV46X103K202EFG,FV,1825,"X7R, ±10%, T=2.00 ± 0.20 mm",2000 VDC,10 nF,,,,No,,,Published
MLCC,High Voltage MLCC,FV46X103K302EGQ,FV,1825,"X7R, ±10%, T=2.50 ± 0.30 mm, Surface coated",3000 VDC,10 nF,,,,No,,,Published
MLCC,High Voltage MLCC,FV43X123K102ECG,FV,1812,"X7R, ±10%, T=1.25 ± 0.10 mm",1000 VDC,12 nF,,,,No,,,Published
MLCC,High Voltage MLCC,FV43X123K102EFG,FV,1812,"X7R, ±10%, T=2.00 ± 0.20 mm",1000 VDC,12 nF,,,,No,,,Published
MLCC,High Voltage MLCC,FV43X123K152EEG,FV,1812,"X7R, ±10%, T=1.60 ± 0.20 mm",1500 VDC,12 nF,,,,No,,,Published
MLCC,High Voltage MLCC,FV43X123K152EGG,FV,1812,"X7R, ±10%, T=2.50 ± 0.30 mm",1500 VDC,12 nF,,,,No,,,Published
MLCC,High Voltage MLCC,FV43X123K152EFG,FV,1812,"X7R, ±10%, T=2.00 ± 0.20 mm",1500 VDC,12 nF,,,,No,,,Published
MLCC,High Voltage MLCC,FV43X123K202EGG,FV,1812,"X7R, ±10%, T=2.50 ± 0.30 mm",2000 VDC,12 nF,,,,No,,,Published
MLCC,High Voltage MLCC,FV46X123K102EFG,FV,1825,"X7R, ±10%, T=2.00 ± 0.20 mm",1000 VDC,12 nF,,,,No,,,Published
MLCC,High Voltage MLCC,FV46X123K152EGG,FV,1825,"X7R, ±10%, T=2.50 ± 0.30 mm",1500 VDC,12 nF,,,,No,,,Published
MLCC,High Voltage MLCC,FV46X123K202EGG,FV,1825,"X7R, ±10%, T=2.50 ± 0.30 mm",2000 VDC,12 nF,,,,No,,,Published
MLCC,High Voltage MLCC,FV46X123K302EHQ,FV,1825,"X7R, ±10%, T=2.80 ± 0.30 mm, Surface coated",3000 VDC,12 nF,,,,No,,,Published
MLCC,High Voltage MLCC,FV43X153K102ECG,FV,1812,"X7R, ±10%, T=1.25 ± 0.10 mm",1000 VDC,15 nF,,,,No,,,Published
MLCC,High Voltage MLCC,FV43X153K102EFG,FV,1812,"X7R, ±10%, T=2.00 ± 0.20 mm",1000 VDC,15 nF,,,,No,,,Published
MLCC,High Voltage MLCC,FV43X153K152EEG,FV,1812,"X7R, ±10%, T=1.60 ± 0.20 mm",1500 VDC,15 nF,,,,No,,,Published
MLCC,High Voltage MLCC,FV43X153K152EGG,FV,1812,"X7R, ±10%, T=2.50 ± 0.30 mm",1500 VDC,15 nF,,,,No,,,Published
MLCC,High Voltage MLCC,FV43X153K152EFG,FV,1812,"X7R, ±10%, T=2.00 ± 0.20 mm",1500 VDC,15 nF,,,,No,,,Published
MLCC,High Voltage MLCC,FV43X153K202EGG,FV,1812,"X7R, ±10%, T=2.50 ± 0.30 mm",2000 VDC,15 nF,,,,No,,,Published
MLCC,High Voltage MLCC,FV46X153K102EFG,FV,1825,"X7R, ±10%, T=2.00 ± 0.20 mm",1000 VDC,15 nF,,,,No,,,Published
MLCC,High Voltage MLCC,FV46X153K152EGG,FV,1825,"X7R, ±10%, T=2.50 ± 0.30 mm",1500 VDC,15 nF,,,,No,,,Published
MLCC,High Voltage MLCC,FV46X153K202EGG,FV,1825,"X7R, ±10%, T=2.50 ± 0.30 mm",2000 VDC,15 nF,,,,No,,,Published
MLCC,High Voltage MLCC,FV46X153K302EHQ,FV,1825,"X7R, ±10%, T=2.80 ± 0.30 mm, Surface coated",3000 VDC,15 nF,,,,No,,,Published
MLCC,High Voltage MLCC,FV43X183K102EEG,FV,1812,"X7R, ±10%, T=1.60 ± 0.20 mm",1000 VDC,18 nF,,,,No,,,Published
MLCC,High Voltage MLCC,FV43X183K102EGG,FV,1812,"X7R, ±10%, T=2.50 ± 0.30 mm",1000 VDC,18 nF,,,,No,,,Published
MLCC,High Voltage MLCC,FV43X183K152EEG,FV,1812,"X7R, ±10%, T=1.60 ± 0.20 mm",1500 VDC,18 nF,,,,No,,,Published
MLCC,High Voltage MLCC,FV43X183K152EGG,FV,1812,"X7R, ±10%, T=2.50 ± 0.30 mm",1500 VDC,18 nF,,,,No,,,Published
MLCC,High Voltage MLCC,FV43X183K152EFG,FV,1812,"X7R, ±10%, T=2.00 ± 0.20 mm",1500 VDC,18 nF,,,,No,,,Published
MLCC,High Voltage MLCC,FV43X183K202EGG,FV,1812,"X7R, ±10%, T=2.50 ± 0.30 mm",2000 VDC,18 nF,,,,No,,,Published
MLCC,High Voltage MLCC,FV46X183K102EFG,FV,1825,"X7R, ±10%, T=2.00 ± 0.20 mm",1000 VDC,18 nF,,,,No,,,Published
MLCC,High Voltage MLCC,FV46X183K152EGG,FV,1825,"X7R, ±10%, T=2.50 ± 0.30 mm",1500 VDC,18 nF,,,,No,,,Published
MLCC,High Voltage MLCC,FV46X183K202EGG,FV,1825,"X7R, ±10%, T=2.50 ± 0.30 mm",2000 VDC,18 nF,,,,No,,,Published
MLCC,High Voltage MLCC,FV46X183K302EHQ,FV,1825,"X7R, ±10%, T=2.80 ± 0.30 mm, Surface coated",3000 VDC,18 nF,,,,No,,,Published
MLCC,High Voltage MLCC,FV43X223K102ECG,FV,1812,"X7R, ±10%, T=1.25 ± 0.10 mm",1000 VDC,22 nF,,,,No,,,Published
MLCC,High Voltage MLCC,FV43X223K102EEG,FV,1812,"X7R, ±10%, T=1.60 ± 0.20 mm",1000 VDC,22 nF,,,,No,,,Published
MLCC,High Voltage MLCC,FV43X223K102EGG,FV,1812,"X7R, ±10%, T=2.50 ± 0.30 mm",1000 VDC,22 nF,,,,No,,,Published
MLCC,High Voltage MLCC,FV43X223K152EFG,FV,1812,"X7R, ±10%, T=2.00 ± 0.20 mm",1500 VDC,22 nF,,,,No,,,Published
MLCC,High Voltage MLCC,FV43X223K152EGG,FV,1812,"X7R, ±10%, T=2.50 ± 0.30 mm",1500 VDC,22 nF,,,,No,,,Published
MLCC,High Voltage MLCC,FV43X223K202EGG,FV,1812,"X7R, ±10%, T=2.50 ± 0.30 mm",2000 VDC,22 nF,,,,No,,,Published
MLCC,High Voltage MLCC,FV46X223K102EFG,FV,1825,"X7R, ±10%, T=2.00 ± 0.20 mm",1000 VDC,22 nF,,,,No,,,Published
MLCC,High Voltage MLCC,FV46X223K152EGG,FV,1825,"X7R, ±10%, T=2.50 ± 0.30 mm",1500 VDC,22 nF,,,,No,,,Published
MLCC,High Voltage MLCC,FV46X223K202EGG,FV,1825,"X7R, ±10%, T=2.50 ± 0.30 mm",2000 VDC,22 nF,,,,No,,,Published
MLCC,High Voltage MLCC,FV43X273K102EGG,FV,1812,"X7R, ±10%, T=2.50 ± 0.30 mm",1000 VDC,27 nF,,,,No,,,Published
MLCC,High Voltage MLCC,FV46X273K102EFG,FV,1825,"X7R, ±10%, T=2.00 ± 0.20 mm",1000 VDC,27 nF,,,,No,,,Published
MLCC,High Voltage MLCC,FV46X273K152EHG,FV,1825,"X7R, ±10%, T=2.80 ± 0.30 mm",1500 VDC,27 nF,,,,No,,,Published
MLCC,High Voltage MLCC,FV46X273K202EHG,FV,1825,"X7R, ±10%, T=2.80 ± 0.30 mm",2000 VDC,27 nF,,,,No,,,Published
MLCC,High Voltage MLCC,FV43X333K102EGG,FV,1812,"X7R, ±10%, T=2.50 ± 0.30 mm",1000 VDC,33 nF,,,,No,,,Published
MLCC,High Voltage MLCC,FV46X333K102EFG,FV,1825,"X7R, ±10%, T=2.00 ± 0.20 mm",1000 VDC,33 nF,,,,No,,,Published
MLCC,High Voltage MLCC,FV46X333K152EHG,FV,1825,"X7R, ±10%, T=2.80 ± 0.30 mm",1500 VDC,33 nF,,,,No,,,Published
MLCC,High Voltage MLCC,FV46X333K202EHG,FV,1825,"X7R, ±10%, T=2.80 ± 0.30 mm",2000 VDC,33 nF,,,,No,,,Published
MLCC,High Voltage MLCC,FV43X393K102EGG,FV,1812,"X7R, ±10%, T=2.50 ± 0.30 mm",1000 VDC,39 nF,,,,No,,,Published
MLCC,High Voltage MLCC,FV46X393K102EFG,FV,1825,"X7R, ±10%, T=2.00 ± 0.20 mm",1000 VDC,39 nF,,,,No,,,Published
MLCC,High Voltage MLCC,FV46X393K152EHG,FV,1825,"X7R, ±10%, T=2.80 ± 0.30 mm",1500 VDC,39 nF,,,,No,,,Published
MLCC,High Voltage MLCC,FV46X393K202EHG,FV,1825,"X7R, ±10%, T=2.80 ± 0.30 mm",2000 VDC,39 nF,,,,No,,,Published
MLCC,High Voltage MLCC,FV43X473K102EGG,FV,1812,"X7R, ±10%, T=2.50 ± 0.30 mm",1000 VDC,47 nF,,,,No,,,Published
MLCC,High Voltage MLCC,FV43X473K102EFG,FV,1812,"X7R, ±10%, T=2.00 ± 0.20 mm",1000 VDC,47 nF,,,,No,,,Published
MLCC,High Voltage MLCC,FV46X473K102EFG,FV,1825,"X7R, ±10%, T=2.00 ± 0.20 mm",1000 VDC,47 nF,,,,No,,,Published
MLCC,High Voltage MLCC,FV46X473K152EHG,FV,1825,"X7R, ±10%, T=2.80 ± 0.30 mm",1500 VDC,47 nF,,,,No,,,Published
MLCC,High Voltage MLCC,FV46X473K202EHG,FV,1825,"X7R, ±10%, T=2.80 ± 0.30 mm",2000 VDC,47 nF,,,,No,,,Published
MLCC,High Voltage MLCC,FV43X563K102EGG,FV,1812,"X7R, ±10%, T=2.50 ± 0.30 mm",1000 VDC,56 nF,,,,No,,,Published
MLCC,High Voltage MLCC,FV46X563K102EFG,FV,1825,"X7R, ±10%, T=2.00 ± 0.20 mm",1000 VDC,56 nF,,,,No,,,Published
MLCC,High Voltage MLCC,FV46X563K152EHG,FV,1825,"X7R, ±10%, T=2.80 ± 0.30 mm",1500 VDC,56 nF,,,,No,,,Published
MLCC,High Voltage MLCC,FV43X683K102EGG,FV,1812,"X7R, ±10%, T=2.50 ± 0.30 mm",1000 VDC,68 nF,,,,No,,,Published
MLCC,High Voltage MLCC,FV46X683K102EFG,FV,1825,"X7R, ±10%, T=2.00 ± 0.20 mm",1000 VDC,68 nF,,,,No,,,Published
MLCC,High Voltage MLCC,FV43X823K102EGG,FV,1812,"X7R, ±10%, T=2.50 ± 0.30 mm",1000 VDC,82 nF,,,,No,,,Published
MLCC,High Voltage MLCC,FV46X823K102EFG,FV,1825,"X7R, ±10%, T=2.00 ± 0.20 mm",1000 VDC,82 nF,,,,No,,,Published
MLCC,High Voltage MLCC,FV43X104K102EGG,FV,1812,"X7R, ±10%, T=2.50 ± 0.30 mm",1000 VDC,100 nF,,,,No,,,Published
MLCC,High Voltage MLCC,FV46X104K102EGG,FV,1825,"X7R, ±10%, T=2.50 ± 0.30 mm",1000 VDC,100 nF,,,,No,,,Published
MLCC,High Voltage MLCC,FV52X271K302EFG,FV,2211,"X7R, ±10%, T=2.00 ± 0.20 mm",3000 VDC,270 pF,,,,No,,,Published
MLCC,High Voltage MLCC,FV52X271K402EFQ,FV,2211,"X7R, ±10%, T=2.00 ± 0.20 mm, Surface coated",4000 VDC,270 pF,,,,No,,,Published
MLCC,High Voltage MLCC,FV55X271K402EFQ,FV,2220,"X7R, ±10%, T=2.00 ± 0.20 mm, Surface coated",4000 VDC,270 pF,,,,No,,,Published
MLCC,High Voltage MLCC,FV55X271K502EFQ,FV,2220,"X7R, ±10%, T=2.00 ± 0.20 mm, Surface coated",5000 VDC,270 pF,,,,No,,,Published
MLCC,High Voltage MLCC,FV56X271K402EFQ,FV,2225,"X7R, ±10%, T=2.00 ± 0.20 mm, Surface coated",4000 VDC,270 pF,,,,No,,,Published
MLCC,High Voltage MLCC,FV56X271K502EFQ,FV,2225,"X7R, ±10%, T=2.00 ± 0.20 mm, Surface coated",5000 VDC,270 pF,,,,No,,,Published
MLCC,High Voltage MLCC,FV52X331K302EFG,FV,2211,"X7R, ±10%, T=2.00 ± 0.20 mm",3000 VDC,330 pF,,,,No,,,Published
MLCC,High Voltage MLCC,FV52X331K402EFQ,FV,2211,"X7R, ±10%, T=2.00 ± 0.20 mm, Surface coated",4000 VDC,330 pF,,,,No,,,Published
MLCC,High Voltage MLCC,FV55X331K402EFQ,FV,2220,"X7R, ±10%, T=2.00 ± 0.20 mm, Surface coated",4000 VDC,330 pF,,,,No,,,Published
MLCC,High Voltage MLCC,FV55X331K502EFQ,FV,2220,"X7R, ±10%, T=2.00 ± 0.20 mm, Surface coated",5000 VDC,330 pF,,,,No,,,Published
MLCC,High Voltage MLCC,FV56X331K402EFQ,FV,2225,"X7R, ±10%, T=2.00 ± 0.20 mm, Surface coated",4000 VDC,330 pF,,,,No,,,Published
MLCC,High Voltage MLCC,FV56X331K502EFQ,FV,2225,"X7R, ±10%, T=2.00 ± 0.20 mm, Surface coated",5000 VDC,330 pF,,,,No,,,Published
MLCC,High Voltage MLCC,FV52X391K302EFG,FV,2211,"X7R, ±10%, T=2.00 ± 0.20 mm",3000 VDC,390 pF,,,,No,,,Published
MLCC,High Voltage MLCC,FV52X391K402EFQ,FV,2211,"X7R, ±10%, T=2.00 ± 0.20 mm, Surface coated",4000 VDC,390 pF,,,,No,,,Published
MLCC,High Voltage MLCC,FV55X391K402EFQ,FV,2220,"X7R, ±10%, T=2.00 ± 0.20 mm, Surface coated",4000 VDC,390 pF,,,,No,,,Published
MLCC,High Voltage MLCC,FV55X391K502EFQ,FV,2220,"X7R, ±10%, T=2.00 ± 0.20 mm, Surface coated",5000 VDC,390 pF,,,,No,,,Published
MLCC,High Voltage MLCC,FV56X391K402EFQ,FV,2225,"X7R, ±10%, T=2.00 ± 0.20 mm, Surface coated",4000 VDC,390 pF,,,,No,,,Published
MLCC,High Voltage MLCC,FV56X391K502EFQ,FV,2225,"X7R, ±10%, T=2.00 ± 0.20 mm, Surface coated",5000 VDC,390 pF,,,,No,,,Published
MLCC,High Voltage MLCC,FV52X471K302EFG,FV,2211,"X7R, ±10%, T=2.00 ± 0.20 mm",3000 VDC,470 pF,,,,No,,,Published
MLCC,High Voltage MLCC,FV52X471K402EFQ,FV,2211,"X7R, ±10%, T=2.00 ± 0.20 mm, Surface coated",4000 VDC,470 pF,,,,No,,,Published
MLCC,High Voltage MLCC,FV55X471K402EFQ,FV,2220,"X7R, ±10%, T=2.00 ± 0.20 mm, Surface coated",4000 VDC,470 pF,,,,No,,,Published
MLCC,High Voltage MLCC,FV55X471K502EFQ,FV,2220,"X7R, ±10%, T=2.00 ± 0.20 mm, Surface coated",5000 VDC,470 pF,,,,No,,,Published
MLCC,High Voltage MLCC,FV56X471K302EEG,FV,2225,"X7R, ±10%, T=1.60 ± 0.20 mm",3000 VDC,470 pF,,,,No,,,Published
MLCC,High Voltage MLCC,FV56X471K402EFQ,FV,2225,"X7R, ±10%, T=2.00 ± 0.20 mm, Surface coated",4000 VDC,470 pF,,,,No,,,Published
MLCC,High Voltage MLCC,FV56X471K502EFQ,FV,2225,"X7R, ±10%, T=2.00 ± 0.20 mm, Surface coated",5000 VDC,470 pF,,,,No,,,Published
MLCC,High Voltage MLCC,FV52X561K302EFG,FV,2211,"X7R, ±10%, T=2.00 ± 0.20 mm",3000 VDC,560 pF,,,,No,,,Published
MLCC,High Voltage MLCC,FV52X561K402EFQ,FV,2211,"X7R, ±10%, T=2.00 ± 0.20 mm, Surface coated",4000 VDC,560 pF,,,,No,,,Published
MLCC,High Voltage MLCC,FV55X561K402EFQ,FV,2220,"X7R, ±10%, T=2.00 ± 0.20 mm, Surface coated",4000 VDC,560 pF,,,,No,,,Published
MLCC,High Voltage MLCC,FV55X561K502EFQ,FV,2220,"X7R, ±10%, T=2.00 ± 0.20 mm, Surface coated",5000 VDC,560 pF,,,,No,,,Published
MLCC,High Voltage MLCC,FV56X561K402EFQ,FV,2225,"X7R, ±10%, T=2.00 ± 0.20 mm, Surface coated",4000 VDC,560 pF,,,,No,,,Published
MLCC,High Voltage MLCC,FV56X561K502EFQ,FV,2225,"X7R, ±10%, T=2.00 ± 0.20 mm, Surface coated",5000 VDC,560 pF,,,,No,,,Published
MLCC,High Voltage MLCC,FV52X681K302EFG,FV,2211,"X7R, ±10%, T=2.00 ± 0.20 mm",3000 VDC,680 pF,,,,No,,,Published
MLCC,High Voltage MLCC,FV52X681K402EFQ,FV,2211,"X7R, ±10%, T=2.00 ± 0.20 mm, Surface coated",4000 VDC,680 pF,,,,No,,,Published
MLCC,High Voltage MLCC,FV55X681K402EFQ,FV,2220,"X7R, ±10%, T=2.00 ± 0.20 mm, Surface coated",4000 VDC,680 pF,,,,No,,,Published
MLCC,High Voltage MLCC,FV55X681K502EFQ,FV,2220,"X7R, ±10%, T=2.00 ± 0.20 mm, Surface coated",5000 VDC,680 pF,,,,No,,,Published
MLCC,High Voltage MLCC,FV56X681K402EFQ,FV,2225,"X7R, ±10%, T=2.00 ± 0.20 mm, Surface coated",4000 VDC,680 pF,,,,No,,,Published
MLCC,High Voltage MLCC,FV56X681K502EFQ,FV,2225,"X7R, ±10%, T=2.00 ± 0.20 mm, Surface coated",5000 VDC,680 pF,,,,No,,,Published
MLCC,High Voltage MLCC,FV52X821K302EFG,FV,2211,"X7R, ±10%, T=2.00 ± 0.20 mm",3000 VDC,820 pF,,,,No,,,Published
MLCC,High Voltage MLCC,FV52X821K402EFQ,FV,2211,"X7R, ±10%, T=2.00 ± 0.20 mm, Surface coated",4000 VDC,820 pF,,,,No,,,Published
MLCC,High Voltage MLCC,FV55X821K402EFQ,FV,2220,"X7R, ±10%, T=2.00 ± 0.20 mm, Surface coated",4000 VDC,820 pF,,,,No,,,Published
MLCC,High Voltage MLCC,FV55X821K502EFQ,FV,2220,"X7R, ±10%, T=2.00 ± 0.20 mm, Surface coated",5000 VDC,820 pF,,,,No,,,Published
MLCC,High Voltage MLCC,FV56X821K402EFQ,FV,2225,"X7R, ±10%, T=2.00 ± 0.20 mm, Surface coated",4000 VDC,820 pF,,,,No,,,Published
MLCC,High Voltage MLCC,FV56X821K502EFQ,FV,2225,"X7R, ±10%, T=2.00 ± 0.20 mm, Surface coated",5000 VDC,820 pF,,,,No,,,Published
MLCC,High Voltage MLCC,FV52X102K302EFG,FV,2211,"X7R, ±10%, T=2.00 ± 0.20 mm",3000 VDC,1 nF,,,,No,,,Published
MLCC,High Voltage MLCC,FV52X102K402EFQ,FV,2211,"X7R, ±10%, T=2.00 ± 0.20 mm, Surface coated",4000 VDC,1 nF,,,,No,,,Published
MLCC,High Voltage MLCC,FV55X102K102EFG,FV,2220,"X7R, ±10%, T=2.00 ± 0.20 mm",1000 VDC,1 nF,,,,No,,,Published
MLCC,High Voltage MLCC,FV55X102K152EFG,FV,2220,"X7R, ±10%, T=2.00 ± 0.20 mm",1500 VDC,1 nF,,,,No,,,Published
MLCC,High Voltage MLCC,FV55X102K202EFG,FV,2220,"X7R, ±10%, T=2.00 ± 0.20 mm",2000 VDC,1 nF,,,,No,,,Published
MLCC,High Voltage MLCC,FV55X102K302EFG,FV,2220,"X7R, ±10%, T=2.00 ± 0.20 mm",3000 VDC,1 nF,,,,No,,,Published
MLCC,High Voltage MLCC,FV55X102K402EFQ,FV,2220,"X7R, ±10%, T=2.00 ± 0.20 mm, Surface coated",4000 VDC,1 nF,,,,No,,,Published
MLCC,High Voltage MLCC,FV55X102K502EFQ,FV,2220,"X7R, ±10%, T=2.00 ± 0.20 mm, Surface coated",5000 VDC,1 nF,,,,No,,,Published
MLCC,High Voltage MLCC,FV56X102K102EFG,FV,2225,"X7R, ±10%, T=2.00 ± 0.20 mm",1000 VDC,1 nF,,,,No,,,Published
MLCC,High Voltage MLCC,FV56X102K152EFG,FV,2225,"X7R, ±10%, T=2.00 ± 0.20 mm",1500 VDC,1 nF,,,,No,,,Published
MLCC,High Voltage MLCC,FV56X102K202EFG,FV,2225,"X7R, ±10%, T=2.00 ± 0.20 mm",2000 VDC,1 nF,,,,No,,,Published
MLCC,High Voltage MLCC,FV56X102K302EFG,FV,2225,"X7R, ±10%, T=2.00 ± 0.20 mm",3000 VDC,1 nF,,,,No,,,Published
MLCC,High Voltage MLCC,FV56X102K402EFQ,FV,2225,"X7R, ±10%, T=2.00 ± 0.20 mm, Surface coated",4000 VDC,1 nF,,,,No,,,Published
MLCC,High Voltage MLCC,FV56X102K502EFQ,FV,2225,"X7R, ±10%, T=2.00 ± 0.20 mm, Surface coated",5000 VDC,1 nF,,,,No,,,Published
MLCC,High Voltage MLCC,FV52X122K302EGG,FV,2211,"X7R, ±10%, T=2.50 ± 0.30 mm",3000 VDC,1.2 nF,,,,No,,,Published
MLCC,High Voltage MLCC,FV52X122K402EGQ,FV,2211,"X7R, ±10%, T=2.50 ± 0.30 mm, Surface coated",4000 VDC,1.2 nF,,,,No,,,Published
MLCC,High Voltage MLCC,FV55X122K102EFG,FV,2220,"X7R, ±10%, T=2.00 ± 0.20 mm",1000 VDC,1.2 nF,,,,No,,,Published
MLCC,High Voltage MLCC,FV55X122K152EFG,FV,2220,"X7R, ±10%, T=2.00 ± 0.20 mm",1500 VDC,1.2 nF,,,,No,,,Published
MLCC,High Voltage MLCC,FV55X122K202EFG,FV,2220,"X7R, ±10%, T=2.00 ± 0.20 mm",2000 VDC,1.2 nF,,,,No,,,Published
MLCC,High Voltage MLCC,FV55X122K302EFG,FV,2220,"X7R, ±10%, T=2.00 ± 0.20 mm",3000 VDC,1.2 nF,,,,No,,,Published
MLCC,High Voltage MLCC,FV55X122K402EGQ,FV,2220,"X7R, ±10%, T=2.50 ± 0.30 mm, Surface coated",4000 VDC,1.2 nF,,,,No,,,Published
MLCC,High Voltage MLCC,FV55X122K502EFQ,FV,2220,"X7R, ±10%, T=2.00 ± 0.20 mm, Surface coated",5000 VDC,1.2 nF,,,,No,,,Published
MLCC,High Voltage MLCC,FV56X122K102EFG,FV,2225,"X7R, ±10%, T=2.00 ± 0.20 mm",1000 VDC,1.2 nF,,,,No,,,Published
MLCC,High Voltage MLCC,FV56X122K152EFG,FV,2225,"X7R, ±10%, T=2.00 ± 0.20 mm",1500 VDC,1.2 nF,,,,No,,,Published
MLCC,High Voltage MLCC,FV56X122K202EFG,FV,2225,"X7R, ±10%, T=2.00 ± 0.20 mm",2000 VDC,1.2 nF,,,,No,,,Published
MLCC,High Voltage MLCC,FV56X122K302EFG,FV,2225,"X7R, ±10%, T=2.00 ± 0.20 mm",3000 VDC,1.2 nF,,,,No,,,Published
MLCC,High Voltage MLCC,FV56X122K402EGQ,FV,2225,"X7R, ±10%, T=2.50 ± 0.30 mm, Surface coated",4000 VDC,1.2 nF,,,,No,,,Published
MLCC,High Voltage MLCC,FV56X122K502EFQ,FV,2225,"X7R, ±10%, T=2.00 ± 0.20 mm, Surface coated",5000 VDC,1.2 nF,,,,No,,,Published
MLCC,High Voltage MLCC,FV52X152K302EGG,FV,2211,"X7R, ±10%, T=2.50 ± 0.30 mm",3000 VDC,1.5 nF,,,,No,,,Published
MLCC,High Voltage MLCC,FV52X152K402EGQ,FV,2211,"X7R, ±10%, T=2.50 ± 0.30 mm, Surface coated",4000 VDC,1.5 nF,,,,No,,,Published
MLCC,High Voltage MLCC,FV55X152K102EFG,FV,2220,"X7R, ±10%, T=2.00 ± 0.20 mm",1000 VDC,1.5 nF,,,,No,,,Published
MLCC,High Voltage MLCC,FV55X152K152EFG,FV,2220,"X7R, ±10%, T=2.00 ± 0.20 mm",1500 VDC,1.5 nF,,,,No,,,Published
MLCC,High Voltage MLCC,FV55X152K202EFG,FV,2220,"X7R, ±10%, T=2.00 ± 0.20 mm",2000 VDC,1.5 nF,,,,No,,,Published
MLCC,High Voltage MLCC,FV55X152K302EFG,FV,2220,"X7R, ±10%, T=2.00 ± 0.20 mm",3000 VDC,1.5 nF,,,,No,,,Published
MLCC,High Voltage MLCC,FV55X152K402EGQ,FV,2220,"X7R, ±10%, T=2.50 ± 0.30 mm, Surface coated",4000 VDC,1.5 nF,,,,No,,,Published
MLCC,High Voltage MLCC,FV55X152K502EFQ,FV,2220,"X7R, ±10%, T=2.00 ± 0.20 mm, Surface coated",5000 VDC,1.5 nF,,,,No,,,Published
MLCC,High Voltage MLCC,FV56X152K102EFG,FV,2225,"X7R, ±10%, T=2.00 ± 0.20 mm",1000 VDC,1.5 nF,,,,No,,,Published
MLCC,High Voltage MLCC,FV56X152K152EFG,FV,2225,"X7R, ±10%, T=2.00 ± 0.20 mm",1500 VDC,1.5 nF,,,,No,,,Published
MLCC,High Voltage MLCC,FV56X152K202EFG,FV,2225,"X7R, ±10%, T=2.00 ± 0.20 mm",2000 VDC,1.5 nF,,,,No,,,Published
MLCC,High Voltage MLCC,FV56X152K302EFG,FV,2225,"X7R, ±10%, T=2.00 ± 0.20 mm",3000 VDC,1.5 nF,,,,No,,,Published
MLCC,High Voltage MLCC,FV56X152K402EGQ,FV,2225,"X7R, ±10%, T=2.50 ± 0.30 mm, Surface coated",4000 VDC,1.5 nF,,,,No,,,Published
MLCC,High Voltage MLCC,FV56X152K502EFQ,FV,2225,"X7R, ±10%, T=2.00 ± 0.20 mm, Surface coated",5000 VDC,1.5 nF,,,,No,,,Published
MLCC,High Voltage MLCC,FV52X182K302EGG,FV,2211,"X7R, ±10%, T=2.50 ± 0.30 mm",3000 VDC,1.8 nF,,,,No,,,Published
MLCC,High Voltage MLCC,FV52X182K402EGQ,FV,2211,"X7R, ±10%, T=2.50 ± 0.30 mm, Surface coated",4000 VDC,1.8 nF,,,,No,,,Published
MLCC,High Voltage MLCC,FV55X182K102EFG,FV,2220,"X7R, ±10%, T=2.00 ± 0.20 mm",1000 VDC,1.8 nF,,,,No,,,Published
MLCC,High Voltage MLCC,FV55X182K152EFG,FV,2220,"X7R, ±10%, T=2.00 ± 0.20 mm",1500 VDC,1.8 nF,,,,No,,,Published
MLCC,High Voltage MLCC,FV55X182K202EFG,FV,2220,"X7R, ±10%, T=2.00 ± 0.20 mm",2000 VDC,1.8 nF,,,,No,,,Published
MLCC,High Voltage MLCC,FV55X182K302EFG,FV,2220,"X7R, ±10%, T=2.00 ± 0.20 mm",3000 VDC,1.8 nF,,,,No,,,Published
MLCC,High Voltage MLCC,FV55X182K402EGQ,FV,2220,"X7R, ±10%, T=2.50 ± 0.30 mm, Surface coated",4000 VDC,1.8 nF,,,,No,,,Published
MLCC,High Voltage MLCC,FV55X182K502EFQ,FV,2220,"X7R, ±10%, T=2.00 ± 0.20 mm, Surface coated",5000 VDC,1.8 nF,,,,No,,,Published
MLCC,High Voltage MLCC,FV56X182K102EFG,FV,2225,"X7R, ±10%, T=2.00 ± 0.20 mm",1000 VDC,1.8 nF,,,,No,,,Published
MLCC,High Voltage MLCC,FV56X182K152EFG,FV,2225,"X7R, ±10%, T=2.00 ± 0.20 mm",1500 VDC,1.8 nF,,,,No,,,Published
MLCC,High Voltage MLCC,FV56X182K202EFG,FV,2225,"X7R, ±10%, T=2.00 ± 0.20 mm",2000 VDC,1.8 nF,,,,No,,,Published
MLCC,High Voltage MLCC,FV56X182K302EFG,FV,2225,"X7R, ±10%, T=2.00 ± 0.20 mm",3000 VDC,1.8 nF,,,,No,,,Published
MLCC,High Voltage MLCC,FV56X182K402EGQ,FV,2225,"X7R, ±10%, T=2.50 ± 0.30 mm, Surface coated",4000 VDC,1.8 nF,,,,No,,,Published
MLCC,High Voltage MLCC,FV56X182K502EFQ,FV,2225,"X7R, ±10%, T=2.00 ± 0.20 mm, Surface coated",5000 VDC,1.8 nF,,,,No,,,Published
MLCC,High Voltage MLCC,FV52X222K302EGG,FV,2211,"X7R, ±10%, T=2.50 ± 0.30 mm",3000 VDC,2.2 nF,,,,No,,,Published
MLCC,High Voltage MLCC,FV55X222K102EFG,FV,2220,"X7R, ±10%, T=2.00 ± 0.20 mm",1000 VDC,2.2 nF,,,,No,,,Published
MLCC,High Voltage MLCC,FV55X222K152EFG,FV,2220,"X7R, ±10%, T=2.00 ± 0.20 mm",1500 VDC,2.2 nF,,,,No,,,Published
MLCC,High Voltage MLCC,FV55X222K202EFG,FV,2220,"X7R, ±10%, T=2.00 ± 0.20 mm",2000 VDC,2.2 nF,,,,No,,,Published
MLCC,High Voltage MLCC,FV55X222K302EFQ,FV,2220,"X7R, ±10%, T=2.00 ± 0.20 mm, Surface coated",3000 VDC,2.2 nF,,,,No,,,Published
MLCC,High Voltage MLCC,FV55X222K502EFQ,FV,2220,"X7R, ±10%, T=2.00 ± 0.20 mm, Surface coated",5000 VDC,2.2 nF,,,,No,,,Published
MLCC,High Voltage MLCC,FV56X222K102EFG,FV,2225,"X7R, ±10%, T=2.00 ± 0.20 mm",1000 VDC,2.2 nF,,,,No,,,Published
MLCC,High Voltage MLCC,FV56X222K152EFG,FV,2225,"X7R, ±10%, T=2.00 ± 0.20 mm",1500 VDC,2.2 nF,,,,No,,,Published
MLCC,High Voltage MLCC,FV56X222K202EFG,FV,2225,"X7R, ±10%, T=2.00 ± 0.20 mm",2000 VDC,2.2 nF,,,,No,,,Published
MLCC,High Voltage MLCC,FV56X222K302EFQ,FV,2225,"X7R, ±10%, T=2.00 ± 0.20 mm, Surface coated",3000 VDC,2.2 nF,,,,No,,,Published
MLCC,High Voltage MLCC,FV56X222K502EFQ,FV,2225,"X7R, ±10%, T=2.00 ± 0.20 mm, Surface coated",5000 VDC,2.2 nF,,,,No,,,Published
MLCC,High Voltage MLCC,FV52X272K302EGG,FV,2211,"X7R, ±10%, T=2.50 ± 0.30 mm",3000 VDC,2.7 nF,,,,No,,,Published
MLCC,High Voltage MLCC,FV55X272K102EFG,FV,2220,"X7R, ±10%, T=2.00 ± 0.20 mm",1000 VDC,2.7 nF,,,,No,,,Published
MLCC,High Voltage MLCC,FV55X272K152EFG,FV,2220,"X7R, ±10%, T=2.00 ± 0.20 mm",1500 VDC,2.7 nF,,,,No,,,Published
MLCC,High Voltage MLCC,FV55X272K202EFG,FV,2220,"X7R, ±10%, T=2.00 ± 0.20 mm",2000 VDC,2.7 nF,,,,No,,,Published
MLCC,High Voltage MLCC,FV55X272K302EFQ,FV,2220,"X7R, ±10%, T=2.00 ± 0.20 mm, Surface coated",3000 VDC,2.7 nF,,,,No,,,Published
MLCC,High Voltage MLCC,FV55X272K502EFQ,FV,2220,"X7R, ±10%, T=2.00 ± 0.20 mm, Surface coated",5000 VDC,2.7 nF,,,,No,,,Published
MLCC,High Voltage MLCC,FV56X272K102EFG,FV,2225,"X7R, ±10%, T=2.00 ± 0.20 mm",1000 VDC,2.7 nF,,,,No,,,Published
MLCC,High Voltage MLCC,FV56X272K152EFG,FV,2225,"X7R, ±10%, T=2.00 ± 0.20 mm",1500 VDC,2.7 nF,,,,No,,,Published
MLCC,High Voltage MLCC,FV56X272K202EFG,FV,2225,"X7R, ±10%, T=2.00 ± 0.20 mm",2000 VDC,2.7 nF,,,,No,,,Published
MLCC,High Voltage MLCC,FV56X272K302EFQ,FV,2225,"X7R, ±10%, T=2.00 ± 0.20 mm, Surface coated",3000 VDC,2.7 nF,,,,No,,,Published
MLCC,High Voltage MLCC,FV56X272K502EFQ,FV,2225,"X7R, ±10%, T=2.00 ± 0.20 mm, Surface coated",5000 VDC,2.7 nF,,,,No,,,Published
MLCC,High Voltage MLCC,FV52X332K302EGG,FV,2211,"X7R, ±10%, T=2.50 ± 0.30 mm",3000 VDC,3.3 nF,,,,No,,,Published
MLCC,High Voltage MLCC,FV55X332K102EFG,FV,2220,"X7R, ±10%, T=2.00 ± 0.20 mm",1000 VDC,3.3 nF,,,,No,,,Published
MLCC,High Voltage MLCC,FV55X332K152EFG,FV,2220,"X7R, ±10%, T=2.00 ± 0.20 mm",1500 VDC,3.3 nF,,,,No,,,Published
MLCC,High Voltage MLCC,FV55X332K202EFG,FV,2220,"X7R, ±10%, T=2.00 ± 0.20 mm",2000 VDC,3.3 nF,,,,No,,,Published
MLCC,High Voltage MLCC,FV55X332K302EFQ,FV,2220,"X7R, ±10%, T=2.00 ± 0.20 mm, Surface coated",3000 VDC,3.3 nF,,,,No,,,Published
MLCC,High Voltage MLCC,FV55X332K502EFQ,FV,2220,"X7R, ±10%, T=2.00 ± 0.20 mm, Surface coated",5000 VDC,3.3 nF,,,,No,,,Published
MLCC,High Voltage MLCC,FV56X332K102EFG,FV,2225,"X7R, ±10%, T=2.00 ± 0.20 mm",1000 VDC,3.3 nF,,,,No,,,Published
MLCC,High Voltage MLCC,FV56X332K152EFG,FV,2225,"X7R, ±10%, T=2.00 ± 0.20 mm",1500 VDC,3.3 nF,,,,No,,,Published
MLCC,High Voltage MLCC,FV56X332K202EFG,FV,2225,"X7R, ±10%, T=2.00 ± 0.20 mm",2000 VDC,3.3 nF,,,,No,,,Published
MLCC,High Voltage MLCC,FV56X332K302EFQ,FV,2225,"X7R, ±10%, T=2.00 ± 0.20 mm, Surface coated",3000 VDC,3.3 nF,,,,No,,,Published
MLCC,High Voltage MLCC,FV56X332K502EFQ,FV,2225,"X7R, ±10%, T=2.00 ± 0.20 mm, Surface coated",5000 VDC,3.3 nF,,,,No,,,Published
MLCC,High Voltage MLCC,FV55X392K102EFG,FV,2220,"X7R, ±10%, T=2.00 ± 0.20 mm",1000 VDC,3.9 nF,,,,No,,,Published
MLCC,High Voltage MLCC,FV55X392K152EFG,FV,2220,"X7R, ±10%, T=2.00 ± 0.20 mm",1500 VDC,3.9 nF,,,,No,,,Published
MLCC,High Voltage MLCC,FV55X392K202EFG,FV,2220,"X7R, ±10%, T=2.00 ± 0.20 mm",2000 VDC,3.9 nF,,,,No,,,Published
MLCC,High Voltage MLCC,FV55X392K302EFQ,FV,2220,"X7R, ±10%, T=2.00 ± 0.20 mm, Surface coated",3000 VDC,3.9 nF,,,,No,,,Published
MLCC,High Voltage MLCC,FV55X392K502EFQ,FV,2220,"X7R, ±10%, T=2.00 ± 0.20 mm, Surface coated",5000 VDC,3.9 nF,,,,No,,,Published
MLCC,High Voltage MLCC,FV56X392K102EFG,FV,2225,"X7R, ±10%, T=2.00 ± 0.20 mm",1000 VDC,3.9 nF,,,,No,,,Published
MLCC,High Voltage MLCC,FV56X392K152EFG,FV,2225,"X7R, ±10%, T=2.00 ± 0.20 mm",1500 VDC,3.9 nF,,,,No,,,Published
MLCC,High Voltage MLCC,FV56X392K202EFG,FV,2225,"X7R, ±10%, T=2.00 ± 0.20 mm",2000 VDC,3.9 nF,,,,No,,,Published
MLCC,High Voltage MLCC,FV56X392K302EFQ,FV,2225,"X7R, ±10%, T=2.00 ± 0.20 mm, Surface coated",3000 VDC,3.9 nF,,,,No,,,Published
MLCC,High Voltage MLCC,FV56X392K502EFQ,FV,2225,"X7R, ±10%, T=2.00 ± 0.20 mm, Surface coated",5000 VDC,3.9 nF,,,,No,,,Published
MLCC,High Voltage MLCC,FV55X472K102EFG,FV,2220,"X7R, ±10%, T=2.00 ± 0.20 mm",1000 VDC,4.7 nF,,,,No,,,Published
MLCC,High Voltage MLCC,FV55X472K152EFG,FV,2220,"X7R, ±10%, T=2.00 ± 0.20 mm",1500 VDC,4.7 nF,,,,No,,,Published
MLCC,High Voltage MLCC,FV55X472K202EFG,FV,2220,"X7R, ±10%, T=2.00 ± 0.20 mm",2000 VDC,4.7 nF,,,,No,,,Published
MLCC,High Voltage MLCC,FV55X472K302EFQ,FV,2220,"X7R, ±10%, T=2.00 ± 0.20 mm, Surface coated",3000 VDC,4.7 nF,,,,No,,,Published
MLCC,High Voltage MLCC,FV55X472K502EFG,FV,2220,"X7R, ±10%, T=2.00 ± 0.20 mm",5000 VDC,4.7 nF,,,,No,,,Published
MLCC,High Voltage MLCC,FV55X472K502EGQ,FV,2220,"X7R, ±10%, T=2.50 ± 0.30 mm, Surface coated",5000 VDC,4.7 nF,,,,No,,,Published
MLCC,High Voltage MLCC,FV56X472K102EFG,FV,2225,"X7R, ±10%, T=2.00 ± 0.20 mm",1000 VDC,4.7 nF,,,,No,,,Published
MLCC,High Voltage MLCC,FV56X472K152EFG,FV,2225,"X7R, ±10%, T=2.00 ± 0.20 mm",1500 VDC,4.7 nF,,,,No,,,Published
MLCC,High Voltage MLCC,FV56X472K202EFG,FV,2225,"X7R, ±10%, T=2.00 ± 0.20 mm",2000 VDC,4.7 nF,,,,No,,,Published
MLCC,High Voltage MLCC,FV56X472K302EFQ,FV,2225,"X7R, ±10%, T=2.00 ± 0.20 mm, Surface coated",3000 VDC,4.7 nF,,,,No,,,Published
MLCC,High Voltage MLCC,FV56X472K502EFG,FV,2225,"X7R, ±10%, T=2.00 ± 0.20 mm",5000 VDC,4.7 nF,,,,No,,,Published
MLCC,High Voltage MLCC,FV56X472K502EGQ,FV,2225,"X7R, ±10%, T=2.50 ± 0.30 mm, Surface coated",5000 VDC,4.7 nF,,,,No,,,Published
MLCC,High Voltage MLCC,FV55X562K102EFG,FV,2220,"X7R, ±10%, T=2.00 ± 0.20 mm",1000 VDC,5.6 nF,,,,No,,,Published
MLCC,High Voltage MLCC,FV55X562K152EFG,FV,2220,"X7R, ±10%, T=2.00 ± 0.20 mm",1500 VDC,5.6 nF,,,,No,,,Published
MLCC,High Voltage MLCC,FV55X562K202EFG,FV,2220,"X7R, ±10%, T=2.00 ± 0.20 mm",2000 VDC,5.6 nF,,,,No,,,Published
MLCC,High Voltage MLCC,FV55X562K302EFQ,FV,2220,"X7R, ±10%, T=2.00 ± 0.20 mm, Surface coated",3000 VDC,5.6 nF,,,,No,,,Published
MLCC,High Voltage MLCC,FV56X562K102EFG,FV,2225,"X7R, ±10%, T=2.00 ± 0.20 mm",1000 VDC,5.6 nF,,,,No,,,Published
MLCC,High Voltage MLCC,FV56X562K152EFG,FV,2225,"X7R, ±10%, T=2.00 ± 0.20 mm",1500 VDC,5.6 nF,,,,No,,,Published
MLCC,High Voltage MLCC,FV56X562K202EFG,FV,2225,"X7R, ±10%, T=2.00 ± 0.20 mm",2000 VDC,5.6 nF,,,,No,,,Published
MLCC,High Voltage MLCC,FV56X562K302EGQ,FV,2225,"X7R, ±10%, T=2.50 ± 0.30 mm, Surface coated",3000 VDC,5.6 nF,,,,No,,,Published
MLCC,High Voltage MLCC,FV55X682K102EFG,FV,2220,"X7R, ±10%, T=2.00 ± 0.20 mm",1000 VDC,6.8 nF,,,,No,,,Published
MLCC,High Voltage MLCC,FV55X682K152EFG,FV,2220,"X7R, ±10%, T=2.00 ± 0.20 mm",1500 VDC,6.8 nF,,,,No,,,Published
MLCC,High Voltage MLCC,FV55X682K202EFG,FV,2220,"X7R, ±10%, T=2.00 ± 0.20 mm",2000 VDC,6.8 nF,,,,No,,,Published
MLCC,High Voltage MLCC,FV55X682K302EGQ,FV,2220,"X7R, ±10%, T=2.50 ± 0.30 mm, Surface coated",3000 VDC,6.8 nF,,,,No,,,Published
MLCC,High Voltage MLCC,FV56X682K102EFG,FV,2225,"X7R, ±10%, T=2.00 ± 0.20 mm",1000 VDC,6.8 nF,,,,No,,,Published
MLCC,High Voltage MLCC,FV56X682K152EFG,FV,2225,"X7R, ±10%, T=2.00 ± 0.20 mm",1500 VDC,6.8 nF,,,,No,,,Published
MLCC,High Voltage MLCC,FV56X682K202EFG,FV,2225,"X7R, ±10%, T=2.00 ± 0.20 mm",2000 VDC,6.8 nF,,,,No,,,Published
MLCC,High Voltage MLCC,FV56X682K302EGQ,FV,2225,"X7R, ±10%, T=2.50 ± 0.30 mm, Surface coated",3000 VDC,6.8 nF,,,,No,,,Published
MLCC,High Voltage MLCC,FV55X822K102EFG,FV,2220,"X7R, ±10%, T=2.00 ± 0.20 mm",1000 VDC,8.2 nF,,,,No,,,Published
MLCC,High Voltage MLCC,FV55X822K152EGG,FV,2220,"X7R, ±10%, T=2.50 ± 0.30 mm",1500 VDC,8.2 nF,,,,No,,,Published
MLCC,High Voltage MLCC,FV55X822K202EGG,FV,2220,"X7R, ±10%, T=2.50 ± 0.30 mm",2000 VDC,8.2 nF,,,,No,,,Published
MLCC,High Voltage MLCC,FV55X822K302EGQ,FV,2220,"X7R, ±10%, T=2.50 ± 0.30 mm, Surface coated",3000 VDC,8.2 nF,,,,No,,,Published
MLCC,High Voltage MLCC,FV56X822K102EFG,FV,2225,"X7R, ±10%, T=2.00 ± 0.20 mm",1000 VDC,8.2 nF,,,,No,,,Published
MLCC,High Voltage MLCC,FV56X822K152EFG,FV,2225,"X7R, ±10%, T=2.00 ± 0.20 mm",1500 VDC,8.2 nF,,,,No,,,Published
MLCC,High Voltage MLCC,FV56X822K202EFG,FV,2225,"X7R, ±10%, T=2.00 ± 0.20 mm",2000 VDC,8.2 nF,,,,No,,,Published
MLCC,High Voltage MLCC,FV56X822K302EGQ,FV,2225,"X7R, ±10%, T=2.50 ± 0.30 mm, Surface coated",3000 VDC,8.2 nF,,,,No,,,Published
MLCC,High Voltage MLCC,FV55X103K102EFG,FV,2220,"X7R, ±10%, T=2.00 ± 0.20 mm",1000 VDC,10 nF,,,,No,,,Published
MLCC,High Voltage MLCC,FV55X103K152EGG,FV,2220,"X7R, ±10%, T=2.50 ± 0.30 mm",1500 VDC,10 nF,,,,No,,,Published
MLCC,High Voltage MLCC,FV55X103K152EFG,FV,2220,"X7R, ±10%, T=2.00 ± 0.20 mm",1500 VDC,10 nF,,,,No,,,Published
MLCC,High Voltage MLCC,FV55X103K202EEG,FV,2220,"X7R, ±10%, T=1.60 ± 0.20 mm",2000 VDC,10 nF,,,,No,,,Published
MLCC,High Voltage MLCC,FV55X103K202EGG,FV,2220,"X7R, ±10%, T=2.50 ± 0.30 mm",2000 VDC,10 nF,,,,No,,,Published
MLCC,High Voltage MLCC,FV55X103K202EFG,FV,2220,"X7R, ±10%, T=2.00 ± 0.20 mm",2000 VDC,10 nF,,,,No,,,Published
MLCC,High Voltage MLCC,FV55X103K302EGQ,FV,2220,"X7R, ±10%, T=2.50 ± 0.30 mm, Surface coated",3000 VDC,10 nF,,,,No,,,Published
MLCC,High Voltage MLCC,FV56X103K102EFG,FV,2225,"X7R, ±10%, T=2.00 ± 0.20 mm",1000 VDC,10 nF,,,,No,,,Published
MLCC,High Voltage MLCC,FV56X103K152EFG,FV,2225,"X7R, ±10%, T=2.00 ± 0.20 mm",1500 VDC,10 nF,,,,No,,,Published
MLCC,High Voltage MLCC,FV56X103K202EFG,FV,2225,"X7R, ±10%, T=2.00 ± 0.20 mm",2000 VDC,10 nF,,,,No,,,Published
MLCC,High Voltage MLCC,FV56X103K302EGQ,FV,2225,"X7R, ±10%, T=2.50 ± 0.30 mm, Surface coated",3000 VDC,10 nF,,,,No,,,Published
MLCC,High Voltage MLCC,FV55X123K102EFG,FV,2220,"X7R, ±10%, T=2.00 ± 0.20 mm",1000 VDC,12 nF,,,,No,,,Published
MLCC,High Voltage MLCC,FV55X123K152EGG,FV,2220,"X7R, ±10%, T=2.50 ± 0.30 mm",1500 VDC,12 nF,,,,No,,,Published
MLCC,High Voltage MLCC,FV55X123K202EGG,FV,2220,"X7R, ±10%, T=2.50 ± 0.30 mm",2000 VDC,12 nF,,,,No,,,Published
MLCC,High Voltage MLCC,FV55X123K302EHQ,FV,2220,"X7R, ±10%, T=2.80 ± 0.30 mm, Surface coated",3000 VDC,12 nF,,,,No,,,Published
MLCC,High Voltage MLCC,FV56X123K102EFG,FV,2225,"X7R, ±10%, T=2.00 ± 0.20 mm",1000 VDC,12 nF,,,,No,,,Published
MLCC,High Voltage MLCC,FV56X123K152EGG,FV,2225,"X7R, ±10%, T=2.50 ± 0.30 mm",1500 VDC,12 nF,,,,No,,,Published
MLCC,High Voltage MLCC,FV56X123K202EGG,FV,2225,"X7R, ±10%, T=2.50 ± 0.30 mm",2000 VDC,12 nF,,,,No,,,Published
MLCC,High Voltage MLCC,FV56X123K302EGQ,FV,2225,"X7R, ±10%, T=2.50 ± 0.30 mm, Surface coated",3000 VDC,12 nF,,,,No,,,Published
MLCC,High Voltage MLCC,FV55X153K102EFG,FV,2220,"X7R, ±10%, T=2.00 ± 0.20 mm",1000 VDC,15 nF,,,,No,,,Published
MLCC,High Voltage MLCC,FV55X153K152EGG,FV,2220,"X7R, ±10%, T=2.50 ± 0.30 mm",1500 VDC,15 nF,,,,No,,,Published
MLCC,High Voltage MLCC,FV55X153K202EGG,FV,2220,"X7R, ±10%, T=2.50 ± 0.30 mm",2000 VDC,15 nF,,,,No,,,Published
MLCC,High Voltage MLCC,FV55X153K302EHQ,FV,2220,"X7R, ±10%, T=2.80 ± 0.30 mm, Surface coated",3000 VDC,15 nF,,,,No,,,Published
MLCC,High Voltage MLCC,FV56X153K102EFG,FV,2225,"X7R, ±10%, T=2.00 ± 0.20 mm",1000 VDC,15 nF,,,,No,,,Published
MLCC,High Voltage MLCC,FV56X153K152EGG,FV,2225,"X7R, ±10%, T=2.50 ± 0.30 mm",1500 VDC,15 nF,,,,No,,,Published
MLCC,High Voltage MLCC,FV56X153K202EGG,FV,2225,"X7R, ±10%, T=2.50 ± 0.30 mm",2000 VDC,15 nF,,,,No,,,Published
MLCC,High Voltage MLCC,FV56X153K302EGQ,FV,2225,"X7R, ±10%, T=2.50 ± 0.30 mm, Surface coated",3000 VDC,15 nF,,,,No,,,Published
MLCC,High Voltage MLCC,FV55X183K102EFG,FV,2220,"X7R, ±10%, T=2.00 ± 0.20 mm",1000 VDC,18 nF,,,,No,,,Published
MLCC,High Voltage MLCC,FV55X183K152EHG,FV,2220,"X7R, ±10%, T=2.80 ± 0.30 mm",1500 VDC,18 nF,,,,No,,,Published
MLCC,High Voltage MLCC,FV55X183K202EHG,FV,2220,"X7R, ±10%, T=2.80 ± 0.30 mm",2000 VDC,18 nF,,,,No,,,Published
MLCC,High Voltage MLCC,FV55X183K302EHQ,FV,2220,"X7R, ±10%, T=2.80 ± 0.30 mm, Surface coated",3000 VDC,18 nF,,,,No,,,Published
MLCC,High Voltage MLCC,FV56X183K102EFG,FV,2225,"X7R, ±10%, T=2.00 ± 0.20 mm",1000 VDC,18 nF,,,,No,,,Published
MLCC,High Voltage MLCC,FV56X183K152EGG,FV,2225,"X7R, ±10%, T=2.50 ± 0.30 mm",1500 VDC,18 nF,,,,No,,,Published
MLCC,High Voltage MLCC,FV56X183K202EGG,FV,2225,"X7R, ±10%, T=2.50 ± 0.30 mm",2000 VDC,18 nF,,,,No,,,Published
MLCC,High Voltage MLCC,FV56X183K302EGG,FV,2225,"X7R, ±10%, T=2.50 ± 0.30 mm",3000 VDC,18 nF,,,,No,,,Published
MLCC,High Voltage MLCC,FV56X183K302EHQ,FV,2225,"X7R, ±10%, T=2.80 ± 0.30 mm, Surface coated",3000 VDC,18 nF,,,,No,,,Published
MLCC,High Voltage MLCC,FV55X223K102EFG,FV,2220,"X7R, ±10%, T=2.00 ± 0.20 mm",1000 VDC,22 nF,,,,No,,,Published
MLCC,High Voltage MLCC,FV55X223K152EHG,FV,2220,"X7R, ±10%, T=2.80 ± 0.30 mm",1500 VDC,22 nF,,,,No,,,Published
MLCC,High Voltage MLCC,FV55X223K202EHG,FV,2220,"X7R, ±10%, T=2.80 ± 0.30 mm",2000 VDC,22 nF,,,,No,,,Published
MLCC,High Voltage MLCC,FV55X223K202EGG,FV,2220,"X7R, ±10%, T=2.50 ± 0.30 mm",2000 VDC,22 nF,,,,No,,,Published
MLCC,High Voltage MLCC,FV56X223K102EFG,FV,2225,"X7R, ±10%, T=2.00 ± 0.20 mm",1000 VDC,22 nF,,,,No,,,Published
MLCC,High Voltage MLCC,FV56X223K152EGG,FV,2225,"X7R, ±10%, T=2.50 ± 0.30 mm",1500 VDC,22 nF,,,,No,,,Published
MLCC,High Voltage MLCC,FV56X223K152EFG,FV,2225,"X7R, ±10%, T=2.00 ± 0.20 mm",1500 VDC,22 nF,,,,No,,,Published
MLCC,High Voltage MLCC,FV56X223K202EGG,FV,2225,"X7R, ±10%, T=2.50 ± 0.30 mm",2000 VDC,22 nF,,,,No,,,Published
MLCC,High Voltage MLCC,FV56X223K202EFG,FV,2225,"X7R, ±10%, T=2.00 ± 0.20 mm",2000 VDC,22 nF,,,,No,,,Published
MLCC,High Voltage MLCC,FV56X223K302EFQ,FV,2225,"X7R, ±10%, T=2.00 ± 0.20 mm, Surface coated",3000 VDC,22 nF,,,,No,,,Published
MLCC,High Voltage MLCC,FV55X273K102EFG,FV,2220,"X7R, ±10%, T=2.00 ± 0.20 mm",1000 VDC,27 nF,,,,No,,,Published
MLCC,High Voltage MLCC,FV55X273K152EHG,FV,2220,"X7R, ±10%, T=2.80 ± 0.30 mm",1500 VDC,27 nF,,,,No,,,Published
MLCC,High Voltage MLCC,FV55X273K202EHG,FV,2220,"X7R, ±10%, T=2.80 ± 0.30 mm",2000 VDC,27 nF,,,,No,,,Published
MLCC,High Voltage MLCC,FV55X273K202EGG,FV,2220,"X7R, ±10%, T=2.50 ± 0.30 mm",2000 VDC,27 nF,,,,No,,,Published
MLCC,High Voltage MLCC,FV56X273K102EFG,FV,2225,"X7R, ±10%, T=2.00 ± 0.20 mm",1000 VDC,27 nF,,,,No,,,Published
MLCC,High Voltage MLCC,FV56X273K152EGG,FV,2225,"X7R, ±10%, T=2.50 ± 0.30 mm",1500 VDC,27 nF,,,,No,,,Published
MLCC,High Voltage MLCC,FV56X273K202EGG,FV,2225,"X7R, ±10%, T=2.50 ± 0.30 mm",2000 VDC,27 nF,,,,No,,,Published
MLCC,High Voltage MLCC,FV55X333K102EFG,FV,2220,"X7R, ±10%, T=2.00 ± 0.20 mm",1000 VDC,33 nF,,,,No,,,Published
MLCC,High Voltage MLCC,FV55X333K152EHG,FV,2220,"X7R, ±10%, T=2.80 ± 0.30 mm",1500 VDC,33 nF,,,,No,,,Published
MLCC,High Voltage MLCC,FV55X333K202EHG,FV,2220,"X7R, ±10%, T=2.80 ± 0.30 mm",2000 VDC,33 nF,,,,No,,,Published
MLCC,High Voltage MLCC,FV55X333K202EFG,FV,2220,"X7R, ±10%, T=2.00 ± 0.20 mm",2000 VDC,33 nF,,,,No,,,Published
MLCC,High Voltage MLCC,FV56X333K102EFG,FV,2225,"X7R, ±10%, T=2.00 ± 0.20 mm",1000 VDC,33 nF,,,,No,,,Published
MLCC,High Voltage MLCC,FV56X333K152EGG,FV,2225,"X7R, ±10%, T=2.50 ± 0.30 mm",1500 VDC,33 nF,,,,No,,,Published
MLCC,High Voltage MLCC,FV56X333K202EGG,FV,2225,"X7R, ±10%, T=2.50 ± 0.30 mm",2000 VDC,33 nF,,,,No,,,Published
MLCC,High Voltage MLCC,FV55X393K102EFG,FV,2220,"X7R, ±10%, T=2.00 ± 0.20 mm",1000 VDC,39 nF,,,,No,,,Published
MLCC,High Voltage MLCC,FV55X393K152EHG,FV,2220,"X7R, ±10%, T=2.80 ± 0.30 mm",1500 VDC,39 nF,,,,No,,,Published
MLCC,High Voltage MLCC,FV55X393K202EHG,FV,2220,"X7R, ±10%, T=2.80 ± 0.30 mm",2000 VDC,39 nF,,,,No,,,Published
MLCC,High Voltage MLCC,FV56X393K102EFG,FV,2225,"X7R, ±10%, T=2.00 ± 0.20 mm",1000 VDC,39 nF,,,,No,,,Published
MLCC,High Voltage MLCC,FV56X393K152EGG,FV,2225,"X7R, ±10%, T=2.50 ± 0.30 mm",1500 VDC,39 nF,,,,No,,,Published
MLCC,High Voltage MLCC,FV56X393K202EHG,FV,2225,"X7R, ±10%, T=2.80 ± 0.30 mm",2000 VDC,39 nF,,,,No,,,Published
MLCC,High Voltage MLCC,FV55X473K102EFG,FV,2220,"X7R, ±10%, T=2.00 ± 0.20 mm",1000 VDC,47 nF,,,,No,,,Published
MLCC,High Voltage MLCC,FV55X473K152EHG,FV,2220,"X7R, ±10%, T=2.80 ± 0.30 mm",1500 VDC,47 nF,,,,No,,,Published
MLCC,High Voltage MLCC,FV55X473K202EHG,FV,2220,"X7R, ±10%, T=2.80 ± 0.30 mm",2000 VDC,47 nF,,,,No,,,Published
MLCC,High Voltage MLCC,FV56X473K102EFG,FV,2225,"X7R, ±10%, T=2.00 ± 0.20 mm",1000 VDC,47 nF,,,,No,,,Published
MLCC,High Voltage MLCC,FV56X473K152EGG,FV,2225,"X7R, ±10%, T=2.50 ± 0.30 mm",1500 VDC,47 nF,,,,No,,,Published
MLCC,High Voltage MLCC,FV56X473K202EHG,FV,2225,"X7R, ±10%, T=2.80 ± 0.30 mm",2000 VDC,47 nF,,,,No,,,Published
MLCC,High Voltage MLCC,FV55X563K102EFG,FV,2220,"X7R, ±10%, T=2.00 ± 0.20 mm",1000 VDC,56 nF,,,,No,,,Published
MLCC,High Voltage MLCC,FV55X563K152EHG,FV,2220,"X7R, ±10%, T=2.80 ± 0.30 mm",1500 VDC,56 nF,,,,No,,,Published
MLCC,High Voltage MLCC,FV55X563K202EHG,FV,2220,"X7R, ±10%, T=2.80 ± 0.30 mm",2000 VDC,56 nF,,,,No,,,Published
MLCC,High Voltage MLCC,FV56X563K102EFG,FV,2225,"X7R, ±10%, T=2.00 ± 0.20 mm",1000 VDC,56 nF,,,,No,,,Published
MLCC,High Voltage MLCC,FV56X563K152EGG,FV,2225,"X7R, ±10%, T=2.50 ± 0.30 mm",1500 VDC,56 nF,,,,No,,,Published
MLCC,High Voltage MLCC,FV56X563K202EHG,FV,2225,"X7R, ±10%, T=2.80 ± 0.30 mm",2000 VDC,56 nF,,,,No,,,Published
MLCC,High Voltage MLCC,FV55X683K102EFG,FV,2220,"X7R, ±10%, T=2.00 ± 0.20 mm",1000 VDC,68 nF,,,,No,,,Published
MLCC,High Voltage MLCC,FV56X683K102EFG,FV,2225,"X7R, ±10%, T=2.00 ± 0.20 mm",1000 VDC,68 nF,,,,No,,,Published
MLCC,High Voltage MLCC,FV56X683K152EGG,FV,2225,"X7R, ±10%, T=2.50 ± 0.30 mm",1500 VDC,68 nF,,,,No,,,Published
MLCC,High Voltage MLCC,FV55X823K102EFG,FV,2220,"X7R, ±10%, T=2.00 ± 0.20 mm",1000 VDC,82 nF,,,,No,,,Published
MLCC,High Voltage MLCC,FV56X823K102EFG,FV,2225,"X7R, ±10%, T=2.00 ± 0.20 mm",1000 VDC,82 nF,,,,No,,,Published
MLCC,High Voltage MLCC,FV56X823K152EGG,FV,2225,"X7R, ±10%, T=2.50 ± 0.30 mm",1500 VDC,82 nF,,,,No,,,Published
MLCC,High Voltage MLCC,FV55X104K102EGG,FV,2220,"X7R, ±10%, T=2.50 ± 0.30 mm",1000 VDC,100 nF,,,,No,,,Published
MLCC,High Voltage MLCC,FV55X104K102EFG,FV,2220,"X7R, ±10%, T=2.00 ± 0.20 mm",1000 VDC,100 nF,,,,No,,,Published
MLCC,High Voltage MLCC,FV56X104K102EGG,FV,2225,"X7R, ±10%, T=2.50 ± 0.30 mm",1000 VDC,100 nF,,,,No,,,Published
MLCC,High Voltage MLCC,FV56X104K152EGG,FV,2225,"X7R, ±10%, T=2.50 ± 0.30 mm",1500 VDC,100 nF,,,,No,,,Published
MLCC,High Voltage MLCC,FV55X124K102EGG,FV,2220,"X7R, ±10%, T=2.50 ± 0.30 mm",1000 VDC,120 nF,,,,No,,,Published
MLCC,High Voltage MLCC,FV55X124K102EFG,FV,2220,"X7R, ±10%, T=2.00 ± 0.20 mm",1000 VDC,120 nF,,,,No,,,Published
MLCC,High Voltage MLCC,FV56X124K102EHG,FV,2225,"X7R, ±10%, T=2.80 ± 0.30 mm",1000 VDC,120 nF,,,,No,,,Published
MLCC,High Voltage MLCC,FV55X154K102EHG,FV,2220,"X7R, ±10%, T=2.80 ± 0.30 mm",1000 VDC,150 nF,,,,No,,,Published
MLCC,High Voltage MLCC,FV56X154K102EGG,FV,2225,"X7R, ±10%, T=2.50 ± 0.30 mm",1000 VDC,150 nF,,,,No,,,Published
MLCC,High Voltage MLCC,FV56X154K102EHG,FV,2225,"X7R, ±10%, T=2.80 ± 0.30 mm",1000 VDC,150 nF,,,,No,,,Published
MLCC,High Voltage MLCC,FV55X184K102EHG,FV,2220,"X7R, ±10%, T=2.80 ± 0.30 mm",1000 VDC,180 nF,,,,No,,,Published
MLCC,High Voltage MLCC,FV56X184K102EHG,FV,2225,"X7R, ±10%, T=2.80 ± 0.30 mm",1000 VDC,180 nF,,,,No,,,Published
MLCC,High Voltage MLCC,FV55X224K102EHG,FV,2220,"X7R, ±10%, T=2.80 ± 0.30 mm",1000 VDC,220 nF,,,,No,,,Published
MLCC,High Voltage MLCC,FV55X224K102EFG,FV,2220,"X7R, ±10%, T=2.00 ± 0.20 mm",1000 VDC,220 nF,,,,No,,,Published
MLCC,High Voltage MLCC,FV56X224K102EHG,FV,2225,"X7R, ±10%, T=2.80 ± 0.30 mm",1000 VDC,220 nF,,,,No,,,Published
MLCC,High Voltage MLCC,FV55X274K102EHG,FV,2220,"X7R, ±10%, T=2.80 ± 0.30 mm",1000 VDC,270 nF,,,,No,,,Published
MLCC,High Voltage MLCC,FV56X274K102EFG,FV,2225,"X7R, ±10%, T=2.00 ± 0.20 mm",1000 VDC,270 nF,,,,No,,,Published
MLCC,High Voltage MLCC,FV56X274K102EGG,FV,2225,"X7R, ±10%, T=2.50 ± 0.30 mm",1000 VDC,270 nF,,,,No,,,Published
MLCC,High Voltage MLCC,FV56X274K102EHG,FV,2225,"X7R, ±10%, T=2.80 ± 0.30 mm",1000 VDC,270 nF,,,,No,,,Published
MLCC,High Voltage MLCC,FV55X334K102EHG,FV,2220,"X7R, ±10%, T=2.80 ± 0.30 mm",1000 VDC,330 nF,,,,No,,,Published
MLCC,High Voltage MLCC,FV56X334K102EGG,FV,2225,"X7R, ±10%, T=2.50 ± 0.30 mm",1000 VDC,330 nF,,,,No,,,Published
MLCC,High Voltage MLCC,FV56X334K102EHG,FV,2225,"X7R, ±10%, T=2.80 ± 0.30 mm",1000 VDC,330 nF,,,,No,,,Published
