Category,SubCategory,PartNumber,Series,Package,PrimarySpec,Voltage,Capacitance,Resistance,Inductance,SafetyClass,AutomotiveGrade,DatasheetURL,EnvironmentalURL,Status
MLCC,Medium Voltage,FM15N100J101PT,FM,402,NP0 (C0G); ±5%; Pd/Ag; 7-inch Reeled,100V,10 pF,,,,,,,Published
MLCC,Medium Voltage,FM15N100J101PG,FM,402,NP0 (C0G); ±5%; Pd/Ag; 13-inch Reeled,100V,10 pF,,,,,,,Published
MLCC,Medium Voltage,FM15N100J101ET,FM,402,NP0 (C0G); ±5%; Ag/Ni/Sn; 7-inch Reeled,100V,10 pF,,,,,,,Published
MLCC,Medium Voltage,FM15N100J101EG,FM,402,NP0 (C0G); ±5%; Ag/Ni/Sn; 13-inch Reeled,100V,10 pF,,,,,,,Published
MLCC,Medium Voltage,FM15N100K101PT,FM,402,NP0 (C0G); ±10%; Pd/Ag; 7-inch Reeled,100V,10 pF,,,,,,,Published
MLCC,Medium Voltage,FM15N100K101PG,FM,402,NP0 (C0G); ±10%; Pd/Ag; 13-inch Reeled,100V,10 pF,,,,,,,Published
MLCC,Medium Voltage,FM15N100K101ET,FM,402,NP0 (C0G); ±10%; Ag/Ni/Sn; 7-inch Reeled,100V,10 pF,,,,,,,Published
MLCC,Medium Voltage,FM15N100K101EG,FM,402,NP0 (C0G); ±10%; Ag/Ni/Sn; 13-inch Reeled,100V,10 pF,,,,,,,Published
MLCC,Medium Voltage,FM15N101J101PT,FM,402,NP0 (C0G); ±5%; Pd/Ag; 7-inch Reeled,100V,100 pF,,,,,,,Published
MLCC,Medium Voltage,FM15N101J101PG,FM,402,NP0 (C0G); ±5%; Pd/Ag; 13-inch Reeled,100V,100 pF,,,,,,,Published
MLCC,Medium Voltage,FM15N101J101ET,FM,402,NP0 (C0G); ±5%; Ag/Ni/Sn; 7-inch Reeled,100V,100 pF,,,,,,,Published
MLCC,Medium Voltage,FM15N101J101EG,FM,402,NP0 (C0G); ±5%; Ag/Ni/Sn; 13-inch Reeled,100V,100 pF,,,,,,,Published
MLCC,Medium Voltage,FM15N101K101PT,FM,402,NP0 (C0G); ±10%; Pd/Ag; 7-inch Reeled,100V,100 pF,,,,,,,Published
MLCC,Medium Voltage,FM15N101K101PG,FM,402,NP0 (C0G); ±10%; Pd/Ag; 13-inch Reeled,100V,100 pF,,,,,,,Published
MLCC,Medium Voltage,FM15N101K101ET,FM,402,NP0 (C0G); ±10%; Ag/Ni/Sn; 7-inch Reeled,100V,100 pF,,,,,,,Published
MLCC,Medium Voltage,FM15N101K101EG,FM,402,NP0 (C0G); ±10%; Ag/Ni/Sn; 13-inch Reeled,100V,100 pF,,,,,,,Published
MLCC,Medium Voltage,FM15N102J101PT,FM,402,NP0 (C0G); ±5%; Pd/Ag; 7-inch Reeled,100V,1 nF,,,,,,,Published
MLCC,Medium Voltage,FM15N102J101PG,FM,402,NP0 (C0G); ±5%; Pd/Ag; 13-inch Reeled,100V,1 nF,,,,,,,Published
MLCC,Medium Voltage,FM15N102J101ET,FM,402,NP0 (C0G); ±5%; Ag/Ni/Sn; 7-inch Reeled,100V,1 nF,,,,,,,Published
MLCC,Medium Voltage,FM15N102J101EG,FM,402,NP0 (C0G); ±5%; Ag/Ni/Sn; 13-inch Reeled,100V,1 nF,,,,,,,Published
MLCC,Medium Voltage,FM15N102K101PT,FM,402,NP0 (C0G); ±10%; Pd/Ag; 7-inch Reeled,100V,1 nF,,,,,,,Published
MLCC,Medium Voltage,FM15N102K101PG,FM,402,NP0 (C0G); ±10%; Pd/Ag; 13-inch Reeled,100V,1 nF,,,,,,,Published
MLCC,Medium Voltage,FM15N102K101ET,FM,402,NP0 (C0G); ±10%; Ag/Ni/Sn; 7-inch Reeled,100V,1 nF,,,,,,,Published
MLCC,Medium Voltage,FM15N102K101EG,FM,402,NP0 (C0G); ±10%; Ag/Ni/Sn; 13-inch Reeled,100V,1 nF,,,,,,,Published
MLCC,Medium Voltage,FM15N103J101PT,FM,402,NP0 (C0G); ±5%; Pd/Ag; 7-inch Reeled,100V,10 nF,,,,,,,Published
MLCC,Medium Voltage,FM15N103J101PG,FM,402,NP0 (C0G); ±5%; Pd/Ag; 13-inch Reeled,100V,10 nF,,,,,,,Published
MLCC,Medium Voltage,FM15N103J101ET,FM,402,NP0 (C0G); ±5%; Ag/Ni/Sn; 7-inch Reeled,100V,10 nF,,,,,,,Published
MLCC,Medium Voltage,FM15N103J101EG,FM,402,NP0 (C0G); ±5%; Ag/Ni/Sn; 13-inch Reeled,100V,10 nF,,,,,,,Published
MLCC,Medium Voltage,FM15N103K101PT,FM,402,NP0 (C0G); ±10%; Pd/Ag; 7-inch Reeled,100V,10 nF,,,,,,,Published
MLCC,Medium Voltage,FM15N103K101PG,FM,402,NP0 (C0G); ±10%; Pd/Ag; 13-inch Reeled,100V,10 nF,,,,,,,Published
MLCC,Medium Voltage,FM15N103K101ET,FM,402,NP0 (C0G); ±10%; Ag/Ni/Sn; 7-inch Reeled,100V,10 nF,,,,,,,Published
MLCC,Medium Voltage,FM15N103K101EG,FM,402,NP0 (C0G); ±10%; Ag/Ni/Sn; 13-inch Reeled,100V,10 nF,,,,,,,Published
MLCC,Medium Voltage,FM15N104J101PT,FM,402,NP0 (C0G); ±5%; Pd/Ag; 7-inch Reeled,100V,100 nF,,,,,,,Published
MLCC,Medium Voltage,FM15N104J101PG,FM,402,NP0 (C0G); ±5%; Pd/Ag; 13-inch Reeled,100V,100 nF,,,,,,,Published
MLCC,Medium Voltage,FM15N104J101ET,FM,402,NP0 (C0G); ±5%; Ag/Ni/Sn; 7-inch Reeled,100V,100 nF,,,,,,,Published
MLCC,Medium Voltage,FM15N104J101EG,FM,402,NP0 (C0G); ±5%; Ag/Ni/Sn; 13-inch Reeled,100V,100 nF,,,,,,,Published
MLCC,Medium Voltage,FM15N104K101PT,FM,402,NP0 (C0G); ±10%; Pd/Ag; 7-inch Reeled,100V,100 nF,,,,,,,Published
MLCC,Medium Voltage,FM15N104K101PG,FM,402,NP0 (C0G); ±10%; Pd/Ag; 13-inch Reeled,100V,100 nF,,,,,,,Published
MLCC,Medium Voltage,FM15N104K101ET,FM,402,NP0 (C0G); ±10%; Ag/Ni/Sn; 7-inch Reeled,100V,100 nF,,,,,,,Published
MLCC,Medium Voltage,FM15N104K101EG,FM,402,NP0 (C0G); ±10%; Ag/Ni/Sn; 13-inch Reeled,100V,100 nF,,,,,,,Published
MLCC,Medium Voltage,FM15N150J101PT,FM,402,NP0 (C0G); ±5%; Pd/Ag; 7-inch Reeled,100V,15 pF,,,,,,,Published
MLCC,Medium Voltage,FM15N150J101PG,FM,402,NP0 (C0G); ±5%; Pd/Ag; 13-inch Reeled,100V,15 pF,,,,,,,Published
MLCC,Medium Voltage,FM15N150J101ET,FM,402,NP0 (C0G); ±5%; Ag/Ni/Sn; 7-inch Reeled,100V,15 pF,,,,,,,Published
MLCC,Medium Voltage,FM15N150J101EG,FM,402,NP0 (C0G); ±5%; Ag/Ni/Sn; 13-inch Reeled,100V,15 pF,,,,,,,Published
MLCC,Medium Voltage,FM15N150K101PT,FM,402,NP0 (C0G); ±10%; Pd/Ag; 7-inch Reeled,100V,15 pF,,,,,,,Published
MLCC,Medium Voltage,FM15N150K101PG,FM,402,NP0 (C0G); ±10%; Pd/Ag; 13-inch Reeled,100V,15 pF,,,,,,,Published
MLCC,Medium Voltage,FM15N150K101ET,FM,402,NP0 (C0G); ±10%; Ag/Ni/Sn; 7-inch Reeled,100V,15 pF,,,,,,,Published
MLCC,Medium Voltage,FM15N150K101EG,FM,402,NP0 (C0G); ±10%; Ag/Ni/Sn; 13-inch Reeled,100V,15 pF,,,,,,,Published
MLCC,Medium Voltage,FM15N151J101PT,FM,402,NP0 (C0G); ±5%; Pd/Ag; 7-inch Reeled,100V,150 pF,,,,,,,Published
MLCC,Medium Voltage,FM15N151J101PG,FM,402,NP0 (C0G); ±5%; Pd/Ag; 13-inch Reeled,100V,150 pF,,,,,,,Published
MLCC,Medium Voltage,FM15N151J101ET,FM,402,NP0 (C0G); ±5%; Ag/Ni/Sn; 7-inch Reeled,100V,150 pF,,,,,,,Published
MLCC,Medium Voltage,FM15N151J101EG,FM,402,NP0 (C0G); ±5%; Ag/Ni/Sn; 13-inch Reeled,100V,150 pF,,,,,,,Published
MLCC,Medium Voltage,FM15N151K101PT,FM,402,NP0 (C0G); ±10%; Pd/Ag; 7-inch Reeled,100V,150 pF,,,,,,,Published
MLCC,Medium Voltage,FM15N151K101PG,FM,402,NP0 (C0G); ±10%; Pd/Ag; 13-inch Reeled,100V,150 pF,,,,,,,Published
MLCC,Medium Voltage,FM15N151K101ET,FM,402,NP0 (C0G); ±10%; Ag/Ni/Sn; 7-inch Reeled,100V,150 pF,,,,,,,Published
MLCC,Medium Voltage,FM15N151K101EG,FM,402,NP0 (C0G); ±10%; Ag/Ni/Sn; 13-inch Reeled,100V,150 pF,,,,,,,Published
MLCC,Medium Voltage,FM15N152J101PT,FM,402,NP0 (C0G); ±5%; Pd/Ag; 7-inch Reeled,100V,1.5 nF,,,,,,,Published
MLCC,Medium Voltage,FM15N152J101PG,FM,402,NP0 (C0G); ±5%; Pd/Ag; 13-inch Reeled,100V,1.5 nF,,,,,,,Published
MLCC,Medium Voltage,FM15N152J101ET,FM,402,NP0 (C0G); ±5%; Ag/Ni/Sn; 7-inch Reeled,100V,1.5 nF,,,,,,,Published
MLCC,Medium Voltage,FM15N152J101EG,FM,402,NP0 (C0G); ±5%; Ag/Ni/Sn; 13-inch Reeled,100V,1.5 nF,,,,,,,Published
MLCC,Medium Voltage,FM15N152K101PT,FM,402,NP0 (C0G); ±10%; Pd/Ag; 7-inch Reeled,100V,1.5 nF,,,,,,,Published
MLCC,Medium Voltage,FM15N152K101PG,FM,402,NP0 (C0G); ±10%; Pd/Ag; 13-inch Reeled,100V,1.5 nF,,,,,,,Published
MLCC,Medium Voltage,FM15N152K101ET,FM,402,NP0 (C0G); ±10%; Ag/Ni/Sn; 7-inch Reeled,100V,1.5 nF,,,,,,,Published
MLCC,Medium Voltage,FM15N152K101EG,FM,402,NP0 (C0G); ±10%; Ag/Ni/Sn; 13-inch Reeled,100V,1.5 nF,,,,,,,Published
MLCC,Medium Voltage,FM15N153J101PT,FM,402,NP0 (C0G); ±5%; Pd/Ag; 7-inch Reeled,100V,15 nF,,,,,,,Published
MLCC,Medium Voltage,FM15N153J101PG,FM,402,NP0 (C0G); ±5%; Pd/Ag; 13-inch Reeled,100V,15 nF,,,,,,,Published
MLCC,Medium Voltage,FM15N153J101ET,FM,402,NP0 (C0G); ±5%; Ag/Ni/Sn; 7-inch Reeled,100V,15 nF,,,,,,,Published
MLCC,Medium Voltage,FM15N153J101EG,FM,402,NP0 (C0G); ±5%; Ag/Ni/Sn; 13-inch Reeled,100V,15 nF,,,,,,,Published
MLCC,Medium Voltage,FM15N153K101PT,FM,402,NP0 (C0G); ±10%; Pd/Ag; 7-inch Reeled,100V,15 nF,,,,,,,Published
MLCC,Medium Voltage,FM15N153K101PG,FM,402,NP0 (C0G); ±10%; Pd/Ag; 13-inch Reeled,100V,15 nF,,,,,,,Published
MLCC,Medium Voltage,FM15N153K101ET,FM,402,NP0 (C0G); ±10%; Ag/Ni/Sn; 7-inch Reeled,100V,15 nF,,,,,,,Published
MLCC,Medium Voltage,FM15N153K101EG,FM,402,NP0 (C0G); ±10%; Ag/Ni/Sn; 13-inch Reeled,100V,15 nF,,,,,,,Published
MLCC,Medium Voltage,FM15N154J101PT,FM,402,NP0 (C0G); ±5%; Pd/Ag; 7-inch Reeled,100V,150 nF,,,,,,,Published
MLCC,Medium Voltage,FM15N154J101PG,FM,402,NP0 (C0G); ±5%; Pd/Ag; 13-inch Reeled,100V,150 nF,,,,,,,Published
MLCC,Medium Voltage,FM15N154J101ET,FM,402,NP0 (C0G); ±5%; Ag/Ni/Sn; 7-inch Reeled,100V,150 nF,,,,,,,Published
MLCC,Medium Voltage,FM15N154J101EG,FM,402,NP0 (C0G); ±5%; Ag/Ni/Sn; 13-inch Reeled,100V,150 nF,,,,,,,Published
MLCC,Medium Voltage,FM15N154K101PT,FM,402,NP0 (C0G); ±10%; Pd/Ag; 7-inch Reeled,100V,150 nF,,,,,,,Published
MLCC,Medium Voltage,FM15N154K101PG,FM,402,NP0 (C0G); ±10%; Pd/Ag; 13-inch Reeled,100V,150 nF,,,,,,,Published
MLCC,Medium Voltage,FM15N154K101ET,FM,402,NP0 (C0G); ±10%; Ag/Ni/Sn; 7-inch Reeled,100V,150 nF,,,,,,,Published
MLCC,Medium Voltage,FM15N154K101EG,FM,402,NP0 (C0G); ±10%; Ag/Ni/Sn; 13-inch Reeled,100V,150 nF,,,,,,,Published
MLCC,Medium Voltage,FM15N220J101PT,FM,402,NP0 (C0G); ±5%; Pd/Ag; 7-inch Reeled,100V,22 pF,,,,,,,Published
MLCC,Medium Voltage,FM15N220J101PG,FM,402,NP0 (C0G); ±5%; Pd/Ag; 13-inch Reeled,100V,22 pF,,,,,,,Published
MLCC,Medium Voltage,FM15N220J101ET,FM,402,NP0 (C0G); ±5%; Ag/Ni/Sn; 7-inch Reeled,100V,22 pF,,,,,,,Published
MLCC,Medium Voltage,FM15N220J101EG,FM,402,NP0 (C0G); ±5%; Ag/Ni/Sn; 13-inch Reeled,100V,22 pF,,,,,,,Published
MLCC,Medium Voltage,FM15N220K101PT,FM,402,NP0 (C0G); ±10%; Pd/Ag; 7-inch Reeled,100V,22 pF,,,,,,,Published
MLCC,Medium Voltage,FM15N220K101PG,FM,402,NP0 (C0G); ±10%; Pd/Ag; 13-inch Reeled,100V,22 pF,,,,,,,Published
MLCC,Medium Voltage,FM15N220K101ET,FM,402,NP0 (C0G); ±10%; Ag/Ni/Sn; 7-inch Reeled,100V,22 pF,,,,,,,Published
MLCC,Medium Voltage,FM15N220K101EG,FM,402,NP0 (C0G); ±10%; Ag/Ni/Sn; 13-inch Reeled,100V,22 pF,,,,,,,Published
MLCC,Medium Voltage,FM15N221J101PT,FM,402,NP0 (C0G); ±5%; Pd/Ag; 7-inch Reeled,100V,220 pF,,,,,,,Published
MLCC,Medium Voltage,FM15N221J101PG,FM,402,NP0 (C0G); ±5%; Pd/Ag; 13-inch Reeled,100V,220 pF,,,,,,,Published
MLCC,Medium Voltage,FM15N221J101ET,FM,402,NP0 (C0G); ±5%; Ag/Ni/Sn; 7-inch Reeled,100V,220 pF,,,,,,,Published
MLCC,Medium Voltage,FM15N221J101EG,FM,402,NP0 (C0G); ±5%; Ag/Ni/Sn; 13-inch Reeled,100V,220 pF,,,,,,,Published
MLCC,Medium Voltage,FM15N221K101PT,FM,402,NP0 (C0G); ±10%; Pd/Ag; 7-inch Reeled,100V,220 pF,,,,,,,Published
MLCC,Medium Voltage,FM15N221K101PG,FM,402,NP0 (C0G); ±10%; Pd/Ag; 13-inch Reeled,100V,220 pF,,,,,,,Published
MLCC,Medium Voltage,FM15N221K101ET,FM,402,NP0 (C0G); ±10%; Ag/Ni/Sn; 7-inch Reeled,100V,220 pF,,,,,,,Published
MLCC,Medium Voltage,FM15N221K101EG,FM,402,NP0 (C0G); ±10%; Ag/Ni/Sn; 13-inch Reeled,100V,220 pF,,,,,,,Published
MLCC,Medium Voltage,FM15N222J101PT,FM,402,NP0 (C0G); ±5%; Pd/Ag; 7-inch Reeled,100V,2.2 nF,,,,,,,Published
MLCC,Medium Voltage,FM15N222J101PG,FM,402,NP0 (C0G); ±5%; Pd/Ag; 13-inch Reeled,100V,2.2 nF,,,,,,,Published
MLCC,Medium Voltage,FM15N222J101ET,FM,402,NP0 (C0G); ±5%; Ag/Ni/Sn; 7-inch Reeled,100V,2.2 nF,,,,,,,Published
MLCC,Medium Voltage,FM15N222J101EG,FM,402,NP0 (C0G); ±5%; Ag/Ni/Sn; 13-inch Reeled,100V,2.2 nF,,,,,,,Published
MLCC,Medium Voltage,FM15N222K101PT,FM,402,NP0 (C0G); ±10%; Pd/Ag; 7-inch Reeled,100V,2.2 nF,,,,,,,Published
MLCC,Medium Voltage,FM15N222K101PG,FM,402,NP0 (C0G); ±10%; Pd/Ag; 13-inch Reeled,100V,2.2 nF,,,,,,,Published
MLCC,Medium Voltage,FM15N222K101ET,FM,402,NP0 (C0G); ±10%; Ag/Ni/Sn; 7-inch Reeled,100V,2.2 nF,,,,,,,Published
MLCC,Medium Voltage,FM15N222K101EG,FM,402,NP0 (C0G); ±10%; Ag/Ni/Sn; 13-inch Reeled,100V,2.2 nF,,,,,,,Published
MLCC,Medium Voltage,FM15N223J101PT,FM,402,NP0 (C0G); ±5%; Pd/Ag; 7-inch Reeled,100V,22 nF,,,,,,,Published
MLCC,Medium Voltage,FM15N223J101PG,FM,402,NP0 (C0G); ±5%; Pd/Ag; 13-inch Reeled,100V,22 nF,,,,,,,Published
MLCC,Medium Voltage,FM15N223J101ET,FM,402,NP0 (C0G); ±5%; Ag/Ni/Sn; 7-inch Reeled,100V,22 nF,,,,,,,Published
MLCC,Medium Voltage,FM15N223J101EG,FM,402,NP0 (C0G); ±5%; Ag/Ni/Sn; 13-inch Reeled,100V,22 nF,,,,,,,Published
MLCC,Medium Voltage,FM15N223K101PT,FM,402,NP0 (C0G); ±10%; Pd/Ag; 7-inch Reeled,100V,22 nF,,,,,,,Published
MLCC,Medium Voltage,FM15N223K101PG,FM,402,NP0 (C0G); ±10%; Pd/Ag; 13-inch Reeled,100V,22 nF,,,,,,,Published
MLCC,Medium Voltage,FM15N223K101ET,FM,402,NP0 (C0G); ±10%; Ag/Ni/Sn; 7-inch Reeled,100V,22 nF,,,,,,,Published
MLCC,Medium Voltage,FM15N223K101EG,FM,402,NP0 (C0G); ±10%; Ag/Ni/Sn; 13-inch Reeled,100V,22 nF,,,,,,,Published
MLCC,Medium Voltage,FM15N224J101PT,FM,402,NP0 (C0G); ±5%; Pd/Ag; 7-inch Reeled,100V,220 nF,,,,,,,Published
MLCC,Medium Voltage,FM15N224J101PG,FM,402,NP0 (C0G); ±5%; Pd/Ag; 13-inch Reeled,100V,220 nF,,,,,,,Published
MLCC,Medium Voltage,FM15N224J101ET,FM,402,NP0 (C0G); ±5%; Ag/Ni/Sn; 7-inch Reeled,100V,220 nF,,,,,,,Published
MLCC,Medium Voltage,FM15N224J101EG,FM,402,NP0 (C0G); ±5%; Ag/Ni/Sn; 13-inch Reeled,100V,220 nF,,,,,,,Published
MLCC,Medium Voltage,FM15N224K101PT,FM,402,NP0 (C0G); ±10%; Pd/Ag; 7-inch Reeled,100V,220 nF,,,,,,,Published
MLCC,Medium Voltage,FM15N224K101PG,FM,402,NP0 (C0G); ±10%; Pd/Ag; 13-inch Reeled,100V,220 nF,,,,,,,Published
MLCC,Medium Voltage,FM15N224K101ET,FM,402,NP0 (C0G); ±10%; Ag/Ni/Sn; 7-inch Reeled,100V,220 nF,,,,,,,Published
MLCC,Medium Voltage,FM15N224K101EG,FM,402,NP0 (C0G); ±10%; Ag/Ni/Sn; 13-inch Reeled,100V,220 nF,,,,,,,Published
MLCC,Medium Voltage,FM15N330J101PT,FM,402,NP0 (C0G); ±5%; Pd/Ag; 7-inch Reeled,100V,33 pF,,,,,,,Published
MLCC,Medium Voltage,FM15N330J101PG,FM,402,NP0 (C0G); ±5%; Pd/Ag; 13-inch Reeled,100V,33 pF,,,,,,,Published
MLCC,Medium Voltage,FM15N330J101ET,FM,402,NP0 (C0G); ±5%; Ag/Ni/Sn; 7-inch Reeled,100V,33 pF,,,,,,,Published
MLCC,Medium Voltage,FM15N330J101EG,FM,402,NP0 (C0G); ±5%; Ag/Ni/Sn; 13-inch Reeled,100V,33 pF,,,,,,,Published
MLCC,Medium Voltage,FM15N330K101PT,FM,402,NP0 (C0G); ±10%; Pd/Ag; 7-inch Reeled,100V,33 pF,,,,,,,Published
MLCC,Medium Voltage,FM15N330K101PG,FM,402,NP0 (C0G); ±10%; Pd/Ag; 13-inch Reeled,100V,33 pF,,,,,,,Published
MLCC,Medium Voltage,FM15N330K101ET,FM,402,NP0 (C0G); ±10%; Ag/Ni/Sn; 7-inch Reeled,100V,33 pF,,,,,,,Published
MLCC,Medium Voltage,FM15N330K101EG,FM,402,NP0 (C0G); ±10%; Ag/Ni/Sn; 13-inch Reeled,100V,33 pF,,,,,,,Published
MLCC,Medium Voltage,FM15N331J101PT,FM,402,NP0 (C0G); ±5%; Pd/Ag; 7-inch Reeled,100V,330 pF,,,,,,,Published
MLCC,Medium Voltage,FM15N331J101PG,FM,402,NP0 (C0G); ±5%; Pd/Ag; 13-inch Reeled,100V,330 pF,,,,,,,Published
MLCC,Medium Voltage,FM15N331J101ET,FM,402,NP0 (C0G); ±5%; Ag/Ni/Sn; 7-inch Reeled,100V,330 pF,,,,,,,Published
MLCC,Medium Voltage,FM15N331J101EG,FM,402,NP0 (C0G); ±5%; Ag/Ni/Sn; 13-inch Reeled,100V,330 pF,,,,,,,Published
MLCC,Medium Voltage,FM15N331K101PT,FM,402,NP0 (C0G); ±10%; Pd/Ag; 7-inch Reeled,100V,330 pF,,,,,,,Published
MLCC,Medium Voltage,FM15N331K101PG,FM,402,NP0 (C0G); ±10%; Pd/Ag; 13-inch Reeled,100V,330 pF,,,,,,,Published
MLCC,Medium Voltage,FM15N331K101ET,FM,402,NP0 (C0G); ±10%; Ag/Ni/Sn; 7-inch Reeled,100V,330 pF,,,,,,,Published
MLCC,Medium Voltage,FM15N331K101EG,FM,402,NP0 (C0G); ±10%; Ag/Ni/Sn; 13-inch Reeled,100V,330 pF,,,,,,,Published
MLCC,Medium Voltage,FM15N332J101PT,FM,402,NP0 (C0G); ±5%; Pd/Ag; 7-inch Reeled,100V,3.3 nF,,,,,,,Published
MLCC,Medium Voltage,FM15N332J101PG,FM,402,NP0 (C0G); ±5%; Pd/Ag; 13-inch Reeled,100V,3.3 nF,,,,,,,Published
MLCC,Medium Voltage,FM15N332J101ET,FM,402,NP0 (C0G); ±5%; Ag/Ni/Sn; 7-inch Reeled,100V,3.3 nF,,,,,,,Published
MLCC,Medium Voltage,FM15N332J101EG,FM,402,NP0 (C0G); ±5%; Ag/Ni/Sn; 13-inch Reeled,100V,3.3 nF,,,,,,,Published
MLCC,Medium Voltage,FM15N332K101PT,FM,402,NP0 (C0G); ±10%; Pd/Ag; 7-inch Reeled,100V,3.3 nF,,,,,,,Published
MLCC,Medium Voltage,FM15N332K101PG,FM,402,NP0 (C0G); ±10%; Pd/Ag; 13-inch Reeled,100V,3.3 nF,,,,,,,Published
MLCC,Medium Voltage,FM15N332K101ET,FM,402,NP0 (C0G); ±10%; Ag/Ni/Sn; 7-inch Reeled,100V,3.3 nF,,,,,,,Published
MLCC,Medium Voltage,FM15N332K101EG,FM,402,NP0 (C0G); ±10%; Ag/Ni/Sn; 13-inch Reeled,100V,3.3 nF,,,,,,,Published
MLCC,Medium Voltage,FM15N333J101PT,FM,402,NP0 (C0G); ±5%; Pd/Ag; 7-inch Reeled,100V,33 nF,,,,,,,Published
MLCC,Medium Voltage,FM15N333J101PG,FM,402,NP0 (C0G); ±5%; Pd/Ag; 13-inch Reeled,100V,33 nF,,,,,,,Published
MLCC,Medium Voltage,FM15N333J101ET,FM,402,NP0 (C0G); ±5%; Ag/Ni/Sn; 7-inch Reeled,100V,33 nF,,,,,,,Published
MLCC,Medium Voltage,FM15N333J101EG,FM,402,NP0 (C0G); ±5%; Ag/Ni/Sn; 13-inch Reeled,100V,33 nF,,,,,,,Published
MLCC,Medium Voltage,FM15N333K101PT,FM,402,NP0 (C0G); ±10%; Pd/Ag; 7-inch Reeled,100V,33 nF,,,,,,,Published
MLCC,Medium Voltage,FM15N333K101PG,FM,402,NP0 (C0G); ±10%; Pd/Ag; 13-inch Reeled,100V,33 nF,,,,,,,Published
MLCC,Medium Voltage,FM15N333K101ET,FM,402,NP0 (C0G); ±10%; Ag/Ni/Sn; 7-inch Reeled,100V,33 nF,,,,,,,Published
MLCC,Medium Voltage,FM15N333K101EG,FM,402,NP0 (C0G); ±10%; Ag/Ni/Sn; 13-inch Reeled,100V,33 nF,,,,,,,Published
MLCC,Medium Voltage,FM15N334J101PT,FM,402,NP0 (C0G); ±5%; Pd/Ag; 7-inch Reeled,100V,330 nF,,,,,,,Published
MLCC,Medium Voltage,FM15N334J101PG,FM,402,NP0 (C0G); ±5%; Pd/Ag; 13-inch Reeled,100V,330 nF,,,,,,,Published
MLCC,Medium Voltage,FM15N334J101ET,FM,402,NP0 (C0G); ±5%; Ag/Ni/Sn; 7-inch Reeled,100V,330 nF,,,,,,,Published
MLCC,Medium Voltage,FM15N334J101EG,FM,402,NP0 (C0G); ±5%; Ag/Ni/Sn; 13-inch Reeled,100V,330 nF,,,,,,,Published
MLCC,Medium Voltage,FM15N334K101PT,FM,402,NP0 (C0G); ±10%; Pd/Ag; 7-inch Reeled,100V,330 nF,,,,,,,Published
MLCC,Medium Voltage,FM15N334K101PG,FM,402,NP0 (C0G); ±10%; Pd/Ag; 13-inch Reeled,100V,330 nF,,,,,,,Published
MLCC,Medium Voltage,FM15N334K101ET,FM,402,NP0 (C0G); ±10%; Ag/Ni/Sn; 7-inch Reeled,100V,330 nF,,,,,,,Published
MLCC,Medium Voltage,FM15N334K101EG,FM,402,NP0 (C0G); ±10%; Ag/Ni/Sn; 13-inch Reeled,100V,330 nF,,,,,,,Published
MLCC,Medium Voltage,FM15N470J101PT,FM,402,NP0 (C0G); ±5%; Pd/Ag; 7-inch Reeled,100V,47 pF,,,,,,,Published
MLCC,Medium Voltage,FM15N470J101PG,FM,402,NP0 (C0G); ±5%; Pd/Ag; 13-inch Reeled,100V,47 pF,,,,,,,Published
MLCC,Medium Voltage,FM15N470J101ET,FM,402,NP0 (C0G); ±5%; Ag/Ni/Sn; 7-inch Reeled,100V,47 pF,,,,,,,Published
MLCC,Medium Voltage,FM15N470J101EG,FM,402,NP0 (C0G); ±5%; Ag/Ni/Sn; 13-inch Reeled,100V,47 pF,,,,,,,Published
MLCC,Medium Voltage,FM15N470K101PT,FM,402,NP0 (C0G); ±10%; Pd/Ag; 7-inch Reeled,100V,47 pF,,,,,,,Published
MLCC,Medium Voltage,FM15N470K101PG,FM,402,NP0 (C0G); ±10%; Pd/Ag; 13-inch Reeled,100V,47 pF,,,,,,,Published
MLCC,Medium Voltage,FM15N470K101ET,FM,402,NP0 (C0G); ±10%; Ag/Ni/Sn; 7-inch Reeled,100V,47 pF,,,,,,,Published
MLCC,Medium Voltage,FM15N470K101EG,FM,402,NP0 (C0G); ±10%; Ag/Ni/Sn; 13-inch Reeled,100V,47 pF,,,,,,,Published
MLCC,Medium Voltage,FM15N471J101PT,FM,402,NP0 (C0G); ±5%; Pd/Ag; 7-inch Reeled,100V,470 pF,,,,,,,Published
MLCC,Medium Voltage,FM15N471J101PG,FM,402,NP0 (C0G); ±5%; Pd/Ag; 13-inch Reeled,100V,470 pF,,,,,,,Published
MLCC,Medium Voltage,FM15N471J101ET,FM,402,NP0 (C0G); ±5%; Ag/Ni/Sn; 7-inch Reeled,100V,470 pF,,,,,,,Published
MLCC,Medium Voltage,FM15N471J101EG,FM,402,NP0 (C0G); ±5%; Ag/Ni/Sn; 13-inch Reeled,100V,470 pF,,,,,,,Published
MLCC,Medium Voltage,FM15N471K101PT,FM,402,NP0 (C0G); ±10%; Pd/Ag; 7-inch Reeled,100V,470 pF,,,,,,,Published
MLCC,Medium Voltage,FM15N471K101PG,FM,402,NP0 (C0G); ±10%; Pd/Ag; 13-inch Reeled,100V,470 pF,,,,,,,Published
MLCC,Medium Voltage,FM15N471K101ET,FM,402,NP0 (C0G); ±10%; Ag/Ni/Sn; 7-inch Reeled,100V,470 pF,,,,,,,Published
MLCC,Medium Voltage,FM15N471K101EG,FM,402,NP0 (C0G); ±10%; Ag/Ni/Sn; 13-inch Reeled,100V,470 pF,,,,,,,Published
MLCC,Medium Voltage,FM15N472J101PT,FM,402,NP0 (C0G); ±5%; Pd/Ag; 7-inch Reeled,100V,4.7 nF,,,,,,,Published
MLCC,Medium Voltage,FM15N472J101PG,FM,402,NP0 (C0G); ±5%; Pd/Ag; 13-inch Reeled,100V,4.7 nF,,,,,,,Published
MLCC,Medium Voltage,FM15N472J101ET,FM,402,NP0 (C0G); ±5%; Ag/Ni/Sn; 7-inch Reeled,100V,4.7 nF,,,,,,,Published
MLCC,Medium Voltage,FM15N472J101EG,FM,402,NP0 (C0G); ±5%; Ag/Ni/Sn; 13-inch Reeled,100V,4.7 nF,,,,,,,Published
MLCC,Medium Voltage,FM15N472K101PT,FM,402,NP0 (C0G); ±10%; Pd/Ag; 7-inch Reeled,100V,4.7 nF,,,,,,,Published
MLCC,Medium Voltage,FM15N472K101PG,FM,402,NP0 (C0G); ±10%; Pd/Ag; 13-inch Reeled,100V,4.7 nF,,,,,,,Published
MLCC,Medium Voltage,FM15N472K101ET,FM,402,NP0 (C0G); ±10%; Ag/Ni/Sn; 7-inch Reeled,100V,4.7 nF,,,,,,,Published
MLCC,Medium Voltage,FM15N472K101EG,FM,402,NP0 (C0G); ±10%; Ag/Ni/Sn; 13-inch Reeled,100V,4.7 nF,,,,,,,Published
MLCC,Medium Voltage,FM15N473J101PT,FM,402,NP0 (C0G); ±5%; Pd/Ag; 7-inch Reeled,100V,47 nF,,,,,,,Published
MLCC,Medium Voltage,FM15N473J101PG,FM,402,NP0 (C0G); ±5%; Pd/Ag; 13-inch Reeled,100V,47 nF,,,,,,,Published
MLCC,Medium Voltage,FM15N473J101ET,FM,402,NP0 (C0G); ±5%; Ag/Ni/Sn; 7-inch Reeled,100V,47 nF,,,,,,,Published
MLCC,Medium Voltage,FM15N473J101EG,FM,402,NP0 (C0G); ±5%; Ag/Ni/Sn; 13-inch Reeled,100V,47 nF,,,,,,,Published
MLCC,Medium Voltage,FM15N473K101PT,FM,402,NP0 (C0G); ±10%; Pd/Ag; 7-inch Reeled,100V,47 nF,,,,,,,Published
MLCC,Medium Voltage,FM15N473K101PG,FM,402,NP0 (C0G); ±10%; Pd/Ag; 13-inch Reeled,100V,47 nF,,,,,,,Published
MLCC,Medium Voltage,FM15N473K101ET,FM,402,NP0 (C0G); ±10%; Ag/Ni/Sn; 7-inch Reeled,100V,47 nF,,,,,,,Published
MLCC,Medium Voltage,FM15N473K101EG,FM,402,NP0 (C0G); ±10%; Ag/Ni/Sn; 13-inch Reeled,100V,47 nF,,,,,,,Published
MLCC,Medium Voltage,FM15N474J101PT,FM,402,NP0 (C0G); ±5%; Pd/Ag; 7-inch Reeled,100V,470 nF,,,,,,,Published
MLCC,Medium Voltage,FM15N474J101PG,FM,402,NP0 (C0G); ±5%; Pd/Ag; 13-inch Reeled,100V,470 nF,,,,,,,Published
MLCC,Medium Voltage,FM15N474J101ET,FM,402,NP0 (C0G); ±5%; Ag/Ni/Sn; 7-inch Reeled,100V,470 nF,,,,,,,Published
MLCC,Medium Voltage,FM15N474J101EG,FM,402,NP0 (C0G); ±5%; Ag/Ni/Sn; 13-inch Reeled,100V,470 nF,,,,,,,Published
MLCC,Medium Voltage,FM15N474K101PT,FM,402,NP0 (C0G); ±10%; Pd/Ag; 7-inch Reeled,100V,470 nF,,,,,,,Published
MLCC,Medium Voltage,FM15N474K101PG,FM,402,NP0 (C0G); ±10%; Pd/Ag; 13-inch Reeled,100V,470 nF,,,,,,,Published
MLCC,Medium Voltage,FM15N474K101ET,FM,402,NP0 (C0G); ±10%; Ag/Ni/Sn; 7-inch Reeled,100V,470 nF,,,,,,,Published
MLCC,Medium Voltage,FM15N474K101EG,FM,402,NP0 (C0G); ±10%; Ag/Ni/Sn; 13-inch Reeled,100V,470 nF,,,,,,,Published
MLCC,Medium Voltage,FM15N680J101PT,FM,402,NP0 (C0G); ±5%; Pd/Ag; 7-inch Reeled,100V,68 pF,,,,,,,Published
MLCC,Medium Voltage,FM15N680J101PG,FM,402,NP0 (C0G); ±5%; Pd/Ag; 13-inch Reeled,100V,68 pF,,,,,,,Published
MLCC,Medium Voltage,FM15N680J101ET,FM,402,NP0 (C0G); ±5%; Ag/Ni/Sn; 7-inch Reeled,100V,68 pF,,,,,,,Published
MLCC,Medium Voltage,FM15N680J101EG,FM,402,NP0 (C0G); ±5%; Ag/Ni/Sn; 13-inch Reeled,100V,68 pF,,,,,,,Published
MLCC,Medium Voltage,FM15N680K101PT,FM,402,NP0 (C0G); ±10%; Pd/Ag; 7-inch Reeled,100V,68 pF,,,,,,,Published
MLCC,Medium Voltage,FM15N680K101PG,FM,402,NP0 (C0G); ±10%; Pd/Ag; 13-inch Reeled,100V,68 pF,,,,,,,Published
MLCC,Medium Voltage,FM15N680K101ET,FM,402,NP0 (C0G); ±10%; Ag/Ni/Sn; 7-inch Reeled,100V,68 pF,,,,,,,Published
MLCC,Medium Voltage,FM15N680K101EG,FM,402,NP0 (C0G); ±10%; Ag/Ni/Sn; 13-inch Reeled,100V,68 pF,,,,,,,Published
MLCC,Medium Voltage,FM15N681J101PT,FM,402,NP0 (C0G); ±5%; Pd/Ag; 7-inch Reeled,100V,680 pF,,,,,,,Published
MLCC,Medium Voltage,FM15N681J101PG,FM,402,NP0 (C0G); ±5%; Pd/Ag; 13-inch Reeled,100V,680 pF,,,,,,,Published
MLCC,Medium Voltage,FM15N681J101ET,FM,402,NP0 (C0G); ±5%; Ag/Ni/Sn; 7-inch Reeled,100V,680 pF,,,,,,,Published
MLCC,Medium Voltage,FM15N681J101EG,FM,402,NP0 (C0G); ±5%; Ag/Ni/Sn; 13-inch Reeled,100V,680 pF,,,,,,,Published
MLCC,Medium Voltage,FM15N681K101PT,FM,402,NP0 (C0G); ±10%; Pd/Ag; 7-inch Reeled,100V,680 pF,,,,,,,Published
MLCC,Medium Voltage,FM15N681K101PG,FM,402,NP0 (C0G); ±10%; Pd/Ag; 13-inch Reeled,100V,680 pF,,,,,,,Published
MLCC,Medium Voltage,FM15N681K101ET,FM,402,NP0 (C0G); ±10%; Ag/Ni/Sn; 7-inch Reeled,100V,680 pF,,,,,,,Published
MLCC,Medium Voltage,FM15N681K101EG,FM,402,NP0 (C0G); ±10%; Ag/Ni/Sn; 13-inch Reeled,100V,680 pF,,,,,,,Published
MLCC,Medium Voltage,FM15N682J101PT,FM,402,NP0 (C0G); ±5%; Pd/Ag; 7-inch Reeled,100V,6.8 nF,,,,,,,Published
MLCC,Medium Voltage,FM15N682J101PG,FM,402,NP0 (C0G); ±5%; Pd/Ag; 13-inch Reeled,100V,6.8 nF,,,,,,,Published
MLCC,Medium Voltage,FM15N682J101ET,FM,402,NP0 (C0G); ±5%; Ag/Ni/Sn; 7-inch Reeled,100V,6.8 nF,,,,,,,Published
MLCC,Medium Voltage,FM15N682J101EG,FM,402,NP0 (C0G); ±5%; Ag/Ni/Sn; 13-inch Reeled,100V,6.8 nF,,,,,,,Published
MLCC,Medium Voltage,FM15N682K101PT,FM,402,NP0 (C0G); ±10%; Pd/Ag; 7-inch Reeled,100V,6.8 nF,,,,,,,Published
MLCC,Medium Voltage,FM15N682K101PG,FM,402,NP0 (C0G); ±10%; Pd/Ag; 13-inch Reeled,100V,6.8 nF,,,,,,,Published
MLCC,Medium Voltage,FM15N682K101ET,FM,402,NP0 (C0G); ±10%; Ag/Ni/Sn; 7-inch Reeled,100V,6.8 nF,,,,,,,Published
MLCC,Medium Voltage,FM15N682K101EG,FM,402,NP0 (C0G); ±10%; Ag/Ni/Sn; 13-inch Reeled,100V,6.8 nF,,,,,,,Published
MLCC,Medium Voltage,FM15N683J101PT,FM,402,NP0 (C0G); ±5%; Pd/Ag; 7-inch Reeled,100V,68 nF,,,,,,,Published
MLCC,Medium Voltage,FM15N683J101PG,FM,402,NP0 (C0G); ±5%; Pd/Ag; 13-inch Reeled,100V,68 nF,,,,,,,Published
MLCC,Medium Voltage,FM15N683J101ET,FM,402,NP0 (C0G); ±5%; Ag/Ni/Sn; 7-inch Reeled,100V,68 nF,,,,,,,Published
MLCC,Medium Voltage,FM15N683J101EG,FM,402,NP0 (C0G); ±5%; Ag/Ni/Sn; 13-inch Reeled,100V,68 nF,,,,,,,Published
MLCC,Medium Voltage,FM15N683K101PT,FM,402,NP0 (C0G); ±10%; Pd/Ag; 7-inch Reeled,100V,68 nF,,,,,,,Published
MLCC,Medium Voltage,FM15N683K101PG,FM,402,NP0 (C0G); ±10%; Pd/Ag; 13-inch Reeled,100V,68 nF,,,,,,,Published
MLCC,Medium Voltage,FM15N683K101ET,FM,402,NP0 (C0G); ±10%; Ag/Ni/Sn; 7-inch Reeled,100V,68 nF,,,,,,,Published
MLCC,Medium Voltage,FM15N683K101EG,FM,402,NP0 (C0G); ±10%; Ag/Ni/Sn; 13-inch Reeled,100V,68 nF,,,,,,,Published
MLCC,Medium Voltage,FM15N684J101PT,FM,402,NP0 (C0G); ±5%; Pd/Ag; 7-inch Reeled,100V,680 nF,,,,,,,Published
MLCC,Medium Voltage,FM15N684J101PG,FM,402,NP0 (C0G); ±5%; Pd/Ag; 13-inch Reeled,100V,680 nF,,,,,,,Published
MLCC,Medium Voltage,FM15N684J101ET,FM,402,NP0 (C0G); ±5%; Ag/Ni/Sn; 7-inch Reeled,100V,680 nF,,,,,,,Published
MLCC,Medium Voltage,FM15N684J101EG,FM,402,NP0 (C0G); ±5%; Ag/Ni/Sn; 13-inch Reeled,100V,680 nF,,,,,,,Published
MLCC,Medium Voltage,FM15N684K101PT,FM,402,NP0 (C0G); ±10%; Pd/Ag; 7-inch Reeled,100V,680 nF,,,,,,,Published
MLCC,Medium Voltage,FM15N684K101PG,FM,402,NP0 (C0G); ±10%; Pd/Ag; 13-inch Reeled,100V,680 nF,,,,,,,Published
MLCC,Medium Voltage,FM15N684K101ET,FM,402,NP0 (C0G); ±10%; Ag/Ni/Sn; 7-inch Reeled,100V,680 nF,,,,,,,Published
MLCC,Medium Voltage,FM15N684K101EG,FM,402,NP0 (C0G); ±10%; Ag/Ni/Sn; 13-inch Reeled,100V,680 nF,,,,,,,Published
MLCC,Medium Voltage,FM15X100J101PT,FM,402,X7R; ±5%; Pd/Ag; 7-inch Reeled,100V,10 pF,,,,,,,Published
MLCC,Medium Voltage,FM15X100J101PG,FM,402,X7R; ±5%; Pd/Ag; 13-inch Reeled,100V,10 pF,,,,,,,Published
MLCC,Medium Voltage,FM15X100J101ET,FM,402,X7R; ±5%; Ag/Ni/Sn; 7-inch Reeled,100V,10 pF,,,,,,,Published
MLCC,Medium Voltage,FM15X100J101EG,FM,402,X7R; ±5%; Ag/Ni/Sn; 13-inch Reeled,100V,10 pF,,,,,,,Published
MLCC,Medium Voltage,FM15X100K101PT,FM,402,X7R; ±10%; Pd/Ag; 7-inch Reeled,100V,10 pF,,,,,,,Published
MLCC,Medium Voltage,FM15X100K101PG,FM,402,X7R; ±10%; Pd/Ag; 13-inch Reeled,100V,10 pF,,,,,,,Published
MLCC,Medium Voltage,FM15X100K101ET,FM,402,X7R; ±10%; Ag/Ni/Sn; 7-inch Reeled,100V,10 pF,,,,,,,Published
MLCC,Medium Voltage,FM15X100K101EG,FM,402,X7R; ±10%; Ag/Ni/Sn; 13-inch Reeled,100V,10 pF,,,,,,,Published
MLCC,Medium Voltage,FM15X100M101PT,FM,402,X7R; ±20%; Pd/Ag; 7-inch Reeled,100V,10 pF,,,,,,,Published
MLCC,Medium Voltage,FM15X100M101PG,FM,402,X7R; ±20%; Pd/Ag; 13-inch Reeled,100V,10 pF,,,,,,,Published
MLCC,Medium Voltage,FM15X100M101ET,FM,402,X7R; ±20%; Ag/Ni/Sn; 7-inch Reeled,100V,10 pF,,,,,,,Published
MLCC,Medium Voltage,FM15X100M101EG,FM,402,X7R; ±20%; Ag/Ni/Sn; 13-inch Reeled,100V,10 pF,,,,,,,Published
MLCC,Medium Voltage,FM15X101J101PT,FM,402,X7R; ±5%; Pd/Ag; 7-inch Reeled,100V,100 pF,,,,,,,Published
MLCC,Medium Voltage,FM15X101J101PG,FM,402,X7R; ±5%; Pd/Ag; 13-inch Reeled,100V,100 pF,,,,,,,Published
MLCC,Medium Voltage,FM15X101J101ET,FM,402,X7R; ±5%; Ag/Ni/Sn; 7-inch Reeled,100V,100 pF,,,,,,,Published
MLCC,Medium Voltage,FM15X101J101EG,FM,402,X7R; ±5%; Ag/Ni/Sn; 13-inch Reeled,100V,100 pF,,,,,,,Published
MLCC,Medium Voltage,FM15X101K101PT,FM,402,X7R; ±10%; Pd/Ag; 7-inch Reeled,100V,100 pF,,,,,,,Published
MLCC,Medium Voltage,FM15X101K101PG,FM,402,X7R; ±10%; Pd/Ag; 13-inch Reeled,100V,100 pF,,,,,,,Published
MLCC,Medium Voltage,FM15X101K101ET,FM,402,X7R; ±10%; Ag/Ni/Sn; 7-inch Reeled,100V,100 pF,,,,,,,Published
MLCC,Medium Voltage,FM15X101K101EG,FM,402,X7R; ±10%; Ag/Ni/Sn; 13-inch Reeled,100V,100 pF,,,,,,,Published
MLCC,Medium Voltage,FM15X101M101PT,FM,402,X7R; ±20%; Pd/Ag; 7-inch Reeled,100V,100 pF,,,,,,,Published
MLCC,Medium Voltage,FM15X101M101PG,FM,402,X7R; ±20%; Pd/Ag; 13-inch Reeled,100V,100 pF,,,,,,,Published
MLCC,Medium Voltage,FM15X101M101ET,FM,402,X7R; ±20%; Ag/Ni/Sn; 7-inch Reeled,100V,100 pF,,,,,,,Published
MLCC,Medium Voltage,FM15X101M101EG,FM,402,X7R; ±20%; Ag/Ni/Sn; 13-inch Reeled,100V,100 pF,,,,,,,Published
MLCC,Medium Voltage,FM15X102J101PT,FM,402,X7R; ±5%; Pd/Ag; 7-inch Reeled,100V,1 nF,,,,,,,Published
MLCC,Medium Voltage,FM15X102J101PG,FM,402,X7R; ±5%; Pd/Ag; 13-inch Reeled,100V,1 nF,,,,,,,Published
MLCC,Medium Voltage,FM15X102J101ET,FM,402,X7R; ±5%; Ag/Ni/Sn; 7-inch Reeled,100V,1 nF,,,,,,,Published
MLCC,Medium Voltage,FM15X102J101EG,FM,402,X7R; ±5%; Ag/Ni/Sn; 13-inch Reeled,100V,1 nF,,,,,,,Published
MLCC,Medium Voltage,FM15X102K101PT,FM,402,X7R; ±10%; Pd/Ag; 7-inch Reeled,100V,1 nF,,,,,,,Published
MLCC,Medium Voltage,FM15X102K101PG,FM,402,X7R; ±10%; Pd/Ag; 13-inch Reeled,100V,1 nF,,,,,,,Published
MLCC,Medium Voltage,FM15X102K101ET,FM,402,X7R; ±10%; Ag/Ni/Sn; 7-inch Reeled,100V,1 nF,,,,,,,Published
MLCC,Medium Voltage,FM15X102K101EG,FM,402,X7R; ±10%; Ag/Ni/Sn; 13-inch Reeled,100V,1 nF,,,,,,,Published
MLCC,Medium Voltage,FM15X102M101PT,FM,402,X7R; ±20%; Pd/Ag; 7-inch Reeled,100V,1 nF,,,,,,,Published
MLCC,Medium Voltage,FM15X102M101PG,FM,402,X7R; ±20%; Pd/Ag; 13-inch Reeled,100V,1 nF,,,,,,,Published
MLCC,Medium Voltage,FM15X102M101ET,FM,402,X7R; ±20%; Ag/Ni/Sn; 7-inch Reeled,100V,1 nF,,,,,,,Published
MLCC,Medium Voltage,FM15X102M101EG,FM,402,X7R; ±20%; Ag/Ni/Sn; 13-inch Reeled,100V,1 nF,,,,,,,Published
MLCC,Medium Voltage,FM15X103J101PT,FM,402,X7R; ±5%; Pd/Ag; 7-inch Reeled,100V,10 nF,,,,,,,Published
MLCC,Medium Voltage,FM15X103J101PG,FM,402,X7R; ±5%; Pd/Ag; 13-inch Reeled,100V,10 nF,,,,,,,Published
MLCC,Medium Voltage,FM15X103J101ET,FM,402,X7R; ±5%; Ag/Ni/Sn; 7-inch Reeled,100V,10 nF,,,,,,,Published
MLCC,Medium Voltage,FM15X103J101EG,FM,402,X7R; ±5%; Ag/Ni/Sn; 13-inch Reeled,100V,10 nF,,,,,,,Published
MLCC,Medium Voltage,FM15X103K101PT,FM,402,X7R; ±10%; Pd/Ag; 7-inch Reeled,100V,10 nF,,,,,,,Published
MLCC,Medium Voltage,FM15X103K101PG,FM,402,X7R; ±10%; Pd/Ag; 13-inch Reeled,100V,10 nF,,,,,,,Published
MLCC,Medium Voltage,FM15X103K101ET,FM,402,X7R; ±10%; Ag/Ni/Sn; 7-inch Reeled,100V,10 nF,,,,,,,Published
MLCC,Medium Voltage,FM15X103K101EG,FM,402,X7R; ±10%; Ag/Ni/Sn; 13-inch Reeled,100V,10 nF,,,,,,,Published
MLCC,Medium Voltage,FM15X103M101PT,FM,402,X7R; ±20%; Pd/Ag; 7-inch Reeled,100V,10 nF,,,,,,,Published
MLCC,Medium Voltage,FM15X103M101PG,FM,402,X7R; ±20%; Pd/Ag; 13-inch Reeled,100V,10 nF,,,,,,,Published
MLCC,Medium Voltage,FM15X103M101ET,FM,402,X7R; ±20%; Ag/Ni/Sn; 7-inch Reeled,100V,10 nF,,,,,,,Published
MLCC,Medium Voltage,FM15X103M101EG,FM,402,X7R; ±20%; Ag/Ni/Sn; 13-inch Reeled,100V,10 nF,,,,,,,Published
MLCC,Medium Voltage,FM15X104J101PT,FM,402,X7R; ±5%; Pd/Ag; 7-inch Reeled,100V,100 nF,,,,,,,Published
MLCC,Medium Voltage,FM15X104J101PG,FM,402,X7R; ±5%; Pd/Ag; 13-inch Reeled,100V,100 nF,,,,,,,Published
MLCC,Medium Voltage,FM15X104J101ET,FM,402,X7R; ±5%; Ag/Ni/Sn; 7-inch Reeled,100V,100 nF,,,,,,,Published
MLCC,Medium Voltage,FM15X104J101EG,FM,402,X7R; ±5%; Ag/Ni/Sn; 13-inch Reeled,100V,100 nF,,,,,,,Published
MLCC,Medium Voltage,FM15X104K101PT,FM,402,X7R; ±10%; Pd/Ag; 7-inch Reeled,100V,100 nF,,,,,,,Published
MLCC,Medium Voltage,FM15X104K101PG,FM,402,X7R; ±10%; Pd/Ag; 13-inch Reeled,100V,100 nF,,,,,,,Published
MLCC,Medium Voltage,FM15X104K101ET,FM,402,X7R; ±10%; Ag/Ni/Sn; 7-inch Reeled,100V,100 nF,,,,,,,Published
MLCC,Medium Voltage,FM15X104K101EG,FM,402,X7R; ±10%; Ag/Ni/Sn; 13-inch Reeled,100V,100 nF,,,,,,,Published
MLCC,Medium Voltage,FM15X104M101PT,FM,402,X7R; ±20%; Pd/Ag; 7-inch Reeled,100V,100 nF,,,,,,,Published
MLCC,Medium Voltage,FM15X104M101PG,FM,402,X7R; ±20%; Pd/Ag; 13-inch Reeled,100V,100 nF,,,,,,,Published
MLCC,Medium Voltage,FM15X104M101ET,FM,402,X7R; ±20%; Ag/Ni/Sn; 7-inch Reeled,100V,100 nF,,,,,,,Published
MLCC,Medium Voltage,FM15X104M101EG,FM,402,X7R; ±20%; Ag/Ni/Sn; 13-inch Reeled,100V,100 nF,,,,,,,Published
MLCC,Medium Voltage,FM15X150J101PT,FM,402,X7R; ±5%; Pd/Ag; 7-inch Reeled,100V,15 pF,,,,,,,Published
MLCC,Medium Voltage,FM15X150J101PG,FM,402,X7R; ±5%; Pd/Ag; 13-inch Reeled,100V,15 pF,,,,,,,Published
MLCC,Medium Voltage,FM15X150J101ET,FM,402,X7R; ±5%; Ag/Ni/Sn; 7-inch Reeled,100V,15 pF,,,,,,,Published
MLCC,Medium Voltage,FM15X150J101EG,FM,402,X7R; ±5%; Ag/Ni/Sn; 13-inch Reeled,100V,15 pF,,,,,,,Published
MLCC,Medium Voltage,FM15X150K101PT,FM,402,X7R; ±10%; Pd/Ag; 7-inch Reeled,100V,15 pF,,,,,,,Published
MLCC,Medium Voltage,FM15X150K101PG,FM,402,X7R; ±10%; Pd/Ag; 13-inch Reeled,100V,15 pF,,,,,,,Published
MLCC,Medium Voltage,FM15X150K101ET,FM,402,X7R; ±10%; Ag/Ni/Sn; 7-inch Reeled,100V,15 pF,,,,,,,Published
MLCC,Medium Voltage,FM15X150K101EG,FM,402,X7R; ±10%; Ag/Ni/Sn; 13-inch Reeled,100V,15 pF,,,,,,,Published
MLCC,Medium Voltage,FM15X150M101PT,FM,402,X7R; ±20%; Pd/Ag; 7-inch Reeled,100V,15 pF,,,,,,,Published
MLCC,Medium Voltage,FM15X150M101PG,FM,402,X7R; ±20%; Pd/Ag; 13-inch Reeled,100V,15 pF,,,,,,,Published
MLCC,Medium Voltage,FM15X150M101ET,FM,402,X7R; ±20%; Ag/Ni/Sn; 7-inch Reeled,100V,15 pF,,,,,,,Published
MLCC,Medium Voltage,FM15X150M101EG,FM,402,X7R; ±20%; Ag/Ni/Sn; 13-inch Reeled,100V,15 pF,,,,,,,Published
MLCC,Medium Voltage,FM15X151J101PT,FM,402,X7R; ±5%; Pd/Ag; 7-inch Reeled,100V,150 pF,,,,,,,Published
MLCC,Medium Voltage,FM15X151J101PG,FM,402,X7R; ±5%; Pd/Ag; 13-inch Reeled,100V,150 pF,,,,,,,Published
MLCC,Medium Voltage,FM15X151J101ET,FM,402,X7R; ±5%; Ag/Ni/Sn; 7-inch Reeled,100V,150 pF,,,,,,,Published
MLCC,Medium Voltage,FM15X151J101EG,FM,402,X7R; ±5%; Ag/Ni/Sn; 13-inch Reeled,100V,150 pF,,,,,,,Published
MLCC,Medium Voltage,FM15X151K101PT,FM,402,X7R; ±10%; Pd/Ag; 7-inch Reeled,100V,150 pF,,,,,,,Published
MLCC,Medium Voltage,FM15X151K101PG,FM,402,X7R; ±10%; Pd/Ag; 13-inch Reeled,100V,150 pF,,,,,,,Published
MLCC,Medium Voltage,FM15X151K101ET,FM,402,X7R; ±10%; Ag/Ni/Sn; 7-inch Reeled,100V,150 pF,,,,,,,Published
MLCC,Medium Voltage,FM15X151K101EG,FM,402,X7R; ±10%; Ag/Ni/Sn; 13-inch Reeled,100V,150 pF,,,,,,,Published
MLCC,Medium Voltage,FM15X151M101PT,FM,402,X7R; ±20%; Pd/Ag; 7-inch Reeled,100V,150 pF,,,,,,,Published
MLCC,Medium Voltage,FM15X151M101PG,FM,402,X7R; ±20%; Pd/Ag; 13-inch Reeled,100V,150 pF,,,,,,,Published
MLCC,Medium Voltage,FM15X151M101ET,FM,402,X7R; ±20%; Ag/Ni/Sn; 7-inch Reeled,100V,150 pF,,,,,,,Published
MLCC,Medium Voltage,FM15X151M101EG,FM,402,X7R; ±20%; Ag/Ni/Sn; 13-inch Reeled,100V,150 pF,,,,,,,Published
MLCC,Medium Voltage,FM15X152J101PT,FM,402,X7R; ±5%; Pd/Ag; 7-inch Reeled,100V,1.5 nF,,,,,,,Published
MLCC,Medium Voltage,FM15X152J101PG,FM,402,X7R; ±5%; Pd/Ag; 13-inch Reeled,100V,1.5 nF,,,,,,,Published
MLCC,Medium Voltage,FM15X152J101ET,FM,402,X7R; ±5%; Ag/Ni/Sn; 7-inch Reeled,100V,1.5 nF,,,,,,,Published
MLCC,Medium Voltage,FM15X152J101EG,FM,402,X7R; ±5%; Ag/Ni/Sn; 13-inch Reeled,100V,1.5 nF,,,,,,,Published
MLCC,Medium Voltage,FM15X152K101PT,FM,402,X7R; ±10%; Pd/Ag; 7-inch Reeled,100V,1.5 nF,,,,,,,Published
MLCC,Medium Voltage,FM15X152K101PG,FM,402,X7R; ±10%; Pd/Ag; 13-inch Reeled,100V,1.5 nF,,,,,,,Published
MLCC,Medium Voltage,FM15X152K101ET,FM,402,X7R; ±10%; Ag/Ni/Sn; 7-inch Reeled,100V,1.5 nF,,,,,,,Published
MLCC,Medium Voltage,FM15X152K101EG,FM,402,X7R; ±10%; Ag/Ni/Sn; 13-inch Reeled,100V,1.5 nF,,,,,,,Published
MLCC,Medium Voltage,FM15X152M101PT,FM,402,X7R; ±20%; Pd/Ag; 7-inch Reeled,100V,1.5 nF,,,,,,,Published
MLCC,Medium Voltage,FM15X152M101PG,FM,402,X7R; ±20%; Pd/Ag; 13-inch Reeled,100V,1.5 nF,,,,,,,Published
MLCC,Medium Voltage,FM15X152M101ET,FM,402,X7R; ±20%; Ag/Ni/Sn; 7-inch Reeled,100V,1.5 nF,,,,,,,Published
MLCC,Medium Voltage,FM15X152M101EG,FM,402,X7R; ±20%; Ag/Ni/Sn; 13-inch Reeled,100V,1.5 nF,,,,,,,Published
MLCC,Medium Voltage,FM15X153J101PT,FM,402,X7R; ±5%; Pd/Ag; 7-inch Reeled,100V,15 nF,,,,,,,Published
MLCC,Medium Voltage,FM15X153J101PG,FM,402,X7R; ±5%; Pd/Ag; 13-inch Reeled,100V,15 nF,,,,,,,Published
MLCC,Medium Voltage,FM15X153J101ET,FM,402,X7R; ±5%; Ag/Ni/Sn; 7-inch Reeled,100V,15 nF,,,,,,,Published
MLCC,Medium Voltage,FM15X153J101EG,FM,402,X7R; ±5%; Ag/Ni/Sn; 13-inch Reeled,100V,15 nF,,,,,,,Published
MLCC,Medium Voltage,FM15X153K101PT,FM,402,X7R; ±10%; Pd/Ag; 7-inch Reeled,100V,15 nF,,,,,,,Published
MLCC,Medium Voltage,FM15X153K101PG,FM,402,X7R; ±10%; Pd/Ag; 13-inch Reeled,100V,15 nF,,,,,,,Published
MLCC,Medium Voltage,FM15X153K101ET,FM,402,X7R; ±10%; Ag/Ni/Sn; 7-inch Reeled,100V,15 nF,,,,,,,Published
MLCC,Medium Voltage,FM15X153K101EG,FM,402,X7R; ±10%; Ag/Ni/Sn; 13-inch Reeled,100V,15 nF,,,,,,,Published
MLCC,Medium Voltage,FM15X153M101PT,FM,402,X7R; ±20%; Pd/Ag; 7-inch Reeled,100V,15 nF,,,,,,,Published
MLCC,Medium Voltage,FM15X153M101PG,FM,402,X7R; ±20%; Pd/Ag; 13-inch Reeled,100V,15 nF,,,,,,,Published
MLCC,Medium Voltage,FM15X153M101ET,FM,402,X7R; ±20%; Ag/Ni/Sn; 7-inch Reeled,100V,15 nF,,,,,,,Published
MLCC,Medium Voltage,FM15X153M101EG,FM,402,X7R; ±20%; Ag/Ni/Sn; 13-inch Reeled,100V,15 nF,,,,,,,Published
MLCC,Medium Voltage,FM15X154J101PT,FM,402,X7R; ±5%; Pd/Ag; 7-inch Reeled,100V,150 nF,,,,,,,Published
MLCC,Medium Voltage,FM15X154J101PG,FM,402,X7R; ±5%; Pd/Ag; 13-inch Reeled,100V,150 nF,,,,,,,Published
MLCC,Medium Voltage,FM15X154J101ET,FM,402,X7R; ±5%; Ag/Ni/Sn; 7-inch Reeled,100V,150 nF,,,,,,,Published
MLCC,Medium Voltage,FM15X154J101EG,FM,402,X7R; ±5%; Ag/Ni/Sn; 13-inch Reeled,100V,150 nF,,,,,,,Published
MLCC,Medium Voltage,FM15X154K101PT,FM,402,X7R; ±10%; Pd/Ag; 7-inch Reeled,100V,150 nF,,,,,,,Published
MLCC,Medium Voltage,FM15X154K101PG,FM,402,X7R; ±10%; Pd/Ag; 13-inch Reeled,100V,150 nF,,,,,,,Published
MLCC,Medium Voltage,FM15X154K101ET,FM,402,X7R; ±10%; Ag/Ni/Sn; 7-inch Reeled,100V,150 nF,,,,,,,Published
MLCC,Medium Voltage,FM15X154K101EG,FM,402,X7R; ±10%; Ag/Ni/Sn; 13-inch Reeled,100V,150 nF,,,,,,,Published
MLCC,Medium Voltage,FM15X154M101PT,FM,402,X7R; ±20%; Pd/Ag; 7-inch Reeled,100V,150 nF,,,,,,,Published
MLCC,Medium Voltage,FM15X154M101PG,FM,402,X7R; ±20%; Pd/Ag; 13-inch Reeled,100V,150 nF,,,,,,,Published
MLCC,Medium Voltage,FM15X154M101ET,FM,402,X7R; ±20%; Ag/Ni/Sn; 7-inch Reeled,100V,150 nF,,,,,,,Published
MLCC,Medium Voltage,FM15X154M101EG,FM,402,X7R; ±20%; Ag/Ni/Sn; 13-inch Reeled,100V,150 nF,,,,,,,Published
MLCC,Medium Voltage,FM15X220J101PT,FM,402,X7R; ±5%; Pd/Ag; 7-inch Reeled,100V,22 pF,,,,,,,Published
MLCC,Medium Voltage,FM15X220J101PG,FM,402,X7R; ±5%; Pd/Ag; 13-inch Reeled,100V,22 pF,,,,,,,Published
MLCC,Medium Voltage,FM15X220J101ET,FM,402,X7R; ±5%; Ag/Ni/Sn; 7-inch Reeled,100V,22 pF,,,,,,,Published
MLCC,Medium Voltage,FM15X220J101EG,FM,402,X7R; ±5%; Ag/Ni/Sn; 13-inch Reeled,100V,22 pF,,,,,,,Published
MLCC,Medium Voltage,FM15X220K101PT,FM,402,X7R; ±10%; Pd/Ag; 7-inch Reeled,100V,22 pF,,,,,,,Published
MLCC,Medium Voltage,FM15X220K101PG,FM,402,X7R; ±10%; Pd/Ag; 13-inch Reeled,100V,22 pF,,,,,,,Published
MLCC,Medium Voltage,FM15X220K101ET,FM,402,X7R; ±10%; Ag/Ni/Sn; 7-inch Reeled,100V,22 pF,,,,,,,Published
MLCC,Medium Voltage,FM15X220K101EG,FM,402,X7R; ±10%; Ag/Ni/Sn; 13-inch Reeled,100V,22 pF,,,,,,,Published
MLCC,Medium Voltage,FM15X220M101PT,FM,402,X7R; ±20%; Pd/Ag; 7-inch Reeled,100V,22 pF,,,,,,,Published
MLCC,Medium Voltage,FM15X220M101PG,FM,402,X7R; ±20%; Pd/Ag; 13-inch Reeled,100V,22 pF,,,,,,,Published
MLCC,Medium Voltage,FM15X220M101ET,FM,402,X7R; ±20%; Ag/Ni/Sn; 7-inch Reeled,100V,22 pF,,,,,,,Published
MLCC,Medium Voltage,FM15X220M101EG,FM,402,X7R; ±20%; Ag/Ni/Sn; 13-inch Reeled,100V,22 pF,,,,,,,Published
MLCC,Medium Voltage,FM15X221J101PT,FM,402,X7R; ±5%; Pd/Ag; 7-inch Reeled,100V,220 pF,,,,,,,Published
MLCC,Medium Voltage,FM15X221J101PG,FM,402,X7R; ±5%; Pd/Ag; 13-inch Reeled,100V,220 pF,,,,,,,Published
MLCC,Medium Voltage,FM15X221J101ET,FM,402,X7R; ±5%; Ag/Ni/Sn; 7-inch Reeled,100V,220 pF,,,,,,,Published
MLCC,Medium Voltage,FM15X221J101EG,FM,402,X7R; ±5%; Ag/Ni/Sn; 13-inch Reeled,100V,220 pF,,,,,,,Published
MLCC,Medium Voltage,FM15X221K101PT,FM,402,X7R; ±10%; Pd/Ag; 7-inch Reeled,100V,220 pF,,,,,,,Published
MLCC,Medium Voltage,FM15X221K101PG,FM,402,X7R; ±10%; Pd/Ag; 13-inch Reeled,100V,220 pF,,,,,,,Published
MLCC,Medium Voltage,FM15X221K101ET,FM,402,X7R; ±10%; Ag/Ni/Sn; 7-inch Reeled,100V,220 pF,,,,,,,Published
MLCC,Medium Voltage,FM15X221K101EG,FM,402,X7R; ±10%; Ag/Ni/Sn; 13-inch Reeled,100V,220 pF,,,,,,,Published
MLCC,Medium Voltage,FM15X221M101PT,FM,402,X7R; ±20%; Pd/Ag; 7-inch Reeled,100V,220 pF,,,,,,,Published
MLCC,Medium Voltage,FM15X221M101PG,FM,402,X7R; ±20%; Pd/Ag; 13-inch Reeled,100V,220 pF,,,,,,,Published
MLCC,Medium Voltage,FM15X221M101ET,FM,402,X7R; ±20%; Ag/Ni/Sn; 7-inch Reeled,100V,220 pF,,,,,,,Published
MLCC,Medium Voltage,FM15X221M101EG,FM,402,X7R; ±20%; Ag/Ni/Sn; 13-inch Reeled,100V,220 pF,,,,,,,Published
MLCC,Medium Voltage,FM15X222J101PT,FM,402,X7R; ±5%; Pd/Ag; 7-inch Reeled,100V,2.2 nF,,,,,,,Published
MLCC,Medium Voltage,FM15X222J101PG,FM,402,X7R; ±5%; Pd/Ag; 13-inch Reeled,100V,2.2 nF,,,,,,,Published
MLCC,Medium Voltage,FM15X222J101ET,FM,402,X7R; ±5%; Ag/Ni/Sn; 7-inch Reeled,100V,2.2 nF,,,,,,,Published
MLCC,Medium Voltage,FM15X222J101EG,FM,402,X7R; ±5%; Ag/Ni/Sn; 13-inch Reeled,100V,2.2 nF,,,,,,,Published
MLCC,Medium Voltage,FM15X222K101PT,FM,402,X7R; ±10%; Pd/Ag; 7-inch Reeled,100V,2.2 nF,,,,,,,Published
MLCC,Medium Voltage,FM15X222K101PG,FM,402,X7R; ±10%; Pd/Ag; 13-inch Reeled,100V,2.2 nF,,,,,,,Published
MLCC,Medium Voltage,FM15X222K101ET,FM,402,X7R; ±10%; Ag/Ni/Sn; 7-inch Reeled,100V,2.2 nF,,,,,,,Published
MLCC,Medium Voltage,FM15X222K101EG,FM,402,X7R; ±10%; Ag/Ni/Sn; 13-inch Reeled,100V,2.2 nF,,,,,,,Published
MLCC,Medium Voltage,FM15X222M101PT,FM,402,X7R; ±20%; Pd/Ag; 7-inch Reeled,100V,2.2 nF,,,,,,,Published
MLCC,Medium Voltage,FM15X222M101PG,FM,402,X7R; ±20%; Pd/Ag; 13-inch Reeled,100V,2.2 nF,,,,,,,Published
MLCC,Medium Voltage,FM15X222M101ET,FM,402,X7R; ±20%; Ag/Ni/Sn; 7-inch Reeled,100V,2.2 nF,,,,,,,Published
MLCC,Medium Voltage,FM15X222M101EG,FM,402,X7R; ±20%; Ag/Ni/Sn; 13-inch Reeled,100V,2.2 nF,,,,,,,Published
MLCC,Medium Voltage,FM15X223J101PT,FM,402,X7R; ±5%; Pd/Ag; 7-inch Reeled,100V,22 nF,,,,,,,Published
MLCC,Medium Voltage,FM15X223J101PG,FM,402,X7R; ±5%; Pd/Ag; 13-inch Reeled,100V,22 nF,,,,,,,Published
MLCC,Medium Voltage,FM15X223J101ET,FM,402,X7R; ±5%; Ag/Ni/Sn; 7-inch Reeled,100V,22 nF,,,,,,,Published
MLCC,Medium Voltage,FM15X223J101EG,FM,402,X7R; ±5%; Ag/Ni/Sn; 13-inch Reeled,100V,22 nF,,,,,,,Published
MLCC,Medium Voltage,FM15X223K101PT,FM,402,X7R; ±10%; Pd/Ag; 7-inch Reeled,100V,22 nF,,,,,,,Published
MLCC,Medium Voltage,FM15X223K101PG,FM,402,X7R; ±10%; Pd/Ag; 13-inch Reeled,100V,22 nF,,,,,,,Published
MLCC,Medium Voltage,FM15X223K101ET,FM,402,X7R; ±10%; Ag/Ni/Sn; 7-inch Reeled,100V,22 nF,,,,,,,Published
MLCC,Medium Voltage,FM15X223K101EG,FM,402,X7R; ±10%; Ag/Ni/Sn; 13-inch Reeled,100V,22 nF,,,,,,,Published
MLCC,Medium Voltage,FM15X223M101PT,FM,402,X7R; ±20%; Pd/Ag; 7-inch Reeled,100V,22 nF,,,,,,,Published
MLCC,Medium Voltage,FM15X223M101PG,FM,402,X7R; ±20%; Pd/Ag; 13-inch Reeled,100V,22 nF,,,,,,,Published
MLCC,Medium Voltage,FM15X223M101ET,FM,402,X7R; ±20%; Ag/Ni/Sn; 7-inch Reeled,100V,22 nF,,,,,,,Published
MLCC,Medium Voltage,FM15X223M101EG,FM,402,X7R; ±20%; Ag/Ni/Sn; 13-inch Reeled,100V,22 nF,,,,,,,Published
MLCC,Medium Voltage,FM15X224J101PT,FM,402,X7R; ±5%; Pd/Ag; 7-inch Reeled,100V,220 nF,,,,,,,Published
MLCC,Medium Voltage,FM15X224J101PG,FM,402,X7R; ±5%; Pd/Ag; 13-inch Reeled,100V,220 nF,,,,,,,Published
MLCC,Medium Voltage,FM15X224J101ET,FM,402,X7R; ±5%; Ag/Ni/Sn; 7-inch Reeled,100V,220 nF,,,,,,,Published
MLCC,Medium Voltage,FM15X224J101EG,FM,402,X7R; ±5%; Ag/Ni/Sn; 13-inch Reeled,100V,220 nF,,,,,,,Published
MLCC,Medium Voltage,FM15X224K101PT,FM,402,X7R; ±10%; Pd/Ag; 7-inch Reeled,100V,220 nF,,,,,,,Published
MLCC,Medium Voltage,FM15X224K101PG,FM,402,X7R; ±10%; Pd/Ag; 13-inch Reeled,100V,220 nF,,,,,,,Published
MLCC,Medium Voltage,FM15X224K101ET,FM,402,X7R; ±10%; Ag/Ni/Sn; 7-inch Reeled,100V,220 nF,,,,,,,Published
MLCC,Medium Voltage,FM15X224K101EG,FM,402,X7R; ±10%; Ag/Ni/Sn; 13-inch Reeled,100V,220 nF,,,,,,,Published
MLCC,Medium Voltage,FM15X224M101PT,FM,402,X7R; ±20%; Pd/Ag; 7-inch Reeled,100V,220 nF,,,,,,,Published
MLCC,Medium Voltage,FM15X224M101PG,FM,402,X7R; ±20%; Pd/Ag; 13-inch Reeled,100V,220 nF,,,,,,,Published
MLCC,Medium Voltage,FM15X224M101ET,FM,402,X7R; ±20%; Ag/Ni/Sn; 7-inch Reeled,100V,220 nF,,,,,,,Published
MLCC,Medium Voltage,FM15X224M101EG,FM,402,X7R; ±20%; Ag/Ni/Sn; 13-inch Reeled,100V,220 nF,,,,,,,Published
MLCC,Medium Voltage,FM15X330J101PT,FM,402,X7R; ±5%; Pd/Ag; 7-inch Reeled,100V,33 pF,,,,,,,Published
MLCC,Medium Voltage,FM15X330J101PG,FM,402,X7R; ±5%; Pd/Ag; 13-inch Reeled,100V,33 pF,,,,,,,Published
MLCC,Medium Voltage,FM15X330J101ET,FM,402,X7R; ±5%; Ag/Ni/Sn; 7-inch Reeled,100V,33 pF,,,,,,,Published
MLCC,Medium Voltage,FM15X330J101EG,FM,402,X7R; ±5%; Ag/Ni/Sn; 13-inch Reeled,100V,33 pF,,,,,,,Published
MLCC,Medium Voltage,FM15X330K101PT,FM,402,X7R; ±10%; Pd/Ag; 7-inch Reeled,100V,33 pF,,,,,,,Published
MLCC,Medium Voltage,FM15X330K101PG,FM,402,X7R; ±10%; Pd/Ag; 13-inch Reeled,100V,33 pF,,,,,,,Published
MLCC,Medium Voltage,FM15X330K101ET,FM,402,X7R; ±10%; Ag/Ni/Sn; 7-inch Reeled,100V,33 pF,,,,,,,Published
MLCC,Medium Voltage,FM15X330K101EG,FM,402,X7R; ±10%; Ag/Ni/Sn; 13-inch Reeled,100V,33 pF,,,,,,,Published
MLCC,Medium Voltage,FM15X330M101PT,FM,402,X7R; ±20%; Pd/Ag; 7-inch Reeled,100V,33 pF,,,,,,,Published
MLCC,Medium Voltage,FM15X330M101PG,FM,402,X7R; ±20%; Pd/Ag; 13-inch Reeled,100V,33 pF,,,,,,,Published
MLCC,Medium Voltage,FM15X330M101ET,FM,402,X7R; ±20%; Ag/Ni/Sn; 7-inch Reeled,100V,33 pF,,,,,,,Published
MLCC,Medium Voltage,FM15X330M101EG,FM,402,X7R; ±20%; Ag/Ni/Sn; 13-inch Reeled,100V,33 pF,,,,,,,Published
MLCC,Medium Voltage,FM15X331J101PT,FM,402,X7R; ±5%; Pd/Ag; 7-inch Reeled,100V,330 pF,,,,,,,Published
MLCC,Medium Voltage,FM15X331J101PG,FM,402,X7R; ±5%; Pd/Ag; 13-inch Reeled,100V,330 pF,,,,,,,Published
MLCC,Medium Voltage,FM15X331J101ET,FM,402,X7R; ±5%; Ag/Ni/Sn; 7-inch Reeled,100V,330 pF,,,,,,,Published
MLCC,Medium Voltage,FM15X331J101EG,FM,402,X7R; ±5%; Ag/Ni/Sn; 13-inch Reeled,100V,330 pF,,,,,,,Published
MLCC,Medium Voltage,FM15X331K101PT,FM,402,X7R; ±10%; Pd/Ag; 7-inch Reeled,100V,330 pF,,,,,,,Published
MLCC,Medium Voltage,FM15X331K101PG,FM,402,X7R; ±10%; Pd/Ag; 13-inch Reeled,100V,330 pF,,,,,,,Published
MLCC,Medium Voltage,FM15X331K101ET,FM,402,X7R; ±10%; Ag/Ni/Sn; 7-inch Reeled,100V,330 pF,,,,,,,Published
MLCC,Medium Voltage,FM15X331K101EG,FM,402,X7R; ±10%; Ag/Ni/Sn; 13-inch Reeled,100V,330 pF,,,,,,,Published
MLCC,Medium Voltage,FM15X331M101PT,FM,402,X7R; ±20%; Pd/Ag; 7-inch Reeled,100V,330 pF,,,,,,,Published
MLCC,Medium Voltage,FM15X331M101PG,FM,402,X7R; ±20%; Pd/Ag; 13-inch Reeled,100V,330 pF,,,,,,,Published
MLCC,Medium Voltage,FM15X331M101ET,FM,402,X7R; ±20%; Ag/Ni/Sn; 7-inch Reeled,100V,330 pF,,,,,,,Published
MLCC,Medium Voltage,FM15X331M101EG,FM,402,X7R; ±20%; Ag/Ni/Sn; 13-inch Reeled,100V,330 pF,,,,,,,Published
MLCC,Medium Voltage,FM15X332J101PT,FM,402,X7R; ±5%; Pd/Ag; 7-inch Reeled,100V,3.3 nF,,,,,,,Published
MLCC,Medium Voltage,FM15X332J101PG,FM,402,X7R; ±5%; Pd/Ag; 13-inch Reeled,100V,3.3 nF,,,,,,,Published
MLCC,Medium Voltage,FM15X332J101ET,FM,402,X7R; ±5%; Ag/Ni/Sn; 7-inch Reeled,100V,3.3 nF,,,,,,,Published
MLCC,Medium Voltage,FM15X332J101EG,FM,402,X7R; ±5%; Ag/Ni/Sn; 13-inch Reeled,100V,3.3 nF,,,,,,,Published
MLCC,Medium Voltage,FM15X332K101PT,FM,402,X7R; ±10%; Pd/Ag; 7-inch Reeled,100V,3.3 nF,,,,,,,Published
MLCC,Medium Voltage,FM15X332K101PG,FM,402,X7R; ±10%; Pd/Ag; 13-inch Reeled,100V,3.3 nF,,,,,,,Published
MLCC,Medium Voltage,FM15X332K101ET,FM,402,X7R; ±10%; Ag/Ni/Sn; 7-inch Reeled,100V,3.3 nF,,,,,,,Published
MLCC,Medium Voltage,FM15X332K101EG,FM,402,X7R; ±10%; Ag/Ni/Sn; 13-inch Reeled,100V,3.3 nF,,,,,,,Published
MLCC,Medium Voltage,FM15X332M101PT,FM,402,X7R; ±20%; Pd/Ag; 7-inch Reeled,100V,3.3 nF,,,,,,,Published
MLCC,Medium Voltage,FM15X332M101PG,FM,402,X7R; ±20%; Pd/Ag; 13-inch Reeled,100V,3.3 nF,,,,,,,Published
MLCC,Medium Voltage,FM15X332M101ET,FM,402,X7R; ±20%; Ag/Ni/Sn; 7-inch Reeled,100V,3.3 nF,,,,,,,Published
MLCC,Medium Voltage,FM15X332M101EG,FM,402,X7R; ±20%; Ag/Ni/Sn; 13-inch Reeled,100V,3.3 nF,,,,,,,Published
MLCC,Medium Voltage,FM15X333J101PT,FM,402,X7R; ±5%; Pd/Ag; 7-inch Reeled,100V,33 nF,,,,,,,Published
MLCC,Medium Voltage,FM15X333J101PG,FM,402,X7R; ±5%; Pd/Ag; 13-inch Reeled,100V,33 nF,,,,,,,Published
MLCC,Medium Voltage,FM15X333J101ET,FM,402,X7R; ±5%; Ag/Ni/Sn; 7-inch Reeled,100V,33 nF,,,,,,,Published
MLCC,Medium Voltage,FM15X333J101EG,FM,402,X7R; ±5%; Ag/Ni/Sn; 13-inch Reeled,100V,33 nF,,,,,,,Published
MLCC,Medium Voltage,FM15X333K101PT,FM,402,X7R; ±10%; Pd/Ag; 7-inch Reeled,100V,33 nF,,,,,,,Published
MLCC,Medium Voltage,FM15X333K101PG,FM,402,X7R; ±10%; Pd/Ag; 13-inch Reeled,100V,33 nF,,,,,,,Published
MLCC,Medium Voltage,FM15X333K101ET,FM,402,X7R; ±10%; Ag/Ni/Sn; 7-inch Reeled,100V,33 nF,,,,,,,Published
MLCC,Medium Voltage,FM15X333K101EG,FM,402,X7R; ±10%; Ag/Ni/Sn; 13-inch Reeled,100V,33 nF,,,,,,,Published
MLCC,Medium Voltage,FM15X333M101PT,FM,402,X7R; ±20%; Pd/Ag; 7-inch Reeled,100V,33 nF,,,,,,,Published
MLCC,Medium Voltage,FM15X333M101PG,FM,402,X7R; ±20%; Pd/Ag; 13-inch Reeled,100V,33 nF,,,,,,,Published
MLCC,Medium Voltage,FM15X333M101ET,FM,402,X7R; ±20%; Ag/Ni/Sn; 7-inch Reeled,100V,33 nF,,,,,,,Published
MLCC,Medium Voltage,FM15X333M101EG,FM,402,X7R; ±20%; Ag/Ni/Sn; 13-inch Reeled,100V,33 nF,,,,,,,Published
MLCC,Medium Voltage,FM15X334J101PT,FM,402,X7R; ±5%; Pd/Ag; 7-inch Reeled,100V,330 nF,,,,,,,Published
MLCC,Medium Voltage,FM15X334J101PG,FM,402,X7R; ±5%; Pd/Ag; 13-inch Reeled,100V,330 nF,,,,,,,Published
MLCC,Medium Voltage,FM15X334J101ET,FM,402,X7R; ±5%; Ag/Ni/Sn; 7-inch Reeled,100V,330 nF,,,,,,,Published
MLCC,Medium Voltage,FM15X334J101EG,FM,402,X7R; ±5%; Ag/Ni/Sn; 13-inch Reeled,100V,330 nF,,,,,,,Published
MLCC,Medium Voltage,FM15X334K101PT,FM,402,X7R; ±10%; Pd/Ag; 7-inch Reeled,100V,330 nF,,,,,,,Published
MLCC,Medium Voltage,FM15X334K101PG,FM,402,X7R; ±10%; Pd/Ag; 13-inch Reeled,100V,330 nF,,,,,,,Published
MLCC,Medium Voltage,FM15X334K101ET,FM,402,X7R; ±10%; Ag/Ni/Sn; 7-inch Reeled,100V,330 nF,,,,,,,Published
MLCC,Medium Voltage,FM15X334K101EG,FM,402,X7R; ±10%; Ag/Ni/Sn; 13-inch Reeled,100V,330 nF,,,,,,,Published
MLCC,Medium Voltage,FM15X334M101PT,FM,402,X7R; ±20%; Pd/Ag; 7-inch Reeled,100V,330 nF,,,,,,,Published
MLCC,Medium Voltage,FM15X334M101PG,FM,402,X7R; ±20%; Pd/Ag; 13-inch Reeled,100V,330 nF,,,,,,,Published
MLCC,Medium Voltage,FM15X334M101ET,FM,402,X7R; ±20%; Ag/Ni/Sn; 7-inch Reeled,100V,330 nF,,,,,,,Published
MLCC,Medium Voltage,FM15X334M101EG,FM,402,X7R; ±20%; Ag/Ni/Sn; 13-inch Reeled,100V,330 nF,,,,,,,Published
MLCC,Medium Voltage,FM15X470J101PT,FM,402,X7R; ±5%; Pd/Ag; 7-inch Reeled,100V,47 pF,,,,,,,Published
MLCC,Medium Voltage,FM15X470J101PG,FM,402,X7R; ±5%; Pd/Ag; 13-inch Reeled,100V,47 pF,,,,,,,Published
MLCC,Medium Voltage,FM15X470J101ET,FM,402,X7R; ±5%; Ag/Ni/Sn; 7-inch Reeled,100V,47 pF,,,,,,,Published
MLCC,Medium Voltage,FM15X470J101EG,FM,402,X7R; ±5%; Ag/Ni/Sn; 13-inch Reeled,100V,47 pF,,,,,,,Published
MLCC,Medium Voltage,FM15X470K101PT,FM,402,X7R; ±10%; Pd/Ag; 7-inch Reeled,100V,47 pF,,,,,,,Published
MLCC,Medium Voltage,FM15X470K101PG,FM,402,X7R; ±10%; Pd/Ag; 13-inch Reeled,100V,47 pF,,,,,,,Published
MLCC,Medium Voltage,FM15X470K101ET,FM,402,X7R; ±10%; Ag/Ni/Sn; 7-inch Reeled,100V,47 pF,,,,,,,Published
MLCC,Medium Voltage,FM15X470K101EG,FM,402,X7R; ±10%; Ag/Ni/Sn; 13-inch Reeled,100V,47 pF,,,,,,,Published
MLCC,Medium Voltage,FM15X470M101PT,FM,402,X7R; ±20%; Pd/Ag; 7-inch Reeled,100V,47 pF,,,,,,,Published
MLCC,Medium Voltage,FM15X470M101PG,FM,402,X7R; ±20%; Pd/Ag; 13-inch Reeled,100V,47 pF,,,,,,,Published
MLCC,Medium Voltage,FM15X470M101ET,FM,402,X7R; ±20%; Ag/Ni/Sn; 7-inch Reeled,100V,47 pF,,,,,,,Published
MLCC,Medium Voltage,FM15X470M101EG,FM,402,X7R; ±20%; Ag/Ni/Sn; 13-inch Reeled,100V,47 pF,,,,,,,Published
MLCC,Medium Voltage,FM15X471J101PT,FM,402,X7R; ±5%; Pd/Ag; 7-inch Reeled,100V,470 pF,,,,,,,Published
MLCC,Medium Voltage,FM15X471J101PG,FM,402,X7R; ±5%; Pd/Ag; 13-inch Reeled,100V,470 pF,,,,,,,Published
MLCC,Medium Voltage,FM15X471J101ET,FM,402,X7R; ±5%; Ag/Ni/Sn; 7-inch Reeled,100V,470 pF,,,,,,,Published
MLCC,Medium Voltage,FM15X471J101EG,FM,402,X7R; ±5%; Ag/Ni/Sn; 13-inch Reeled,100V,470 pF,,,,,,,Published
MLCC,Medium Voltage,FM15X471K101PT,FM,402,X7R; ±10%; Pd/Ag; 7-inch Reeled,100V,470 pF,,,,,,,Published
MLCC,Medium Voltage,FM15X471K101PG,FM,402,X7R; ±10%; Pd/Ag; 13-inch Reeled,100V,470 pF,,,,,,,Published
MLCC,Medium Voltage,FM15X471K101ET,FM,402,X7R; ±10%; Ag/Ni/Sn; 7-inch Reeled,100V,470 pF,,,,,,,Published
MLCC,Medium Voltage,FM15X471K101EG,FM,402,X7R; ±10%; Ag/Ni/Sn; 13-inch Reeled,100V,470 pF,,,,,,,Published
MLCC,Medium Voltage,FM15X471M101PT,FM,402,X7R; ±20%; Pd/Ag; 7-inch Reeled,100V,470 pF,,,,,,,Published
MLCC,Medium Voltage,FM15X471M101PG,FM,402,X7R; ±20%; Pd/Ag; 13-inch Reeled,100V,470 pF,,,,,,,Published
MLCC,Medium Voltage,FM15X471M101ET,FM,402,X7R; ±20%; Ag/Ni/Sn; 7-inch Reeled,100V,470 pF,,,,,,,Published
MLCC,Medium Voltage,FM15X471M101EG,FM,402,X7R; ±20%; Ag/Ni/Sn; 13-inch Reeled,100V,470 pF,,,,,,,Published
MLCC,Medium Voltage,FM15X472J101PT,FM,402,X7R; ±5%; Pd/Ag; 7-inch Reeled,100V,4.7 nF,,,,,,,Published
MLCC,Medium Voltage,FM15X472J101PG,FM,402,X7R; ±5%; Pd/Ag; 13-inch Reeled,100V,4.7 nF,,,,,,,Published
MLCC,Medium Voltage,FM15X472J101ET,FM,402,X7R; ±5%; Ag/Ni/Sn; 7-inch Reeled,100V,4.7 nF,,,,,,,Published
MLCC,Medium Voltage,FM15X472J101EG,FM,402,X7R; ±5%; Ag/Ni/Sn; 13-inch Reeled,100V,4.7 nF,,,,,,,Published
MLCC,Medium Voltage,FM15X472K101PT,FM,402,X7R; ±10%; Pd/Ag; 7-inch Reeled,100V,4.7 nF,,,,,,,Published
MLCC,Medium Voltage,FM15X472K101PG,FM,402,X7R; ±10%; Pd/Ag; 13-inch Reeled,100V,4.7 nF,,,,,,,Published
MLCC,Medium Voltage,FM15X472K101ET,FM,402,X7R; ±10%; Ag/Ni/Sn; 7-inch Reeled,100V,4.7 nF,,,,,,,Published
MLCC,Medium Voltage,FM15X472K101EG,FM,402,X7R; ±10%; Ag/Ni/Sn; 13-inch Reeled,100V,4.7 nF,,,,,,,Published
MLCC,Medium Voltage,FM15X472M101PT,FM,402,X7R; ±20%; Pd/Ag; 7-inch Reeled,100V,4.7 nF,,,,,,,Published
MLCC,Medium Voltage,FM15X472M101PG,FM,402,X7R; ±20%; Pd/Ag; 13-inch Reeled,100V,4.7 nF,,,,,,,Published
MLCC,Medium Voltage,FM15X472M101ET,FM,402,X7R; ±20%; Ag/Ni/Sn; 7-inch Reeled,100V,4.7 nF,,,,,,,Published
MLCC,Medium Voltage,FM15X472M101EG,FM,402,X7R; ±20%; Ag/Ni/Sn; 13-inch Reeled,100V,4.7 nF,,,,,,,Published
MLCC,Medium Voltage,FM15X473J101PT,FM,402,X7R; ±5%; Pd/Ag; 7-inch Reeled,100V,47 nF,,,,,,,Published
MLCC,Medium Voltage,FM15X473J101PG,FM,402,X7R; ±5%; Pd/Ag; 13-inch Reeled,100V,47 nF,,,,,,,Published
MLCC,Medium Voltage,FM15X473J101ET,FM,402,X7R; ±5%; Ag/Ni/Sn; 7-inch Reeled,100V,47 nF,,,,,,,Published
MLCC,Medium Voltage,FM15X473J101EG,FM,402,X7R; ±5%; Ag/Ni/Sn; 13-inch Reeled,100V,47 nF,,,,,,,Published
MLCC,Medium Voltage,FM15X473K101PT,FM,402,X7R; ±10%; Pd/Ag; 7-inch Reeled,100V,47 nF,,,,,,,Published
MLCC,Medium Voltage,FM15X473K101PG,FM,402,X7R; ±10%; Pd/Ag; 13-inch Reeled,100V,47 nF,,,,,,,Published
MLCC,Medium Voltage,FM15X473K101ET,FM,402,X7R; ±10%; Ag/Ni/Sn; 7-inch Reeled,100V,47 nF,,,,,,,Published
MLCC,Medium Voltage,FM15X473K101EG,FM,402,X7R; ±10%; Ag/Ni/Sn; 13-inch Reeled,100V,47 nF,,,,,,,Published
MLCC,Medium Voltage,FM15X473M101PT,FM,402,X7R; ±20%; Pd/Ag; 7-inch Reeled,100V,47 nF,,,,,,,Published
MLCC,Medium Voltage,FM15X473M101PG,FM,402,X7R; ±20%; Pd/Ag; 13-inch Reeled,100V,47 nF,,,,,,,Published
MLCC,Medium Voltage,FM15X473M101ET,FM,402,X7R; ±20%; Ag/Ni/Sn; 7-inch Reeled,100V,47 nF,,,,,,,Published
MLCC,Medium Voltage,FM15X473M101EG,FM,402,X7R; ±20%; Ag/Ni/Sn; 13-inch Reeled,100V,47 nF,,,,,,,Published
MLCC,Medium Voltage,FM15X474J101PT,FM,402,X7R; ±5%; Pd/Ag; 7-inch Reeled,100V,470 nF,,,,,,,Published
MLCC,Medium Voltage,FM15X474J101PG,FM,402,X7R; ±5%; Pd/Ag; 13-inch Reeled,100V,470 nF,,,,,,,Published
MLCC,Medium Voltage,FM15X474J101ET,FM,402,X7R; ±5%; Ag/Ni/Sn; 7-inch Reeled,100V,470 nF,,,,,,,Published
MLCC,Medium Voltage,FM15X474J101EG,FM,402,X7R; ±5%; Ag/Ni/Sn; 13-inch Reeled,100V,470 nF,,,,,,,Published
MLCC,Medium Voltage,FM15X474K101PT,FM,402,X7R; ±10%; Pd/Ag; 7-inch Reeled,100V,470 nF,,,,,,,Published
MLCC,Medium Voltage,FM15X474K101PG,FM,402,X7R; ±10%; Pd/Ag; 13-inch Reeled,100V,470 nF,,,,,,,Published
MLCC,Medium Voltage,FM15X474K101ET,FM,402,X7R; ±10%; Ag/Ni/Sn; 7-inch Reeled,100V,470 nF,,,,,,,Published
MLCC,Medium Voltage,FM15X474K101EG,FM,402,X7R; ±10%; Ag/Ni/Sn; 13-inch Reeled,100V,470 nF,,,,,,,Published
MLCC,Medium Voltage,FM15X474M101PT,FM,402,X7R; ±20%; Pd/Ag; 7-inch Reeled,100V,470 nF,,,,,,,Published
MLCC,Medium Voltage,FM15X474M101PG,FM,402,X7R; ±20%; Pd/Ag; 13-inch Reeled,100V,470 nF,,,,,,,Published
MLCC,Medium Voltage,FM15X474M101ET,FM,402,X7R; ±20%; Ag/Ni/Sn; 7-inch Reeled,100V,470 nF,,,,,,,Published
MLCC,Medium Voltage,FM15X474M101EG,FM,402,X7R; ±20%; Ag/Ni/Sn; 13-inch Reeled,100V,470 nF,,,,,,,Published
MLCC,Medium Voltage,FM15X680J101PT,FM,402,X7R; ±5%; Pd/Ag; 7-inch Reeled,100V,68 pF,,,,,,,Published
MLCC,Medium Voltage,FM15X680J101PG,FM,402,X7R; ±5%; Pd/Ag; 13-inch Reeled,100V,68 pF,,,,,,,Published
MLCC,Medium Voltage,FM15X680J101ET,FM,402,X7R; ±5%; Ag/Ni/Sn; 7-inch Reeled,100V,68 pF,,,,,,,Published
MLCC,Medium Voltage,FM15X680J101EG,FM,402,X7R; ±5%; Ag/Ni/Sn; 13-inch Reeled,100V,68 pF,,,,,,,Published
MLCC,Medium Voltage,FM15X680K101PT,FM,402,X7R; ±10%; Pd/Ag; 7-inch Reeled,100V,68 pF,,,,,,,Published
MLCC,Medium Voltage,FM15X680K101PG,FM,402,X7R; ±10%; Pd/Ag; 13-inch Reeled,100V,68 pF,,,,,,,Published
MLCC,Medium Voltage,FM15X680K101ET,FM,402,X7R; ±10%; Ag/Ni/Sn; 7-inch Reeled,100V,68 pF,,,,,,,Published
MLCC,Medium Voltage,FM15X680K101EG,FM,402,X7R; ±10%; Ag/Ni/Sn; 13-inch Reeled,100V,68 pF,,,,,,,Published
MLCC,Medium Voltage,FM15X680M101PT,FM,402,X7R; ±20%; Pd/Ag; 7-inch Reeled,100V,68 pF,,,,,,,Published
MLCC,Medium Voltage,FM15X680M101PG,FM,402,X7R; ±20%; Pd/Ag; 13-inch Reeled,100V,68 pF,,,,,,,Published
MLCC,Medium Voltage,FM15X680M101ET,FM,402,X7R; ±20%; Ag/Ni/Sn; 7-inch Reeled,100V,68 pF,,,,,,,Published
MLCC,Medium Voltage,FM15X680M101EG,FM,402,X7R; ±20%; Ag/Ni/Sn; 13-inch Reeled,100V,68 pF,,,,,,,Published
MLCC,Medium Voltage,FM15X681J101PT,FM,402,X7R; ±5%; Pd/Ag; 7-inch Reeled,100V,680 pF,,,,,,,Published
MLCC,Medium Voltage,FM15X681J101PG,FM,402,X7R; ±5%; Pd/Ag; 13-inch Reeled,100V,680 pF,,,,,,,Published
MLCC,Medium Voltage,FM15X681J101ET,FM,402,X7R; ±5%; Ag/Ni/Sn; 7-inch Reeled,100V,680 pF,,,,,,,Published
MLCC,Medium Voltage,FM15X681J101EG,FM,402,X7R; ±5%; Ag/Ni/Sn; 13-inch Reeled,100V,680 pF,,,,,,,Published
MLCC,Medium Voltage,FM15X681K101PT,FM,402,X7R; ±10%; Pd/Ag; 7-inch Reeled,100V,680 pF,,,,,,,Published
MLCC,Medium Voltage,FM15X681K101PG,FM,402,X7R; ±10%; Pd/Ag; 13-inch Reeled,100V,680 pF,,,,,,,Published
MLCC,Medium Voltage,FM15X681K101ET,FM,402,X7R; ±10%; Ag/Ni/Sn; 7-inch Reeled,100V,680 pF,,,,,,,Published
MLCC,Medium Voltage,FM15X681K101EG,FM,402,X7R; ±10%; Ag/Ni/Sn; 13-inch Reeled,100V,680 pF,,,,,,,Published
MLCC,Medium Voltage,FM15X681M101PT,FM,402,X7R; ±20%; Pd/Ag; 7-inch Reeled,100V,680 pF,,,,,,,Published
MLCC,Medium Voltage,FM15X681M101PG,FM,402,X7R; ±20%; Pd/Ag; 13-inch Reeled,100V,680 pF,,,,,,,Published
MLCC,Medium Voltage,FM15X681M101ET,FM,402,X7R; ±20%; Ag/Ni/Sn; 7-inch Reeled,100V,680 pF,,,,,,,Published
MLCC,Medium Voltage,FM15X681M101EG,FM,402,X7R; ±20%; Ag/Ni/Sn; 13-inch Reeled,100V,680 pF,,,,,,,Published
MLCC,Medium Voltage,FM15X682J101PT,FM,402,X7R; ±5%; Pd/Ag; 7-inch Reeled,100V,6.8 nF,,,,,,,Published
MLCC,Medium Voltage,FM15X682J101PG,FM,402,X7R; ±5%; Pd/Ag; 13-inch Reeled,100V,6.8 nF,,,,,,,Published
MLCC,Medium Voltage,FM15X682J101ET,FM,402,X7R; ±5%; Ag/Ni/Sn; 7-inch Reeled,100V,6.8 nF,,,,,,,Published
MLCC,Medium Voltage,FM15X682J101EG,FM,402,X7R; ±5%; Ag/Ni/Sn; 13-inch Reeled,100V,6.8 nF,,,,,,,Published
MLCC,Medium Voltage,FM15X682K101PT,FM,402,X7R; ±10%; Pd/Ag; 7-inch Reeled,100V,6.8 nF,,,,,,,Published
MLCC,Medium Voltage,FM15X682K101PG,FM,402,X7R; ±10%; Pd/Ag; 13-inch Reeled,100V,6.8 nF,,,,,,,Published
MLCC,Medium Voltage,FM15X682K101ET,FM,402,X7R; ±10%; Ag/Ni/Sn; 7-inch Reeled,100V,6.8 nF,,,,,,,Published
MLCC,Medium Voltage,FM15X682K101EG,FM,402,X7R; ±10%; Ag/Ni/Sn; 13-inch Reeled,100V,6.8 nF,,,,,,,Published
MLCC,Medium Voltage,FM15X682M101PT,FM,402,X7R; ±20%; Pd/Ag; 7-inch Reeled,100V,6.8 nF,,,,,,,Published
MLCC,Medium Voltage,FM15X682M101PG,FM,402,X7R; ±20%; Pd/Ag; 13-inch Reeled,100V,6.8 nF,,,,,,,Published
MLCC,Medium Voltage,FM15X682M101ET,FM,402,X7R; ±20%; Ag/Ni/Sn; 7-inch Reeled,100V,6.8 nF,,,,,,,Published
MLCC,Medium Voltage,FM15X682M101EG,FM,402,X7R; ±20%; Ag/Ni/Sn; 13-inch Reeled,100V,6.8 nF,,,,,,,Published
MLCC,Medium Voltage,FM15X683J101PT,FM,402,X7R; ±5%; Pd/Ag; 7-inch Reeled,100V,68 nF,,,,,,,Published
MLCC,Medium Voltage,FM15X683J101PG,FM,402,X7R; ±5%; Pd/Ag; 13-inch Reeled,100V,68 nF,,,,,,,Published
MLCC,Medium Voltage,FM15X683J101ET,FM,402,X7R; ±5%; Ag/Ni/Sn; 7-inch Reeled,100V,68 nF,,,,,,,Published
MLCC,Medium Voltage,FM15X683J101EG,FM,402,X7R; ±5%; Ag/Ni/Sn; 13-inch Reeled,100V,68 nF,,,,,,,Published
MLCC,Medium Voltage,FM15X683K101PT,FM,402,X7R; ±10%; Pd/Ag; 7-inch Reeled,100V,68 nF,,,,,,,Published
MLCC,Medium Voltage,FM15X683K101PG,FM,402,X7R; ±10%; Pd/Ag; 13-inch Reeled,100V,68 nF,,,,,,,Published
MLCC,Medium Voltage,FM15X683K101ET,FM,402,X7R; ±10%; Ag/Ni/Sn; 7-inch Reeled,100V,68 nF,,,,,,,Published
MLCC,Medium Voltage,FM15X683K101EG,FM,402,X7R; ±10%; Ag/Ni/Sn; 13-inch Reeled,100V,68 nF,,,,,,,Published
MLCC,Medium Voltage,FM15X683M101PT,FM,402,X7R; ±20%; Pd/Ag; 7-inch Reeled,100V,68 nF,,,,,,,Published
MLCC,Medium Voltage,FM15X683M101PG,FM,402,X7R; ±20%; Pd/Ag; 13-inch Reeled,100V,68 nF,,,,,,,Published
MLCC,Medium Voltage,FM15X683M101ET,FM,402,X7R; ±20%; Ag/Ni/Sn; 7-inch Reeled,100V,68 nF,,,,,,,Published
MLCC,Medium Voltage,FM15X683M101EG,FM,402,X7R; ±20%; Ag/Ni/Sn; 13-inch Reeled,100V,68 nF,,,,,,,Published
MLCC,Medium Voltage,FM15X684J101PT,FM,402,X7R; ±5%; Pd/Ag; 7-inch Reeled,100V,680 nF,,,,,,,Published
MLCC,Medium Voltage,FM15X684J101PG,FM,402,X7R; ±5%; Pd/Ag; 13-inch Reeled,100V,680 nF,,,,,,,Published
MLCC,Medium Voltage,FM15X684J101ET,FM,402,X7R; ±5%; Ag/Ni/Sn; 7-inch Reeled,100V,680 nF,,,,,,,Published
MLCC,Medium Voltage,FM15X684J101EG,FM,402,X7R; ±5%; Ag/Ni/Sn; 13-inch Reeled,100V,680 nF,,,,,,,Published
MLCC,Medium Voltage,FM15X684K101PT,FM,402,X7R; ±10%; Pd/Ag; 7-inch Reeled,100V,680 nF,,,,,,,Published
MLCC,Medium Voltage,FM15X684K101PG,FM,402,X7R; ±10%; Pd/Ag; 13-inch Reeled,100V,680 nF,,,,,,,Published
MLCC,Medium Voltage,FM15X684K101ET,FM,402,X7R; ±10%; Ag/Ni/Sn; 7-inch Reeled,100V,680 nF,,,,,,,Published
MLCC,Medium Voltage,FM15X684K101EG,FM,402,X7R; ±10%; Ag/Ni/Sn; 13-inch Reeled,100V,680 nF,,,,,,,Published
MLCC,Medium Voltage,FM15X684M101PT,FM,402,X7R; ±20%; Pd/Ag; 7-inch Reeled,100V,680 nF,,,,,,,Published
MLCC,Medium Voltage,FM15X684M101PG,FM,402,X7R; ±20%; Pd/Ag; 13-inch Reeled,100V,680 nF,,,,,,,Published
MLCC,Medium Voltage,FM15X684M101ET,FM,402,X7R; ±20%; Ag/Ni/Sn; 7-inch Reeled,100V,680 nF,,,,,,,Published
MLCC,Medium Voltage,FM15X684M101EG,FM,402,X7R; ±20%; Ag/Ni/Sn; 13-inch Reeled,100V,680 nF,,,,,,,Published
MLCC,Medium Voltage,FM18N100J101PT,FM,603,NP0 (C0G); ±5%; Pd/Ag; 7-inch Reeled,100V,10 pF,,,,,,,Published
MLCC,Medium Voltage,FM18N100J101PG,FM,603,NP0 (C0G); ±5%; Pd/Ag; 13-inch Reeled,100V,10 pF,,,,,,,Published
MLCC,Medium Voltage,FM18N100J101ET,FM,603,NP0 (C0G); ±5%; Ag/Ni/Sn; 7-inch Reeled,100V,10 pF,,,,,,,Published
MLCC,Medium Voltage,FM18N100J101EG,FM,603,NP0 (C0G); ±5%; Ag/Ni/Sn; 13-inch Reeled,100V,10 pF,,,,,,,Published
MLCC,Medium Voltage,FM18N100K101PT,FM,603,NP0 (C0G); ±10%; Pd/Ag; 7-inch Reeled,100V,10 pF,,,,,,,Published
MLCC,Medium Voltage,FM18N100K101PG,FM,603,NP0 (C0G); ±10%; Pd/Ag; 13-inch Reeled,100V,10 pF,,,,,,,Published
MLCC,Medium Voltage,FM18N100K101ET,FM,603,NP0 (C0G); ±10%; Ag/Ni/Sn; 7-inch Reeled,100V,10 pF,,,,,,,Published
MLCC,Medium Voltage,FM18N100K101EG,FM,603,NP0 (C0G); ±10%; Ag/Ni/Sn; 13-inch Reeled,100V,10 pF,,,,,,,Published
MLCC,Medium Voltage,FM18N101J101PT,FM,603,NP0 (C0G); ±5%; Pd/Ag; 7-inch Reeled,100V,100 pF,,,,,,,Published
MLCC,Medium Voltage,FM18N101J101PG,FM,603,NP0 (C0G); ±5%; Pd/Ag; 13-inch Reeled,100V,100 pF,,,,,,,Published
MLCC,Medium Voltage,FM18N101J101ET,FM,603,NP0 (C0G); ±5%; Ag/Ni/Sn; 7-inch Reeled,100V,100 pF,,,,,,,Published
MLCC,Medium Voltage,FM18N101J101EG,FM,603,NP0 (C0G); ±5%; Ag/Ni/Sn; 13-inch Reeled,100V,100 pF,,,,,,,Published
MLCC,Medium Voltage,FM18N101K101PT,FM,603,NP0 (C0G); ±10%; Pd/Ag; 7-inch Reeled,100V,100 pF,,,,,,,Published
MLCC,Medium Voltage,FM18N101K101PG,FM,603,NP0 (C0G); ±10%; Pd/Ag; 13-inch Reeled,100V,100 pF,,,,,,,Published
MLCC,Medium Voltage,FM18N101K101ET,FM,603,NP0 (C0G); ±10%; Ag/Ni/Sn; 7-inch Reeled,100V,100 pF,,,,,,,Published
MLCC,Medium Voltage,FM18N101K101EG,FM,603,NP0 (C0G); ±10%; Ag/Ni/Sn; 13-inch Reeled,100V,100 pF,,,,,,,Published
MLCC,Medium Voltage,FM18N102J101PT,FM,603,NP0 (C0G); ±5%; Pd/Ag; 7-inch Reeled,100V,1 nF,,,,,,,Published
MLCC,Medium Voltage,FM18N102J101PG,FM,603,NP0 (C0G); ±5%; Pd/Ag; 13-inch Reeled,100V,1 nF,,,,,,,Published
MLCC,Medium Voltage,FM18N102J101ET,FM,603,NP0 (C0G); ±5%; Ag/Ni/Sn; 7-inch Reeled,100V,1 nF,,,,,,,Published
MLCC,Medium Voltage,FM18N102J101EG,FM,603,NP0 (C0G); ±5%; Ag/Ni/Sn; 13-inch Reeled,100V,1 nF,,,,,,,Published
MLCC,Medium Voltage,FM18N102K101PT,FM,603,NP0 (C0G); ±10%; Pd/Ag; 7-inch Reeled,100V,1 nF,,,,,,,Published
MLCC,Medium Voltage,FM18N102K101PG,FM,603,NP0 (C0G); ±10%; Pd/Ag; 13-inch Reeled,100V,1 nF,,,,,,,Published
MLCC,Medium Voltage,FM18N102K101ET,FM,603,NP0 (C0G); ±10%; Ag/Ni/Sn; 7-inch Reeled,100V,1 nF,,,,,,,Published
MLCC,Medium Voltage,FM18N102K101EG,FM,603,NP0 (C0G); ±10%; Ag/Ni/Sn; 13-inch Reeled,100V,1 nF,,,,,,,Published
MLCC,Medium Voltage,FM18N103J101PT,FM,603,NP0 (C0G); ±5%; Pd/Ag; 7-inch Reeled,100V,10 nF,,,,,,,Published
MLCC,Medium Voltage,FM18N103J101PG,FM,603,NP0 (C0G); ±5%; Pd/Ag; 13-inch Reeled,100V,10 nF,,,,,,,Published
MLCC,Medium Voltage,FM18N103J101ET,FM,603,NP0 (C0G); ±5%; Ag/Ni/Sn; 7-inch Reeled,100V,10 nF,,,,,,,Published
MLCC,Medium Voltage,FM18N103J101EG,FM,603,NP0 (C0G); ±5%; Ag/Ni/Sn; 13-inch Reeled,100V,10 nF,,,,,,,Published
MLCC,Medium Voltage,FM18N103K101PT,FM,603,NP0 (C0G); ±10%; Pd/Ag; 7-inch Reeled,100V,10 nF,,,,,,,Published
MLCC,Medium Voltage,FM18N103K101PG,FM,603,NP0 (C0G); ±10%; Pd/Ag; 13-inch Reeled,100V,10 nF,,,,,,,Published
MLCC,Medium Voltage,FM18N103K101ET,FM,603,NP0 (C0G); ±10%; Ag/Ni/Sn; 7-inch Reeled,100V,10 nF,,,,,,,Published
MLCC,Medium Voltage,FM18N103K101EG,FM,603,NP0 (C0G); ±10%; Ag/Ni/Sn; 13-inch Reeled,100V,10 nF,,,,,,,Published
MLCC,Medium Voltage,FM18N104J101PT,FM,603,NP0 (C0G); ±5%; Pd/Ag; 7-inch Reeled,100V,100 nF,,,,,,,Published
MLCC,Medium Voltage,FM18N104J101PG,FM,603,NP0 (C0G); ±5%; Pd/Ag; 13-inch Reeled,100V,100 nF,,,,,,,Published
MLCC,Medium Voltage,FM18N104J101ET,FM,603,NP0 (C0G); ±5%; Ag/Ni/Sn; 7-inch Reeled,100V,100 nF,,,,,,,Published
MLCC,Medium Voltage,FM18N104J101EG,FM,603,NP0 (C0G); ±5%; Ag/Ni/Sn; 13-inch Reeled,100V,100 nF,,,,,,,Published
MLCC,Medium Voltage,FM18N104K101PT,FM,603,NP0 (C0G); ±10%; Pd/Ag; 7-inch Reeled,100V,100 nF,,,,,,,Published
MLCC,Medium Voltage,FM18N104K101PG,FM,603,NP0 (C0G); ±10%; Pd/Ag; 13-inch Reeled,100V,100 nF,,,,,,,Published
MLCC,Medium Voltage,FM18N104K101ET,FM,603,NP0 (C0G); ±10%; Ag/Ni/Sn; 7-inch Reeled,100V,100 nF,,,,,,,Published
MLCC,Medium Voltage,FM18N104K101EG,FM,603,NP0 (C0G); ±10%; Ag/Ni/Sn; 13-inch Reeled,100V,100 nF,,,,,,,Published
MLCC,Medium Voltage,FM18N150J101PT,FM,603,NP0 (C0G); ±5%; Pd/Ag; 7-inch Reeled,100V,15 pF,,,,,,,Published
MLCC,Medium Voltage,FM18N150J101PG,FM,603,NP0 (C0G); ±5%; Pd/Ag; 13-inch Reeled,100V,15 pF,,,,,,,Published
MLCC,Medium Voltage,FM18N150J101ET,FM,603,NP0 (C0G); ±5%; Ag/Ni/Sn; 7-inch Reeled,100V,15 pF,,,,,,,Published
MLCC,Medium Voltage,FM18N150J101EG,FM,603,NP0 (C0G); ±5%; Ag/Ni/Sn; 13-inch Reeled,100V,15 pF,,,,,,,Published
MLCC,Medium Voltage,FM18N150K101PT,FM,603,NP0 (C0G); ±10%; Pd/Ag; 7-inch Reeled,100V,15 pF,,,,,,,Published
MLCC,Medium Voltage,FM18N150K101PG,FM,603,NP0 (C0G); ±10%; Pd/Ag; 13-inch Reeled,100V,15 pF,,,,,,,Published
MLCC,Medium Voltage,FM18N150K101ET,FM,603,NP0 (C0G); ±10%; Ag/Ni/Sn; 7-inch Reeled,100V,15 pF,,,,,,,Published
MLCC,Medium Voltage,FM18N150K101EG,FM,603,NP0 (C0G); ±10%; Ag/Ni/Sn; 13-inch Reeled,100V,15 pF,,,,,,,Published
MLCC,Medium Voltage,FM18N151J101PT,FM,603,NP0 (C0G); ±5%; Pd/Ag; 7-inch Reeled,100V,150 pF,,,,,,,Published
MLCC,Medium Voltage,FM18N151J101PG,FM,603,NP0 (C0G); ±5%; Pd/Ag; 13-inch Reeled,100V,150 pF,,,,,,,Published
MLCC,Medium Voltage,FM18N151J101ET,FM,603,NP0 (C0G); ±5%; Ag/Ni/Sn; 7-inch Reeled,100V,150 pF,,,,,,,Published
MLCC,Medium Voltage,FM18N151J101EG,FM,603,NP0 (C0G); ±5%; Ag/Ni/Sn; 13-inch Reeled,100V,150 pF,,,,,,,Published
MLCC,Medium Voltage,FM18N151K101PT,FM,603,NP0 (C0G); ±10%; Pd/Ag; 7-inch Reeled,100V,150 pF,,,,,,,Published
MLCC,Medium Voltage,FM18N151K101PG,FM,603,NP0 (C0G); ±10%; Pd/Ag; 13-inch Reeled,100V,150 pF,,,,,,,Published
MLCC,Medium Voltage,FM18N151K101ET,FM,603,NP0 (C0G); ±10%; Ag/Ni/Sn; 7-inch Reeled,100V,150 pF,,,,,,,Published
MLCC,Medium Voltage,FM18N151K101EG,FM,603,NP0 (C0G); ±10%; Ag/Ni/Sn; 13-inch Reeled,100V,150 pF,,,,,,,Published
MLCC,Medium Voltage,FM18N152J101PT,FM,603,NP0 (C0G); ±5%; Pd/Ag; 7-inch Reeled,100V,1.5 nF,,,,,,,Published
MLCC,Medium Voltage,FM18N152J101PG,FM,603,NP0 (C0G); ±5%; Pd/Ag; 13-inch Reeled,100V,1.5 nF,,,,,,,Published
MLCC,Medium Voltage,FM18N152J101ET,FM,603,NP0 (C0G); ±5%; Ag/Ni/Sn; 7-inch Reeled,100V,1.5 nF,,,,,,,Published
MLCC,Medium Voltage,FM18N152J101EG,FM,603,NP0 (C0G); ±5%; Ag/Ni/Sn; 13-inch Reeled,100V,1.5 nF,,,,,,,Published
MLCC,Medium Voltage,FM18N152K101PT,FM,603,NP0 (C0G); ±10%; Pd/Ag; 7-inch Reeled,100V,1.5 nF,,,,,,,Published
MLCC,Medium Voltage,FM18N152K101PG,FM,603,NP0 (C0G); ±10%; Pd/Ag; 13-inch Reeled,100V,1.5 nF,,,,,,,Published
MLCC,Medium Voltage,FM18N152K101ET,FM,603,NP0 (C0G); ±10%; Ag/Ni/Sn; 7-inch Reeled,100V,1.5 nF,,,,,,,Published
MLCC,Medium Voltage,FM18N152K101EG,FM,603,NP0 (C0G); ±10%; Ag/Ni/Sn; 13-inch Reeled,100V,1.5 nF,,,,,,,Published
MLCC,Medium Voltage,FM18N153J101PT,FM,603,NP0 (C0G); ±5%; Pd/Ag; 7-inch Reeled,100V,15 nF,,,,,,,Published
MLCC,Medium Voltage,FM18N153J101PG,FM,603,NP0 (C0G); ±5%; Pd/Ag; 13-inch Reeled,100V,15 nF,,,,,,,Published
MLCC,Medium Voltage,FM18N153J101ET,FM,603,NP0 (C0G); ±5%; Ag/Ni/Sn; 7-inch Reeled,100V,15 nF,,,,,,,Published
MLCC,Medium Voltage,FM18N153J101EG,FM,603,NP0 (C0G); ±5%; Ag/Ni/Sn; 13-inch Reeled,100V,15 nF,,,,,,,Published
MLCC,Medium Voltage,FM18N153K101PT,FM,603,NP0 (C0G); ±10%; Pd/Ag; 7-inch Reeled,100V,15 nF,,,,,,,Published
MLCC,Medium Voltage,FM18N153K101PG,FM,603,NP0 (C0G); ±10%; Pd/Ag; 13-inch Reeled,100V,15 nF,,,,,,,Published
MLCC,Medium Voltage,FM18N153K101ET,FM,603,NP0 (C0G); ±10%; Ag/Ni/Sn; 7-inch Reeled,100V,15 nF,,,,,,,Published
MLCC,Medium Voltage,FM18N153K101EG,FM,603,NP0 (C0G); ±10%; Ag/Ni/Sn; 13-inch Reeled,100V,15 nF,,,,,,,Published
MLCC,Medium Voltage,FM18N154J101PT,FM,603,NP0 (C0G); ±5%; Pd/Ag; 7-inch Reeled,100V,150 nF,,,,,,,Published
MLCC,Medium Voltage,FM18N154J101PG,FM,603,NP0 (C0G); ±5%; Pd/Ag; 13-inch Reeled,100V,150 nF,,,,,,,Published
MLCC,Medium Voltage,FM18N154J101ET,FM,603,NP0 (C0G); ±5%; Ag/Ni/Sn; 7-inch Reeled,100V,150 nF,,,,,,,Published
MLCC,Medium Voltage,FM18N154J101EG,FM,603,NP0 (C0G); ±5%; Ag/Ni/Sn; 13-inch Reeled,100V,150 nF,,,,,,,Published
MLCC,Medium Voltage,FM18N154K101PT,FM,603,NP0 (C0G); ±10%; Pd/Ag; 7-inch Reeled,100V,150 nF,,,,,,,Published
MLCC,Medium Voltage,FM18N154K101PG,FM,603,NP0 (C0G); ±10%; Pd/Ag; 13-inch Reeled,100V,150 nF,,,,,,,Published
MLCC,Medium Voltage,FM18N154K101ET,FM,603,NP0 (C0G); ±10%; Ag/Ni/Sn; 7-inch Reeled,100V,150 nF,,,,,,,Published
MLCC,Medium Voltage,FM18N154K101EG,FM,603,NP0 (C0G); ±10%; Ag/Ni/Sn; 13-inch Reeled,100V,150 nF,,,,,,,Published
MLCC,Medium Voltage,FM18N220J101PT,FM,603,NP0 (C0G); ±5%; Pd/Ag; 7-inch Reeled,100V,22 pF,,,,,,,Published
MLCC,Medium Voltage,FM18N220J101PG,FM,603,NP0 (C0G); ±5%; Pd/Ag; 13-inch Reeled,100V,22 pF,,,,,,,Published
MLCC,Medium Voltage,FM18N220J101ET,FM,603,NP0 (C0G); ±5%; Ag/Ni/Sn; 7-inch Reeled,100V,22 pF,,,,,,,Published
MLCC,Medium Voltage,FM18N220J101EG,FM,603,NP0 (C0G); ±5%; Ag/Ni/Sn; 13-inch Reeled,100V,22 pF,,,,,,,Published
MLCC,Medium Voltage,FM18N220K101PT,FM,603,NP0 (C0G); ±10%; Pd/Ag; 7-inch Reeled,100V,22 pF,,,,,,,Published
MLCC,Medium Voltage,FM18N220K101PG,FM,603,NP0 (C0G); ±10%; Pd/Ag; 13-inch Reeled,100V,22 pF,,,,,,,Published
MLCC,Medium Voltage,FM18N220K101ET,FM,603,NP0 (C0G); ±10%; Ag/Ni/Sn; 7-inch Reeled,100V,22 pF,,,,,,,Published
MLCC,Medium Voltage,FM18N220K101EG,FM,603,NP0 (C0G); ±10%; Ag/Ni/Sn; 13-inch Reeled,100V,22 pF,,,,,,,Published
MLCC,Medium Voltage,FM18N221J101PT,FM,603,NP0 (C0G); ±5%; Pd/Ag; 7-inch Reeled,100V,220 pF,,,,,,,Published
MLCC,Medium Voltage,FM18N221J101PG,FM,603,NP0 (C0G); ±5%; Pd/Ag; 13-inch Reeled,100V,220 pF,,,,,,,Published
MLCC,Medium Voltage,FM18N221J101ET,FM,603,NP0 (C0G); ±5%; Ag/Ni/Sn; 7-inch Reeled,100V,220 pF,,,,,,,Published
MLCC,Medium Voltage,FM18N221J101EG,FM,603,NP0 (C0G); ±5%; Ag/Ni/Sn; 13-inch Reeled,100V,220 pF,,,,,,,Published
MLCC,Medium Voltage,FM18N221K101PT,FM,603,NP0 (C0G); ±10%; Pd/Ag; 7-inch Reeled,100V,220 pF,,,,,,,Published
MLCC,Medium Voltage,FM18N221K101PG,FM,603,NP0 (C0G); ±10%; Pd/Ag; 13-inch Reeled,100V,220 pF,,,,,,,Published
MLCC,Medium Voltage,FM18N221K101ET,FM,603,NP0 (C0G); ±10%; Ag/Ni/Sn; 7-inch Reeled,100V,220 pF,,,,,,,Published
MLCC,Medium Voltage,FM18N221K101EG,FM,603,NP0 (C0G); ±10%; Ag/Ni/Sn; 13-inch Reeled,100V,220 pF,,,,,,,Published
MLCC,Medium Voltage,FM18N222J101PT,FM,603,NP0 (C0G); ±5%; Pd/Ag; 7-inch Reeled,100V,2.2 nF,,,,,,,Published
MLCC,Medium Voltage,FM18N222J101PG,FM,603,NP0 (C0G); ±5%; Pd/Ag; 13-inch Reeled,100V,2.2 nF,,,,,,,Published
MLCC,Medium Voltage,FM18N222J101ET,FM,603,NP0 (C0G); ±5%; Ag/Ni/Sn; 7-inch Reeled,100V,2.2 nF,,,,,,,Published
MLCC,Medium Voltage,FM18N222J101EG,FM,603,NP0 (C0G); ±5%; Ag/Ni/Sn; 13-inch Reeled,100V,2.2 nF,,,,,,,Published
MLCC,Medium Voltage,FM18N222K101PT,FM,603,NP0 (C0G); ±10%; Pd/Ag; 7-inch Reeled,100V,2.2 nF,,,,,,,Published
MLCC,Medium Voltage,FM18N222K101PG,FM,603,NP0 (C0G); ±10%; Pd/Ag; 13-inch Reeled,100V,2.2 nF,,,,,,,Published
MLCC,Medium Voltage,FM18N222K101ET,FM,603,NP0 (C0G); ±10%; Ag/Ni/Sn; 7-inch Reeled,100V,2.2 nF,,,,,,,Published
MLCC,Medium Voltage,FM18N222K101EG,FM,603,NP0 (C0G); ±10%; Ag/Ni/Sn; 13-inch Reeled,100V,2.2 nF,,,,,,,Published
MLCC,Medium Voltage,FM18N223J101PT,FM,603,NP0 (C0G); ±5%; Pd/Ag; 7-inch Reeled,100V,22 nF,,,,,,,Published
MLCC,Medium Voltage,FM18N223J101PG,FM,603,NP0 (C0G); ±5%; Pd/Ag; 13-inch Reeled,100V,22 nF,,,,,,,Published
MLCC,Medium Voltage,FM18N223J101ET,FM,603,NP0 (C0G); ±5%; Ag/Ni/Sn; 7-inch Reeled,100V,22 nF,,,,,,,Published
MLCC,Medium Voltage,FM18N223J101EG,FM,603,NP0 (C0G); ±5%; Ag/Ni/Sn; 13-inch Reeled,100V,22 nF,,,,,,,Published
MLCC,Medium Voltage,FM18N223K101PT,FM,603,NP0 (C0G); ±10%; Pd/Ag; 7-inch Reeled,100V,22 nF,,,,,,,Published
MLCC,Medium Voltage,FM18N223K101PG,FM,603,NP0 (C0G); ±10%; Pd/Ag; 13-inch Reeled,100V,22 nF,,,,,,,Published
MLCC,Medium Voltage,FM18N223K101ET,FM,603,NP0 (C0G); ±10%; Ag/Ni/Sn; 7-inch Reeled,100V,22 nF,,,,,,,Published
MLCC,Medium Voltage,FM18N223K101EG,FM,603,NP0 (C0G); ±10%; Ag/Ni/Sn; 13-inch Reeled,100V,22 nF,,,,,,,Published
MLCC,Medium Voltage,FM18N224J101PT,FM,603,NP0 (C0G); ±5%; Pd/Ag; 7-inch Reeled,100V,220 nF,,,,,,,Published
MLCC,Medium Voltage,FM18N224J101PG,FM,603,NP0 (C0G); ±5%; Pd/Ag; 13-inch Reeled,100V,220 nF,,,,,,,Published
MLCC,Medium Voltage,FM18N224J101ET,FM,603,NP0 (C0G); ±5%; Ag/Ni/Sn; 7-inch Reeled,100V,220 nF,,,,,,,Published
MLCC,Medium Voltage,FM18N224J101EG,FM,603,NP0 (C0G); ±5%; Ag/Ni/Sn; 13-inch Reeled,100V,220 nF,,,,,,,Published
MLCC,Medium Voltage,FM18N224K101PT,FM,603,NP0 (C0G); ±10%; Pd/Ag; 7-inch Reeled,100V,220 nF,,,,,,,Published
MLCC,Medium Voltage,FM18N224K101PG,FM,603,NP0 (C0G); ±10%; Pd/Ag; 13-inch Reeled,100V,220 nF,,,,,,,Published
MLCC,Medium Voltage,FM18N224K101ET,FM,603,NP0 (C0G); ±10%; Ag/Ni/Sn; 7-inch Reeled,100V,220 nF,,,,,,,Published
MLCC,Medium Voltage,FM18N224K101EG,FM,603,NP0 (C0G); ±10%; Ag/Ni/Sn; 13-inch Reeled,100V,220 nF,,,,,,,Published
MLCC,Medium Voltage,FM18N330J101PT,FM,603,NP0 (C0G); ±5%; Pd/Ag; 7-inch Reeled,100V,33 pF,,,,,,,Published
MLCC,Medium Voltage,FM18N330J101PG,FM,603,NP0 (C0G); ±5%; Pd/Ag; 13-inch Reeled,100V,33 pF,,,,,,,Published
MLCC,Medium Voltage,FM18N330J101ET,FM,603,NP0 (C0G); ±5%; Ag/Ni/Sn; 7-inch Reeled,100V,33 pF,,,,,,,Published
MLCC,Medium Voltage,FM18N330J101EG,FM,603,NP0 (C0G); ±5%; Ag/Ni/Sn; 13-inch Reeled,100V,33 pF,,,,,,,Published
MLCC,Medium Voltage,FM18N330K101PT,FM,603,NP0 (C0G); ±10%; Pd/Ag; 7-inch Reeled,100V,33 pF,,,,,,,Published
MLCC,Medium Voltage,FM18N330K101PG,FM,603,NP0 (C0G); ±10%; Pd/Ag; 13-inch Reeled,100V,33 pF,,,,,,,Published
MLCC,Medium Voltage,FM18N330K101ET,FM,603,NP0 (C0G); ±10%; Ag/Ni/Sn; 7-inch Reeled,100V,33 pF,,,,,,,Published
MLCC,Medium Voltage,FM18N330K101EG,FM,603,NP0 (C0G); ±10%; Ag/Ni/Sn; 13-inch Reeled,100V,33 pF,,,,,,,Published
MLCC,Medium Voltage,FM18N331J101PT,FM,603,NP0 (C0G); ±5%; Pd/Ag; 7-inch Reeled,100V,330 pF,,,,,,,Published
MLCC,Medium Voltage,FM18N331J101PG,FM,603,NP0 (C0G); ±5%; Pd/Ag; 13-inch Reeled,100V,330 pF,,,,,,,Published
MLCC,Medium Voltage,FM18N331J101ET,FM,603,NP0 (C0G); ±5%; Ag/Ni/Sn; 7-inch Reeled,100V,330 pF,,,,,,,Published
MLCC,Medium Voltage,FM18N331J101EG,FM,603,NP0 (C0G); ±5%; Ag/Ni/Sn; 13-inch Reeled,100V,330 pF,,,,,,,Published
MLCC,Medium Voltage,FM18N331K101PT,FM,603,NP0 (C0G); ±10%; Pd/Ag; 7-inch Reeled,100V,330 pF,,,,,,,Published
MLCC,Medium Voltage,FM18N331K101PG,FM,603,NP0 (C0G); ±10%; Pd/Ag; 13-inch Reeled,100V,330 pF,,,,,,,Published
MLCC,Medium Voltage,FM18N331K101ET,FM,603,NP0 (C0G); ±10%; Ag/Ni/Sn; 7-inch Reeled,100V,330 pF,,,,,,,Published
MLCC,Medium Voltage,FM18N331K101EG,FM,603,NP0 (C0G); ±10%; Ag/Ni/Sn; 13-inch Reeled,100V,330 pF,,,,,,,Published
MLCC,Medium Voltage,FM18N332J101PT,FM,603,NP0 (C0G); ±5%; Pd/Ag; 7-inch Reeled,100V,3.3 nF,,,,,,,Published
MLCC,Medium Voltage,FM18N332J101PG,FM,603,NP0 (C0G); ±5%; Pd/Ag; 13-inch Reeled,100V,3.3 nF,,,,,,,Published
MLCC,Medium Voltage,FM18N332J101ET,FM,603,NP0 (C0G); ±5%; Ag/Ni/Sn; 7-inch Reeled,100V,3.3 nF,,,,,,,Published
MLCC,Medium Voltage,FM18N332J101EG,FM,603,NP0 (C0G); ±5%; Ag/Ni/Sn; 13-inch Reeled,100V,3.3 nF,,,,,,,Published
MLCC,Medium Voltage,FM18N332K101PT,FM,603,NP0 (C0G); ±10%; Pd/Ag; 7-inch Reeled,100V,3.3 nF,,,,,,,Published
MLCC,Medium Voltage,FM18N332K101PG,FM,603,NP0 (C0G); ±10%; Pd/Ag; 13-inch Reeled,100V,3.3 nF,,,,,,,Published
MLCC,Medium Voltage,FM18N332K101ET,FM,603,NP0 (C0G); ±10%; Ag/Ni/Sn; 7-inch Reeled,100V,3.3 nF,,,,,,,Published
MLCC,Medium Voltage,FM18N332K101EG,FM,603,NP0 (C0G); ±10%; Ag/Ni/Sn; 13-inch Reeled,100V,3.3 nF,,,,,,,Published
MLCC,Medium Voltage,FM18N333J101PT,FM,603,NP0 (C0G); ±5%; Pd/Ag; 7-inch Reeled,100V,33 nF,,,,,,,Published
MLCC,Medium Voltage,FM18N333J101PG,FM,603,NP0 (C0G); ±5%; Pd/Ag; 13-inch Reeled,100V,33 nF,,,,,,,Published
MLCC,Medium Voltage,FM18N333J101ET,FM,603,NP0 (C0G); ±5%; Ag/Ni/Sn; 7-inch Reeled,100V,33 nF,,,,,,,Published
MLCC,Medium Voltage,FM18N333J101EG,FM,603,NP0 (C0G); ±5%; Ag/Ni/Sn; 13-inch Reeled,100V,33 nF,,,,,,,Published
MLCC,Medium Voltage,FM18N333K101PT,FM,603,NP0 (C0G); ±10%; Pd/Ag; 7-inch Reeled,100V,33 nF,,,,,,,Published
MLCC,Medium Voltage,FM18N333K101PG,FM,603,NP0 (C0G); ±10%; Pd/Ag; 13-inch Reeled,100V,33 nF,,,,,,,Published
MLCC,Medium Voltage,FM18N333K101ET,FM,603,NP0 (C0G); ±10%; Ag/Ni/Sn; 7-inch Reeled,100V,33 nF,,,,,,,Published
MLCC,Medium Voltage,FM18N333K101EG,FM,603,NP0 (C0G); ±10%; Ag/Ni/Sn; 13-inch Reeled,100V,33 nF,,,,,,,Published
MLCC,Medium Voltage,FM18N334J101PT,FM,603,NP0 (C0G); ±5%; Pd/Ag; 7-inch Reeled,100V,330 nF,,,,,,,Published
MLCC,Medium Voltage,FM18N334J101PG,FM,603,NP0 (C0G); ±5%; Pd/Ag; 13-inch Reeled,100V,330 nF,,,,,,,Published
MLCC,Medium Voltage,FM18N334J101ET,FM,603,NP0 (C0G); ±5%; Ag/Ni/Sn; 7-inch Reeled,100V,330 nF,,,,,,,Published
MLCC,Medium Voltage,FM18N334J101EG,FM,603,NP0 (C0G); ±5%; Ag/Ni/Sn; 13-inch Reeled,100V,330 nF,,,,,,,Published
MLCC,Medium Voltage,FM18N334K101PT,FM,603,NP0 (C0G); ±10%; Pd/Ag; 7-inch Reeled,100V,330 nF,,,,,,,Published
MLCC,Medium Voltage,FM18N334K101PG,FM,603,NP0 (C0G); ±10%; Pd/Ag; 13-inch Reeled,100V,330 nF,,,,,,,Published
MLCC,Medium Voltage,FM18N334K101ET,FM,603,NP0 (C0G); ±10%; Ag/Ni/Sn; 7-inch Reeled,100V,330 nF,,,,,,,Published
MLCC,Medium Voltage,FM18N334K101EG,FM,603,NP0 (C0G); ±10%; Ag/Ni/Sn; 13-inch Reeled,100V,330 nF,,,,,,,Published
MLCC,Medium Voltage,FM18N470J101PT,FM,603,NP0 (C0G); ±5%; Pd/Ag; 7-inch Reeled,100V,47 pF,,,,,,,Published
MLCC,Medium Voltage,FM18N470J101PG,FM,603,NP0 (C0G); ±5%; Pd/Ag; 13-inch Reeled,100V,47 pF,,,,,,,Published
MLCC,Medium Voltage,FM18N470J101ET,FM,603,NP0 (C0G); ±5%; Ag/Ni/Sn; 7-inch Reeled,100V,47 pF,,,,,,,Published
MLCC,Medium Voltage,FM18N470J101EG,FM,603,NP0 (C0G); ±5%; Ag/Ni/Sn; 13-inch Reeled,100V,47 pF,,,,,,,Published
MLCC,Medium Voltage,FM18N470K101PT,FM,603,NP0 (C0G); ±10%; Pd/Ag; 7-inch Reeled,100V,47 pF,,,,,,,Published
MLCC,Medium Voltage,FM18N470K101PG,FM,603,NP0 (C0G); ±10%; Pd/Ag; 13-inch Reeled,100V,47 pF,,,,,,,Published
MLCC,Medium Voltage,FM18N470K101ET,FM,603,NP0 (C0G); ±10%; Ag/Ni/Sn; 7-inch Reeled,100V,47 pF,,,,,,,Published
MLCC,Medium Voltage,FM18N470K101EG,FM,603,NP0 (C0G); ±10%; Ag/Ni/Sn; 13-inch Reeled,100V,47 pF,,,,,,,Published
MLCC,Medium Voltage,FM18N471J101PT,FM,603,NP0 (C0G); ±5%; Pd/Ag; 7-inch Reeled,100V,470 pF,,,,,,,Published
MLCC,Medium Voltage,FM18N471J101PG,FM,603,NP0 (C0G); ±5%; Pd/Ag; 13-inch Reeled,100V,470 pF,,,,,,,Published
MLCC,Medium Voltage,FM18N471J101ET,FM,603,NP0 (C0G); ±5%; Ag/Ni/Sn; 7-inch Reeled,100V,470 pF,,,,,,,Published
MLCC,Medium Voltage,FM18N471J101EG,FM,603,NP0 (C0G); ±5%; Ag/Ni/Sn; 13-inch Reeled,100V,470 pF,,,,,,,Published
MLCC,Medium Voltage,FM18N471K101PT,FM,603,NP0 (C0G); ±10%; Pd/Ag; 7-inch Reeled,100V,470 pF,,,,,,,Published
MLCC,Medium Voltage,FM18N471K101PG,FM,603,NP0 (C0G); ±10%; Pd/Ag; 13-inch Reeled,100V,470 pF,,,,,,,Published
MLCC,Medium Voltage,FM18N471K101ET,FM,603,NP0 (C0G); ±10%; Ag/Ni/Sn; 7-inch Reeled,100V,470 pF,,,,,,,Published
MLCC,Medium Voltage,FM18N471K101EG,FM,603,NP0 (C0G); ±10%; Ag/Ni/Sn; 13-inch Reeled,100V,470 pF,,,,,,,Published
MLCC,Medium Voltage,FM18N472J101PT,FM,603,NP0 (C0G); ±5%; Pd/Ag; 7-inch Reeled,100V,4.7 nF,,,,,,,Published
MLCC,Medium Voltage,FM18N472J101PG,FM,603,NP0 (C0G); ±5%; Pd/Ag; 13-inch Reeled,100V,4.7 nF,,,,,,,Published
MLCC,Medium Voltage,FM18N472J101ET,FM,603,NP0 (C0G); ±5%; Ag/Ni/Sn; 7-inch Reeled,100V,4.7 nF,,,,,,,Published
MLCC,Medium Voltage,FM18N472J101EG,FM,603,NP0 (C0G); ±5%; Ag/Ni/Sn; 13-inch Reeled,100V,4.7 nF,,,,,,,Published
MLCC,Medium Voltage,FM18N472K101PT,FM,603,NP0 (C0G); ±10%; Pd/Ag; 7-inch Reeled,100V,4.7 nF,,,,,,,Published
MLCC,Medium Voltage,FM18N472K101PG,FM,603,NP0 (C0G); ±10%; Pd/Ag; 13-inch Reeled,100V,4.7 nF,,,,,,,Published
MLCC,Medium Voltage,FM18N472K101ET,FM,603,NP0 (C0G); ±10%; Ag/Ni/Sn; 7-inch Reeled,100V,4.7 nF,,,,,,,Published
MLCC,Medium Voltage,FM18N472K101EG,FM,603,NP0 (C0G); ±10%; Ag/Ni/Sn; 13-inch Reeled,100V,4.7 nF,,,,,,,Published
MLCC,Medium Voltage,FM18N473J101PT,FM,603,NP0 (C0G); ±5%; Pd/Ag; 7-inch Reeled,100V,47 nF,,,,,,,Published
MLCC,Medium Voltage,FM18N473J101PG,FM,603,NP0 (C0G); ±5%; Pd/Ag; 13-inch Reeled,100V,47 nF,,,,,,,Published
MLCC,Medium Voltage,FM18N473J101ET,FM,603,NP0 (C0G); ±5%; Ag/Ni/Sn; 7-inch Reeled,100V,47 nF,,,,,,,Published
MLCC,Medium Voltage,FM18N473J101EG,FM,603,NP0 (C0G); ±5%; Ag/Ni/Sn; 13-inch Reeled,100V,47 nF,,,,,,,Published
MLCC,Medium Voltage,FM18N473K101PT,FM,603,NP0 (C0G); ±10%; Pd/Ag; 7-inch Reeled,100V,47 nF,,,,,,,Published
MLCC,Medium Voltage,FM18N473K101PG,FM,603,NP0 (C0G); ±10%; Pd/Ag; 13-inch Reeled,100V,47 nF,,,,,,,Published
MLCC,Medium Voltage,FM18N473K101ET,FM,603,NP0 (C0G); ±10%; Ag/Ni/Sn; 7-inch Reeled,100V,47 nF,,,,,,,Published
MLCC,Medium Voltage,FM18N473K101EG,FM,603,NP0 (C0G); ±10%; Ag/Ni/Sn; 13-inch Reeled,100V,47 nF,,,,,,,Published
MLCC,Medium Voltage,FM18N474J101PT,FM,603,NP0 (C0G); ±5%; Pd/Ag; 7-inch Reeled,100V,470 nF,,,,,,,Published
MLCC,Medium Voltage,FM18N474J101PG,FM,603,NP0 (C0G); ±5%; Pd/Ag; 13-inch Reeled,100V,470 nF,,,,,,,Published
MLCC,Medium Voltage,FM18N474J101ET,FM,603,NP0 (C0G); ±5%; Ag/Ni/Sn; 7-inch Reeled,100V,470 nF,,,,,,,Published
MLCC,Medium Voltage,FM18N474J101EG,FM,603,NP0 (C0G); ±5%; Ag/Ni/Sn; 13-inch Reeled,100V,470 nF,,,,,,,Published
MLCC,Medium Voltage,FM18N474K101PT,FM,603,NP0 (C0G); ±10%; Pd/Ag; 7-inch Reeled,100V,470 nF,,,,,,,Published
MLCC,Medium Voltage,FM18N474K101PG,FM,603,NP0 (C0G); ±10%; Pd/Ag; 13-inch Reeled,100V,470 nF,,,,,,,Published
MLCC,Medium Voltage,FM18N474K101ET,FM,603,NP0 (C0G); ±10%; Ag/Ni/Sn; 7-inch Reeled,100V,470 nF,,,,,,,Published
MLCC,Medium Voltage,FM18N474K101EG,FM,603,NP0 (C0G); ±10%; Ag/Ni/Sn; 13-inch Reeled,100V,470 nF,,,,,,,Published
MLCC,Medium Voltage,FM18N680J101PT,FM,603,NP0 (C0G); ±5%; Pd/Ag; 7-inch Reeled,100V,68 pF,,,,,,,Published
MLCC,Medium Voltage,FM18N680J101PG,FM,603,NP0 (C0G); ±5%; Pd/Ag; 13-inch Reeled,100V,68 pF,,,,,,,Published
MLCC,Medium Voltage,FM18N680J101ET,FM,603,NP0 (C0G); ±5%; Ag/Ni/Sn; 7-inch Reeled,100V,68 pF,,,,,,,Published
MLCC,Medium Voltage,FM18N680J101EG,FM,603,NP0 (C0G); ±5%; Ag/Ni/Sn; 13-inch Reeled,100V,68 pF,,,,,,,Published
MLCC,Medium Voltage,FM18N680K101PT,FM,603,NP0 (C0G); ±10%; Pd/Ag; 7-inch Reeled,100V,68 pF,,,,,,,Published
MLCC,Medium Voltage,FM18N680K101PG,FM,603,NP0 (C0G); ±10%; Pd/Ag; 13-inch Reeled,100V,68 pF,,,,,,,Published
MLCC,Medium Voltage,FM18N680K101ET,FM,603,NP0 (C0G); ±10%; Ag/Ni/Sn; 7-inch Reeled,100V,68 pF,,,,,,,Published
MLCC,Medium Voltage,FM18N680K101EG,FM,603,NP0 (C0G); ±10%; Ag/Ni/Sn; 13-inch Reeled,100V,68 pF,,,,,,,Published
MLCC,Medium Voltage,FM18N681J101PT,FM,603,NP0 (C0G); ±5%; Pd/Ag; 7-inch Reeled,100V,680 pF,,,,,,,Published
MLCC,Medium Voltage,FM18N681J101PG,FM,603,NP0 (C0G); ±5%; Pd/Ag; 13-inch Reeled,100V,680 pF,,,,,,,Published
MLCC,Medium Voltage,FM18N681J101ET,FM,603,NP0 (C0G); ±5%; Ag/Ni/Sn; 7-inch Reeled,100V,680 pF,,,,,,,Published
MLCC,Medium Voltage,FM18N681J101EG,FM,603,NP0 (C0G); ±5%; Ag/Ni/Sn; 13-inch Reeled,100V,680 pF,,,,,,,Published
MLCC,Medium Voltage,FM18N681K101PT,FM,603,NP0 (C0G); ±10%; Pd/Ag; 7-inch Reeled,100V,680 pF,,,,,,,Published
MLCC,Medium Voltage,FM18N681K101PG,FM,603,NP0 (C0G); ±10%; Pd/Ag; 13-inch Reeled,100V,680 pF,,,,,,,Published
MLCC,Medium Voltage,FM18N681K101ET,FM,603,NP0 (C0G); ±10%; Ag/Ni/Sn; 7-inch Reeled,100V,680 pF,,,,,,,Published
MLCC,Medium Voltage,FM18N681K101EG,FM,603,NP0 (C0G); ±10%; Ag/Ni/Sn; 13-inch Reeled,100V,680 pF,,,,,,,Published
MLCC,Medium Voltage,FM18N682J101PT,FM,603,NP0 (C0G); ±5%; Pd/Ag; 7-inch Reeled,100V,6.8 nF,,,,,,,Published
MLCC,Medium Voltage,FM18N682J101PG,FM,603,NP0 (C0G); ±5%; Pd/Ag; 13-inch Reeled,100V,6.8 nF,,,,,,,Published
MLCC,Medium Voltage,FM18N682J101ET,FM,603,NP0 (C0G); ±5%; Ag/Ni/Sn; 7-inch Reeled,100V,6.8 nF,,,,,,,Published
MLCC,Medium Voltage,FM18N682J101EG,FM,603,NP0 (C0G); ±5%; Ag/Ni/Sn; 13-inch Reeled,100V,6.8 nF,,,,,,,Published
MLCC,Medium Voltage,FM18N682K101PT,FM,603,NP0 (C0G); ±10%; Pd/Ag; 7-inch Reeled,100V,6.8 nF,,,,,,,Published
MLCC,Medium Voltage,FM18N682K101PG,FM,603,NP0 (C0G); ±10%; Pd/Ag; 13-inch Reeled,100V,6.8 nF,,,,,,,Published
MLCC,Medium Voltage,FM18N682K101ET,FM,603,NP0 (C0G); ±10%; Ag/Ni/Sn; 7-inch Reeled,100V,6.8 nF,,,,,,,Published
MLCC,Medium Voltage,FM18N682K101EG,FM,603,NP0 (C0G); ±10%; Ag/Ni/Sn; 13-inch Reeled,100V,6.8 nF,,,,,,,Published
MLCC,Medium Voltage,FM18N683J101PT,FM,603,NP0 (C0G); ±5%; Pd/Ag; 7-inch Reeled,100V,68 nF,,,,,,,Published
MLCC,Medium Voltage,FM18N683J101PG,FM,603,NP0 (C0G); ±5%; Pd/Ag; 13-inch Reeled,100V,68 nF,,,,,,,Published
MLCC,Medium Voltage,FM18N683J101ET,FM,603,NP0 (C0G); ±5%; Ag/Ni/Sn; 7-inch Reeled,100V,68 nF,,,,,,,Published
MLCC,Medium Voltage,FM18N683J101EG,FM,603,NP0 (C0G); ±5%; Ag/Ni/Sn; 13-inch Reeled,100V,68 nF,,,,,,,Published
MLCC,Medium Voltage,FM18N683K101PT,FM,603,NP0 (C0G); ±10%; Pd/Ag; 7-inch Reeled,100V,68 nF,,,,,,,Published
MLCC,Medium Voltage,FM18N683K101PG,FM,603,NP0 (C0G); ±10%; Pd/Ag; 13-inch Reeled,100V,68 nF,,,,,,,Published
MLCC,Medium Voltage,FM18N683K101ET,FM,603,NP0 (C0G); ±10%; Ag/Ni/Sn; 7-inch Reeled,100V,68 nF,,,,,,,Published
MLCC,Medium Voltage,FM18N683K101EG,FM,603,NP0 (C0G); ±10%; Ag/Ni/Sn; 13-inch Reeled,100V,68 nF,,,,,,,Published
MLCC,Medium Voltage,FM18N684J101PT,FM,603,NP0 (C0G); ±5%; Pd/Ag; 7-inch Reeled,100V,680 nF,,,,,,,Published
MLCC,Medium Voltage,FM18N684J101PG,FM,603,NP0 (C0G); ±5%; Pd/Ag; 13-inch Reeled,100V,680 nF,,,,,,,Published
MLCC,Medium Voltage,FM18N684J101ET,FM,603,NP0 (C0G); ±5%; Ag/Ni/Sn; 7-inch Reeled,100V,680 nF,,,,,,,Published
MLCC,Medium Voltage,FM18N684J101EG,FM,603,NP0 (C0G); ±5%; Ag/Ni/Sn; 13-inch Reeled,100V,680 nF,,,,,,,Published
MLCC,Medium Voltage,FM18N684K101PT,FM,603,NP0 (C0G); ±10%; Pd/Ag; 7-inch Reeled,100V,680 nF,,,,,,,Published
MLCC,Medium Voltage,FM18N684K101PG,FM,603,NP0 (C0G); ±10%; Pd/Ag; 13-inch Reeled,100V,680 nF,,,,,,,Published
MLCC,Medium Voltage,FM18N684K101ET,FM,603,NP0 (C0G); ±10%; Ag/Ni/Sn; 7-inch Reeled,100V,680 nF,,,,,,,Published
MLCC,Medium Voltage,FM18N684K101EG,FM,603,NP0 (C0G); ±10%; Ag/Ni/Sn; 13-inch Reeled,100V,680 nF,,,,,,,Published
MLCC,Medium Voltage,FM18X100J101PT,FM,603,X7R; ±5%; Pd/Ag; 7-inch Reeled,100V,10 pF,,,,,,,Published
MLCC,Medium Voltage,FM18X100J101PG,FM,603,X7R; ±5%; Pd/Ag; 13-inch Reeled,100V,10 pF,,,,,,,Published
MLCC,Medium Voltage,FM18X100J101ET,FM,603,X7R; ±5%; Ag/Ni/Sn; 7-inch Reeled,100V,10 pF,,,,,,,Published
MLCC,Medium Voltage,FM18X100J101EG,FM,603,X7R; ±5%; Ag/Ni/Sn; 13-inch Reeled,100V,10 pF,,,,,,,Published
MLCC,Medium Voltage,FM18X100K101PT,FM,603,X7R; ±10%; Pd/Ag; 7-inch Reeled,100V,10 pF,,,,,,,Published
MLCC,Medium Voltage,FM18X100K101PG,FM,603,X7R; ±10%; Pd/Ag; 13-inch Reeled,100V,10 pF,,,,,,,Published
MLCC,Medium Voltage,FM18X100K101ET,FM,603,X7R; ±10%; Ag/Ni/Sn; 7-inch Reeled,100V,10 pF,,,,,,,Published
MLCC,Medium Voltage,FM18X100K101EG,FM,603,X7R; ±10%; Ag/Ni/Sn; 13-inch Reeled,100V,10 pF,,,,,,,Published
MLCC,Medium Voltage,FM18X100M101PT,FM,603,X7R; ±20%; Pd/Ag; 7-inch Reeled,100V,10 pF,,,,,,,Published
MLCC,Medium Voltage,FM18X100M101PG,FM,603,X7R; ±20%; Pd/Ag; 13-inch Reeled,100V,10 pF,,,,,,,Published
MLCC,Medium Voltage,FM18X100M101ET,FM,603,X7R; ±20%; Ag/Ni/Sn; 7-inch Reeled,100V,10 pF,,,,,,,Published
MLCC,Medium Voltage,FM18X100M101EG,FM,603,X7R; ±20%; Ag/Ni/Sn; 13-inch Reeled,100V,10 pF,,,,,,,Published
MLCC,Medium Voltage,FM18X101J101PT,FM,603,X7R; ±5%; Pd/Ag; 7-inch Reeled,100V,100 pF,,,,,,,Published
MLCC,Medium Voltage,FM18X101J101PG,FM,603,X7R; ±5%; Pd/Ag; 13-inch Reeled,100V,100 pF,,,,,,,Published
MLCC,Medium Voltage,FM18X101J101ET,FM,603,X7R; ±5%; Ag/Ni/Sn; 7-inch Reeled,100V,100 pF,,,,,,,Published
MLCC,Medium Voltage,FM18X101J101EG,FM,603,X7R; ±5%; Ag/Ni/Sn; 13-inch Reeled,100V,100 pF,,,,,,,Published
MLCC,Medium Voltage,FM18X101K101PT,FM,603,X7R; ±10%; Pd/Ag; 7-inch Reeled,100V,100 pF,,,,,,,Published
MLCC,Medium Voltage,FM18X101K101PG,FM,603,X7R; ±10%; Pd/Ag; 13-inch Reeled,100V,100 pF,,,,,,,Published
MLCC,Medium Voltage,FM18X101K101ET,FM,603,X7R; ±10%; Ag/Ni/Sn; 7-inch Reeled,100V,100 pF,,,,,,,Published
MLCC,Medium Voltage,FM18X101K101EG,FM,603,X7R; ±10%; Ag/Ni/Sn; 13-inch Reeled,100V,100 pF,,,,,,,Published
MLCC,Medium Voltage,FM18X101M101PT,FM,603,X7R; ±20%; Pd/Ag; 7-inch Reeled,100V,100 pF,,,,,,,Published
MLCC,Medium Voltage,FM18X101M101PG,FM,603,X7R; ±20%; Pd/Ag; 13-inch Reeled,100V,100 pF,,,,,,,Published
MLCC,Medium Voltage,FM18X101M101ET,FM,603,X7R; ±20%; Ag/Ni/Sn; 7-inch Reeled,100V,100 pF,,,,,,,Published
MLCC,Medium Voltage,FM18X101M101EG,FM,603,X7R; ±20%; Ag/Ni/Sn; 13-inch Reeled,100V,100 pF,,,,,,,Published
MLCC,Medium Voltage,FM18X102J101PT,FM,603,X7R; ±5%; Pd/Ag; 7-inch Reeled,100V,1 nF,,,,,,,Published
MLCC,Medium Voltage,FM18X102J101PG,FM,603,X7R; ±5%; Pd/Ag; 13-inch Reeled,100V,1 nF,,,,,,,Published
MLCC,Medium Voltage,FM18X102J101ET,FM,603,X7R; ±5%; Ag/Ni/Sn; 7-inch Reeled,100V,1 nF,,,,,,,Published
MLCC,Medium Voltage,FM18X102J101EG,FM,603,X7R; ±5%; Ag/Ni/Sn; 13-inch Reeled,100V,1 nF,,,,,,,Published
MLCC,Medium Voltage,FM18X102K101PT,FM,603,X7R; ±10%; Pd/Ag; 7-inch Reeled,100V,1 nF,,,,,,,Published
MLCC,Medium Voltage,FM18X102K101PG,FM,603,X7R; ±10%; Pd/Ag; 13-inch Reeled,100V,1 nF,,,,,,,Published
MLCC,Medium Voltage,FM18X102K101ET,FM,603,X7R; ±10%; Ag/Ni/Sn; 7-inch Reeled,100V,1 nF,,,,,,,Published
MLCC,Medium Voltage,FM18X102K101EG,FM,603,X7R; ±10%; Ag/Ni/Sn; 13-inch Reeled,100V,1 nF,,,,,,,Published
MLCC,Medium Voltage,FM18X102M101PT,FM,603,X7R; ±20%; Pd/Ag; 7-inch Reeled,100V,1 nF,,,,,,,Published
MLCC,Medium Voltage,FM18X102M101PG,FM,603,X7R; ±20%; Pd/Ag; 13-inch Reeled,100V,1 nF,,,,,,,Published
MLCC,Medium Voltage,FM18X102M101ET,FM,603,X7R; ±20%; Ag/Ni/Sn; 7-inch Reeled,100V,1 nF,,,,,,,Published
MLCC,Medium Voltage,FM18X102M101EG,FM,603,X7R; ±20%; Ag/Ni/Sn; 13-inch Reeled,100V,1 nF,,,,,,,Published
MLCC,Medium Voltage,FM18X103J101PT,FM,603,X7R; ±5%; Pd/Ag; 7-inch Reeled,100V,10 nF,,,,,,,Published
MLCC,Medium Voltage,FM18X103J101PG,FM,603,X7R; ±5%; Pd/Ag; 13-inch Reeled,100V,10 nF,,,,,,,Published
MLCC,Medium Voltage,FM18X103J101ET,FM,603,X7R; ±5%; Ag/Ni/Sn; 7-inch Reeled,100V,10 nF,,,,,,,Published
MLCC,Medium Voltage,FM18X103J101EG,FM,603,X7R; ±5%; Ag/Ni/Sn; 13-inch Reeled,100V,10 nF,,,,,,,Published
MLCC,Medium Voltage,FM18X103K101PT,FM,603,X7R; ±10%; Pd/Ag; 7-inch Reeled,100V,10 nF,,,,,,,Published
MLCC,Medium Voltage,FM18X103K101PG,FM,603,X7R; ±10%; Pd/Ag; 13-inch Reeled,100V,10 nF,,,,,,,Published
MLCC,Medium Voltage,FM18X103K101ET,FM,603,X7R; ±10%; Ag/Ni/Sn; 7-inch Reeled,100V,10 nF,,,,,,,Published
MLCC,Medium Voltage,FM18X103K101EG,FM,603,X7R; ±10%; Ag/Ni/Sn; 13-inch Reeled,100V,10 nF,,,,,,,Published
MLCC,Medium Voltage,FM18X103M101PT,FM,603,X7R; ±20%; Pd/Ag; 7-inch Reeled,100V,10 nF,,,,,,,Published
MLCC,Medium Voltage,FM18X103M101PG,FM,603,X7R; ±20%; Pd/Ag; 13-inch Reeled,100V,10 nF,,,,,,,Published
MLCC,Medium Voltage,FM18X103M101ET,FM,603,X7R; ±20%; Ag/Ni/Sn; 7-inch Reeled,100V,10 nF,,,,,,,Published
MLCC,Medium Voltage,FM18X103M101EG,FM,603,X7R; ±20%; Ag/Ni/Sn; 13-inch Reeled,100V,10 nF,,,,,,,Published
MLCC,Medium Voltage,FM18X104J101PT,FM,603,X7R; ±5%; Pd/Ag; 7-inch Reeled,100V,100 nF,,,,,,,Published
MLCC,Medium Voltage,FM18X104J101PG,FM,603,X7R; ±5%; Pd/Ag; 13-inch Reeled,100V,100 nF,,,,,,,Published
MLCC,Medium Voltage,FM18X104J101ET,FM,603,X7R; ±5%; Ag/Ni/Sn; 7-inch Reeled,100V,100 nF,,,,,,,Published
MLCC,Medium Voltage,FM18X104J101EG,FM,603,X7R; ±5%; Ag/Ni/Sn; 13-inch Reeled,100V,100 nF,,,,,,,Published
MLCC,Medium Voltage,FM18X104K101PT,FM,603,X7R; ±10%; Pd/Ag; 7-inch Reeled,100V,100 nF,,,,,,,Published
MLCC,Medium Voltage,FM18X104K101PG,FM,603,X7R; ±10%; Pd/Ag; 13-inch Reeled,100V,100 nF,,,,,,,Published
MLCC,Medium Voltage,FM18X104K101ET,FM,603,X7R; ±10%; Ag/Ni/Sn; 7-inch Reeled,100V,100 nF,,,,,,,Published
MLCC,Medium Voltage,FM18X104K101EG,FM,603,X7R; ±10%; Ag/Ni/Sn; 13-inch Reeled,100V,100 nF,,,,,,,Published
MLCC,Medium Voltage,FM18X104M101PT,FM,603,X7R; ±20%; Pd/Ag; 7-inch Reeled,100V,100 nF,,,,,,,Published
MLCC,Medium Voltage,FM18X104M101PG,FM,603,X7R; ±20%; Pd/Ag; 13-inch Reeled,100V,100 nF,,,,,,,Published
MLCC,Medium Voltage,FM18X104M101ET,FM,603,X7R; ±20%; Ag/Ni/Sn; 7-inch Reeled,100V,100 nF,,,,,,,Published
MLCC,Medium Voltage,FM18X104M101EG,FM,603,X7R; ±20%; Ag/Ni/Sn; 13-inch Reeled,100V,100 nF,,,,,,,Published
MLCC,Medium Voltage,FM18X150J101PT,FM,603,X7R; ±5%; Pd/Ag; 7-inch Reeled,100V,15 pF,,,,,,,Published
MLCC,Medium Voltage,FM18X150J101PG,FM,603,X7R; ±5%; Pd/Ag; 13-inch Reeled,100V,15 pF,,,,,,,Published
MLCC,Medium Voltage,FM18X150J101ET,FM,603,X7R; ±5%; Ag/Ni/Sn; 7-inch Reeled,100V,15 pF,,,,,,,Published
MLCC,Medium Voltage,FM18X150J101EG,FM,603,X7R; ±5%; Ag/Ni/Sn; 13-inch Reeled,100V,15 pF,,,,,,,Published
MLCC,Medium Voltage,FM18X150K101PT,FM,603,X7R; ±10%; Pd/Ag; 7-inch Reeled,100V,15 pF,,,,,,,Published
MLCC,Medium Voltage,FM18X150K101PG,FM,603,X7R; ±10%; Pd/Ag; 13-inch Reeled,100V,15 pF,,,,,,,Published
MLCC,Medium Voltage,FM18X150K101ET,FM,603,X7R; ±10%; Ag/Ni/Sn; 7-inch Reeled,100V,15 pF,,,,,,,Published
MLCC,Medium Voltage,FM18X150K101EG,FM,603,X7R; ±10%; Ag/Ni/Sn; 13-inch Reeled,100V,15 pF,,,,,,,Published
MLCC,Medium Voltage,FM18X150M101PT,FM,603,X7R; ±20%; Pd/Ag; 7-inch Reeled,100V,15 pF,,,,,,,Published
MLCC,Medium Voltage,FM18X150M101PG,FM,603,X7R; ±20%; Pd/Ag; 13-inch Reeled,100V,15 pF,,,,,,,Published
MLCC,Medium Voltage,FM18X150M101ET,FM,603,X7R; ±20%; Ag/Ni/Sn; 7-inch Reeled,100V,15 pF,,,,,,,Published
MLCC,Medium Voltage,FM18X150M101EG,FM,603,X7R; ±20%; Ag/Ni/Sn; 13-inch Reeled,100V,15 pF,,,,,,,Published
MLCC,Medium Voltage,FM18X151J101PT,FM,603,X7R; ±5%; Pd/Ag; 7-inch Reeled,100V,150 pF,,,,,,,Published
MLCC,Medium Voltage,FM18X151J101PG,FM,603,X7R; ±5%; Pd/Ag; 13-inch Reeled,100V,150 pF,,,,,,,Published
MLCC,Medium Voltage,FM18X151J101ET,FM,603,X7R; ±5%; Ag/Ni/Sn; 7-inch Reeled,100V,150 pF,,,,,,,Published
MLCC,Medium Voltage,FM18X151J101EG,FM,603,X7R; ±5%; Ag/Ni/Sn; 13-inch Reeled,100V,150 pF,,,,,,,Published
MLCC,Medium Voltage,FM18X151K101PT,FM,603,X7R; ±10%; Pd/Ag; 7-inch Reeled,100V,150 pF,,,,,,,Published
MLCC,Medium Voltage,FM18X151K101PG,FM,603,X7R; ±10%; Pd/Ag; 13-inch Reeled,100V,150 pF,,,,,,,Published
MLCC,Medium Voltage,FM18X151K101ET,FM,603,X7R; ±10%; Ag/Ni/Sn; 7-inch Reeled,100V,150 pF,,,,,,,Published
MLCC,Medium Voltage,FM18X151K101EG,FM,603,X7R; ±10%; Ag/Ni/Sn; 13-inch Reeled,100V,150 pF,,,,,,,Published
MLCC,Medium Voltage,FM18X151M101PT,FM,603,X7R; ±20%; Pd/Ag; 7-inch Reeled,100V,150 pF,,,,,,,Published
MLCC,Medium Voltage,FM18X151M101PG,FM,603,X7R; ±20%; Pd/Ag; 13-inch Reeled,100V,150 pF,,,,,,,Published
MLCC,Medium Voltage,FM18X151M101ET,FM,603,X7R; ±20%; Ag/Ni/Sn; 7-inch Reeled,100V,150 pF,,,,,,,Published
MLCC,Medium Voltage,FM18X151M101EG,FM,603,X7R; ±20%; Ag/Ni/Sn; 13-inch Reeled,100V,150 pF,,,,,,,Published
MLCC,Medium Voltage,FM18X152J101PT,FM,603,X7R; ±5%; Pd/Ag; 7-inch Reeled,100V,1.5 nF,,,,,,,Published
MLCC,Medium Voltage,FM18X152J101PG,FM,603,X7R; ±5%; Pd/Ag; 13-inch Reeled,100V,1.5 nF,,,,,,,Published
MLCC,Medium Voltage,FM18X152J101ET,FM,603,X7R; ±5%; Ag/Ni/Sn; 7-inch Reeled,100V,1.5 nF,,,,,,,Published
MLCC,Medium Voltage,FM18X152J101EG,FM,603,X7R; ±5%; Ag/Ni/Sn; 13-inch Reeled,100V,1.5 nF,,,,,,,Published
MLCC,Medium Voltage,FM18X152K101PT,FM,603,X7R; ±10%; Pd/Ag; 7-inch Reeled,100V,1.5 nF,,,,,,,Published
MLCC,Medium Voltage,FM18X152K101PG,FM,603,X7R; ±10%; Pd/Ag; 13-inch Reeled,100V,1.5 nF,,,,,,,Published
MLCC,Medium Voltage,FM18X152K101ET,FM,603,X7R; ±10%; Ag/Ni/Sn; 7-inch Reeled,100V,1.5 nF,,,,,,,Published
MLCC,Medium Voltage,FM18X152K101EG,FM,603,X7R; ±10%; Ag/Ni/Sn; 13-inch Reeled,100V,1.5 nF,,,,,,,Published
MLCC,Medium Voltage,FM18X152M101PT,FM,603,X7R; ±20%; Pd/Ag; 7-inch Reeled,100V,1.5 nF,,,,,,,Published
MLCC,Medium Voltage,FM18X152M101PG,FM,603,X7R; ±20%; Pd/Ag; 13-inch Reeled,100V,1.5 nF,,,,,,,Published
MLCC,Medium Voltage,FM18X152M101ET,FM,603,X7R; ±20%; Ag/Ni/Sn; 7-inch Reeled,100V,1.5 nF,,,,,,,Published
MLCC,Medium Voltage,FM18X152M101EG,FM,603,X7R; ±20%; Ag/Ni/Sn; 13-inch Reeled,100V,1.5 nF,,,,,,,Published
MLCC,Medium Voltage,FM18X153J101PT,FM,603,X7R; ±5%; Pd/Ag; 7-inch Reeled,100V,15 nF,,,,,,,Published
MLCC,Medium Voltage,FM18X153J101PG,FM,603,X7R; ±5%; Pd/Ag; 13-inch Reeled,100V,15 nF,,,,,,,Published
MLCC,Medium Voltage,FM18X153J101ET,FM,603,X7R; ±5%; Ag/Ni/Sn; 7-inch Reeled,100V,15 nF,,,,,,,Published
MLCC,Medium Voltage,FM18X153J101EG,FM,603,X7R; ±5%; Ag/Ni/Sn; 13-inch Reeled,100V,15 nF,,,,,,,Published
MLCC,Medium Voltage,FM18X153K101PT,FM,603,X7R; ±10%; Pd/Ag; 7-inch Reeled,100V,15 nF,,,,,,,Published
MLCC,Medium Voltage,FM18X153K101PG,FM,603,X7R; ±10%; Pd/Ag; 13-inch Reeled,100V,15 nF,,,,,,,Published
MLCC,Medium Voltage,FM18X153K101ET,FM,603,X7R; ±10%; Ag/Ni/Sn; 7-inch Reeled,100V,15 nF,,,,,,,Published
MLCC,Medium Voltage,FM18X153K101EG,FM,603,X7R; ±10%; Ag/Ni/Sn; 13-inch Reeled,100V,15 nF,,,,,,,Published
MLCC,Medium Voltage,FM18X153M101PT,FM,603,X7R; ±20%; Pd/Ag; 7-inch Reeled,100V,15 nF,,,,,,,Published
MLCC,Medium Voltage,FM18X153M101PG,FM,603,X7R; ±20%; Pd/Ag; 13-inch Reeled,100V,15 nF,,,,,,,Published
MLCC,Medium Voltage,FM18X153M101ET,FM,603,X7R; ±20%; Ag/Ni/Sn; 7-inch Reeled,100V,15 nF,,,,,,,Published
MLCC,Medium Voltage,FM18X153M101EG,FM,603,X7R; ±20%; Ag/Ni/Sn; 13-inch Reeled,100V,15 nF,,,,,,,Published
MLCC,Medium Voltage,FM18X154J101PT,FM,603,X7R; ±5%; Pd/Ag; 7-inch Reeled,100V,150 nF,,,,,,,Published
MLCC,Medium Voltage,FM18X154J101PG,FM,603,X7R; ±5%; Pd/Ag; 13-inch Reeled,100V,150 nF,,,,,,,Published
MLCC,Medium Voltage,FM18X154J101ET,FM,603,X7R; ±5%; Ag/Ni/Sn; 7-inch Reeled,100V,150 nF,,,,,,,Published
MLCC,Medium Voltage,FM18X154J101EG,FM,603,X7R; ±5%; Ag/Ni/Sn; 13-inch Reeled,100V,150 nF,,,,,,,Published
MLCC,Medium Voltage,FM18X154K101PT,FM,603,X7R; ±10%; Pd/Ag; 7-inch Reeled,100V,150 nF,,,,,,,Published
MLCC,Medium Voltage,FM18X154K101PG,FM,603,X7R; ±10%; Pd/Ag; 13-inch Reeled,100V,150 nF,,,,,,,Published
MLCC,Medium Voltage,FM18X154K101ET,FM,603,X7R; ±10%; Ag/Ni/Sn; 7-inch Reeled,100V,150 nF,,,,,,,Published
MLCC,Medium Voltage,FM18X154K101EG,FM,603,X7R; ±10%; Ag/Ni/Sn; 13-inch Reeled,100V,150 nF,,,,,,,Published
MLCC,Medium Voltage,FM18X154M101PT,FM,603,X7R; ±20%; Pd/Ag; 7-inch Reeled,100V,150 nF,,,,,,,Published
MLCC,Medium Voltage,FM18X154M101PG,FM,603,X7R; ±20%; Pd/Ag; 13-inch Reeled,100V,150 nF,,,,,,,Published
MLCC,Medium Voltage,FM18X154M101ET,FM,603,X7R; ±20%; Ag/Ni/Sn; 7-inch Reeled,100V,150 nF,,,,,,,Published
MLCC,Medium Voltage,FM18X154M101EG,FM,603,X7R; ±20%; Ag/Ni/Sn; 13-inch Reeled,100V,150 nF,,,,,,,Published
MLCC,Medium Voltage,FM18X220J101PT,FM,603,X7R; ±5%; Pd/Ag; 7-inch Reeled,100V,22 pF,,,,,,,Published
MLCC,Medium Voltage,FM18X220J101PG,FM,603,X7R; ±5%; Pd/Ag; 13-inch Reeled,100V,22 pF,,,,,,,Published
MLCC,Medium Voltage,FM18X220J101ET,FM,603,X7R; ±5%; Ag/Ni/Sn; 7-inch Reeled,100V,22 pF,,,,,,,Published
MLCC,Medium Voltage,FM18X220J101EG,FM,603,X7R; ±5%; Ag/Ni/Sn; 13-inch Reeled,100V,22 pF,,,,,,,Published
MLCC,Medium Voltage,FM18X220K101PT,FM,603,X7R; ±10%; Pd/Ag; 7-inch Reeled,100V,22 pF,,,,,,,Published
MLCC,Medium Voltage,FM18X220K101PG,FM,603,X7R; ±10%; Pd/Ag; 13-inch Reeled,100V,22 pF,,,,,,,Published
MLCC,Medium Voltage,FM18X220K101ET,FM,603,X7R; ±10%; Ag/Ni/Sn; 7-inch Reeled,100V,22 pF,,,,,,,Published
MLCC,Medium Voltage,FM18X220K101EG,FM,603,X7R; ±10%; Ag/Ni/Sn; 13-inch Reeled,100V,22 pF,,,,,,,Published
MLCC,Medium Voltage,FM18X220M101PT,FM,603,X7R; ±20%; Pd/Ag; 7-inch Reeled,100V,22 pF,,,,,,,Published
MLCC,Medium Voltage,FM18X220M101PG,FM,603,X7R; ±20%; Pd/Ag; 13-inch Reeled,100V,22 pF,,,,,,,Published
MLCC,Medium Voltage,FM18X220M101ET,FM,603,X7R; ±20%; Ag/Ni/Sn; 7-inch Reeled,100V,22 pF,,,,,,,Published
MLCC,Medium Voltage,FM18X220M101EG,FM,603,X7R; ±20%; Ag/Ni/Sn; 13-inch Reeled,100V,22 pF,,,,,,,Published
MLCC,Medium Voltage,FM18X221J101PT,FM,603,X7R; ±5%; Pd/Ag; 7-inch Reeled,100V,220 pF,,,,,,,Published
MLCC,Medium Voltage,FM18X221J101PG,FM,603,X7R; ±5%; Pd/Ag; 13-inch Reeled,100V,220 pF,,,,,,,Published
MLCC,Medium Voltage,FM18X221J101ET,FM,603,X7R; ±5%; Ag/Ni/Sn; 7-inch Reeled,100V,220 pF,,,,,,,Published
MLCC,Medium Voltage,FM18X221J101EG,FM,603,X7R; ±5%; Ag/Ni/Sn; 13-inch Reeled,100V,220 pF,,,,,,,Published
MLCC,Medium Voltage,FM18X221K101PT,FM,603,X7R; ±10%; Pd/Ag; 7-inch Reeled,100V,220 pF,,,,,,,Published
MLCC,Medium Voltage,FM18X221K101PG,FM,603,X7R; ±10%; Pd/Ag; 13-inch Reeled,100V,220 pF,,,,,,,Published
MLCC,Medium Voltage,FM18X221K101ET,FM,603,X7R; ±10%; Ag/Ni/Sn; 7-inch Reeled,100V,220 pF,,,,,,,Published
MLCC,Medium Voltage,FM18X221K101EG,FM,603,X7R; ±10%; Ag/Ni/Sn; 13-inch Reeled,100V,220 pF,,,,,,,Published
MLCC,Medium Voltage,FM18X221M101PT,FM,603,X7R; ±20%; Pd/Ag; 7-inch Reeled,100V,220 pF,,,,,,,Published
MLCC,Medium Voltage,FM18X221M101PG,FM,603,X7R; ±20%; Pd/Ag; 13-inch Reeled,100V,220 pF,,,,,,,Published
MLCC,Medium Voltage,FM18X221M101ET,FM,603,X7R; ±20%; Ag/Ni/Sn; 7-inch Reeled,100V,220 pF,,,,,,,Published
MLCC,Medium Voltage,FM18X221M101EG,FM,603,X7R; ±20%; Ag/Ni/Sn; 13-inch Reeled,100V,220 pF,,,,,,,Published
MLCC,Medium Voltage,FM18X222J101PT,FM,603,X7R; ±5%; Pd/Ag; 7-inch Reeled,100V,2.2 nF,,,,,,,Published
MLCC,Medium Voltage,FM18X222J101PG,FM,603,X7R; ±5%; Pd/Ag; 13-inch Reeled,100V,2.2 nF,,,,,,,Published
MLCC,Medium Voltage,FM18X222J101ET,FM,603,X7R; ±5%; Ag/Ni/Sn; 7-inch Reeled,100V,2.2 nF,,,,,,,Published
MLCC,Medium Voltage,FM18X222J101EG,FM,603,X7R; ±5%; Ag/Ni/Sn; 13-inch Reeled,100V,2.2 nF,,,,,,,Published
MLCC,Medium Voltage,FM18X222K101PT,FM,603,X7R; ±10%; Pd/Ag; 7-inch Reeled,100V,2.2 nF,,,,,,,Published
MLCC,Medium Voltage,FM18X222K101PG,FM,603,X7R; ±10%; Pd/Ag; 13-inch Reeled,100V,2.2 nF,,,,,,,Published
MLCC,Medium Voltage,FM18X222K101ET,FM,603,X7R; ±10%; Ag/Ni/Sn; 7-inch Reeled,100V,2.2 nF,,,,,,,Published
MLCC,Medium Voltage,FM18X222K101EG,FM,603,X7R; ±10%; Ag/Ni/Sn; 13-inch Reeled,100V,2.2 nF,,,,,,,Published
MLCC,Medium Voltage,FM18X222M101PT,FM,603,X7R; ±20%; Pd/Ag; 7-inch Reeled,100V,2.2 nF,,,,,,,Published
MLCC,Medium Voltage,FM18X222M101PG,FM,603,X7R; ±20%; Pd/Ag; 13-inch Reeled,100V,2.2 nF,,,,,,,Published
MLCC,Medium Voltage,FM18X222M101ET,FM,603,X7R; ±20%; Ag/Ni/Sn; 7-inch Reeled,100V,2.2 nF,,,,,,,Published
MLCC,Medium Voltage,FM18X222M101EG,FM,603,X7R; ±20%; Ag/Ni/Sn; 13-inch Reeled,100V,2.2 nF,,,,,,,Published
MLCC,Medium Voltage,FM18X223J101PT,FM,603,X7R; ±5%; Pd/Ag; 7-inch Reeled,100V,22 nF,,,,,,,Published
MLCC,Medium Voltage,FM18X223J101PG,FM,603,X7R; ±5%; Pd/Ag; 13-inch Reeled,100V,22 nF,,,,,,,Published
MLCC,Medium Voltage,FM18X223J101ET,FM,603,X7R; ±5%; Ag/Ni/Sn; 7-inch Reeled,100V,22 nF,,,,,,,Published
MLCC,Medium Voltage,FM18X223J101EG,FM,603,X7R; ±5%; Ag/Ni/Sn; 13-inch Reeled,100V,22 nF,,,,,,,Published
MLCC,Medium Voltage,FM18X223K101PT,FM,603,X7R; ±10%; Pd/Ag; 7-inch Reeled,100V,22 nF,,,,,,,Published
MLCC,Medium Voltage,FM18X223K101PG,FM,603,X7R; ±10%; Pd/Ag; 13-inch Reeled,100V,22 nF,,,,,,,Published
MLCC,Medium Voltage,FM18X223K101ET,FM,603,X7R; ±10%; Ag/Ni/Sn; 7-inch Reeled,100V,22 nF,,,,,,,Published
MLCC,Medium Voltage,FM18X223K101EG,FM,603,X7R; ±10%; Ag/Ni/Sn; 13-inch Reeled,100V,22 nF,,,,,,,Published
MLCC,Medium Voltage,FM18X223M101PT,FM,603,X7R; ±20%; Pd/Ag; 7-inch Reeled,100V,22 nF,,,,,,,Published
MLCC,Medium Voltage,FM18X223M101PG,FM,603,X7R; ±20%; Pd/Ag; 13-inch Reeled,100V,22 nF,,,,,,,Published
MLCC,Medium Voltage,FM18X223M101ET,FM,603,X7R; ±20%; Ag/Ni/Sn; 7-inch Reeled,100V,22 nF,,,,,,,Published
MLCC,Medium Voltage,FM18X223M101EG,FM,603,X7R; ±20%; Ag/Ni/Sn; 13-inch Reeled,100V,22 nF,,,,,,,Published
MLCC,Medium Voltage,FM18X224J101PT,FM,603,X7R; ±5%; Pd/Ag; 7-inch Reeled,100V,220 nF,,,,,,,Published
MLCC,Medium Voltage,FM18X224J101PG,FM,603,X7R; ±5%; Pd/Ag; 13-inch Reeled,100V,220 nF,,,,,,,Published
MLCC,Medium Voltage,FM18X224J101ET,FM,603,X7R; ±5%; Ag/Ni/Sn; 7-inch Reeled,100V,220 nF,,,,,,,Published
MLCC,Medium Voltage,FM18X224J101EG,FM,603,X7R; ±5%; Ag/Ni/Sn; 13-inch Reeled,100V,220 nF,,,,,,,Published
MLCC,Medium Voltage,FM18X224K101PT,FM,603,X7R; ±10%; Pd/Ag; 7-inch Reeled,100V,220 nF,,,,,,,Published
MLCC,Medium Voltage,FM18X224K101PG,FM,603,X7R; ±10%; Pd/Ag; 13-inch Reeled,100V,220 nF,,,,,,,Published
MLCC,Medium Voltage,FM18X224K101ET,FM,603,X7R; ±10%; Ag/Ni/Sn; 7-inch Reeled,100V,220 nF,,,,,,,Published
MLCC,Medium Voltage,FM18X224K101EG,FM,603,X7R; ±10%; Ag/Ni/Sn; 13-inch Reeled,100V,220 nF,,,,,,,Published
MLCC,Medium Voltage,FM18X224M101PT,FM,603,X7R; ±20%; Pd/Ag; 7-inch Reeled,100V,220 nF,,,,,,,Published
MLCC,Medium Voltage,FM18X224M101PG,FM,603,X7R; ±20%; Pd/Ag; 13-inch Reeled,100V,220 nF,,,,,,,Published
MLCC,Medium Voltage,FM18X224M101ET,FM,603,X7R; ±20%; Ag/Ni/Sn; 7-inch Reeled,100V,220 nF,,,,,,,Published
MLCC,Medium Voltage,FM18X224M101EG,FM,603,X7R; ±20%; Ag/Ni/Sn; 13-inch Reeled,100V,220 nF,,,,,,,Published
MLCC,Medium Voltage,FM18X330J101PT,FM,603,X7R; ±5%; Pd/Ag; 7-inch Reeled,100V,33 pF,,,,,,,Published
MLCC,Medium Voltage,FM18X330J101PG,FM,603,X7R; ±5%; Pd/Ag; 13-inch Reeled,100V,33 pF,,,,,,,Published
MLCC,Medium Voltage,FM18X330J101ET,FM,603,X7R; ±5%; Ag/Ni/Sn; 7-inch Reeled,100V,33 pF,,,,,,,Published
MLCC,Medium Voltage,FM18X330J101EG,FM,603,X7R; ±5%; Ag/Ni/Sn; 13-inch Reeled,100V,33 pF,,,,,,,Published
MLCC,Medium Voltage,FM18X330K101PT,FM,603,X7R; ±10%; Pd/Ag; 7-inch Reeled,100V,33 pF,,,,,,,Published
MLCC,Medium Voltage,FM18X330K101PG,FM,603,X7R; ±10%; Pd/Ag; 13-inch Reeled,100V,33 pF,,,,,,,Published
MLCC,Medium Voltage,FM18X330K101ET,FM,603,X7R; ±10%; Ag/Ni/Sn; 7-inch Reeled,100V,33 pF,,,,,,,Published
MLCC,Medium Voltage,FM18X330K101EG,FM,603,X7R; ±10%; Ag/Ni/Sn; 13-inch Reeled,100V,33 pF,,,,,,,Published
MLCC,Medium Voltage,FM18X330M101PT,FM,603,X7R; ±20%; Pd/Ag; 7-inch Reeled,100V,33 pF,,,,,,,Published
MLCC,Medium Voltage,FM18X330M101PG,FM,603,X7R; ±20%; Pd/Ag; 13-inch Reeled,100V,33 pF,,,,,,,Published
MLCC,Medium Voltage,FM18X330M101ET,FM,603,X7R; ±20%; Ag/Ni/Sn; 7-inch Reeled,100V,33 pF,,,,,,,Published
MLCC,Medium Voltage,FM18X330M101EG,FM,603,X7R; ±20%; Ag/Ni/Sn; 13-inch Reeled,100V,33 pF,,,,,,,Published
MLCC,Medium Voltage,FM18X331J101PT,FM,603,X7R; ±5%; Pd/Ag; 7-inch Reeled,100V,330 pF,,,,,,,Published
MLCC,Medium Voltage,FM18X331J101PG,FM,603,X7R; ±5%; Pd/Ag; 13-inch Reeled,100V,330 pF,,,,,,,Published
MLCC,Medium Voltage,FM18X331J101ET,FM,603,X7R; ±5%; Ag/Ni/Sn; 7-inch Reeled,100V,330 pF,,,,,,,Published
MLCC,Medium Voltage,FM18X331J101EG,FM,603,X7R; ±5%; Ag/Ni/Sn; 13-inch Reeled,100V,330 pF,,,,,,,Published
MLCC,Medium Voltage,FM18X331K101PT,FM,603,X7R; ±10%; Pd/Ag; 7-inch Reeled,100V,330 pF,,,,,,,Published
MLCC,Medium Voltage,FM18X331K101PG,FM,603,X7R; ±10%; Pd/Ag; 13-inch Reeled,100V,330 pF,,,,,,,Published
MLCC,Medium Voltage,FM18X331K101ET,FM,603,X7R; ±10%; Ag/Ni/Sn; 7-inch Reeled,100V,330 pF,,,,,,,Published
MLCC,Medium Voltage,FM18X331K101EG,FM,603,X7R; ±10%; Ag/Ni/Sn; 13-inch Reeled,100V,330 pF,,,,,,,Published
MLCC,Medium Voltage,FM18X331M101PT,FM,603,X7R; ±20%; Pd/Ag; 7-inch Reeled,100V,330 pF,,,,,,,Published
MLCC,Medium Voltage,FM18X331M101PG,FM,603,X7R; ±20%; Pd/Ag; 13-inch Reeled,100V,330 pF,,,,,,,Published
MLCC,Medium Voltage,FM18X331M101ET,FM,603,X7R; ±20%; Ag/Ni/Sn; 7-inch Reeled,100V,330 pF,,,,,,,Published
MLCC,Medium Voltage,FM18X331M101EG,FM,603,X7R; ±20%; Ag/Ni/Sn; 13-inch Reeled,100V,330 pF,,,,,,,Published
MLCC,Medium Voltage,FM18X332J101PT,FM,603,X7R; ±5%; Pd/Ag; 7-inch Reeled,100V,3.3 nF,,,,,,,Published
MLCC,Medium Voltage,FM18X332J101PG,FM,603,X7R; ±5%; Pd/Ag; 13-inch Reeled,100V,3.3 nF,,,,,,,Published
MLCC,Medium Voltage,FM18X332J101ET,FM,603,X7R; ±5%; Ag/Ni/Sn; 7-inch Reeled,100V,3.3 nF,,,,,,,Published
MLCC,Medium Voltage,FM18X332J101EG,FM,603,X7R; ±5%; Ag/Ni/Sn; 13-inch Reeled,100V,3.3 nF,,,,,,,Published
MLCC,Medium Voltage,FM18X332K101PT,FM,603,X7R; ±10%; Pd/Ag; 7-inch Reeled,100V,3.3 nF,,,,,,,Published
MLCC,Medium Voltage,FM18X332K101PG,FM,603,X7R; ±10%; Pd/Ag; 13-inch Reeled,100V,3.3 nF,,,,,,,Published
MLCC,Medium Voltage,FM18X332K101ET,FM,603,X7R; ±10%; Ag/Ni/Sn; 7-inch Reeled,100V,3.3 nF,,,,,,,Published
MLCC,Medium Voltage,FM18X332K101EG,FM,603,X7R; ±10%; Ag/Ni/Sn; 13-inch Reeled,100V,3.3 nF,,,,,,,Published
MLCC,Medium Voltage,FM18X332M101PT,FM,603,X7R; ±20%; Pd/Ag; 7-inch Reeled,100V,3.3 nF,,,,,,,Published
MLCC,Medium Voltage,FM18X332M101PG,FM,603,X7R; ±20%; Pd/Ag; 13-inch Reeled,100V,3.3 nF,,,,,,,Published
MLCC,Medium Voltage,FM18X332M101ET,FM,603,X7R; ±20%; Ag/Ni/Sn; 7-inch Reeled,100V,3.3 nF,,,,,,,Published
MLCC,Medium Voltage,FM18X332M101EG,FM,603,X7R; ±20%; Ag/Ni/Sn; 13-inch Reeled,100V,3.3 nF,,,,,,,Published
MLCC,Medium Voltage,FM18X333J101PT,FM,603,X7R; ±5%; Pd/Ag; 7-inch Reeled,100V,33 nF,,,,,,,Published
MLCC,Medium Voltage,FM18X333J101PG,FM,603,X7R; ±5%; Pd/Ag; 13-inch Reeled,100V,33 nF,,,,,,,Published
MLCC,Medium Voltage,FM18X333J101ET,FM,603,X7R; ±5%; Ag/Ni/Sn; 7-inch Reeled,100V,33 nF,,,,,,,Published
MLCC,Medium Voltage,FM18X333J101EG,FM,603,X7R; ±5%; Ag/Ni/Sn; 13-inch Reeled,100V,33 nF,,,,,,,Published
MLCC,Medium Voltage,FM18X333K101PT,FM,603,X7R; ±10%; Pd/Ag; 7-inch Reeled,100V,33 nF,,,,,,,Published
MLCC,Medium Voltage,FM18X333K101PG,FM,603,X7R; ±10%; Pd/Ag; 13-inch Reeled,100V,33 nF,,,,,,,Published
MLCC,Medium Voltage,FM18X333K101ET,FM,603,X7R; ±10%; Ag/Ni/Sn; 7-inch Reeled,100V,33 nF,,,,,,,Published
MLCC,Medium Voltage,FM18X333K101EG,FM,603,X7R; ±10%; Ag/Ni/Sn; 13-inch Reeled,100V,33 nF,,,,,,,Published
MLCC,Medium Voltage,FM18X333M101PT,FM,603,X7R; ±20%; Pd/Ag; 7-inch Reeled,100V,33 nF,,,,,,,Published
MLCC,Medium Voltage,FM18X333M101PG,FM,603,X7R; ±20%; Pd/Ag; 13-inch Reeled,100V,33 nF,,,,,,,Published
MLCC,Medium Voltage,FM18X333M101ET,FM,603,X7R; ±20%; Ag/Ni/Sn; 7-inch Reeled,100V,33 nF,,,,,,,Published
MLCC,Medium Voltage,FM18X333M101EG,FM,603,X7R; ±20%; Ag/Ni/Sn; 13-inch Reeled,100V,33 nF,,,,,,,Published
MLCC,Medium Voltage,FM18X334J101PT,FM,603,X7R; ±5%; Pd/Ag; 7-inch Reeled,100V,330 nF,,,,,,,Published
MLCC,Medium Voltage,FM18X334J101PG,FM,603,X7R; ±5%; Pd/Ag; 13-inch Reeled,100V,330 nF,,,,,,,Published
MLCC,Medium Voltage,FM18X334J101ET,FM,603,X7R; ±5%; Ag/Ni/Sn; 7-inch Reeled,100V,330 nF,,,,,,,Published
MLCC,Medium Voltage,FM18X334J101EG,FM,603,X7R; ±5%; Ag/Ni/Sn; 13-inch Reeled,100V,330 nF,,,,,,,Published
MLCC,Medium Voltage,FM18X334K101PT,FM,603,X7R; ±10%; Pd/Ag; 7-inch Reeled,100V,330 nF,,,,,,,Published
MLCC,Medium Voltage,FM18X334K101PG,FM,603,X7R; ±10%; Pd/Ag; 13-inch Reeled,100V,330 nF,,,,,,,Published
MLCC,Medium Voltage,FM18X334K101ET,FM,603,X7R; ±10%; Ag/Ni/Sn; 7-inch Reeled,100V,330 nF,,,,,,,Published
MLCC,Medium Voltage,FM18X334K101EG,FM,603,X7R; ±10%; Ag/Ni/Sn; 13-inch Reeled,100V,330 nF,,,,,,,Published
MLCC,Medium Voltage,FM18X334M101PT,FM,603,X7R; ±20%; Pd/Ag; 7-inch Reeled,100V,330 nF,,,,,,,Published
MLCC,Medium Voltage,FM18X334M101PG,FM,603,X7R; ±20%; Pd/Ag; 13-inch Reeled,100V,330 nF,,,,,,,Published
MLCC,Medium Voltage,FM18X334M101ET,FM,603,X7R; ±20%; Ag/Ni/Sn; 7-inch Reeled,100V,330 nF,,,,,,,Published
MLCC,Medium Voltage,FM18X334M101EG,FM,603,X7R; ±20%; Ag/Ni/Sn; 13-inch Reeled,100V,330 nF,,,,,,,Published
MLCC,Medium Voltage,FM18X470J101PT,FM,603,X7R; ±5%; Pd/Ag; 7-inch Reeled,100V,47 pF,,,,,,,Published
MLCC,Medium Voltage,FM18X470J101PG,FM,603,X7R; ±5%; Pd/Ag; 13-inch Reeled,100V,47 pF,,,,,,,Published
MLCC,Medium Voltage,FM18X470J101ET,FM,603,X7R; ±5%; Ag/Ni/Sn; 7-inch Reeled,100V,47 pF,,,,,,,Published
MLCC,Medium Voltage,FM18X470J101EG,FM,603,X7R; ±5%; Ag/Ni/Sn; 13-inch Reeled,100V,47 pF,,,,,,,Published
MLCC,Medium Voltage,FM18X470K101PT,FM,603,X7R; ±10%; Pd/Ag; 7-inch Reeled,100V,47 pF,,,,,,,Published
MLCC,Medium Voltage,FM18X470K101PG,FM,603,X7R; ±10%; Pd/Ag; 13-inch Reeled,100V,47 pF,,,,,,,Published
MLCC,Medium Voltage,FM18X470K101ET,FM,603,X7R; ±10%; Ag/Ni/Sn; 7-inch Reeled,100V,47 pF,,,,,,,Published
MLCC,Medium Voltage,FM18X470K101EG,FM,603,X7R; ±10%; Ag/Ni/Sn; 13-inch Reeled,100V,47 pF,,,,,,,Published
MLCC,Medium Voltage,FM18X470M101PT,FM,603,X7R; ±20%; Pd/Ag; 7-inch Reeled,100V,47 pF,,,,,,,Published
MLCC,Medium Voltage,FM18X470M101PG,FM,603,X7R; ±20%; Pd/Ag; 13-inch Reeled,100V,47 pF,,,,,,,Published
MLCC,Medium Voltage,FM18X470M101ET,FM,603,X7R; ±20%; Ag/Ni/Sn; 7-inch Reeled,100V,47 pF,,,,,,,Published
MLCC,Medium Voltage,FM18X470M101EG,FM,603,X7R; ±20%; Ag/Ni/Sn; 13-inch Reeled,100V,47 pF,,,,,,,Published
MLCC,Medium Voltage,FM18X471J101PT,FM,603,X7R; ±5%; Pd/Ag; 7-inch Reeled,100V,470 pF,,,,,,,Published
MLCC,Medium Voltage,FM18X471J101PG,FM,603,X7R; ±5%; Pd/Ag; 13-inch Reeled,100V,470 pF,,,,,,,Published
MLCC,Medium Voltage,FM18X471J101ET,FM,603,X7R; ±5%; Ag/Ni/Sn; 7-inch Reeled,100V,470 pF,,,,,,,Published
MLCC,Medium Voltage,FM18X471J101EG,FM,603,X7R; ±5%; Ag/Ni/Sn; 13-inch Reeled,100V,470 pF,,,,,,,Published
MLCC,Medium Voltage,FM18X471K101PT,FM,603,X7R; ±10%; Pd/Ag; 7-inch Reeled,100V,470 pF,,,,,,,Published
MLCC,Medium Voltage,FM18X471K101PG,FM,603,X7R; ±10%; Pd/Ag; 13-inch Reeled,100V,470 pF,,,,,,,Published
MLCC,Medium Voltage,FM18X471K101ET,FM,603,X7R; ±10%; Ag/Ni/Sn; 7-inch Reeled,100V,470 pF,,,,,,,Published
MLCC,Medium Voltage,FM18X471K101EG,FM,603,X7R; ±10%; Ag/Ni/Sn; 13-inch Reeled,100V,470 pF,,,,,,,Published
MLCC,Medium Voltage,FM18X471M101PT,FM,603,X7R; ±20%; Pd/Ag; 7-inch Reeled,100V,470 pF,,,,,,,Published
MLCC,Medium Voltage,FM18X471M101PG,FM,603,X7R; ±20%; Pd/Ag; 13-inch Reeled,100V,470 pF,,,,,,,Published
MLCC,Medium Voltage,FM18X471M101ET,FM,603,X7R; ±20%; Ag/Ni/Sn; 7-inch Reeled,100V,470 pF,,,,,,,Published
MLCC,Medium Voltage,FM18X471M101EG,FM,603,X7R; ±20%; Ag/Ni/Sn; 13-inch Reeled,100V,470 pF,,,,,,,Published
MLCC,Medium Voltage,FM18X472J101PT,FM,603,X7R; ±5%; Pd/Ag; 7-inch Reeled,100V,4.7 nF,,,,,,,Published
MLCC,Medium Voltage,FM18X472J101PG,FM,603,X7R; ±5%; Pd/Ag; 13-inch Reeled,100V,4.7 nF,,,,,,,Published
MLCC,Medium Voltage,FM18X472J101ET,FM,603,X7R; ±5%; Ag/Ni/Sn; 7-inch Reeled,100V,4.7 nF,,,,,,,Published
MLCC,Medium Voltage,FM18X472J101EG,FM,603,X7R; ±5%; Ag/Ni/Sn; 13-inch Reeled,100V,4.7 nF,,,,,,,Published
MLCC,Medium Voltage,FM18X472K101PT,FM,603,X7R; ±10%; Pd/Ag; 7-inch Reeled,100V,4.7 nF,,,,,,,Published
MLCC,Medium Voltage,FM18X472K101PG,FM,603,X7R; ±10%; Pd/Ag; 13-inch Reeled,100V,4.7 nF,,,,,,,Published
MLCC,Medium Voltage,FM18X472K101ET,FM,603,X7R; ±10%; Ag/Ni/Sn; 7-inch Reeled,100V,4.7 nF,,,,,,,Published
MLCC,Medium Voltage,FM18X472K101EG,FM,603,X7R; ±10%; Ag/Ni/Sn; 13-inch Reeled,100V,4.7 nF,,,,,,,Published
MLCC,Medium Voltage,FM18X472M101PT,FM,603,X7R; ±20%; Pd/Ag; 7-inch Reeled,100V,4.7 nF,,,,,,,Published
MLCC,Medium Voltage,FM18X472M101PG,FM,603,X7R; ±20%; Pd/Ag; 13-inch Reeled,100V,4.7 nF,,,,,,,Published
MLCC,Medium Voltage,FM18X472M101ET,FM,603,X7R; ±20%; Ag/Ni/Sn; 7-inch Reeled,100V,4.7 nF,,,,,,,Published
MLCC,Medium Voltage,FM18X472M101EG,FM,603,X7R; ±20%; Ag/Ni/Sn; 13-inch Reeled,100V,4.7 nF,,,,,,,Published
MLCC,Medium Voltage,FM18X473J101PT,FM,603,X7R; ±5%; Pd/Ag; 7-inch Reeled,100V,47 nF,,,,,,,Published
MLCC,Medium Voltage,FM18X473J101PG,FM,603,X7R; ±5%; Pd/Ag; 13-inch Reeled,100V,47 nF,,,,,,,Published
MLCC,Medium Voltage,FM18X473J101ET,FM,603,X7R; ±5%; Ag/Ni/Sn; 7-inch Reeled,100V,47 nF,,,,,,,Published
MLCC,Medium Voltage,FM18X473J101EG,FM,603,X7R; ±5%; Ag/Ni/Sn; 13-inch Reeled,100V,47 nF,,,,,,,Published
MLCC,Medium Voltage,FM18X473K101PT,FM,603,X7R; ±10%; Pd/Ag; 7-inch Reeled,100V,47 nF,,,,,,,Published
MLCC,Medium Voltage,FM18X473K101PG,FM,603,X7R; ±10%; Pd/Ag; 13-inch Reeled,100V,47 nF,,,,,,,Published
MLCC,Medium Voltage,FM18X473K101ET,FM,603,X7R; ±10%; Ag/Ni/Sn; 7-inch Reeled,100V,47 nF,,,,,,,Published
MLCC,Medium Voltage,FM18X473K101EG,FM,603,X7R; ±10%; Ag/Ni/Sn; 13-inch Reeled,100V,47 nF,,,,,,,Published
MLCC,Medium Voltage,FM18X473M101PT,FM,603,X7R; ±20%; Pd/Ag; 7-inch Reeled,100V,47 nF,,,,,,,Published
MLCC,Medium Voltage,FM18X473M101PG,FM,603,X7R; ±20%; Pd/Ag; 13-inch Reeled,100V,47 nF,,,,,,,Published
MLCC,Medium Voltage,FM18X473M101ET,FM,603,X7R; ±20%; Ag/Ni/Sn; 7-inch Reeled,100V,47 nF,,,,,,,Published
MLCC,Medium Voltage,FM18X473M101EG,FM,603,X7R; ±20%; Ag/Ni/Sn; 13-inch Reeled,100V,47 nF,,,,,,,Published
MLCC,Medium Voltage,FM18X474J101PT,FM,603,X7R; ±5%; Pd/Ag; 7-inch Reeled,100V,470 nF,,,,,,,Published
MLCC,Medium Voltage,FM18X474J101PG,FM,603,X7R; ±5%; Pd/Ag; 13-inch Reeled,100V,470 nF,,,,,,,Published
MLCC,Medium Voltage,FM18X474J101ET,FM,603,X7R; ±5%; Ag/Ni/Sn; 7-inch Reeled,100V,470 nF,,,,,,,Published
MLCC,Medium Voltage,FM18X474J101EG,FM,603,X7R; ±5%; Ag/Ni/Sn; 13-inch Reeled,100V,470 nF,,,,,,,Published
MLCC,Medium Voltage,FM18X474K101PT,FM,603,X7R; ±10%; Pd/Ag; 7-inch Reeled,100V,470 nF,,,,,,,Published
MLCC,Medium Voltage,FM18X474K101PG,FM,603,X7R; ±10%; Pd/Ag; 13-inch Reeled,100V,470 nF,,,,,,,Published
MLCC,Medium Voltage,FM18X474K101ET,FM,603,X7R; ±10%; Ag/Ni/Sn; 7-inch Reeled,100V,470 nF,,,,,,,Published
MLCC,Medium Voltage,FM18X474K101EG,FM,603,X7R; ±10%; Ag/Ni/Sn; 13-inch Reeled,100V,470 nF,,,,,,,Published
MLCC,Medium Voltage,FM18X474M101PT,FM,603,X7R; ±20%; Pd/Ag; 7-inch Reeled,100V,470 nF,,,,,,,Published
MLCC,Medium Voltage,FM18X474M101PG,FM,603,X7R; ±20%; Pd/Ag; 13-inch Reeled,100V,470 nF,,,,,,,Published
MLCC,Medium Voltage,FM18X474M101ET,FM,603,X7R; ±20%; Ag/Ni/Sn; 7-inch Reeled,100V,470 nF,,,,,,,Published
MLCC,Medium Voltage,FM18X474M101EG,FM,603,X7R; ±20%; Ag/Ni/Sn; 13-inch Reeled,100V,470 nF,,,,,,,Published
MLCC,Medium Voltage,FM18X680J101PT,FM,603,X7R; ±5%; Pd/Ag; 7-inch Reeled,100V,68 pF,,,,,,,Published
MLCC,Medium Voltage,FM18X680J101PG,FM,603,X7R; ±5%; Pd/Ag; 13-inch Reeled,100V,68 pF,,,,,,,Published
MLCC,Medium Voltage,FM18X680J101ET,FM,603,X7R; ±5%; Ag/Ni/Sn; 7-inch Reeled,100V,68 pF,,,,,,,Published
MLCC,Medium Voltage,FM18X680J101EG,FM,603,X7R; ±5%; Ag/Ni/Sn; 13-inch Reeled,100V,68 pF,,,,,,,Published
MLCC,Medium Voltage,FM18X680K101PT,FM,603,X7R; ±10%; Pd/Ag; 7-inch Reeled,100V,68 pF,,,,,,,Published
MLCC,Medium Voltage,FM18X680K101PG,FM,603,X7R; ±10%; Pd/Ag; 13-inch Reeled,100V,68 pF,,,,,,,Published
MLCC,Medium Voltage,FM18X680K101ET,FM,603,X7R; ±10%; Ag/Ni/Sn; 7-inch Reeled,100V,68 pF,,,,,,,Published
MLCC,Medium Voltage,FM18X680K101EG,FM,603,X7R; ±10%; Ag/Ni/Sn; 13-inch Reeled,100V,68 pF,,,,,,,Published
MLCC,Medium Voltage,FM18X680M101PT,FM,603,X7R; ±20%; Pd/Ag; 7-inch Reeled,100V,68 pF,,,,,,,Published
MLCC,Medium Voltage,FM18X680M101PG,FM,603,X7R; ±20%; Pd/Ag; 13-inch Reeled,100V,68 pF,,,,,,,Published
MLCC,Medium Voltage,FM18X680M101ET,FM,603,X7R; ±20%; Ag/Ni/Sn; 7-inch Reeled,100V,68 pF,,,,,,,Published
MLCC,Medium Voltage,FM18X680M101EG,FM,603,X7R; ±20%; Ag/Ni/Sn; 13-inch Reeled,100V,68 pF,,,,,,,Published
MLCC,Medium Voltage,FM18X681J101PT,FM,603,X7R; ±5%; Pd/Ag; 7-inch Reeled,100V,680 pF,,,,,,,Published
MLCC,Medium Voltage,FM18X681J101PG,FM,603,X7R; ±5%; Pd/Ag; 13-inch Reeled,100V,680 pF,,,,,,,Published
MLCC,Medium Voltage,FM18X681J101ET,FM,603,X7R; ±5%; Ag/Ni/Sn; 7-inch Reeled,100V,680 pF,,,,,,,Published
MLCC,Medium Voltage,FM18X681J101EG,FM,603,X7R; ±5%; Ag/Ni/Sn; 13-inch Reeled,100V,680 pF,,,,,,,Published
MLCC,Medium Voltage,FM18X681K101PT,FM,603,X7R; ±10%; Pd/Ag; 7-inch Reeled,100V,680 pF,,,,,,,Published
MLCC,Medium Voltage,FM18X681K101PG,FM,603,X7R; ±10%; Pd/Ag; 13-inch Reeled,100V,680 pF,,,,,,,Published
MLCC,Medium Voltage,FM18X681K101ET,FM,603,X7R; ±10%; Ag/Ni/Sn; 7-inch Reeled,100V,680 pF,,,,,,,Published
MLCC,Medium Voltage,FM18X681K101EG,FM,603,X7R; ±10%; Ag/Ni/Sn; 13-inch Reeled,100V,680 pF,,,,,,,Published
MLCC,Medium Voltage,FM18X681M101PT,FM,603,X7R; ±20%; Pd/Ag; 7-inch Reeled,100V,680 pF,,,,,,,Published
MLCC,Medium Voltage,FM18X681M101PG,FM,603,X7R; ±20%; Pd/Ag; 13-inch Reeled,100V,680 pF,,,,,,,Published
MLCC,Medium Voltage,FM18X681M101ET,FM,603,X7R; ±20%; Ag/Ni/Sn; 7-inch Reeled,100V,680 pF,,,,,,,Published
MLCC,Medium Voltage,FM18X681M101EG,FM,603,X7R; ±20%; Ag/Ni/Sn; 13-inch Reeled,100V,680 pF,,,,,,,Published
MLCC,Medium Voltage,FM18X682J101PT,FM,603,X7R; ±5%; Pd/Ag; 7-inch Reeled,100V,6.8 nF,,,,,,,Published
MLCC,Medium Voltage,FM18X682J101PG,FM,603,X7R; ±5%; Pd/Ag; 13-inch Reeled,100V,6.8 nF,,,,,,,Published
MLCC,Medium Voltage,FM18X682J101ET,FM,603,X7R; ±5%; Ag/Ni/Sn; 7-inch Reeled,100V,6.8 nF,,,,,,,Published
MLCC,Medium Voltage,FM18X682J101EG,FM,603,X7R; ±5%; Ag/Ni/Sn; 13-inch Reeled,100V,6.8 nF,,,,,,,Published
MLCC,Medium Voltage,FM18X682K101PT,FM,603,X7R; ±10%; Pd/Ag; 7-inch Reeled,100V,6.8 nF,,,,,,,Published
MLCC,Medium Voltage,FM18X682K101PG,FM,603,X7R; ±10%; Pd/Ag; 13-inch Reeled,100V,6.8 nF,,,,,,,Published
MLCC,Medium Voltage,FM18X682K101ET,FM,603,X7R; ±10%; Ag/Ni/Sn; 7-inch Reeled,100V,6.8 nF,,,,,,,Published
MLCC,Medium Voltage,FM18X682K101EG,FM,603,X7R; ±10%; Ag/Ni/Sn; 13-inch Reeled,100V,6.8 nF,,,,,,,Published
MLCC,Medium Voltage,FM18X682M101PT,FM,603,X7R; ±20%; Pd/Ag; 7-inch Reeled,100V,6.8 nF,,,,,,,Published
MLCC,Medium Voltage,FM18X682M101PG,FM,603,X7R; ±20%; Pd/Ag; 13-inch Reeled,100V,6.8 nF,,,,,,,Published
MLCC,Medium Voltage,FM18X682M101ET,FM,603,X7R; ±20%; Ag/Ni/Sn; 7-inch Reeled,100V,6.8 nF,,,,,,,Published
MLCC,Medium Voltage,FM18X682M101EG,FM,603,X7R; ±20%; Ag/Ni/Sn; 13-inch Reeled,100V,6.8 nF,,,,,,,Published
MLCC,Medium Voltage,FM18X683J101PT,FM,603,X7R; ±5%; Pd/Ag; 7-inch Reeled,100V,68 nF,,,,,,,Published
MLCC,Medium Voltage,FM18X683J101PG,FM,603,X7R; ±5%; Pd/Ag; 13-inch Reeled,100V,68 nF,,,,,,,Published
MLCC,Medium Voltage,FM18X683J101ET,FM,603,X7R; ±5%; Ag/Ni/Sn; 7-inch Reeled,100V,68 nF,,,,,,,Published
MLCC,Medium Voltage,FM18X683J101EG,FM,603,X7R; ±5%; Ag/Ni/Sn; 13-inch Reeled,100V,68 nF,,,,,,,Published
MLCC,Medium Voltage,FM18X683K101PT,FM,603,X7R; ±10%; Pd/Ag; 7-inch Reeled,100V,68 nF,,,,,,,Published
MLCC,Medium Voltage,FM18X683K101PG,FM,603,X7R; ±10%; Pd/Ag; 13-inch Reeled,100V,68 nF,,,,,,,Published
MLCC,Medium Voltage,FM18X683K101ET,FM,603,X7R; ±10%; Ag/Ni/Sn; 7-inch Reeled,100V,68 nF,,,,,,,Published
MLCC,Medium Voltage,FM18X683K101EG,FM,603,X7R; ±10%; Ag/Ni/Sn; 13-inch Reeled,100V,68 nF,,,,,,,Published
MLCC,Medium Voltage,FM18X683M101PT,FM,603,X7R; ±20%; Pd/Ag; 7-inch Reeled,100V,68 nF,,,,,,,Published
MLCC,Medium Voltage,FM18X683M101PG,FM,603,X7R; ±20%; Pd/Ag; 13-inch Reeled,100V,68 nF,,,,,,,Published
MLCC,Medium Voltage,FM18X683M101ET,FM,603,X7R; ±20%; Ag/Ni/Sn; 7-inch Reeled,100V,68 nF,,,,,,,Published
MLCC,Medium Voltage,FM18X683M101EG,FM,603,X7R; ±20%; Ag/Ni/Sn; 13-inch Reeled,100V,68 nF,,,,,,,Published
MLCC,Medium Voltage,FM18X684J101PT,FM,603,X7R; ±5%; Pd/Ag; 7-inch Reeled,100V,680 nF,,,,,,,Published
MLCC,Medium Voltage,FM18X684J101PG,FM,603,X7R; ±5%; Pd/Ag; 13-inch Reeled,100V,680 nF,,,,,,,Published
MLCC,Medium Voltage,FM18X684J101ET,FM,603,X7R; ±5%; Ag/Ni/Sn; 7-inch Reeled,100V,680 nF,,,,,,,Published
MLCC,Medium Voltage,FM18X684J101EG,FM,603,X7R; ±5%; Ag/Ni/Sn; 13-inch Reeled,100V,680 nF,,,,,,,Published
MLCC,Medium Voltage,FM18X684K101PT,FM,603,X7R; ±10%; Pd/Ag; 7-inch Reeled,100V,680 nF,,,,,,,Published
MLCC,Medium Voltage,FM18X684K101PG,FM,603,X7R; ±10%; Pd/Ag; 13-inch Reeled,100V,680 nF,,,,,,,Published
MLCC,Medium Voltage,FM18X684K101ET,FM,603,X7R; ±10%; Ag/Ni/Sn; 7-inch Reeled,100V,680 nF,,,,,,,Published
MLCC,Medium Voltage,FM18X684K101EG,FM,603,X7R; ±10%; Ag/Ni/Sn; 13-inch Reeled,100V,680 nF,,,,,,,Published
MLCC,Medium Voltage,FM18X684M101PT,FM,603,X7R; ±20%; Pd/Ag; 7-inch Reeled,100V,680 nF,,,,,,,Published
MLCC,Medium Voltage,FM18X684M101PG,FM,603,X7R; ±20%; Pd/Ag; 13-inch Reeled,100V,680 nF,,,,,,,Published
MLCC,Medium Voltage,FM18X684M101ET,FM,603,X7R; ±20%; Ag/Ni/Sn; 7-inch Reeled,100V,680 nF,,,,,,,Published
MLCC,Medium Voltage,FM18X684M101EG,FM,603,X7R; ±20%; Ag/Ni/Sn; 13-inch Reeled,100V,680 nF,,,,,,,Published
MLCC,Medium Voltage,FM21N100J101PT,FM,805,NP0 (C0G); ±5%; Pd/Ag; 7-inch Reeled,100V,10 pF,,,,,,,Published
MLCC,Medium Voltage,FM21N100J101PG,FM,805,NP0 (C0G); ±5%; Pd/Ag; 13-inch Reeled,100V,10 pF,,,,,,,Published
MLCC,Medium Voltage,FM21N100J101ET,FM,805,NP0 (C0G); ±5%; Ag/Ni/Sn; 7-inch Reeled,100V,10 pF,,,,,,,Published
MLCC,Medium Voltage,FM21N100J101EG,FM,805,NP0 (C0G); ±5%; Ag/Ni/Sn; 13-inch Reeled,100V,10 pF,,,,,,,Published
MLCC,Medium Voltage,FM21N100K101PT,FM,805,NP0 (C0G); ±10%; Pd/Ag; 7-inch Reeled,100V,10 pF,,,,,,,Published
MLCC,Medium Voltage,FM21N100K101PG,FM,805,NP0 (C0G); ±10%; Pd/Ag; 13-inch Reeled,100V,10 pF,,,,,,,Published
MLCC,Medium Voltage,FM21N100K101ET,FM,805,NP0 (C0G); ±10%; Ag/Ni/Sn; 7-inch Reeled,100V,10 pF,,,,,,,Published
MLCC,Medium Voltage,FM21N100K101EG,FM,805,NP0 (C0G); ±10%; Ag/Ni/Sn; 13-inch Reeled,100V,10 pF,,,,,,,Published
MLCC,Medium Voltage,FM21N101J101PT,FM,805,NP0 (C0G); ±5%; Pd/Ag; 7-inch Reeled,100V,100 pF,,,,,,,Published
MLCC,Medium Voltage,FM21N101J101PG,FM,805,NP0 (C0G); ±5%; Pd/Ag; 13-inch Reeled,100V,100 pF,,,,,,,Published
MLCC,Medium Voltage,FM21N101J101ET,FM,805,NP0 (C0G); ±5%; Ag/Ni/Sn; 7-inch Reeled,100V,100 pF,,,,,,,Published
MLCC,Medium Voltage,FM21N101J101EG,FM,805,NP0 (C0G); ±5%; Ag/Ni/Sn; 13-inch Reeled,100V,100 pF,,,,,,,Published
MLCC,Medium Voltage,FM21N101K101PT,FM,805,NP0 (C0G); ±10%; Pd/Ag; 7-inch Reeled,100V,100 pF,,,,,,,Published
MLCC,Medium Voltage,FM21N101K101PG,FM,805,NP0 (C0G); ±10%; Pd/Ag; 13-inch Reeled,100V,100 pF,,,,,,,Published
MLCC,Medium Voltage,FM21N101K101ET,FM,805,NP0 (C0G); ±10%; Ag/Ni/Sn; 7-inch Reeled,100V,100 pF,,,,,,,Published
MLCC,Medium Voltage,FM21N101K101EG,FM,805,NP0 (C0G); ±10%; Ag/Ni/Sn; 13-inch Reeled,100V,100 pF,,,,,,,Published
MLCC,Medium Voltage,FM21N102J101PT,FM,805,NP0 (C0G); ±5%; Pd/Ag; 7-inch Reeled,100V,1 nF,,,,,,,Published
MLCC,Medium Voltage,FM21N102J101PG,FM,805,NP0 (C0G); ±5%; Pd/Ag; 13-inch Reeled,100V,1 nF,,,,,,,Published
MLCC,Medium Voltage,FM21N102J101ET,FM,805,NP0 (C0G); ±5%; Ag/Ni/Sn; 7-inch Reeled,100V,1 nF,,,,,,,Published
MLCC,Medium Voltage,FM21N102J101EG,FM,805,NP0 (C0G); ±5%; Ag/Ni/Sn; 13-inch Reeled,100V,1 nF,,,,,,,Published
MLCC,Medium Voltage,FM21N102K101PT,FM,805,NP0 (C0G); ±10%; Pd/Ag; 7-inch Reeled,100V,1 nF,,,,,,,Published
MLCC,Medium Voltage,FM21N102K101PG,FM,805,NP0 (C0G); ±10%; Pd/Ag; 13-inch Reeled,100V,1 nF,,,,,,,Published
MLCC,Medium Voltage,FM21N102K101ET,FM,805,NP0 (C0G); ±10%; Ag/Ni/Sn; 7-inch Reeled,100V,1 nF,,,,,,,Published
MLCC,Medium Voltage,FM21N102K101EG,FM,805,NP0 (C0G); ±10%; Ag/Ni/Sn; 13-inch Reeled,100V,1 nF,,,,,,,Published
MLCC,Medium Voltage,FM21N103J101PT,FM,805,NP0 (C0G); ±5%; Pd/Ag; 7-inch Reeled,100V,10 nF,,,,,,,Published
MLCC,Medium Voltage,FM21N103J101PG,FM,805,NP0 (C0G); ±5%; Pd/Ag; 13-inch Reeled,100V,10 nF,,,,,,,Published
MLCC,Medium Voltage,FM21N103J101ET,FM,805,NP0 (C0G); ±5%; Ag/Ni/Sn; 7-inch Reeled,100V,10 nF,,,,,,,Published
MLCC,Medium Voltage,FM21N103J101EG,FM,805,NP0 (C0G); ±5%; Ag/Ni/Sn; 13-inch Reeled,100V,10 nF,,,,,,,Published
MLCC,Medium Voltage,FM21N103K101PT,FM,805,NP0 (C0G); ±10%; Pd/Ag; 7-inch Reeled,100V,10 nF,,,,,,,Published
MLCC,Medium Voltage,FM21N103K101PG,FM,805,NP0 (C0G); ±10%; Pd/Ag; 13-inch Reeled,100V,10 nF,,,,,,,Published
MLCC,Medium Voltage,FM21N103K101ET,FM,805,NP0 (C0G); ±10%; Ag/Ni/Sn; 7-inch Reeled,100V,10 nF,,,,,,,Published
MLCC,Medium Voltage,FM21N103K101EG,FM,805,NP0 (C0G); ±10%; Ag/Ni/Sn; 13-inch Reeled,100V,10 nF,,,,,,,Published
MLCC,Medium Voltage,FM21N104J101PT,FM,805,NP0 (C0G); ±5%; Pd/Ag; 7-inch Reeled,100V,100 nF,,,,,,,Published
MLCC,Medium Voltage,FM21N104J101PG,FM,805,NP0 (C0G); ±5%; Pd/Ag; 13-inch Reeled,100V,100 nF,,,,,,,Published
MLCC,Medium Voltage,FM21N104J101ET,FM,805,NP0 (C0G); ±5%; Ag/Ni/Sn; 7-inch Reeled,100V,100 nF,,,,,,,Published
MLCC,Medium Voltage,FM21N104J101EG,FM,805,NP0 (C0G); ±5%; Ag/Ni/Sn; 13-inch Reeled,100V,100 nF,,,,,,,Published
MLCC,Medium Voltage,FM21N104K101PT,FM,805,NP0 (C0G); ±10%; Pd/Ag; 7-inch Reeled,100V,100 nF,,,,,,,Published
MLCC,Medium Voltage,FM21N104K101PG,FM,805,NP0 (C0G); ±10%; Pd/Ag; 13-inch Reeled,100V,100 nF,,,,,,,Published
MLCC,Medium Voltage,FM21N104K101ET,FM,805,NP0 (C0G); ±10%; Ag/Ni/Sn; 7-inch Reeled,100V,100 nF,,,,,,,Published
MLCC,Medium Voltage,FM21N104K101EG,FM,805,NP0 (C0G); ±10%; Ag/Ni/Sn; 13-inch Reeled,100V,100 nF,,,,,,,Published
MLCC,Medium Voltage,FM21N150J101PT,FM,805,NP0 (C0G); ±5%; Pd/Ag; 7-inch Reeled,100V,15 pF,,,,,,,Published
MLCC,Medium Voltage,FM21N150J101PG,FM,805,NP0 (C0G); ±5%; Pd/Ag; 13-inch Reeled,100V,15 pF,,,,,,,Published
MLCC,Medium Voltage,FM21N150J101ET,FM,805,NP0 (C0G); ±5%; Ag/Ni/Sn; 7-inch Reeled,100V,15 pF,,,,,,,Published
MLCC,Medium Voltage,FM21N150J101EG,FM,805,NP0 (C0G); ±5%; Ag/Ni/Sn; 13-inch Reeled,100V,15 pF,,,,,,,Published
MLCC,Medium Voltage,FM21N150K101PT,FM,805,NP0 (C0G); ±10%; Pd/Ag; 7-inch Reeled,100V,15 pF,,,,,,,Published
MLCC,Medium Voltage,FM21N150K101PG,FM,805,NP0 (C0G); ±10%; Pd/Ag; 13-inch Reeled,100V,15 pF,,,,,,,Published
MLCC,Medium Voltage,FM21N150K101ET,FM,805,NP0 (C0G); ±10%; Ag/Ni/Sn; 7-inch Reeled,100V,15 pF,,,,,,,Published
MLCC,Medium Voltage,FM21N150K101EG,FM,805,NP0 (C0G); ±10%; Ag/Ni/Sn; 13-inch Reeled,100V,15 pF,,,,,,,Published
MLCC,Medium Voltage,FM21N151J101PT,FM,805,NP0 (C0G); ±5%; Pd/Ag; 7-inch Reeled,100V,150 pF,,,,,,,Published
MLCC,Medium Voltage,FM21N151J101PG,FM,805,NP0 (C0G); ±5%; Pd/Ag; 13-inch Reeled,100V,150 pF,,,,,,,Published
MLCC,Medium Voltage,FM21N151J101ET,FM,805,NP0 (C0G); ±5%; Ag/Ni/Sn; 7-inch Reeled,100V,150 pF,,,,,,,Published
MLCC,Medium Voltage,FM21N151J101EG,FM,805,NP0 (C0G); ±5%; Ag/Ni/Sn; 13-inch Reeled,100V,150 pF,,,,,,,Published
MLCC,Medium Voltage,FM21N151K101PT,FM,805,NP0 (C0G); ±10%; Pd/Ag; 7-inch Reeled,100V,150 pF,,,,,,,Published
MLCC,Medium Voltage,FM21N151K101PG,FM,805,NP0 (C0G); ±10%; Pd/Ag; 13-inch Reeled,100V,150 pF,,,,,,,Published
MLCC,Medium Voltage,FM21N151K101ET,FM,805,NP0 (C0G); ±10%; Ag/Ni/Sn; 7-inch Reeled,100V,150 pF,,,,,,,Published
MLCC,Medium Voltage,FM21N151K101EG,FM,805,NP0 (C0G); ±10%; Ag/Ni/Sn; 13-inch Reeled,100V,150 pF,,,,,,,Published
MLCC,Medium Voltage,FM21N152J101PT,FM,805,NP0 (C0G); ±5%; Pd/Ag; 7-inch Reeled,100V,1.5 nF,,,,,,,Published
MLCC,Medium Voltage,FM21N152J101PG,FM,805,NP0 (C0G); ±5%; Pd/Ag; 13-inch Reeled,100V,1.5 nF,,,,,,,Published
MLCC,Medium Voltage,FM21N152J101ET,FM,805,NP0 (C0G); ±5%; Ag/Ni/Sn; 7-inch Reeled,100V,1.5 nF,,,,,,,Published
MLCC,Medium Voltage,FM21N152J101EG,FM,805,NP0 (C0G); ±5%; Ag/Ni/Sn; 13-inch Reeled,100V,1.5 nF,,,,,,,Published
MLCC,Medium Voltage,FM21N152K101PT,FM,805,NP0 (C0G); ±10%; Pd/Ag; 7-inch Reeled,100V,1.5 nF,,,,,,,Published
MLCC,Medium Voltage,FM21N152K101PG,FM,805,NP0 (C0G); ±10%; Pd/Ag; 13-inch Reeled,100V,1.5 nF,,,,,,,Published
MLCC,Medium Voltage,FM21N152K101ET,FM,805,NP0 (C0G); ±10%; Ag/Ni/Sn; 7-inch Reeled,100V,1.5 nF,,,,,,,Published
MLCC,Medium Voltage,FM21N152K101EG,FM,805,NP0 (C0G); ±10%; Ag/Ni/Sn; 13-inch Reeled,100V,1.5 nF,,,,,,,Published
MLCC,Medium Voltage,FM21N153J101PT,FM,805,NP0 (C0G); ±5%; Pd/Ag; 7-inch Reeled,100V,15 nF,,,,,,,Published
MLCC,Medium Voltage,FM21N153J101PG,FM,805,NP0 (C0G); ±5%; Pd/Ag; 13-inch Reeled,100V,15 nF,,,,,,,Published
MLCC,Medium Voltage,FM21N153J101ET,FM,805,NP0 (C0G); ±5%; Ag/Ni/Sn; 7-inch Reeled,100V,15 nF,,,,,,,Published
MLCC,Medium Voltage,FM21N153J101EG,FM,805,NP0 (C0G); ±5%; Ag/Ni/Sn; 13-inch Reeled,100V,15 nF,,,,,,,Published
MLCC,Medium Voltage,FM21N153K101PT,FM,805,NP0 (C0G); ±10%; Pd/Ag; 7-inch Reeled,100V,15 nF,,,,,,,Published
MLCC,Medium Voltage,FM21N153K101PG,FM,805,NP0 (C0G); ±10%; Pd/Ag; 13-inch Reeled,100V,15 nF,,,,,,,Published
MLCC,Medium Voltage,FM21N153K101ET,FM,805,NP0 (C0G); ±10%; Ag/Ni/Sn; 7-inch Reeled,100V,15 nF,,,,,,,Published
MLCC,Medium Voltage,FM21N153K101EG,FM,805,NP0 (C0G); ±10%; Ag/Ni/Sn; 13-inch Reeled,100V,15 nF,,,,,,,Published
MLCC,Medium Voltage,FM21N154J101PT,FM,805,NP0 (C0G); ±5%; Pd/Ag; 7-inch Reeled,100V,150 nF,,,,,,,Published
MLCC,Medium Voltage,FM21N154J101PG,FM,805,NP0 (C0G); ±5%; Pd/Ag; 13-inch Reeled,100V,150 nF,,,,,,,Published
MLCC,Medium Voltage,FM21N154J101ET,FM,805,NP0 (C0G); ±5%; Ag/Ni/Sn; 7-inch Reeled,100V,150 nF,,,,,,,Published
MLCC,Medium Voltage,FM21N154J101EG,FM,805,NP0 (C0G); ±5%; Ag/Ni/Sn; 13-inch Reeled,100V,150 nF,,,,,,,Published
MLCC,Medium Voltage,FM21N154K101PT,FM,805,NP0 (C0G); ±10%; Pd/Ag; 7-inch Reeled,100V,150 nF,,,,,,,Published
MLCC,Medium Voltage,FM21N154K101PG,FM,805,NP0 (C0G); ±10%; Pd/Ag; 13-inch Reeled,100V,150 nF,,,,,,,Published
MLCC,Medium Voltage,FM21N154K101ET,FM,805,NP0 (C0G); ±10%; Ag/Ni/Sn; 7-inch Reeled,100V,150 nF,,,,,,,Published
MLCC,Medium Voltage,FM21N154K101EG,FM,805,NP0 (C0G); ±10%; Ag/Ni/Sn; 13-inch Reeled,100V,150 nF,,,,,,,Published
MLCC,Medium Voltage,FM21N220J101PT,FM,805,NP0 (C0G); ±5%; Pd/Ag; 7-inch Reeled,100V,22 pF,,,,,,,Published
MLCC,Medium Voltage,FM21N220J101PG,FM,805,NP0 (C0G); ±5%; Pd/Ag; 13-inch Reeled,100V,22 pF,,,,,,,Published
MLCC,Medium Voltage,FM21N220J101ET,FM,805,NP0 (C0G); ±5%; Ag/Ni/Sn; 7-inch Reeled,100V,22 pF,,,,,,,Published
MLCC,Medium Voltage,FM21N220J101EG,FM,805,NP0 (C0G); ±5%; Ag/Ni/Sn; 13-inch Reeled,100V,22 pF,,,,,,,Published
MLCC,Medium Voltage,FM21N220K101PT,FM,805,NP0 (C0G); ±10%; Pd/Ag; 7-inch Reeled,100V,22 pF,,,,,,,Published
MLCC,Medium Voltage,FM21N220K101PG,FM,805,NP0 (C0G); ±10%; Pd/Ag; 13-inch Reeled,100V,22 pF,,,,,,,Published
MLCC,Medium Voltage,FM21N220K101ET,FM,805,NP0 (C0G); ±10%; Ag/Ni/Sn; 7-inch Reeled,100V,22 pF,,,,,,,Published
MLCC,Medium Voltage,FM21N220K101EG,FM,805,NP0 (C0G); ±10%; Ag/Ni/Sn; 13-inch Reeled,100V,22 pF,,,,,,,Published
MLCC,Medium Voltage,FM21N221J101PT,FM,805,NP0 (C0G); ±5%; Pd/Ag; 7-inch Reeled,100V,220 pF,,,,,,,Published
MLCC,Medium Voltage,FM21N221J101PG,FM,805,NP0 (C0G); ±5%; Pd/Ag; 13-inch Reeled,100V,220 pF,,,,,,,Published
MLCC,Medium Voltage,FM21N221J101ET,FM,805,NP0 (C0G); ±5%; Ag/Ni/Sn; 7-inch Reeled,100V,220 pF,,,,,,,Published
MLCC,Medium Voltage,FM21N221J101EG,FM,805,NP0 (C0G); ±5%; Ag/Ni/Sn; 13-inch Reeled,100V,220 pF,,,,,,,Published
MLCC,Medium Voltage,FM21N221K101PT,FM,805,NP0 (C0G); ±10%; Pd/Ag; 7-inch Reeled,100V,220 pF,,,,,,,Published
MLCC,Medium Voltage,FM21N221K101PG,FM,805,NP0 (C0G); ±10%; Pd/Ag; 13-inch Reeled,100V,220 pF,,,,,,,Published
MLCC,Medium Voltage,FM21N221K101ET,FM,805,NP0 (C0G); ±10%; Ag/Ni/Sn; 7-inch Reeled,100V,220 pF,,,,,,,Published
MLCC,Medium Voltage,FM21N221K101EG,FM,805,NP0 (C0G); ±10%; Ag/Ni/Sn; 13-inch Reeled,100V,220 pF,,,,,,,Published
MLCC,Medium Voltage,FM21N222J101PT,FM,805,NP0 (C0G); ±5%; Pd/Ag; 7-inch Reeled,100V,2.2 nF,,,,,,,Published
MLCC,Medium Voltage,FM21N222J101PG,FM,805,NP0 (C0G); ±5%; Pd/Ag; 13-inch Reeled,100V,2.2 nF,,,,,,,Published
MLCC,Medium Voltage,FM21N222J101ET,FM,805,NP0 (C0G); ±5%; Ag/Ni/Sn; 7-inch Reeled,100V,2.2 nF,,,,,,,Published
MLCC,Medium Voltage,FM21N222J101EG,FM,805,NP0 (C0G); ±5%; Ag/Ni/Sn; 13-inch Reeled,100V,2.2 nF,,,,,,,Published
MLCC,Medium Voltage,FM21N222K101PT,FM,805,NP0 (C0G); ±10%; Pd/Ag; 7-inch Reeled,100V,2.2 nF,,,,,,,Published
MLCC,Medium Voltage,FM21N222K101PG,FM,805,NP0 (C0G); ±10%; Pd/Ag; 13-inch Reeled,100V,2.2 nF,,,,,,,Published
MLCC,Medium Voltage,FM21N222K101ET,FM,805,NP0 (C0G); ±10%; Ag/Ni/Sn; 7-inch Reeled,100V,2.2 nF,,,,,,,Published
MLCC,Medium Voltage,FM21N222K101EG,FM,805,NP0 (C0G); ±10%; Ag/Ni/Sn; 13-inch Reeled,100V,2.2 nF,,,,,,,Published
MLCC,Medium Voltage,FM21N223J101PT,FM,805,NP0 (C0G); ±5%; Pd/Ag; 7-inch Reeled,100V,22 nF,,,,,,,Published
MLCC,Medium Voltage,FM21N223J101PG,FM,805,NP0 (C0G); ±5%; Pd/Ag; 13-inch Reeled,100V,22 nF,,,,,,,Published
MLCC,Medium Voltage,FM21N223J101ET,FM,805,NP0 (C0G); ±5%; Ag/Ni/Sn; 7-inch Reeled,100V,22 nF,,,,,,,Published
MLCC,Medium Voltage,FM21N223J101EG,FM,805,NP0 (C0G); ±5%; Ag/Ni/Sn; 13-inch Reeled,100V,22 nF,,,,,,,Published
MLCC,Medium Voltage,FM21N223K101PT,FM,805,NP0 (C0G); ±10%; Pd/Ag; 7-inch Reeled,100V,22 nF,,,,,,,Published
MLCC,Medium Voltage,FM21N223K101PG,FM,805,NP0 (C0G); ±10%; Pd/Ag; 13-inch Reeled,100V,22 nF,,,,,,,Published
MLCC,Medium Voltage,FM21N223K101ET,FM,805,NP0 (C0G); ±10%; Ag/Ni/Sn; 7-inch Reeled,100V,22 nF,,,,,,,Published
MLCC,Medium Voltage,FM21N223K101EG,FM,805,NP0 (C0G); ±10%; Ag/Ni/Sn; 13-inch Reeled,100V,22 nF,,,,,,,Published
MLCC,Medium Voltage,FM21N224J101PT,FM,805,NP0 (C0G); ±5%; Pd/Ag; 7-inch Reeled,100V,220 nF,,,,,,,Published
MLCC,Medium Voltage,FM21N224J101PG,FM,805,NP0 (C0G); ±5%; Pd/Ag; 13-inch Reeled,100V,220 nF,,,,,,,Published
MLCC,Medium Voltage,FM21N224J101ET,FM,805,NP0 (C0G); ±5%; Ag/Ni/Sn; 7-inch Reeled,100V,220 nF,,,,,,,Published
MLCC,Medium Voltage,FM21N224J101EG,FM,805,NP0 (C0G); ±5%; Ag/Ni/Sn; 13-inch Reeled,100V,220 nF,,,,,,,Published
MLCC,Medium Voltage,FM21N224K101PT,FM,805,NP0 (C0G); ±10%; Pd/Ag; 7-inch Reeled,100V,220 nF,,,,,,,Published
MLCC,Medium Voltage,FM21N224K101PG,FM,805,NP0 (C0G); ±10%; Pd/Ag; 13-inch Reeled,100V,220 nF,,,,,,,Published
MLCC,Medium Voltage,FM21N224K101ET,FM,805,NP0 (C0G); ±10%; Ag/Ni/Sn; 7-inch Reeled,100V,220 nF,,,,,,,Published
MLCC,Medium Voltage,FM21N224K101EG,FM,805,NP0 (C0G); ±10%; Ag/Ni/Sn; 13-inch Reeled,100V,220 nF,,,,,,,Published
MLCC,Medium Voltage,FM21N330J101PT,FM,805,NP0 (C0G); ±5%; Pd/Ag; 7-inch Reeled,100V,33 pF,,,,,,,Published
MLCC,Medium Voltage,FM21N330J101PG,FM,805,NP0 (C0G); ±5%; Pd/Ag; 13-inch Reeled,100V,33 pF,,,,,,,Published
MLCC,Medium Voltage,FM21N330J101ET,FM,805,NP0 (C0G); ±5%; Ag/Ni/Sn; 7-inch Reeled,100V,33 pF,,,,,,,Published
MLCC,Medium Voltage,FM21N330J101EG,FM,805,NP0 (C0G); ±5%; Ag/Ni/Sn; 13-inch Reeled,100V,33 pF,,,,,,,Published
MLCC,Medium Voltage,FM21N330K101PT,FM,805,NP0 (C0G); ±10%; Pd/Ag; 7-inch Reeled,100V,33 pF,,,,,,,Published
MLCC,Medium Voltage,FM21N330K101PG,FM,805,NP0 (C0G); ±10%; Pd/Ag; 13-inch Reeled,100V,33 pF,,,,,,,Published
MLCC,Medium Voltage,FM21N330K101ET,FM,805,NP0 (C0G); ±10%; Ag/Ni/Sn; 7-inch Reeled,100V,33 pF,,,,,,,Published
MLCC,Medium Voltage,FM21N330K101EG,FM,805,NP0 (C0G); ±10%; Ag/Ni/Sn; 13-inch Reeled,100V,33 pF,,,,,,,Published
MLCC,Medium Voltage,FM21N331J101PT,FM,805,NP0 (C0G); ±5%; Pd/Ag; 7-inch Reeled,100V,330 pF,,,,,,,Published
MLCC,Medium Voltage,FM21N331J101PG,FM,805,NP0 (C0G); ±5%; Pd/Ag; 13-inch Reeled,100V,330 pF,,,,,,,Published
MLCC,Medium Voltage,FM21N331J101ET,FM,805,NP0 (C0G); ±5%; Ag/Ni/Sn; 7-inch Reeled,100V,330 pF,,,,,,,Published
MLCC,Medium Voltage,FM21N331J101EG,FM,805,NP0 (C0G); ±5%; Ag/Ni/Sn; 13-inch Reeled,100V,330 pF,,,,,,,Published
MLCC,Medium Voltage,FM21N331K101PT,FM,805,NP0 (C0G); ±10%; Pd/Ag; 7-inch Reeled,100V,330 pF,,,,,,,Published
MLCC,Medium Voltage,FM21N331K101PG,FM,805,NP0 (C0G); ±10%; Pd/Ag; 13-inch Reeled,100V,330 pF,,,,,,,Published
MLCC,Medium Voltage,FM21N331K101ET,FM,805,NP0 (C0G); ±10%; Ag/Ni/Sn; 7-inch Reeled,100V,330 pF,,,,,,,Published
MLCC,Medium Voltage,FM21N331K101EG,FM,805,NP0 (C0G); ±10%; Ag/Ni/Sn; 13-inch Reeled,100V,330 pF,,,,,,,Published
MLCC,Medium Voltage,FM21N332J101PT,FM,805,NP0 (C0G); ±5%; Pd/Ag; 7-inch Reeled,100V,3.3 nF,,,,,,,Published
MLCC,Medium Voltage,FM21N332J101PG,FM,805,NP0 (C0G); ±5%; Pd/Ag; 13-inch Reeled,100V,3.3 nF,,,,,,,Published
MLCC,Medium Voltage,FM21N332J101ET,FM,805,NP0 (C0G); ±5%; Ag/Ni/Sn; 7-inch Reeled,100V,3.3 nF,,,,,,,Published
MLCC,Medium Voltage,FM21N332J101EG,FM,805,NP0 (C0G); ±5%; Ag/Ni/Sn; 13-inch Reeled,100V,3.3 nF,,,,,,,Published
MLCC,Medium Voltage,FM21N332K101PT,FM,805,NP0 (C0G); ±10%; Pd/Ag; 7-inch Reeled,100V,3.3 nF,,,,,,,Published
MLCC,Medium Voltage,FM21N332K101PG,FM,805,NP0 (C0G); ±10%; Pd/Ag; 13-inch Reeled,100V,3.3 nF,,,,,,,Published
MLCC,Medium Voltage,FM21N332K101ET,FM,805,NP0 (C0G); ±10%; Ag/Ni/Sn; 7-inch Reeled,100V,3.3 nF,,,,,,,Published
MLCC,Medium Voltage,FM21N332K101EG,FM,805,NP0 (C0G); ±10%; Ag/Ni/Sn; 13-inch Reeled,100V,3.3 nF,,,,,,,Published
MLCC,Medium Voltage,FM21N333J101PT,FM,805,NP0 (C0G); ±5%; Pd/Ag; 7-inch Reeled,100V,33 nF,,,,,,,Published
MLCC,Medium Voltage,FM21N333J101PG,FM,805,NP0 (C0G); ±5%; Pd/Ag; 13-inch Reeled,100V,33 nF,,,,,,,Published
MLCC,Medium Voltage,FM21N333J101ET,FM,805,NP0 (C0G); ±5%; Ag/Ni/Sn; 7-inch Reeled,100V,33 nF,,,,,,,Published
MLCC,Medium Voltage,FM21N333J101EG,FM,805,NP0 (C0G); ±5%; Ag/Ni/Sn; 13-inch Reeled,100V,33 nF,,,,,,,Published
MLCC,Medium Voltage,FM21N333K101PT,FM,805,NP0 (C0G); ±10%; Pd/Ag; 7-inch Reeled,100V,33 nF,,,,,,,Published
MLCC,Medium Voltage,FM21N333K101PG,FM,805,NP0 (C0G); ±10%; Pd/Ag; 13-inch Reeled,100V,33 nF,,,,,,,Published
MLCC,Medium Voltage,FM21N333K101ET,FM,805,NP0 (C0G); ±10%; Ag/Ni/Sn; 7-inch Reeled,100V,33 nF,,,,,,,Published
MLCC,Medium Voltage,FM21N333K101EG,FM,805,NP0 (C0G); ±10%; Ag/Ni/Sn; 13-inch Reeled,100V,33 nF,,,,,,,Published
MLCC,Medium Voltage,FM21N334J101PT,FM,805,NP0 (C0G); ±5%; Pd/Ag; 7-inch Reeled,100V,330 nF,,,,,,,Published
MLCC,Medium Voltage,FM21N334J101PG,FM,805,NP0 (C0G); ±5%; Pd/Ag; 13-inch Reeled,100V,330 nF,,,,,,,Published
MLCC,Medium Voltage,FM21N334J101ET,FM,805,NP0 (C0G); ±5%; Ag/Ni/Sn; 7-inch Reeled,100V,330 nF,,,,,,,Published
MLCC,Medium Voltage,FM21N334J101EG,FM,805,NP0 (C0G); ±5%; Ag/Ni/Sn; 13-inch Reeled,100V,330 nF,,,,,,,Published
MLCC,Medium Voltage,FM21N334K101PT,FM,805,NP0 (C0G); ±10%; Pd/Ag; 7-inch Reeled,100V,330 nF,,,,,,,Published
MLCC,Medium Voltage,FM21N334K101PG,FM,805,NP0 (C0G); ±10%; Pd/Ag; 13-inch Reeled,100V,330 nF,,,,,,,Published
MLCC,Medium Voltage,FM21N334K101ET,FM,805,NP0 (C0G); ±10%; Ag/Ni/Sn; 7-inch Reeled,100V,330 nF,,,,,,,Published
MLCC,Medium Voltage,FM21N334K101EG,FM,805,NP0 (C0G); ±10%; Ag/Ni/Sn; 13-inch Reeled,100V,330 nF,,,,,,,Published
MLCC,Medium Voltage,FM21N470J101PT,FM,805,NP0 (C0G); ±5%; Pd/Ag; 7-inch Reeled,100V,47 pF,,,,,,,Published
MLCC,Medium Voltage,FM21N470J101PG,FM,805,NP0 (C0G); ±5%; Pd/Ag; 13-inch Reeled,100V,47 pF,,,,,,,Published
MLCC,Medium Voltage,FM21N470J101ET,FM,805,NP0 (C0G); ±5%; Ag/Ni/Sn; 7-inch Reeled,100V,47 pF,,,,,,,Published
MLCC,Medium Voltage,FM21N470J101EG,FM,805,NP0 (C0G); ±5%; Ag/Ni/Sn; 13-inch Reeled,100V,47 pF,,,,,,,Published
MLCC,Medium Voltage,FM21N470K101PT,FM,805,NP0 (C0G); ±10%; Pd/Ag; 7-inch Reeled,100V,47 pF,,,,,,,Published
MLCC,Medium Voltage,FM21N470K101PG,FM,805,NP0 (C0G); ±10%; Pd/Ag; 13-inch Reeled,100V,47 pF,,,,,,,Published
MLCC,Medium Voltage,FM21N470K101ET,FM,805,NP0 (C0G); ±10%; Ag/Ni/Sn; 7-inch Reeled,100V,47 pF,,,,,,,Published
MLCC,Medium Voltage,FM21N470K101EG,FM,805,NP0 (C0G); ±10%; Ag/Ni/Sn; 13-inch Reeled,100V,47 pF,,,,,,,Published
MLCC,Medium Voltage,FM21N471J101PT,FM,805,NP0 (C0G); ±5%; Pd/Ag; 7-inch Reeled,100V,470 pF,,,,,,,Published
MLCC,Medium Voltage,FM21N471J101PG,FM,805,NP0 (C0G); ±5%; Pd/Ag; 13-inch Reeled,100V,470 pF,,,,,,,Published
MLCC,Medium Voltage,FM21N471J101ET,FM,805,NP0 (C0G); ±5%; Ag/Ni/Sn; 7-inch Reeled,100V,470 pF,,,,,,,Published
MLCC,Medium Voltage,FM21N471J101EG,FM,805,NP0 (C0G); ±5%; Ag/Ni/Sn; 13-inch Reeled,100V,470 pF,,,,,,,Published
MLCC,Medium Voltage,FM21N471K101PT,FM,805,NP0 (C0G); ±10%; Pd/Ag; 7-inch Reeled,100V,470 pF,,,,,,,Published
MLCC,Medium Voltage,FM21N471K101PG,FM,805,NP0 (C0G); ±10%; Pd/Ag; 13-inch Reeled,100V,470 pF,,,,,,,Published
MLCC,Medium Voltage,FM21N471K101ET,FM,805,NP0 (C0G); ±10%; Ag/Ni/Sn; 7-inch Reeled,100V,470 pF,,,,,,,Published
MLCC,Medium Voltage,FM21N471K101EG,FM,805,NP0 (C0G); ±10%; Ag/Ni/Sn; 13-inch Reeled,100V,470 pF,,,,,,,Published
MLCC,Medium Voltage,FM21N472J101PT,FM,805,NP0 (C0G); ±5%; Pd/Ag; 7-inch Reeled,100V,4.7 nF,,,,,,,Published
MLCC,Medium Voltage,FM21N472J101PG,FM,805,NP0 (C0G); ±5%; Pd/Ag; 13-inch Reeled,100V,4.7 nF,,,,,,,Published
MLCC,Medium Voltage,FM21N472J101ET,FM,805,NP0 (C0G); ±5%; Ag/Ni/Sn; 7-inch Reeled,100V,4.7 nF,,,,,,,Published
MLCC,Medium Voltage,FM21N472J101EG,FM,805,NP0 (C0G); ±5%; Ag/Ni/Sn; 13-inch Reeled,100V,4.7 nF,,,,,,,Published
MLCC,Medium Voltage,FM21N472K101PT,FM,805,NP0 (C0G); ±10%; Pd/Ag; 7-inch Reeled,100V,4.7 nF,,,,,,,Published
MLCC,Medium Voltage,FM21N472K101PG,FM,805,NP0 (C0G); ±10%; Pd/Ag; 13-inch Reeled,100V,4.7 nF,,,,,,,Published
MLCC,Medium Voltage,FM21N472K101ET,FM,805,NP0 (C0G); ±10%; Ag/Ni/Sn; 7-inch Reeled,100V,4.7 nF,,,,,,,Published
MLCC,Medium Voltage,FM21N472K101EG,FM,805,NP0 (C0G); ±10%; Ag/Ni/Sn; 13-inch Reeled,100V,4.7 nF,,,,,,,Published
MLCC,Medium Voltage,FM21N473J101PT,FM,805,NP0 (C0G); ±5%; Pd/Ag; 7-inch Reeled,100V,47 nF,,,,,,,Published
MLCC,Medium Voltage,FM21N473J101PG,FM,805,NP0 (C0G); ±5%; Pd/Ag; 13-inch Reeled,100V,47 nF,,,,,,,Published
MLCC,Medium Voltage,FM21N473J101ET,FM,805,NP0 (C0G); ±5%; Ag/Ni/Sn; 7-inch Reeled,100V,47 nF,,,,,,,Published
MLCC,Medium Voltage,FM21N473J101EG,FM,805,NP0 (C0G); ±5%; Ag/Ni/Sn; 13-inch Reeled,100V,47 nF,,,,,,,Published
MLCC,Medium Voltage,FM21N473K101PT,FM,805,NP0 (C0G); ±10%; Pd/Ag; 7-inch Reeled,100V,47 nF,,,,,,,Published
MLCC,Medium Voltage,FM21N473K101PG,FM,805,NP0 (C0G); ±10%; Pd/Ag; 13-inch Reeled,100V,47 nF,,,,,,,Published
MLCC,Medium Voltage,FM21N473K101ET,FM,805,NP0 (C0G); ±10%; Ag/Ni/Sn; 7-inch Reeled,100V,47 nF,,,,,,,Published
MLCC,Medium Voltage,FM21N473K101EG,FM,805,NP0 (C0G); ±10%; Ag/Ni/Sn; 13-inch Reeled,100V,47 nF,,,,,,,Published
MLCC,Medium Voltage,FM21N474J101PT,FM,805,NP0 (C0G); ±5%; Pd/Ag; 7-inch Reeled,100V,470 nF,,,,,,,Published
MLCC,Medium Voltage,FM21N474J101PG,FM,805,NP0 (C0G); ±5%; Pd/Ag; 13-inch Reeled,100V,470 nF,,,,,,,Published
MLCC,Medium Voltage,FM21N474J101ET,FM,805,NP0 (C0G); ±5%; Ag/Ni/Sn; 7-inch Reeled,100V,470 nF,,,,,,,Published
MLCC,Medium Voltage,FM21N474J101EG,FM,805,NP0 (C0G); ±5%; Ag/Ni/Sn; 13-inch Reeled,100V,470 nF,,,,,,,Published
MLCC,Medium Voltage,FM21N474K101PT,FM,805,NP0 (C0G); ±10%; Pd/Ag; 7-inch Reeled,100V,470 nF,,,,,,,Published
MLCC,Medium Voltage,FM21N474K101PG,FM,805,NP0 (C0G); ±10%; Pd/Ag; 13-inch Reeled,100V,470 nF,,,,,,,Published
MLCC,Medium Voltage,FM21N474K101ET,FM,805,NP0 (C0G); ±10%; Ag/Ni/Sn; 7-inch Reeled,100V,470 nF,,,,,,,Published
MLCC,Medium Voltage,FM21N474K101EG,FM,805,NP0 (C0G); ±10%; Ag/Ni/Sn; 13-inch Reeled,100V,470 nF,,,,,,,Published
MLCC,Medium Voltage,FM21N680J101PT,FM,805,NP0 (C0G); ±5%; Pd/Ag; 7-inch Reeled,100V,68 pF,,,,,,,Published
MLCC,Medium Voltage,FM21N680J101PG,FM,805,NP0 (C0G); ±5%; Pd/Ag; 13-inch Reeled,100V,68 pF,,,,,,,Published
MLCC,Medium Voltage,FM21N680J101ET,FM,805,NP0 (C0G); ±5%; Ag/Ni/Sn; 7-inch Reeled,100V,68 pF,,,,,,,Published
MLCC,Medium Voltage,FM21N680J101EG,FM,805,NP0 (C0G); ±5%; Ag/Ni/Sn; 13-inch Reeled,100V,68 pF,,,,,,,Published
MLCC,Medium Voltage,FM21N680K101PT,FM,805,NP0 (C0G); ±10%; Pd/Ag; 7-inch Reeled,100V,68 pF,,,,,,,Published
MLCC,Medium Voltage,FM21N680K101PG,FM,805,NP0 (C0G); ±10%; Pd/Ag; 13-inch Reeled,100V,68 pF,,,,,,,Published
MLCC,Medium Voltage,FM21N680K101ET,FM,805,NP0 (C0G); ±10%; Ag/Ni/Sn; 7-inch Reeled,100V,68 pF,,,,,,,Published
MLCC,Medium Voltage,FM21N680K101EG,FM,805,NP0 (C0G); ±10%; Ag/Ni/Sn; 13-inch Reeled,100V,68 pF,,,,,,,Published
MLCC,Medium Voltage,FM21N681J101PT,FM,805,NP0 (C0G); ±5%; Pd/Ag; 7-inch Reeled,100V,680 pF,,,,,,,Published
MLCC,Medium Voltage,FM21N681J101PG,FM,805,NP0 (C0G); ±5%; Pd/Ag; 13-inch Reeled,100V,680 pF,,,,,,,Published
MLCC,Medium Voltage,FM21N681J101ET,FM,805,NP0 (C0G); ±5%; Ag/Ni/Sn; 7-inch Reeled,100V,680 pF,,,,,,,Published
MLCC,Medium Voltage,FM21N681J101EG,FM,805,NP0 (C0G); ±5%; Ag/Ni/Sn; 13-inch Reeled,100V,680 pF,,,,,,,Published
MLCC,Medium Voltage,FM21N681K101PT,FM,805,NP0 (C0G); ±10%; Pd/Ag; 7-inch Reeled,100V,680 pF,,,,,,,Published
MLCC,Medium Voltage,FM21N681K101PG,FM,805,NP0 (C0G); ±10%; Pd/Ag; 13-inch Reeled,100V,680 pF,,,,,,,Published
MLCC,Medium Voltage,FM21N681K101ET,FM,805,NP0 (C0G); ±10%; Ag/Ni/Sn; 7-inch Reeled,100V,680 pF,,,,,,,Published
MLCC,Medium Voltage,FM21N681K101EG,FM,805,NP0 (C0G); ±10%; Ag/Ni/Sn; 13-inch Reeled,100V,680 pF,,,,,,,Published
MLCC,Medium Voltage,FM21N682J101PT,FM,805,NP0 (C0G); ±5%; Pd/Ag; 7-inch Reeled,100V,6.8 nF,,,,,,,Published
MLCC,Medium Voltage,FM21N682J101PG,FM,805,NP0 (C0G); ±5%; Pd/Ag; 13-inch Reeled,100V,6.8 nF,,,,,,,Published
MLCC,Medium Voltage,FM21N682J101ET,FM,805,NP0 (C0G); ±5%; Ag/Ni/Sn; 7-inch Reeled,100V,6.8 nF,,,,,,,Published
MLCC,Medium Voltage,FM21N682J101EG,FM,805,NP0 (C0G); ±5%; Ag/Ni/Sn; 13-inch Reeled,100V,6.8 nF,,,,,,,Published
MLCC,Medium Voltage,FM21N682K101PT,FM,805,NP0 (C0G); ±10%; Pd/Ag; 7-inch Reeled,100V,6.8 nF,,,,,,,Published
MLCC,Medium Voltage,FM21N682K101PG,FM,805,NP0 (C0G); ±10%; Pd/Ag; 13-inch Reeled,100V,6.8 nF,,,,,,,Published
MLCC,Medium Voltage,FM21N682K101ET,FM,805,NP0 (C0G); ±10%; Ag/Ni/Sn; 7-inch Reeled,100V,6.8 nF,,,,,,,Published
MLCC,Medium Voltage,FM21N682K101EG,FM,805,NP0 (C0G); ±10%; Ag/Ni/Sn; 13-inch Reeled,100V,6.8 nF,,,,,,,Published
MLCC,Medium Voltage,FM21N683J101PT,FM,805,NP0 (C0G); ±5%; Pd/Ag; 7-inch Reeled,100V,68 nF,,,,,,,Published
MLCC,Medium Voltage,FM21N683J101PG,FM,805,NP0 (C0G); ±5%; Pd/Ag; 13-inch Reeled,100V,68 nF,,,,,,,Published
MLCC,Medium Voltage,FM21N683J101ET,FM,805,NP0 (C0G); ±5%; Ag/Ni/Sn; 7-inch Reeled,100V,68 nF,,,,,,,Published
MLCC,Medium Voltage,FM21N683J101EG,FM,805,NP0 (C0G); ±5%; Ag/Ni/Sn; 13-inch Reeled,100V,68 nF,,,,,,,Published
MLCC,Medium Voltage,FM21N683K101PT,FM,805,NP0 (C0G); ±10%; Pd/Ag; 7-inch Reeled,100V,68 nF,,,,,,,Published
MLCC,Medium Voltage,FM21N683K101PG,FM,805,NP0 (C0G); ±10%; Pd/Ag; 13-inch Reeled,100V,68 nF,,,,,,,Published
MLCC,Medium Voltage,FM21N683K101ET,FM,805,NP0 (C0G); ±10%; Ag/Ni/Sn; 7-inch Reeled,100V,68 nF,,,,,,,Published
MLCC,Medium Voltage,FM21N683K101EG,FM,805,NP0 (C0G); ±10%; Ag/Ni/Sn; 13-inch Reeled,100V,68 nF,,,,,,,Published
MLCC,Medium Voltage,FM21N684J101PT,FM,805,NP0 (C0G); ±5%; Pd/Ag; 7-inch Reeled,100V,680 nF,,,,,,,Published
MLCC,Medium Voltage,FM21N684J101PG,FM,805,NP0 (C0G); ±5%; Pd/Ag; 13-inch Reeled,100V,680 nF,,,,,,,Published
MLCC,Medium Voltage,FM21N684J101ET,FM,805,NP0 (C0G); ±5%; Ag/Ni/Sn; 7-inch Reeled,100V,680 nF,,,,,,,Published
MLCC,Medium Voltage,FM21N684J101EG,FM,805,NP0 (C0G); ±5%; Ag/Ni/Sn; 13-inch Reeled,100V,680 nF,,,,,,,Published
MLCC,Medium Voltage,FM21N684K101PT,FM,805,NP0 (C0G); ±10%; Pd/Ag; 7-inch Reeled,100V,680 nF,,,,,,,Published
MLCC,Medium Voltage,FM21N684K101PG,FM,805,NP0 (C0G); ±10%; Pd/Ag; 13-inch Reeled,100V,680 nF,,,,,,,Published
MLCC,Medium Voltage,FM21N684K101ET,FM,805,NP0 (C0G); ±10%; Ag/Ni/Sn; 7-inch Reeled,100V,680 nF,,,,,,,Published
MLCC,Medium Voltage,FM21N684K101EG,FM,805,NP0 (C0G); ±10%; Ag/Ni/Sn; 13-inch Reeled,100V,680 nF,,,,,,,Published
MLCC,Medium Voltage,FM21X100J101PT,FM,805,X7R; ±5%; Pd/Ag; 7-inch Reeled,100V,10 pF,,,,,,,Published
MLCC,Medium Voltage,FM21X100J101PG,FM,805,X7R; ±5%; Pd/Ag; 13-inch Reeled,100V,10 pF,,,,,,,Published
MLCC,Medium Voltage,FM21X100J101ET,FM,805,X7R; ±5%; Ag/Ni/Sn; 7-inch Reeled,100V,10 pF,,,,,,,Published
MLCC,Medium Voltage,FM21X100J101EG,FM,805,X7R; ±5%; Ag/Ni/Sn; 13-inch Reeled,100V,10 pF,,,,,,,Published
MLCC,Medium Voltage,FM21X100K101PT,FM,805,X7R; ±10%; Pd/Ag; 7-inch Reeled,100V,10 pF,,,,,,,Published
MLCC,Medium Voltage,FM21X100K101PG,FM,805,X7R; ±10%; Pd/Ag; 13-inch Reeled,100V,10 pF,,,,,,,Published
MLCC,Medium Voltage,FM21X100K101ET,FM,805,X7R; ±10%; Ag/Ni/Sn; 7-inch Reeled,100V,10 pF,,,,,,,Published
MLCC,Medium Voltage,FM21X100K101EG,FM,805,X7R; ±10%; Ag/Ni/Sn; 13-inch Reeled,100V,10 pF,,,,,,,Published
MLCC,Medium Voltage,FM21X100M101PT,FM,805,X7R; ±20%; Pd/Ag; 7-inch Reeled,100V,10 pF,,,,,,,Published
MLCC,Medium Voltage,FM21X100M101PG,FM,805,X7R; ±20%; Pd/Ag; 13-inch Reeled,100V,10 pF,,,,,,,Published
MLCC,Medium Voltage,FM21X100M101ET,FM,805,X7R; ±20%; Ag/Ni/Sn; 7-inch Reeled,100V,10 pF,,,,,,,Published
MLCC,Medium Voltage,FM21X100M101EG,FM,805,X7R; ±20%; Ag/Ni/Sn; 13-inch Reeled,100V,10 pF,,,,,,,Published
MLCC,Medium Voltage,FM21X101J101PT,FM,805,X7R; ±5%; Pd/Ag; 7-inch Reeled,100V,100 pF,,,,,,,Published
MLCC,Medium Voltage,FM21X101J101PG,FM,805,X7R; ±5%; Pd/Ag; 13-inch Reeled,100V,100 pF,,,,,,,Published
MLCC,Medium Voltage,FM21X101J101ET,FM,805,X7R; ±5%; Ag/Ni/Sn; 7-inch Reeled,100V,100 pF,,,,,,,Published
MLCC,Medium Voltage,FM21X101J101EG,FM,805,X7R; ±5%; Ag/Ni/Sn; 13-inch Reeled,100V,100 pF,,,,,,,Published
MLCC,Medium Voltage,FM21X101K101PT,FM,805,X7R; ±10%; Pd/Ag; 7-inch Reeled,100V,100 pF,,,,,,,Published
MLCC,Medium Voltage,FM21X101K101PG,FM,805,X7R; ±10%; Pd/Ag; 13-inch Reeled,100V,100 pF,,,,,,,Published
MLCC,Medium Voltage,FM21X101K101ET,FM,805,X7R; ±10%; Ag/Ni/Sn; 7-inch Reeled,100V,100 pF,,,,,,,Published
MLCC,Medium Voltage,FM21X101K101EG,FM,805,X7R; ±10%; Ag/Ni/Sn; 13-inch Reeled,100V,100 pF,,,,,,,Published
MLCC,Medium Voltage,FM21X101M101PT,FM,805,X7R; ±20%; Pd/Ag; 7-inch Reeled,100V,100 pF,,,,,,,Published
MLCC,Medium Voltage,FM21X101M101PG,FM,805,X7R; ±20%; Pd/Ag; 13-inch Reeled,100V,100 pF,,,,,,,Published
MLCC,Medium Voltage,FM21X101M101ET,FM,805,X7R; ±20%; Ag/Ni/Sn; 7-inch Reeled,100V,100 pF,,,,,,,Published
MLCC,Medium Voltage,FM21X101M101EG,FM,805,X7R; ±20%; Ag/Ni/Sn; 13-inch Reeled,100V,100 pF,,,,,,,Published
MLCC,Medium Voltage,FM21X102J101PT,FM,805,X7R; ±5%; Pd/Ag; 7-inch Reeled,100V,1 nF,,,,,,,Published
MLCC,Medium Voltage,FM21X102J101PG,FM,805,X7R; ±5%; Pd/Ag; 13-inch Reeled,100V,1 nF,,,,,,,Published
MLCC,Medium Voltage,FM21X102J101ET,FM,805,X7R; ±5%; Ag/Ni/Sn; 7-inch Reeled,100V,1 nF,,,,,,,Published
MLCC,Medium Voltage,FM21X102J101EG,FM,805,X7R; ±5%; Ag/Ni/Sn; 13-inch Reeled,100V,1 nF,,,,,,,Published
MLCC,Medium Voltage,FM21X102K101PT,FM,805,X7R; ±10%; Pd/Ag; 7-inch Reeled,100V,1 nF,,,,,,,Published
MLCC,Medium Voltage,FM21X102K101PG,FM,805,X7R; ±10%; Pd/Ag; 13-inch Reeled,100V,1 nF,,,,,,,Published
MLCC,Medium Voltage,FM21X102K101ET,FM,805,X7R; ±10%; Ag/Ni/Sn; 7-inch Reeled,100V,1 nF,,,,,,,Published
MLCC,Medium Voltage,FM21X102K101EG,FM,805,X7R; ±10%; Ag/Ni/Sn; 13-inch Reeled,100V,1 nF,,,,,,,Published
MLCC,Medium Voltage,FM21X102M101PT,FM,805,X7R; ±20%; Pd/Ag; 7-inch Reeled,100V,1 nF,,,,,,,Published
MLCC,Medium Voltage,FM21X102M101PG,FM,805,X7R; ±20%; Pd/Ag; 13-inch Reeled,100V,1 nF,,,,,,,Published
MLCC,Medium Voltage,FM21X102M101ET,FM,805,X7R; ±20%; Ag/Ni/Sn; 7-inch Reeled,100V,1 nF,,,,,,,Published
MLCC,Medium Voltage,FM21X102M101EG,FM,805,X7R; ±20%; Ag/Ni/Sn; 13-inch Reeled,100V,1 nF,,,,,,,Published
MLCC,Medium Voltage,FM21X103J101PT,FM,805,X7R; ±5%; Pd/Ag; 7-inch Reeled,100V,10 nF,,,,,,,Published
MLCC,Medium Voltage,FM21X103J101PG,FM,805,X7R; ±5%; Pd/Ag; 13-inch Reeled,100V,10 nF,,,,,,,Published
MLCC,Medium Voltage,FM21X103J101ET,FM,805,X7R; ±5%; Ag/Ni/Sn; 7-inch Reeled,100V,10 nF,,,,,,,Published
MLCC,Medium Voltage,FM21X103J101EG,FM,805,X7R; ±5%; Ag/Ni/Sn; 13-inch Reeled,100V,10 nF,,,,,,,Published
MLCC,Medium Voltage,FM21X103K101PT,FM,805,X7R; ±10%; Pd/Ag; 7-inch Reeled,100V,10 nF,,,,,,,Published
MLCC,Medium Voltage,FM21X103K101PG,FM,805,X7R; ±10%; Pd/Ag; 13-inch Reeled,100V,10 nF,,,,,,,Published
MLCC,Medium Voltage,FM21X103K101ET,FM,805,X7R; ±10%; Ag/Ni/Sn; 7-inch Reeled,100V,10 nF,,,,,,,Published
MLCC,Medium Voltage,FM21X103K101EG,FM,805,X7R; ±10%; Ag/Ni/Sn; 13-inch Reeled,100V,10 nF,,,,,,,Published
MLCC,Medium Voltage,FM21X103M101PT,FM,805,X7R; ±20%; Pd/Ag; 7-inch Reeled,100V,10 nF,,,,,,,Published
MLCC,Medium Voltage,FM21X103M101PG,FM,805,X7R; ±20%; Pd/Ag; 13-inch Reeled,100V,10 nF,,,,,,,Published
MLCC,Medium Voltage,FM21X103M101ET,FM,805,X7R; ±20%; Ag/Ni/Sn; 7-inch Reeled,100V,10 nF,,,,,,,Published
MLCC,Medium Voltage,FM21X103M101EG,FM,805,X7R; ±20%; Ag/Ni/Sn; 13-inch Reeled,100V,10 nF,,,,,,,Published
MLCC,Medium Voltage,FM21X104J101PT,FM,805,X7R; ±5%; Pd/Ag; 7-inch Reeled,100V,100 nF,,,,,,,Published
MLCC,Medium Voltage,FM21X104J101PG,FM,805,X7R; ±5%; Pd/Ag; 13-inch Reeled,100V,100 nF,,,,,,,Published
MLCC,Medium Voltage,FM21X104J101ET,FM,805,X7R; ±5%; Ag/Ni/Sn; 7-inch Reeled,100V,100 nF,,,,,,,Published
MLCC,Medium Voltage,FM21X104J101EG,FM,805,X7R; ±5%; Ag/Ni/Sn; 13-inch Reeled,100V,100 nF,,,,,,,Published
MLCC,Medium Voltage,FM21X104K101PT,FM,805,X7R; ±10%; Pd/Ag; 7-inch Reeled,100V,100 nF,,,,,,,Published
MLCC,Medium Voltage,FM21X104K101PG,FM,805,X7R; ±10%; Pd/Ag; 13-inch Reeled,100V,100 nF,,,,,,,Published
MLCC,Medium Voltage,FM21X104K101ET,FM,805,X7R; ±10%; Ag/Ni/Sn; 7-inch Reeled,100V,100 nF,,,,,,,Published
MLCC,Medium Voltage,FM21X104K101EG,FM,805,X7R; ±10%; Ag/Ni/Sn; 13-inch Reeled,100V,100 nF,,,,,,,Published
MLCC,Medium Voltage,FM21X104M101PT,FM,805,X7R; ±20%; Pd/Ag; 7-inch Reeled,100V,100 nF,,,,,,,Published
MLCC,Medium Voltage,FM21X104M101PG,FM,805,X7R; ±20%; Pd/Ag; 13-inch Reeled,100V,100 nF,,,,,,,Published
MLCC,Medium Voltage,FM21X104M101ET,FM,805,X7R; ±20%; Ag/Ni/Sn; 7-inch Reeled,100V,100 nF,,,,,,,Published
MLCC,Medium Voltage,FM21X104M101EG,FM,805,X7R; ±20%; Ag/Ni/Sn; 13-inch Reeled,100V,100 nF,,,,,,,Published
MLCC,Medium Voltage,FM21X150J101PT,FM,805,X7R; ±5%; Pd/Ag; 7-inch Reeled,100V,15 pF,,,,,,,Published
MLCC,Medium Voltage,FM21X150J101PG,FM,805,X7R; ±5%; Pd/Ag; 13-inch Reeled,100V,15 pF,,,,,,,Published
MLCC,Medium Voltage,FM21X150J101ET,FM,805,X7R; ±5%; Ag/Ni/Sn; 7-inch Reeled,100V,15 pF,,,,,,,Published
MLCC,Medium Voltage,FM21X150J101EG,FM,805,X7R; ±5%; Ag/Ni/Sn; 13-inch Reeled,100V,15 pF,,,,,,,Published
MLCC,Medium Voltage,FM21X150K101PT,FM,805,X7R; ±10%; Pd/Ag; 7-inch Reeled,100V,15 pF,,,,,,,Published
MLCC,Medium Voltage,FM21X150K101PG,FM,805,X7R; ±10%; Pd/Ag; 13-inch Reeled,100V,15 pF,,,,,,,Published
MLCC,Medium Voltage,FM21X150K101ET,FM,805,X7R; ±10%; Ag/Ni/Sn; 7-inch Reeled,100V,15 pF,,,,,,,Published
MLCC,Medium Voltage,FM21X150K101EG,FM,805,X7R; ±10%; Ag/Ni/Sn; 13-inch Reeled,100V,15 pF,,,,,,,Published
MLCC,Medium Voltage,FM21X150M101PT,FM,805,X7R; ±20%; Pd/Ag; 7-inch Reeled,100V,15 pF,,,,,,,Published
MLCC,Medium Voltage,FM21X150M101PG,FM,805,X7R; ±20%; Pd/Ag; 13-inch Reeled,100V,15 pF,,,,,,,Published
MLCC,Medium Voltage,FM21X150M101ET,FM,805,X7R; ±20%; Ag/Ni/Sn; 7-inch Reeled,100V,15 pF,,,,,,,Published
MLCC,Medium Voltage,FM21X150M101EG,FM,805,X7R; ±20%; Ag/Ni/Sn; 13-inch Reeled,100V,15 pF,,,,,,,Published
MLCC,Medium Voltage,FM21X151J101PT,FM,805,X7R; ±5%; Pd/Ag; 7-inch Reeled,100V,150 pF,,,,,,,Published
MLCC,Medium Voltage,FM21X151J101PG,FM,805,X7R; ±5%; Pd/Ag; 13-inch Reeled,100V,150 pF,,,,,,,Published
MLCC,Medium Voltage,FM21X151J101ET,FM,805,X7R; ±5%; Ag/Ni/Sn; 7-inch Reeled,100V,150 pF,,,,,,,Published
MLCC,Medium Voltage,FM21X151J101EG,FM,805,X7R; ±5%; Ag/Ni/Sn; 13-inch Reeled,100V,150 pF,,,,,,,Published
MLCC,Medium Voltage,FM21X151K101PT,FM,805,X7R; ±10%; Pd/Ag; 7-inch Reeled,100V,150 pF,,,,,,,Published
MLCC,Medium Voltage,FM21X151K101PG,FM,805,X7R; ±10%; Pd/Ag; 13-inch Reeled,100V,150 pF,,,,,,,Published
MLCC,Medium Voltage,FM21X151K101ET,FM,805,X7R; ±10%; Ag/Ni/Sn; 7-inch Reeled,100V,150 pF,,,,,,,Published
MLCC,Medium Voltage,FM21X151K101EG,FM,805,X7R; ±10%; Ag/Ni/Sn; 13-inch Reeled,100V,150 pF,,,,,,,Published
MLCC,Medium Voltage,FM21X151M101PT,FM,805,X7R; ±20%; Pd/Ag; 7-inch Reeled,100V,150 pF,,,,,,,Published
MLCC,Medium Voltage,FM21X151M101PG,FM,805,X7R; ±20%; Pd/Ag; 13-inch Reeled,100V,150 pF,,,,,,,Published
MLCC,Medium Voltage,FM21X151M101ET,FM,805,X7R; ±20%; Ag/Ni/Sn; 7-inch Reeled,100V,150 pF,,,,,,,Published
MLCC,Medium Voltage,FM21X151M101EG,FM,805,X7R; ±20%; Ag/Ni/Sn; 13-inch Reeled,100V,150 pF,,,,,,,Published
MLCC,Medium Voltage,FM21X152J101PT,FM,805,X7R; ±5%; Pd/Ag; 7-inch Reeled,100V,1.5 nF,,,,,,,Published
MLCC,Medium Voltage,FM21X152J101PG,FM,805,X7R; ±5%; Pd/Ag; 13-inch Reeled,100V,1.5 nF,,,,,,,Published
MLCC,Medium Voltage,FM21X152J101ET,FM,805,X7R; ±5%; Ag/Ni/Sn; 7-inch Reeled,100V,1.5 nF,,,,,,,Published
MLCC,Medium Voltage,FM21X152J101EG,FM,805,X7R; ±5%; Ag/Ni/Sn; 13-inch Reeled,100V,1.5 nF,,,,,,,Published
MLCC,Medium Voltage,FM21X152K101PT,FM,805,X7R; ±10%; Pd/Ag; 7-inch Reeled,100V,1.5 nF,,,,,,,Published
MLCC,Medium Voltage,FM21X152K101PG,FM,805,X7R; ±10%; Pd/Ag; 13-inch Reeled,100V,1.5 nF,,,,,,,Published
MLCC,Medium Voltage,FM21X152K101ET,FM,805,X7R; ±10%; Ag/Ni/Sn; 7-inch Reeled,100V,1.5 nF,,,,,,,Published
MLCC,Medium Voltage,FM21X152K101EG,FM,805,X7R; ±10%; Ag/Ni/Sn; 13-inch Reeled,100V,1.5 nF,,,,,,,Published
MLCC,Medium Voltage,FM21X152M101PT,FM,805,X7R; ±20%; Pd/Ag; 7-inch Reeled,100V,1.5 nF,,,,,,,Published
MLCC,Medium Voltage,FM21X152M101PG,FM,805,X7R; ±20%; Pd/Ag; 13-inch Reeled,100V,1.5 nF,,,,,,,Published
MLCC,Medium Voltage,FM21X152M101ET,FM,805,X7R; ±20%; Ag/Ni/Sn; 7-inch Reeled,100V,1.5 nF,,,,,,,Published
MLCC,Medium Voltage,FM21X152M101EG,FM,805,X7R; ±20%; Ag/Ni/Sn; 13-inch Reeled,100V,1.5 nF,,,,,,,Published
MLCC,Medium Voltage,FM21X153J101PT,FM,805,X7R; ±5%; Pd/Ag; 7-inch Reeled,100V,15 nF,,,,,,,Published
MLCC,Medium Voltage,FM21X153J101PG,FM,805,X7R; ±5%; Pd/Ag; 13-inch Reeled,100V,15 nF,,,,,,,Published
MLCC,Medium Voltage,FM21X153J101ET,FM,805,X7R; ±5%; Ag/Ni/Sn; 7-inch Reeled,100V,15 nF,,,,,,,Published
MLCC,Medium Voltage,FM21X153J101EG,FM,805,X7R; ±5%; Ag/Ni/Sn; 13-inch Reeled,100V,15 nF,,,,,,,Published
MLCC,Medium Voltage,FM21X153K101PT,FM,805,X7R; ±10%; Pd/Ag; 7-inch Reeled,100V,15 nF,,,,,,,Published
MLCC,Medium Voltage,FM21X153K101PG,FM,805,X7R; ±10%; Pd/Ag; 13-inch Reeled,100V,15 nF,,,,,,,Published
MLCC,Medium Voltage,FM21X153K101ET,FM,805,X7R; ±10%; Ag/Ni/Sn; 7-inch Reeled,100V,15 nF,,,,,,,Published
MLCC,Medium Voltage,FM21X153K101EG,FM,805,X7R; ±10%; Ag/Ni/Sn; 13-inch Reeled,100V,15 nF,,,,,,,Published
MLCC,Medium Voltage,FM21X153M101PT,FM,805,X7R; ±20%; Pd/Ag; 7-inch Reeled,100V,15 nF,,,,,,,Published
MLCC,Medium Voltage,FM21X153M101PG,FM,805,X7R; ±20%; Pd/Ag; 13-inch Reeled,100V,15 nF,,,,,,,Published
MLCC,Medium Voltage,FM21X153M101ET,FM,805,X7R; ±20%; Ag/Ni/Sn; 7-inch Reeled,100V,15 nF,,,,,,,Published
MLCC,Medium Voltage,FM21X153M101EG,FM,805,X7R; ±20%; Ag/Ni/Sn; 13-inch Reeled,100V,15 nF,,,,,,,Published
MLCC,Medium Voltage,FM21X154J101PT,FM,805,X7R; ±5%; Pd/Ag; 7-inch Reeled,100V,150 nF,,,,,,,Published
MLCC,Medium Voltage,FM21X154J101PG,FM,805,X7R; ±5%; Pd/Ag; 13-inch Reeled,100V,150 nF,,,,,,,Published
MLCC,Medium Voltage,FM21X154J101ET,FM,805,X7R; ±5%; Ag/Ni/Sn; 7-inch Reeled,100V,150 nF,,,,,,,Published
MLCC,Medium Voltage,FM21X154J101EG,FM,805,X7R; ±5%; Ag/Ni/Sn; 13-inch Reeled,100V,150 nF,,,,,,,Published
MLCC,Medium Voltage,FM21X154K101PT,FM,805,X7R; ±10%; Pd/Ag; 7-inch Reeled,100V,150 nF,,,,,,,Published
MLCC,Medium Voltage,FM21X154K101PG,FM,805,X7R; ±10%; Pd/Ag; 13-inch Reeled,100V,150 nF,,,,,,,Published
MLCC,Medium Voltage,FM21X154K101ET,FM,805,X7R; ±10%; Ag/Ni/Sn; 7-inch Reeled,100V,150 nF,,,,,,,Published
MLCC,Medium Voltage,FM21X154K101EG,FM,805,X7R; ±10%; Ag/Ni/Sn; 13-inch Reeled,100V,150 nF,,,,,,,Published
MLCC,Medium Voltage,FM21X154M101PT,FM,805,X7R; ±20%; Pd/Ag; 7-inch Reeled,100V,150 nF,,,,,,,Published
MLCC,Medium Voltage,FM21X154M101PG,FM,805,X7R; ±20%; Pd/Ag; 13-inch Reeled,100V,150 nF,,,,,,,Published
MLCC,Medium Voltage,FM21X154M101ET,FM,805,X7R; ±20%; Ag/Ni/Sn; 7-inch Reeled,100V,150 nF,,,,,,,Published
MLCC,Medium Voltage,FM21X154M101EG,FM,805,X7R; ±20%; Ag/Ni/Sn; 13-inch Reeled,100V,150 nF,,,,,,,Published
MLCC,Medium Voltage,FM21X220J101PT,FM,805,X7R; ±5%; Pd/Ag; 7-inch Reeled,100V,22 pF,,,,,,,Published
MLCC,Medium Voltage,FM21X220J101PG,FM,805,X7R; ±5%; Pd/Ag; 13-inch Reeled,100V,22 pF,,,,,,,Published
MLCC,Medium Voltage,FM21X220J101ET,FM,805,X7R; ±5%; Ag/Ni/Sn; 7-inch Reeled,100V,22 pF,,,,,,,Published
MLCC,Medium Voltage,FM21X220J101EG,FM,805,X7R; ±5%; Ag/Ni/Sn; 13-inch Reeled,100V,22 pF,,,,,,,Published
MLCC,Medium Voltage,FM21X220K101PT,FM,805,X7R; ±10%; Pd/Ag; 7-inch Reeled,100V,22 pF,,,,,,,Published
MLCC,Medium Voltage,FM21X220K101PG,FM,805,X7R; ±10%; Pd/Ag; 13-inch Reeled,100V,22 pF,,,,,,,Published
MLCC,Medium Voltage,FM21X220K101ET,FM,805,X7R; ±10%; Ag/Ni/Sn; 7-inch Reeled,100V,22 pF,,,,,,,Published
MLCC,Medium Voltage,FM21X220K101EG,FM,805,X7R; ±10%; Ag/Ni/Sn; 13-inch Reeled,100V,22 pF,,,,,,,Published
MLCC,Medium Voltage,FM21X220M101PT,FM,805,X7R; ±20%; Pd/Ag; 7-inch Reeled,100V,22 pF,,,,,,,Published
MLCC,Medium Voltage,FM21X220M101PG,FM,805,X7R; ±20%; Pd/Ag; 13-inch Reeled,100V,22 pF,,,,,,,Published
MLCC,Medium Voltage,FM21X220M101ET,FM,805,X7R; ±20%; Ag/Ni/Sn; 7-inch Reeled,100V,22 pF,,,,,,,Published
MLCC,Medium Voltage,FM21X220M101EG,FM,805,X7R; ±20%; Ag/Ni/Sn; 13-inch Reeled,100V,22 pF,,,,,,,Published
MLCC,Medium Voltage,FM21X221J101PT,FM,805,X7R; ±5%; Pd/Ag; 7-inch Reeled,100V,220 pF,,,,,,,Published
MLCC,Medium Voltage,FM21X221J101PG,FM,805,X7R; ±5%; Pd/Ag; 13-inch Reeled,100V,220 pF,,,,,,,Published
MLCC,Medium Voltage,FM21X221J101ET,FM,805,X7R; ±5%; Ag/Ni/Sn; 7-inch Reeled,100V,220 pF,,,,,,,Published
MLCC,Medium Voltage,FM21X221J101EG,FM,805,X7R; ±5%; Ag/Ni/Sn; 13-inch Reeled,100V,220 pF,,,,,,,Published
MLCC,Medium Voltage,FM21X221K101PT,FM,805,X7R; ±10%; Pd/Ag; 7-inch Reeled,100V,220 pF,,,,,,,Published
MLCC,Medium Voltage,FM21X221K101PG,FM,805,X7R; ±10%; Pd/Ag; 13-inch Reeled,100V,220 pF,,,,,,,Published
MLCC,Medium Voltage,FM21X221K101ET,FM,805,X7R; ±10%; Ag/Ni/Sn; 7-inch Reeled,100V,220 pF,,,,,,,Published
MLCC,Medium Voltage,FM21X221K101EG,FM,805,X7R; ±10%; Ag/Ni/Sn; 13-inch Reeled,100V,220 pF,,,,,,,Published
MLCC,Medium Voltage,FM21X221M101PT,FM,805,X7R; ±20%; Pd/Ag; 7-inch Reeled,100V,220 pF,,,,,,,Published
MLCC,Medium Voltage,FM21X221M101PG,FM,805,X7R; ±20%; Pd/Ag; 13-inch Reeled,100V,220 pF,,,,,,,Published
MLCC,Medium Voltage,FM21X221M101ET,FM,805,X7R; ±20%; Ag/Ni/Sn; 7-inch Reeled,100V,220 pF,,,,,,,Published
MLCC,Medium Voltage,FM21X221M101EG,FM,805,X7R; ±20%; Ag/Ni/Sn; 13-inch Reeled,100V,220 pF,,,,,,,Published
MLCC,Medium Voltage,FM21X222J101PT,FM,805,X7R; ±5%; Pd/Ag; 7-inch Reeled,100V,2.2 nF,,,,,,,Published
MLCC,Medium Voltage,FM21X222J101PG,FM,805,X7R; ±5%; Pd/Ag; 13-inch Reeled,100V,2.2 nF,,,,,,,Published
MLCC,Medium Voltage,FM21X222J101ET,FM,805,X7R; ±5%; Ag/Ni/Sn; 7-inch Reeled,100V,2.2 nF,,,,,,,Published
MLCC,Medium Voltage,FM21X222J101EG,FM,805,X7R; ±5%; Ag/Ni/Sn; 13-inch Reeled,100V,2.2 nF,,,,,,,Published
MLCC,Medium Voltage,FM21X222K101PT,FM,805,X7R; ±10%; Pd/Ag; 7-inch Reeled,100V,2.2 nF,,,,,,,Published
MLCC,Medium Voltage,FM21X222K101PG,FM,805,X7R; ±10%; Pd/Ag; 13-inch Reeled,100V,2.2 nF,,,,,,,Published
MLCC,Medium Voltage,FM21X222K101ET,FM,805,X7R; ±10%; Ag/Ni/Sn; 7-inch Reeled,100V,2.2 nF,,,,,,,Published
MLCC,Medium Voltage,FM21X222K101EG,FM,805,X7R; ±10%; Ag/Ni/Sn; 13-inch Reeled,100V,2.2 nF,,,,,,,Published
MLCC,Medium Voltage,FM21X222M101PT,FM,805,X7R; ±20%; Pd/Ag; 7-inch Reeled,100V,2.2 nF,,,,,,,Published
MLCC,Medium Voltage,FM21X222M101PG,FM,805,X7R; ±20%; Pd/Ag; 13-inch Reeled,100V,2.2 nF,,,,,,,Published
MLCC,Medium Voltage,FM21X222M101ET,FM,805,X7R; ±20%; Ag/Ni/Sn; 7-inch Reeled,100V,2.2 nF,,,,,,,Published
MLCC,Medium Voltage,FM21X222M101EG,FM,805,X7R; ±20%; Ag/Ni/Sn; 13-inch Reeled,100V,2.2 nF,,,,,,,Published
MLCC,Medium Voltage,FM21X223J101PT,FM,805,X7R; ±5%; Pd/Ag; 7-inch Reeled,100V,22 nF,,,,,,,Published
MLCC,Medium Voltage,FM21X223J101PG,FM,805,X7R; ±5%; Pd/Ag; 13-inch Reeled,100V,22 nF,,,,,,,Published
MLCC,Medium Voltage,FM21X223J101ET,FM,805,X7R; ±5%; Ag/Ni/Sn; 7-inch Reeled,100V,22 nF,,,,,,,Published
MLCC,Medium Voltage,FM21X223J101EG,FM,805,X7R; ±5%; Ag/Ni/Sn; 13-inch Reeled,100V,22 nF,,,,,,,Published
MLCC,Medium Voltage,FM21X223K101PT,FM,805,X7R; ±10%; Pd/Ag; 7-inch Reeled,100V,22 nF,,,,,,,Published
MLCC,Medium Voltage,FM21X223K101PG,FM,805,X7R; ±10%; Pd/Ag; 13-inch Reeled,100V,22 nF,,,,,,,Published
MLCC,Medium Voltage,FM21X223K101ET,FM,805,X7R; ±10%; Ag/Ni/Sn; 7-inch Reeled,100V,22 nF,,,,,,,Published
MLCC,Medium Voltage,FM21X223K101EG,FM,805,X7R; ±10%; Ag/Ni/Sn; 13-inch Reeled,100V,22 nF,,,,,,,Published
MLCC,Medium Voltage,FM21X223M101PT,FM,805,X7R; ±20%; Pd/Ag; 7-inch Reeled,100V,22 nF,,,,,,,Published
MLCC,Medium Voltage,FM21X223M101PG,FM,805,X7R; ±20%; Pd/Ag; 13-inch Reeled,100V,22 nF,,,,,,,Published
MLCC,Medium Voltage,FM21X223M101ET,FM,805,X7R; ±20%; Ag/Ni/Sn; 7-inch Reeled,100V,22 nF,,,,,,,Published
MLCC,Medium Voltage,FM21X223M101EG,FM,805,X7R; ±20%; Ag/Ni/Sn; 13-inch Reeled,100V,22 nF,,,,,,,Published
MLCC,Medium Voltage,FM21X224J101PT,FM,805,X7R; ±5%; Pd/Ag; 7-inch Reeled,100V,220 nF,,,,,,,Published
MLCC,Medium Voltage,FM21X224J101PG,FM,805,X7R; ±5%; Pd/Ag; 13-inch Reeled,100V,220 nF,,,,,,,Published
MLCC,Medium Voltage,FM21X224J101ET,FM,805,X7R; ±5%; Ag/Ni/Sn; 7-inch Reeled,100V,220 nF,,,,,,,Published
MLCC,Medium Voltage,FM21X224J101EG,FM,805,X7R; ±5%; Ag/Ni/Sn; 13-inch Reeled,100V,220 nF,,,,,,,Published
MLCC,Medium Voltage,FM21X224K101PT,FM,805,X7R; ±10%; Pd/Ag; 7-inch Reeled,100V,220 nF,,,,,,,Published
MLCC,Medium Voltage,FM21X224K101PG,FM,805,X7R; ±10%; Pd/Ag; 13-inch Reeled,100V,220 nF,,,,,,,Published
MLCC,Medium Voltage,FM21X224K101ET,FM,805,X7R; ±10%; Ag/Ni/Sn; 7-inch Reeled,100V,220 nF,,,,,,,Published
MLCC,Medium Voltage,FM21X224K101EG,FM,805,X7R; ±10%; Ag/Ni/Sn; 13-inch Reeled,100V,220 nF,,,,,,,Published
MLCC,Medium Voltage,FM21X224M101PT,FM,805,X7R; ±20%; Pd/Ag; 7-inch Reeled,100V,220 nF,,,,,,,Published
MLCC,Medium Voltage,FM21X224M101PG,FM,805,X7R; ±20%; Pd/Ag; 13-inch Reeled,100V,220 nF,,,,,,,Published
MLCC,Medium Voltage,FM21X224M101ET,FM,805,X7R; ±20%; Ag/Ni/Sn; 7-inch Reeled,100V,220 nF,,,,,,,Published
MLCC,Medium Voltage,FM21X224M101EG,FM,805,X7R; ±20%; Ag/Ni/Sn; 13-inch Reeled,100V,220 nF,,,,,,,Published
MLCC,Medium Voltage,FM21X330J101PT,FM,805,X7R; ±5%; Pd/Ag; 7-inch Reeled,100V,33 pF,,,,,,,Published
MLCC,Medium Voltage,FM21X330J101PG,FM,805,X7R; ±5%; Pd/Ag; 13-inch Reeled,100V,33 pF,,,,,,,Published
MLCC,Medium Voltage,FM21X330J101ET,FM,805,X7R; ±5%; Ag/Ni/Sn; 7-inch Reeled,100V,33 pF,,,,,,,Published
MLCC,Medium Voltage,FM21X330J101EG,FM,805,X7R; ±5%; Ag/Ni/Sn; 13-inch Reeled,100V,33 pF,,,,,,,Published
MLCC,Medium Voltage,FM21X330K101PT,FM,805,X7R; ±10%; Pd/Ag; 7-inch Reeled,100V,33 pF,,,,,,,Published
MLCC,Medium Voltage,FM21X330K101PG,FM,805,X7R; ±10%; Pd/Ag; 13-inch Reeled,100V,33 pF,,,,,,,Published
MLCC,Medium Voltage,FM21X330K101ET,FM,805,X7R; ±10%; Ag/Ni/Sn; 7-inch Reeled,100V,33 pF,,,,,,,Published
MLCC,Medium Voltage,FM21X330K101EG,FM,805,X7R; ±10%; Ag/Ni/Sn; 13-inch Reeled,100V,33 pF,,,,,,,Published
MLCC,Medium Voltage,FM21X330M101PT,FM,805,X7R; ±20%; Pd/Ag; 7-inch Reeled,100V,33 pF,,,,,,,Published
MLCC,Medium Voltage,FM21X330M101PG,FM,805,X7R; ±20%; Pd/Ag; 13-inch Reeled,100V,33 pF,,,,,,,Published
MLCC,Medium Voltage,FM21X330M101ET,FM,805,X7R; ±20%; Ag/Ni/Sn; 7-inch Reeled,100V,33 pF,,,,,,,Published
MLCC,Medium Voltage,FM21X330M101EG,FM,805,X7R; ±20%; Ag/Ni/Sn; 13-inch Reeled,100V,33 pF,,,,,,,Published
MLCC,Medium Voltage,FM21X331J101PT,FM,805,X7R; ±5%; Pd/Ag; 7-inch Reeled,100V,330 pF,,,,,,,Published
MLCC,Medium Voltage,FM21X331J101PG,FM,805,X7R; ±5%; Pd/Ag; 13-inch Reeled,100V,330 pF,,,,,,,Published
MLCC,Medium Voltage,FM21X331J101ET,FM,805,X7R; ±5%; Ag/Ni/Sn; 7-inch Reeled,100V,330 pF,,,,,,,Published
MLCC,Medium Voltage,FM21X331J101EG,FM,805,X7R; ±5%; Ag/Ni/Sn; 13-inch Reeled,100V,330 pF,,,,,,,Published
MLCC,Medium Voltage,FM21X331K101PT,FM,805,X7R; ±10%; Pd/Ag; 7-inch Reeled,100V,330 pF,,,,,,,Published
MLCC,Medium Voltage,FM21X331K101PG,FM,805,X7R; ±10%; Pd/Ag; 13-inch Reeled,100V,330 pF,,,,,,,Published
MLCC,Medium Voltage,FM21X331K101ET,FM,805,X7R; ±10%; Ag/Ni/Sn; 7-inch Reeled,100V,330 pF,,,,,,,Published
MLCC,Medium Voltage,FM21X331K101EG,FM,805,X7R; ±10%; Ag/Ni/Sn; 13-inch Reeled,100V,330 pF,,,,,,,Published
MLCC,Medium Voltage,FM21X331M101PT,FM,805,X7R; ±20%; Pd/Ag; 7-inch Reeled,100V,330 pF,,,,,,,Published
MLCC,Medium Voltage,FM21X331M101PG,FM,805,X7R; ±20%; Pd/Ag; 13-inch Reeled,100V,330 pF,,,,,,,Published
MLCC,Medium Voltage,FM21X331M101ET,FM,805,X7R; ±20%; Ag/Ni/Sn; 7-inch Reeled,100V,330 pF,,,,,,,Published
MLCC,Medium Voltage,FM21X331M101EG,FM,805,X7R; ±20%; Ag/Ni/Sn; 13-inch Reeled,100V,330 pF,,,,,,,Published
MLCC,Medium Voltage,FM21X332J101PT,FM,805,X7R; ±5%; Pd/Ag; 7-inch Reeled,100V,3.3 nF,,,,,,,Published
MLCC,Medium Voltage,FM21X332J101PG,FM,805,X7R; ±5%; Pd/Ag; 13-inch Reeled,100V,3.3 nF,,,,,,,Published
MLCC,Medium Voltage,FM21X332J101ET,FM,805,X7R; ±5%; Ag/Ni/Sn; 7-inch Reeled,100V,3.3 nF,,,,,,,Published
MLCC,Medium Voltage,FM21X332J101EG,FM,805,X7R; ±5%; Ag/Ni/Sn; 13-inch Reeled,100V,3.3 nF,,,,,,,Published
MLCC,Medium Voltage,FM21X332K101PT,FM,805,X7R; ±10%; Pd/Ag; 7-inch Reeled,100V,3.3 nF,,,,,,,Published
MLCC,Medium Voltage,FM21X332K101PG,FM,805,X7R; ±10%; Pd/Ag; 13-inch Reeled,100V,3.3 nF,,,,,,,Published
MLCC,Medium Voltage,FM21X332K101ET,FM,805,X7R; ±10%; Ag/Ni/Sn; 7-inch Reeled,100V,3.3 nF,,,,,,,Published
MLCC,Medium Voltage,FM21X332K101EG,FM,805,X7R; ±10%; Ag/Ni/Sn; 13-inch Reeled,100V,3.3 nF,,,,,,,Published
MLCC,Medium Voltage,FM21X332M101PT,FM,805,X7R; ±20%; Pd/Ag; 7-inch Reeled,100V,3.3 nF,,,,,,,Published
MLCC,Medium Voltage,FM21X332M101PG,FM,805,X7R; ±20%; Pd/Ag; 13-inch Reeled,100V,3.3 nF,,,,,,,Published
MLCC,Medium Voltage,FM21X332M101ET,FM,805,X7R; ±20%; Ag/Ni/Sn; 7-inch Reeled,100V,3.3 nF,,,,,,,Published
MLCC,Medium Voltage,FM21X332M101EG,FM,805,X7R; ±20%; Ag/Ni/Sn; 13-inch Reeled,100V,3.3 nF,,,,,,,Published
MLCC,Medium Voltage,FM21X333J101PT,FM,805,X7R; ±5%; Pd/Ag; 7-inch Reeled,100V,33 nF,,,,,,,Published
MLCC,Medium Voltage,FM21X333J101PG,FM,805,X7R; ±5%; Pd/Ag; 13-inch Reeled,100V,33 nF,,,,,,,Published
MLCC,Medium Voltage,FM21X333J101ET,FM,805,X7R; ±5%; Ag/Ni/Sn; 7-inch Reeled,100V,33 nF,,,,,,,Published
MLCC,Medium Voltage,FM21X333J101EG,FM,805,X7R; ±5%; Ag/Ni/Sn; 13-inch Reeled,100V,33 nF,,,,,,,Published
MLCC,Medium Voltage,FM21X333K101PT,FM,805,X7R; ±10%; Pd/Ag; 7-inch Reeled,100V,33 nF,,,,,,,Published
MLCC,Medium Voltage,FM21X333K101PG,FM,805,X7R; ±10%; Pd/Ag; 13-inch Reeled,100V,33 nF,,,,,,,Published
MLCC,Medium Voltage,FM21X333K101ET,FM,805,X7R; ±10%; Ag/Ni/Sn; 7-inch Reeled,100V,33 nF,,,,,,,Published
MLCC,Medium Voltage,FM21X333K101EG,FM,805,X7R; ±10%; Ag/Ni/Sn; 13-inch Reeled,100V,33 nF,,,,,,,Published
MLCC,Medium Voltage,FM21X333M101PT,FM,805,X7R; ±20%; Pd/Ag; 7-inch Reeled,100V,33 nF,,,,,,,Published
MLCC,Medium Voltage,FM21X333M101PG,FM,805,X7R; ±20%; Pd/Ag; 13-inch Reeled,100V,33 nF,,,,,,,Published
MLCC,Medium Voltage,FM21X333M101ET,FM,805,X7R; ±20%; Ag/Ni/Sn; 7-inch Reeled,100V,33 nF,,,,,,,Published
MLCC,Medium Voltage,FM21X333M101EG,FM,805,X7R; ±20%; Ag/Ni/Sn; 13-inch Reeled,100V,33 nF,,,,,,,Published
MLCC,Medium Voltage,FM21X334J101PT,FM,805,X7R; ±5%; Pd/Ag; 7-inch Reeled,100V,330 nF,,,,,,,Published
MLCC,Medium Voltage,FM21X334J101PG,FM,805,X7R; ±5%; Pd/Ag; 13-inch Reeled,100V,330 nF,,,,,,,Published
MLCC,Medium Voltage,FM21X334J101ET,FM,805,X7R; ±5%; Ag/Ni/Sn; 7-inch Reeled,100V,330 nF,,,,,,,Published
MLCC,Medium Voltage,FM21X334J101EG,FM,805,X7R; ±5%; Ag/Ni/Sn; 13-inch Reeled,100V,330 nF,,,,,,,Published
MLCC,Medium Voltage,FM21X334K101PT,FM,805,X7R; ±10%; Pd/Ag; 7-inch Reeled,100V,330 nF,,,,,,,Published
MLCC,Medium Voltage,FM21X334K101PG,FM,805,X7R; ±10%; Pd/Ag; 13-inch Reeled,100V,330 nF,,,,,,,Published
MLCC,Medium Voltage,FM21X334K101ET,FM,805,X7R; ±10%; Ag/Ni/Sn; 7-inch Reeled,100V,330 nF,,,,,,,Published
MLCC,Medium Voltage,FM21X334K101EG,FM,805,X7R; ±10%; Ag/Ni/Sn; 13-inch Reeled,100V,330 nF,,,,,,,Published
MLCC,Medium Voltage,FM21X334M101PT,FM,805,X7R; ±20%; Pd/Ag; 7-inch Reeled,100V,330 nF,,,,,,,Published
MLCC,Medium Voltage,FM21X334M101PG,FM,805,X7R; ±20%; Pd/Ag; 13-inch Reeled,100V,330 nF,,,,,,,Published
MLCC,Medium Voltage,FM21X334M101ET,FM,805,X7R; ±20%; Ag/Ni/Sn; 7-inch Reeled,100V,330 nF,,,,,,,Published
MLCC,Medium Voltage,FM21X334M101EG,FM,805,X7R; ±20%; Ag/Ni/Sn; 13-inch Reeled,100V,330 nF,,,,,,,Published
MLCC,Medium Voltage,FM21X470J101PT,FM,805,X7R; ±5%; Pd/Ag; 7-inch Reeled,100V,47 pF,,,,,,,Published
MLCC,Medium Voltage,FM21X470J101PG,FM,805,X7R; ±5%; Pd/Ag; 13-inch Reeled,100V,47 pF,,,,,,,Published
MLCC,Medium Voltage,FM21X470J101ET,FM,805,X7R; ±5%; Ag/Ni/Sn; 7-inch Reeled,100V,47 pF,,,,,,,Published
MLCC,Medium Voltage,FM21X470J101EG,FM,805,X7R; ±5%; Ag/Ni/Sn; 13-inch Reeled,100V,47 pF,,,,,,,Published
MLCC,Medium Voltage,FM21X470K101PT,FM,805,X7R; ±10%; Pd/Ag; 7-inch Reeled,100V,47 pF,,,,,,,Published
MLCC,Medium Voltage,FM21X470K101PG,FM,805,X7R; ±10%; Pd/Ag; 13-inch Reeled,100V,47 pF,,,,,,,Published
MLCC,Medium Voltage,FM21X470K101ET,FM,805,X7R; ±10%; Ag/Ni/Sn; 7-inch Reeled,100V,47 pF,,,,,,,Published
MLCC,Medium Voltage,FM21X470K101EG,FM,805,X7R; ±10%; Ag/Ni/Sn; 13-inch Reeled,100V,47 pF,,,,,,,Published
MLCC,Medium Voltage,FM21X470M101PT,FM,805,X7R; ±20%; Pd/Ag; 7-inch Reeled,100V,47 pF,,,,,,,Published
MLCC,Medium Voltage,FM21X470M101PG,FM,805,X7R; ±20%; Pd/Ag; 13-inch Reeled,100V,47 pF,,,,,,,Published
MLCC,Medium Voltage,FM21X470M101ET,FM,805,X7R; ±20%; Ag/Ni/Sn; 7-inch Reeled,100V,47 pF,,,,,,,Published
MLCC,Medium Voltage,FM21X470M101EG,FM,805,X7R; ±20%; Ag/Ni/Sn; 13-inch Reeled,100V,47 pF,,,,,,,Published
MLCC,Medium Voltage,FM21X471J101PT,FM,805,X7R; ±5%; Pd/Ag; 7-inch Reeled,100V,470 pF,,,,,,,Published
MLCC,Medium Voltage,FM21X471J101PG,FM,805,X7R; ±5%; Pd/Ag; 13-inch Reeled,100V,470 pF,,,,,,,Published
MLCC,Medium Voltage,FM21X471J101ET,FM,805,X7R; ±5%; Ag/Ni/Sn; 7-inch Reeled,100V,470 pF,,,,,,,Published
MLCC,Medium Voltage,FM21X471J101EG,FM,805,X7R; ±5%; Ag/Ni/Sn; 13-inch Reeled,100V,470 pF,,,,,,,Published
MLCC,Medium Voltage,FM21X471K101PT,FM,805,X7R; ±10%; Pd/Ag; 7-inch Reeled,100V,470 pF,,,,,,,Published
MLCC,Medium Voltage,FM21X471K101PG,FM,805,X7R; ±10%; Pd/Ag; 13-inch Reeled,100V,470 pF,,,,,,,Published
MLCC,Medium Voltage,FM21X471K101ET,FM,805,X7R; ±10%; Ag/Ni/Sn; 7-inch Reeled,100V,470 pF,,,,,,,Published
MLCC,Medium Voltage,FM21X471K101EG,FM,805,X7R; ±10%; Ag/Ni/Sn; 13-inch Reeled,100V,470 pF,,,,,,,Published
MLCC,Medium Voltage,FM21X471M101PT,FM,805,X7R; ±20%; Pd/Ag; 7-inch Reeled,100V,470 pF,,,,,,,Published
MLCC,Medium Voltage,FM21X471M101PG,FM,805,X7R; ±20%; Pd/Ag; 13-inch Reeled,100V,470 pF,,,,,,,Published
MLCC,Medium Voltage,FM21X471M101ET,FM,805,X7R; ±20%; Ag/Ni/Sn; 7-inch Reeled,100V,470 pF,,,,,,,Published
MLCC,Medium Voltage,FM21X471M101EG,FM,805,X7R; ±20%; Ag/Ni/Sn; 13-inch Reeled,100V,470 pF,,,,,,,Published
MLCC,Medium Voltage,FM21X472J101PT,FM,805,X7R; ±5%; Pd/Ag; 7-inch Reeled,100V,4.7 nF,,,,,,,Published
MLCC,Medium Voltage,FM21X472J101PG,FM,805,X7R; ±5%; Pd/Ag; 13-inch Reeled,100V,4.7 nF,,,,,,,Published
MLCC,Medium Voltage,FM21X472J101ET,FM,805,X7R; ±5%; Ag/Ni/Sn; 7-inch Reeled,100V,4.7 nF,,,,,,,Published
MLCC,Medium Voltage,FM21X472J101EG,FM,805,X7R; ±5%; Ag/Ni/Sn; 13-inch Reeled,100V,4.7 nF,,,,,,,Published
MLCC,Medium Voltage,FM21X472K101PT,FM,805,X7R; ±10%; Pd/Ag; 7-inch Reeled,100V,4.7 nF,,,,,,,Published
MLCC,Medium Voltage,FM21X472K101PG,FM,805,X7R; ±10%; Pd/Ag; 13-inch Reeled,100V,4.7 nF,,,,,,,Published
MLCC,Medium Voltage,FM21X472K101ET,FM,805,X7R; ±10%; Ag/Ni/Sn; 7-inch Reeled,100V,4.7 nF,,,,,,,Published
MLCC,Medium Voltage,FM21X472K101EG,FM,805,X7R; ±10%; Ag/Ni/Sn; 13-inch Reeled,100V,4.7 nF,,,,,,,Published
MLCC,Medium Voltage,FM21X472M101PT,FM,805,X7R; ±20%; Pd/Ag; 7-inch Reeled,100V,4.7 nF,,,,,,,Published
MLCC,Medium Voltage,FM21X472M101PG,FM,805,X7R; ±20%; Pd/Ag; 13-inch Reeled,100V,4.7 nF,,,,,,,Published
MLCC,Medium Voltage,FM21X472M101ET,FM,805,X7R; ±20%; Ag/Ni/Sn; 7-inch Reeled,100V,4.7 nF,,,,,,,Published
MLCC,Medium Voltage,FM21X472M101EG,FM,805,X7R; ±20%; Ag/Ni/Sn; 13-inch Reeled,100V,4.7 nF,,,,,,,Published
MLCC,Medium Voltage,FM21X473J101PT,FM,805,X7R; ±5%; Pd/Ag; 7-inch Reeled,100V,47 nF,,,,,,,Published
MLCC,Medium Voltage,FM21X473J101PG,FM,805,X7R; ±5%; Pd/Ag; 13-inch Reeled,100V,47 nF,,,,,,,Published
MLCC,Medium Voltage,FM21X473J101ET,FM,805,X7R; ±5%; Ag/Ni/Sn; 7-inch Reeled,100V,47 nF,,,,,,,Published
MLCC,Medium Voltage,FM21X473J101EG,FM,805,X7R; ±5%; Ag/Ni/Sn; 13-inch Reeled,100V,47 nF,,,,,,,Published
MLCC,Medium Voltage,FM21X473K101PT,FM,805,X7R; ±10%; Pd/Ag; 7-inch Reeled,100V,47 nF,,,,,,,Published
MLCC,Medium Voltage,FM21X473K101PG,FM,805,X7R; ±10%; Pd/Ag; 13-inch Reeled,100V,47 nF,,,,,,,Published
MLCC,Medium Voltage,FM21X473K101ET,FM,805,X7R; ±10%; Ag/Ni/Sn; 7-inch Reeled,100V,47 nF,,,,,,,Published
MLCC,Medium Voltage,FM21X473K101EG,FM,805,X7R; ±10%; Ag/Ni/Sn; 13-inch Reeled,100V,47 nF,,,,,,,Published
MLCC,Medium Voltage,FM21X473M101PT,FM,805,X7R; ±20%; Pd/Ag; 7-inch Reeled,100V,47 nF,,,,,,,Published
MLCC,Medium Voltage,FM21X473M101PG,FM,805,X7R; ±20%; Pd/Ag; 13-inch Reeled,100V,47 nF,,,,,,,Published
MLCC,Medium Voltage,FM21X473M101ET,FM,805,X7R; ±20%; Ag/Ni/Sn; 7-inch Reeled,100V,47 nF,,,,,,,Published
MLCC,Medium Voltage,FM21X473M101EG,FM,805,X7R; ±20%; Ag/Ni/Sn; 13-inch Reeled,100V,47 nF,,,,,,,Published
MLCC,Medium Voltage,FM21X474J101PT,FM,805,X7R; ±5%; Pd/Ag; 7-inch Reeled,100V,470 nF,,,,,,,Published
MLCC,Medium Voltage,FM21X474J101PG,FM,805,X7R; ±5%; Pd/Ag; 13-inch Reeled,100V,470 nF,,,,,,,Published
MLCC,Medium Voltage,FM21X474J101ET,FM,805,X7R; ±5%; Ag/Ni/Sn; 7-inch Reeled,100V,470 nF,,,,,,,Published
MLCC,Medium Voltage,FM21X474J101EG,FM,805,X7R; ±5%; Ag/Ni/Sn; 13-inch Reeled,100V,470 nF,,,,,,,Published
MLCC,Medium Voltage,FM21X474K101PT,FM,805,X7R; ±10%; Pd/Ag; 7-inch Reeled,100V,470 nF,,,,,,,Published
MLCC,Medium Voltage,FM21X474K101PG,FM,805,X7R; ±10%; Pd/Ag; 13-inch Reeled,100V,470 nF,,,,,,,Published
MLCC,Medium Voltage,FM21X474K101ET,FM,805,X7R; ±10%; Ag/Ni/Sn; 7-inch Reeled,100V,470 nF,,,,,,,Published
MLCC,Medium Voltage,FM21X474K101EG,FM,805,X7R; ±10%; Ag/Ni/Sn; 13-inch Reeled,100V,470 nF,,,,,,,Published
MLCC,Medium Voltage,FM21X474M101PT,FM,805,X7R; ±20%; Pd/Ag; 7-inch Reeled,100V,470 nF,,,,,,,Published
MLCC,Medium Voltage,FM21X474M101PG,FM,805,X7R; ±20%; Pd/Ag; 13-inch Reeled,100V,470 nF,,,,,,,Published
MLCC,Medium Voltage,FM21X474M101ET,FM,805,X7R; ±20%; Ag/Ni/Sn; 7-inch Reeled,100V,470 nF,,,,,,,Published
MLCC,Medium Voltage,FM21X474M101EG,FM,805,X7R; ±20%; Ag/Ni/Sn; 13-inch Reeled,100V,470 nF,,,,,,,Published
MLCC,Medium Voltage,FM21X680J101PT,FM,805,X7R; ±5%; Pd/Ag; 7-inch Reeled,100V,68 pF,,,,,,,Published
MLCC,Medium Voltage,FM21X680J101PG,FM,805,X7R; ±5%; Pd/Ag; 13-inch Reeled,100V,68 pF,,,,,,,Published
MLCC,Medium Voltage,FM21X680J101ET,FM,805,X7R; ±5%; Ag/Ni/Sn; 7-inch Reeled,100V,68 pF,,,,,,,Published
MLCC,Medium Voltage,FM21X680J101EG,FM,805,X7R; ±5%; Ag/Ni/Sn; 13-inch Reeled,100V,68 pF,,,,,,,Published
MLCC,Medium Voltage,FM21X680K101PT,FM,805,X7R; ±10%; Pd/Ag; 7-inch Reeled,100V,68 pF,,,,,,,Published
MLCC,Medium Voltage,FM21X680K101PG,FM,805,X7R; ±10%; Pd/Ag; 13-inch Reeled,100V,68 pF,,,,,,,Published
MLCC,Medium Voltage,FM21X680K101ET,FM,805,X7R; ±10%; Ag/Ni/Sn; 7-inch Reeled,100V,68 pF,,,,,,,Published
MLCC,Medium Voltage,FM21X680K101EG,FM,805,X7R; ±10%; Ag/Ni/Sn; 13-inch Reeled,100V,68 pF,,,,,,,Published
MLCC,Medium Voltage,FM21X680M101PT,FM,805,X7R; ±20%; Pd/Ag; 7-inch Reeled,100V,68 pF,,,,,,,Published
MLCC,Medium Voltage,FM21X680M101PG,FM,805,X7R; ±20%; Pd/Ag; 13-inch Reeled,100V,68 pF,,,,,,,Published
MLCC,Medium Voltage,FM21X680M101ET,FM,805,X7R; ±20%; Ag/Ni/Sn; 7-inch Reeled,100V,68 pF,,,,,,,Published
MLCC,Medium Voltage,FM21X680M101EG,FM,805,X7R; ±20%; Ag/Ni/Sn; 13-inch Reeled,100V,68 pF,,,,,,,Published
MLCC,Medium Voltage,FM21X681J101PT,FM,805,X7R; ±5%; Pd/Ag; 7-inch Reeled,100V,680 pF,,,,,,,Published
MLCC,Medium Voltage,FM21X681J101PG,FM,805,X7R; ±5%; Pd/Ag; 13-inch Reeled,100V,680 pF,,,,,,,Published
MLCC,Medium Voltage,FM21X681J101ET,FM,805,X7R; ±5%; Ag/Ni/Sn; 7-inch Reeled,100V,680 pF,,,,,,,Published
MLCC,Medium Voltage,FM21X681J101EG,FM,805,X7R; ±5%; Ag/Ni/Sn; 13-inch Reeled,100V,680 pF,,,,,,,Published
MLCC,Medium Voltage,FM21X681K101PT,FM,805,X7R; ±10%; Pd/Ag; 7-inch Reeled,100V,680 pF,,,,,,,Published
MLCC,Medium Voltage,FM21X681K101PG,FM,805,X7R; ±10%; Pd/Ag; 13-inch Reeled,100V,680 pF,,,,,,,Published
MLCC,Medium Voltage,FM21X681K101ET,FM,805,X7R; ±10%; Ag/Ni/Sn; 7-inch Reeled,100V,680 pF,,,,,,,Published
MLCC,Medium Voltage,FM21X681K101EG,FM,805,X7R; ±10%; Ag/Ni/Sn; 13-inch Reeled,100V,680 pF,,,,,,,Published
MLCC,Medium Voltage,FM21X681M101PT,FM,805,X7R; ±20%; Pd/Ag; 7-inch Reeled,100V,680 pF,,,,,,,Published
MLCC,Medium Voltage,FM21X681M101PG,FM,805,X7R; ±20%; Pd/Ag; 13-inch Reeled,100V,680 pF,,,,,,,Published
MLCC,Medium Voltage,FM21X681M101ET,FM,805,X7R; ±20%; Ag/Ni/Sn; 7-inch Reeled,100V,680 pF,,,,,,,Published
MLCC,Medium Voltage,FM21X681M101EG,FM,805,X7R; ±20%; Ag/Ni/Sn; 13-inch Reeled,100V,680 pF,,,,,,,Published
MLCC,Medium Voltage,FM21X682J101PT,FM,805,X7R; ±5%; Pd/Ag; 7-inch Reeled,100V,6.8 nF,,,,,,,Published
MLCC,Medium Voltage,FM21X682J101PG,FM,805,X7R; ±5%; Pd/Ag; 13-inch Reeled,100V,6.8 nF,,,,,,,Published
MLCC,Medium Voltage,FM21X682J101ET,FM,805,X7R; ±5%; Ag/Ni/Sn; 7-inch Reeled,100V,6.8 nF,,,,,,,Published
MLCC,Medium Voltage,FM21X682J101EG,FM,805,X7R; ±5%; Ag/Ni/Sn; 13-inch Reeled,100V,6.8 nF,,,,,,,Published
MLCC,Medium Voltage,FM21X682K101PT,FM,805,X7R; ±10%; Pd/Ag; 7-inch Reeled,100V,6.8 nF,,,,,,,Published
MLCC,Medium Voltage,FM21X682K101PG,FM,805,X7R; ±10%; Pd/Ag; 13-inch Reeled,100V,6.8 nF,,,,,,,Published
MLCC,Medium Voltage,FM21X682K101ET,FM,805,X7R; ±10%; Ag/Ni/Sn; 7-inch Reeled,100V,6.8 nF,,,,,,,Published
MLCC,Medium Voltage,FM21X682K101EG,FM,805,X7R; ±10%; Ag/Ni/Sn; 13-inch Reeled,100V,6.8 nF,,,,,,,Published
MLCC,Medium Voltage,FM21X682M101PT,FM,805,X7R; ±20%; Pd/Ag; 7-inch Reeled,100V,6.8 nF,,,,,,,Published
MLCC,Medium Voltage,FM21X682M101PG,FM,805,X7R; ±20%; Pd/Ag; 13-inch Reeled,100V,6.8 nF,,,,,,,Published
MLCC,Medium Voltage,FM21X682M101ET,FM,805,X7R; ±20%; Ag/Ni/Sn; 7-inch Reeled,100V,6.8 nF,,,,,,,Published
MLCC,Medium Voltage,FM21X682M101EG,FM,805,X7R; ±20%; Ag/Ni/Sn; 13-inch Reeled,100V,6.8 nF,,,,,,,Published
MLCC,Medium Voltage,FM21X683J101PT,FM,805,X7R; ±5%; Pd/Ag; 7-inch Reeled,100V,68 nF,,,,,,,Published
MLCC,Medium Voltage,FM21X683J101PG,FM,805,X7R; ±5%; Pd/Ag; 13-inch Reeled,100V,68 nF,,,,,,,Published
MLCC,Medium Voltage,FM21X683J101ET,FM,805,X7R; ±5%; Ag/Ni/Sn; 7-inch Reeled,100V,68 nF,,,,,,,Published
MLCC,Medium Voltage,FM21X683J101EG,FM,805,X7R; ±5%; Ag/Ni/Sn; 13-inch Reeled,100V,68 nF,,,,,,,Published
MLCC,Medium Voltage,FM21X683K101PT,FM,805,X7R; ±10%; Pd/Ag; 7-inch Reeled,100V,68 nF,,,,,,,Published
MLCC,Medium Voltage,FM21X683K101PG,FM,805,X7R; ±10%; Pd/Ag; 13-inch Reeled,100V,68 nF,,,,,,,Published
MLCC,Medium Voltage,FM21X683K101ET,FM,805,X7R; ±10%; Ag/Ni/Sn; 7-inch Reeled,100V,68 nF,,,,,,,Published
MLCC,Medium Voltage,FM21X683K101EG,FM,805,X7R; ±10%; Ag/Ni/Sn; 13-inch Reeled,100V,68 nF,,,,,,,Published
MLCC,Medium Voltage,FM21X683M101PT,FM,805,X7R; ±20%; Pd/Ag; 7-inch Reeled,100V,68 nF,,,,,,,Published
MLCC,Medium Voltage,FM21X683M101PG,FM,805,X7R; ±20%; Pd/Ag; 13-inch Reeled,100V,68 nF,,,,,,,Published
MLCC,Medium Voltage,FM21X683M101ET,FM,805,X7R; ±20%; Ag/Ni/Sn; 7-inch Reeled,100V,68 nF,,,,,,,Published
MLCC,Medium Voltage,FM21X683M101EG,FM,805,X7R; ±20%; Ag/Ni/Sn; 13-inch Reeled,100V,68 nF,,,,,,,Published
MLCC,Medium Voltage,FM21X684J101PT,FM,805,X7R; ±5%; Pd/Ag; 7-inch Reeled,100V,680 nF,,,,,,,Published
MLCC,Medium Voltage,FM21X684J101PG,FM,805,X7R; ±5%; Pd/Ag; 13-inch Reeled,100V,680 nF,,,,,,,Published
MLCC,Medium Voltage,FM21X684J101ET,FM,805,X7R; ±5%; Ag/Ni/Sn; 7-inch Reeled,100V,680 nF,,,,,,,Published
MLCC,Medium Voltage,FM21X684J101EG,FM,805,X7R; ±5%; Ag/Ni/Sn; 13-inch Reeled,100V,680 nF,,,,,,,Published
MLCC,Medium Voltage,FM21X684K101PT,FM,805,X7R; ±10%; Pd/Ag; 7-inch Reeled,100V,680 nF,,,,,,,Published
MLCC,Medium Voltage,FM21X684K101PG,FM,805,X7R; ±10%; Pd/Ag; 13-inch Reeled,100V,680 nF,,,,,,,Published
MLCC,Medium Voltage,FM21X684K101ET,FM,805,X7R; ±10%; Ag/Ni/Sn; 7-inch Reeled,100V,680 nF,,,,,,,Published
MLCC,Medium Voltage,FM21X684K101EG,FM,805,X7R; ±10%; Ag/Ni/Sn; 13-inch Reeled,100V,680 nF,,,,,,,Published
MLCC,Medium Voltage,FM21X684M101PT,FM,805,X7R; ±20%; Pd/Ag; 7-inch Reeled,100V,680 nF,,,,,,,Published
MLCC,Medium Voltage,FM21X684M101PG,FM,805,X7R; ±20%; Pd/Ag; 13-inch Reeled,100V,680 nF,,,,,,,Published
MLCC,Medium Voltage,FM21X684M101ET,FM,805,X7R; ±20%; Ag/Ni/Sn; 7-inch Reeled,100V,680 nF,,,,,,,Published
MLCC,Medium Voltage,FM21X684M101EG,FM,805,X7R; ±20%; Ag/Ni/Sn; 13-inch Reeled,100V,680 nF,,,,,,,Published
MLCC,Medium Voltage,FM31N100J101PT,FM,1206,NP0 (C0G); ±5%; Pd/Ag; 7-inch Reeled,100V,10 pF,,,,,,,Published
MLCC,Medium Voltage,FM31N100J101PG,FM,1206,NP0 (C0G); ±5%; Pd/Ag; 13-inch Reeled,100V,10 pF,,,,,,,Published
MLCC,Medium Voltage,FM31N100J101ET,FM,1206,NP0 (C0G); ±5%; Ag/Ni/Sn; 7-inch Reeled,100V,10 pF,,,,,,,Published
MLCC,Medium Voltage,FM31N100J101EG,FM,1206,NP0 (C0G); ±5%; Ag/Ni/Sn; 13-inch Reeled,100V,10 pF,,,,,,,Published
MLCC,Medium Voltage,FM31N100K101PT,FM,1206,NP0 (C0G); ±10%; Pd/Ag; 7-inch Reeled,100V,10 pF,,,,,,,Published
MLCC,Medium Voltage,FM31N100K101PG,FM,1206,NP0 (C0G); ±10%; Pd/Ag; 13-inch Reeled,100V,10 pF,,,,,,,Published
MLCC,Medium Voltage,FM31N100K101ET,FM,1206,NP0 (C0G); ±10%; Ag/Ni/Sn; 7-inch Reeled,100V,10 pF,,,,,,,Published
MLCC,Medium Voltage,FM31N100K101EG,FM,1206,NP0 (C0G); ±10%; Ag/Ni/Sn; 13-inch Reeled,100V,10 pF,,,,,,,Published
MLCC,Medium Voltage,FM31N101J101PT,FM,1206,NP0 (C0G); ±5%; Pd/Ag; 7-inch Reeled,100V,100 pF,,,,,,,Published
MLCC,Medium Voltage,FM31N101J101PG,FM,1206,NP0 (C0G); ±5%; Pd/Ag; 13-inch Reeled,100V,100 pF,,,,,,,Published
MLCC,Medium Voltage,FM31N101J101ET,FM,1206,NP0 (C0G); ±5%; Ag/Ni/Sn; 7-inch Reeled,100V,100 pF,,,,,,,Published
MLCC,Medium Voltage,FM31N101J101EG,FM,1206,NP0 (C0G); ±5%; Ag/Ni/Sn; 13-inch Reeled,100V,100 pF,,,,,,,Published
MLCC,Medium Voltage,FM31N101K101PT,FM,1206,NP0 (C0G); ±10%; Pd/Ag; 7-inch Reeled,100V,100 pF,,,,,,,Published
MLCC,Medium Voltage,FM31N101K101PG,FM,1206,NP0 (C0G); ±10%; Pd/Ag; 13-inch Reeled,100V,100 pF,,,,,,,Published
MLCC,Medium Voltage,FM31N101K101ET,FM,1206,NP0 (C0G); ±10%; Ag/Ni/Sn; 7-inch Reeled,100V,100 pF,,,,,,,Published
MLCC,Medium Voltage,FM31N101K101EG,FM,1206,NP0 (C0G); ±10%; Ag/Ni/Sn; 13-inch Reeled,100V,100 pF,,,,,,,Published
MLCC,Medium Voltage,FM31N102J101PT,FM,1206,NP0 (C0G); ±5%; Pd/Ag; 7-inch Reeled,100V,1 nF,,,,,,,Published
MLCC,Medium Voltage,FM31N102J101PG,FM,1206,NP0 (C0G); ±5%; Pd/Ag; 13-inch Reeled,100V,1 nF,,,,,,,Published
MLCC,Medium Voltage,FM31N102J101ET,FM,1206,NP0 (C0G); ±5%; Ag/Ni/Sn; 7-inch Reeled,100V,1 nF,,,,,,,Published
MLCC,Medium Voltage,FM31N102J101EG,FM,1206,NP0 (C0G); ±5%; Ag/Ni/Sn; 13-inch Reeled,100V,1 nF,,,,,,,Published
MLCC,Medium Voltage,FM31N102K101PT,FM,1206,NP0 (C0G); ±10%; Pd/Ag; 7-inch Reeled,100V,1 nF,,,,,,,Published
MLCC,Medium Voltage,FM31N102K101PG,FM,1206,NP0 (C0G); ±10%; Pd/Ag; 13-inch Reeled,100V,1 nF,,,,,,,Published
MLCC,Medium Voltage,FM31N102K101ET,FM,1206,NP0 (C0G); ±10%; Ag/Ni/Sn; 7-inch Reeled,100V,1 nF,,,,,,,Published
MLCC,Medium Voltage,FM31N102K101EG,FM,1206,NP0 (C0G); ±10%; Ag/Ni/Sn; 13-inch Reeled,100V,1 nF,,,,,,,Published
MLCC,Medium Voltage,FM31N103J101PT,FM,1206,NP0 (C0G); ±5%; Pd/Ag; 7-inch Reeled,100V,10 nF,,,,,,,Published
MLCC,Medium Voltage,FM31N103J101PG,FM,1206,NP0 (C0G); ±5%; Pd/Ag; 13-inch Reeled,100V,10 nF,,,,,,,Published
MLCC,Medium Voltage,FM31N103J101ET,FM,1206,NP0 (C0G); ±5%; Ag/Ni/Sn; 7-inch Reeled,100V,10 nF,,,,,,,Published
MLCC,Medium Voltage,FM31N103J101EG,FM,1206,NP0 (C0G); ±5%; Ag/Ni/Sn; 13-inch Reeled,100V,10 nF,,,,,,,Published
MLCC,Medium Voltage,FM31N103K101PT,FM,1206,NP0 (C0G); ±10%; Pd/Ag; 7-inch Reeled,100V,10 nF,,,,,,,Published
MLCC,Medium Voltage,FM31N103K101PG,FM,1206,NP0 (C0G); ±10%; Pd/Ag; 13-inch Reeled,100V,10 nF,,,,,,,Published
MLCC,Medium Voltage,FM31N103K101ET,FM,1206,NP0 (C0G); ±10%; Ag/Ni/Sn; 7-inch Reeled,100V,10 nF,,,,,,,Published
MLCC,Medium Voltage,FM31N103K101EG,FM,1206,NP0 (C0G); ±10%; Ag/Ni/Sn; 13-inch Reeled,100V,10 nF,,,,,,,Published
MLCC,Medium Voltage,FM31N104J101PT,FM,1206,NP0 (C0G); ±5%; Pd/Ag; 7-inch Reeled,100V,100 nF,,,,,,,Published
MLCC,Medium Voltage,FM31N104J101PG,FM,1206,NP0 (C0G); ±5%; Pd/Ag; 13-inch Reeled,100V,100 nF,,,,,,,Published
MLCC,Medium Voltage,FM31N104J101ET,FM,1206,NP0 (C0G); ±5%; Ag/Ni/Sn; 7-inch Reeled,100V,100 nF,,,,,,,Published
MLCC,Medium Voltage,FM31N104J101EG,FM,1206,NP0 (C0G); ±5%; Ag/Ni/Sn; 13-inch Reeled,100V,100 nF,,,,,,,Published
MLCC,Medium Voltage,FM31N104K101PT,FM,1206,NP0 (C0G); ±10%; Pd/Ag; 7-inch Reeled,100V,100 nF,,,,,,,Published
MLCC,Medium Voltage,FM31N104K101PG,FM,1206,NP0 (C0G); ±10%; Pd/Ag; 13-inch Reeled,100V,100 nF,,,,,,,Published
MLCC,Medium Voltage,FM31N104K101ET,FM,1206,NP0 (C0G); ±10%; Ag/Ni/Sn; 7-inch Reeled,100V,100 nF,,,,,,,Published
MLCC,Medium Voltage,FM31N104K101EG,FM,1206,NP0 (C0G); ±10%; Ag/Ni/Sn; 13-inch Reeled,100V,100 nF,,,,,,,Published
MLCC,Medium Voltage,FM31N150J101PT,FM,1206,NP0 (C0G); ±5%; Pd/Ag; 7-inch Reeled,100V,15 pF,,,,,,,Published
MLCC,Medium Voltage,FM31N150J101PG,FM,1206,NP0 (C0G); ±5%; Pd/Ag; 13-inch Reeled,100V,15 pF,,,,,,,Published
MLCC,Medium Voltage,FM31N150J101ET,FM,1206,NP0 (C0G); ±5%; Ag/Ni/Sn; 7-inch Reeled,100V,15 pF,,,,,,,Published
MLCC,Medium Voltage,FM31N150J101EG,FM,1206,NP0 (C0G); ±5%; Ag/Ni/Sn; 13-inch Reeled,100V,15 pF,,,,,,,Published
MLCC,Medium Voltage,FM31N150K101PT,FM,1206,NP0 (C0G); ±10%; Pd/Ag; 7-inch Reeled,100V,15 pF,,,,,,,Published
MLCC,Medium Voltage,FM31N150K101PG,FM,1206,NP0 (C0G); ±10%; Pd/Ag; 13-inch Reeled,100V,15 pF,,,,,,,Published
MLCC,Medium Voltage,FM31N150K101ET,FM,1206,NP0 (C0G); ±10%; Ag/Ni/Sn; 7-inch Reeled,100V,15 pF,,,,,,,Published
MLCC,Medium Voltage,FM31N150K101EG,FM,1206,NP0 (C0G); ±10%; Ag/Ni/Sn; 13-inch Reeled,100V,15 pF,,,,,,,Published
MLCC,Medium Voltage,FM31N151J101PT,FM,1206,NP0 (C0G); ±5%; Pd/Ag; 7-inch Reeled,100V,150 pF,,,,,,,Published
MLCC,Medium Voltage,FM31N151J101PG,FM,1206,NP0 (C0G); ±5%; Pd/Ag; 13-inch Reeled,100V,150 pF,,,,,,,Published
MLCC,Medium Voltage,FM31N151J101ET,FM,1206,NP0 (C0G); ±5%; Ag/Ni/Sn; 7-inch Reeled,100V,150 pF,,,,,,,Published
MLCC,Medium Voltage,FM31N151J101EG,FM,1206,NP0 (C0G); ±5%; Ag/Ni/Sn; 13-inch Reeled,100V,150 pF,,,,,,,Published
MLCC,Medium Voltage,FM31N151K101PT,FM,1206,NP0 (C0G); ±10%; Pd/Ag; 7-inch Reeled,100V,150 pF,,,,,,,Published
MLCC,Medium Voltage,FM31N151K101PG,FM,1206,NP0 (C0G); ±10%; Pd/Ag; 13-inch Reeled,100V,150 pF,,,,,,,Published
MLCC,Medium Voltage,FM31N151K101ET,FM,1206,NP0 (C0G); ±10%; Ag/Ni/Sn; 7-inch Reeled,100V,150 pF,,,,,,,Published
MLCC,Medium Voltage,FM31N151K101EG,FM,1206,NP0 (C0G); ±10%; Ag/Ni/Sn; 13-inch Reeled,100V,150 pF,,,,,,,Published
MLCC,Medium Voltage,FM31N152J101PT,FM,1206,NP0 (C0G); ±5%; Pd/Ag; 7-inch Reeled,100V,1.5 nF,,,,,,,Published
MLCC,Medium Voltage,FM31N152J101PG,FM,1206,NP0 (C0G); ±5%; Pd/Ag; 13-inch Reeled,100V,1.5 nF,,,,,,,Published
MLCC,Medium Voltage,FM31N152J101ET,FM,1206,NP0 (C0G); ±5%; Ag/Ni/Sn; 7-inch Reeled,100V,1.5 nF,,,,,,,Published
MLCC,Medium Voltage,FM31N152J101EG,FM,1206,NP0 (C0G); ±5%; Ag/Ni/Sn; 13-inch Reeled,100V,1.5 nF,,,,,,,Published
MLCC,Medium Voltage,FM31N152K101PT,FM,1206,NP0 (C0G); ±10%; Pd/Ag; 7-inch Reeled,100V,1.5 nF,,,,,,,Published
MLCC,Medium Voltage,FM31N152K101PG,FM,1206,NP0 (C0G); ±10%; Pd/Ag; 13-inch Reeled,100V,1.5 nF,,,,,,,Published
MLCC,Medium Voltage,FM31N152K101ET,FM,1206,NP0 (C0G); ±10%; Ag/Ni/Sn; 7-inch Reeled,100V,1.5 nF,,,,,,,Published
MLCC,Medium Voltage,FM31N152K101EG,FM,1206,NP0 (C0G); ±10%; Ag/Ni/Sn; 13-inch Reeled,100V,1.5 nF,,,,,,,Published
MLCC,Medium Voltage,FM31N153J101PT,FM,1206,NP0 (C0G); ±5%; Pd/Ag; 7-inch Reeled,100V,15 nF,,,,,,,Published
MLCC,Medium Voltage,FM31N153J101PG,FM,1206,NP0 (C0G); ±5%; Pd/Ag; 13-inch Reeled,100V,15 nF,,,,,,,Published
MLCC,Medium Voltage,FM31N153J101ET,FM,1206,NP0 (C0G); ±5%; Ag/Ni/Sn; 7-inch Reeled,100V,15 nF,,,,,,,Published
MLCC,Medium Voltage,FM31N153J101EG,FM,1206,NP0 (C0G); ±5%; Ag/Ni/Sn; 13-inch Reeled,100V,15 nF,,,,,,,Published
MLCC,Medium Voltage,FM31N153K101PT,FM,1206,NP0 (C0G); ±10%; Pd/Ag; 7-inch Reeled,100V,15 nF,,,,,,,Published
MLCC,Medium Voltage,FM31N153K101PG,FM,1206,NP0 (C0G); ±10%; Pd/Ag; 13-inch Reeled,100V,15 nF,,,,,,,Published
MLCC,Medium Voltage,FM31N153K101ET,FM,1206,NP0 (C0G); ±10%; Ag/Ni/Sn; 7-inch Reeled,100V,15 nF,,,,,,,Published
MLCC,Medium Voltage,FM31N153K101EG,FM,1206,NP0 (C0G); ±10%; Ag/Ni/Sn; 13-inch Reeled,100V,15 nF,,,,,,,Published
MLCC,Medium Voltage,FM31N154J101PT,FM,1206,NP0 (C0G); ±5%; Pd/Ag; 7-inch Reeled,100V,150 nF,,,,,,,Published
MLCC,Medium Voltage,FM31N154J101PG,FM,1206,NP0 (C0G); ±5%; Pd/Ag; 13-inch Reeled,100V,150 nF,,,,,,,Published
MLCC,Medium Voltage,FM31N154J101ET,FM,1206,NP0 (C0G); ±5%; Ag/Ni/Sn; 7-inch Reeled,100V,150 nF,,,,,,,Published
MLCC,Medium Voltage,FM31N154J101EG,FM,1206,NP0 (C0G); ±5%; Ag/Ni/Sn; 13-inch Reeled,100V,150 nF,,,,,,,Published
MLCC,Medium Voltage,FM31N154K101PT,FM,1206,NP0 (C0G); ±10%; Pd/Ag; 7-inch Reeled,100V,150 nF,,,,,,,Published
MLCC,Medium Voltage,FM31N154K101PG,FM,1206,NP0 (C0G); ±10%; Pd/Ag; 13-inch Reeled,100V,150 nF,,,,,,,Published
MLCC,Medium Voltage,FM31N154K101ET,FM,1206,NP0 (C0G); ±10%; Ag/Ni/Sn; 7-inch Reeled,100V,150 nF,,,,,,,Published
MLCC,Medium Voltage,FM31N154K101EG,FM,1206,NP0 (C0G); ±10%; Ag/Ni/Sn; 13-inch Reeled,100V,150 nF,,,,,,,Published
MLCC,Medium Voltage,FM31N220J101PT,FM,1206,NP0 (C0G); ±5%; Pd/Ag; 7-inch Reeled,100V,22 pF,,,,,,,Published
MLCC,Medium Voltage,FM31N220J101PG,FM,1206,NP0 (C0G); ±5%; Pd/Ag; 13-inch Reeled,100V,22 pF,,,,,,,Published
MLCC,Medium Voltage,FM31N220J101ET,FM,1206,NP0 (C0G); ±5%; Ag/Ni/Sn; 7-inch Reeled,100V,22 pF,,,,,,,Published
MLCC,Medium Voltage,FM31N220J101EG,FM,1206,NP0 (C0G); ±5%; Ag/Ni/Sn; 13-inch Reeled,100V,22 pF,,,,,,,Published
MLCC,Medium Voltage,FM31N220K101PT,FM,1206,NP0 (C0G); ±10%; Pd/Ag; 7-inch Reeled,100V,22 pF,,,,,,,Published
MLCC,Medium Voltage,FM31N220K101PG,FM,1206,NP0 (C0G); ±10%; Pd/Ag; 13-inch Reeled,100V,22 pF,,,,,,,Published
MLCC,Medium Voltage,FM31N220K101ET,FM,1206,NP0 (C0G); ±10%; Ag/Ni/Sn; 7-inch Reeled,100V,22 pF,,,,,,,Published
MLCC,Medium Voltage,FM31N220K101EG,FM,1206,NP0 (C0G); ±10%; Ag/Ni/Sn; 13-inch Reeled,100V,22 pF,,,,,,,Published
MLCC,Medium Voltage,FM31N221J101PT,FM,1206,NP0 (C0G); ±5%; Pd/Ag; 7-inch Reeled,100V,220 pF,,,,,,,Published
MLCC,Medium Voltage,FM31N221J101PG,FM,1206,NP0 (C0G); ±5%; Pd/Ag; 13-inch Reeled,100V,220 pF,,,,,,,Published
MLCC,Medium Voltage,FM31N221J101ET,FM,1206,NP0 (C0G); ±5%; Ag/Ni/Sn; 7-inch Reeled,100V,220 pF,,,,,,,Published
MLCC,Medium Voltage,FM31N221J101EG,FM,1206,NP0 (C0G); ±5%; Ag/Ni/Sn; 13-inch Reeled,100V,220 pF,,,,,,,Published
MLCC,Medium Voltage,FM31N221K101PT,FM,1206,NP0 (C0G); ±10%; Pd/Ag; 7-inch Reeled,100V,220 pF,,,,,,,Published
MLCC,Medium Voltage,FM31N221K101PG,FM,1206,NP0 (C0G); ±10%; Pd/Ag; 13-inch Reeled,100V,220 pF,,,,,,,Published
MLCC,Medium Voltage,FM31N221K101ET,FM,1206,NP0 (C0G); ±10%; Ag/Ni/Sn; 7-inch Reeled,100V,220 pF,,,,,,,Published
MLCC,Medium Voltage,FM31N221K101EG,FM,1206,NP0 (C0G); ±10%; Ag/Ni/Sn; 13-inch Reeled,100V,220 pF,,,,,,,Published
MLCC,Medium Voltage,FM31N222J101PT,FM,1206,NP0 (C0G); ±5%; Pd/Ag; 7-inch Reeled,100V,2.2 nF,,,,,,,Published
MLCC,Medium Voltage,FM31N222J101PG,FM,1206,NP0 (C0G); ±5%; Pd/Ag; 13-inch Reeled,100V,2.2 nF,,,,,,,Published
MLCC,Medium Voltage,FM31N222J101ET,FM,1206,NP0 (C0G); ±5%; Ag/Ni/Sn; 7-inch Reeled,100V,2.2 nF,,,,,,,Published
MLCC,Medium Voltage,FM31N222J101EG,FM,1206,NP0 (C0G); ±5%; Ag/Ni/Sn; 13-inch Reeled,100V,2.2 nF,,,,,,,Published
MLCC,Medium Voltage,FM31N222K101PT,FM,1206,NP0 (C0G); ±10%; Pd/Ag; 7-inch Reeled,100V,2.2 nF,,,,,,,Published
MLCC,Medium Voltage,FM31N222K101PG,FM,1206,NP0 (C0G); ±10%; Pd/Ag; 13-inch Reeled,100V,2.2 nF,,,,,,,Published
MLCC,Medium Voltage,FM31N222K101ET,FM,1206,NP0 (C0G); ±10%; Ag/Ni/Sn; 7-inch Reeled,100V,2.2 nF,,,,,,,Published
MLCC,Medium Voltage,FM31N222K101EG,FM,1206,NP0 (C0G); ±10%; Ag/Ni/Sn; 13-inch Reeled,100V,2.2 nF,,,,,,,Published
MLCC,Medium Voltage,FM31N223J101PT,FM,1206,NP0 (C0G); ±5%; Pd/Ag; 7-inch Reeled,100V,22 nF,,,,,,,Published
MLCC,Medium Voltage,FM31N223J101PG,FM,1206,NP0 (C0G); ±5%; Pd/Ag; 13-inch Reeled,100V,22 nF,,,,,,,Published
MLCC,Medium Voltage,FM31N223J101ET,FM,1206,NP0 (C0G); ±5%; Ag/Ni/Sn; 7-inch Reeled,100V,22 nF,,,,,,,Published
MLCC,Medium Voltage,FM31N223J101EG,FM,1206,NP0 (C0G); ±5%; Ag/Ni/Sn; 13-inch Reeled,100V,22 nF,,,,,,,Published
MLCC,Medium Voltage,FM31N223K101PT,FM,1206,NP0 (C0G); ±10%; Pd/Ag; 7-inch Reeled,100V,22 nF,,,,,,,Published
MLCC,Medium Voltage,FM31N223K101PG,FM,1206,NP0 (C0G); ±10%; Pd/Ag; 13-inch Reeled,100V,22 nF,,,,,,,Published
MLCC,Medium Voltage,FM31N223K101ET,FM,1206,NP0 (C0G); ±10%; Ag/Ni/Sn; 7-inch Reeled,100V,22 nF,,,,,,,Published
MLCC,Medium Voltage,FM31N223K101EG,FM,1206,NP0 (C0G); ±10%; Ag/Ni/Sn; 13-inch Reeled,100V,22 nF,,,,,,,Published
MLCC,Medium Voltage,FM31N224J101PT,FM,1206,NP0 (C0G); ±5%; Pd/Ag; 7-inch Reeled,100V,220 nF,,,,,,,Published
MLCC,Medium Voltage,FM31N224J101PG,FM,1206,NP0 (C0G); ±5%; Pd/Ag; 13-inch Reeled,100V,220 nF,,,,,,,Published
MLCC,Medium Voltage,FM31N224J101ET,FM,1206,NP0 (C0G); ±5%; Ag/Ni/Sn; 7-inch Reeled,100V,220 nF,,,,,,,Published
MLCC,Medium Voltage,FM31N224J101EG,FM,1206,NP0 (C0G); ±5%; Ag/Ni/Sn; 13-inch Reeled,100V,220 nF,,,,,,,Published
MLCC,Medium Voltage,FM31N224K101PT,FM,1206,NP0 (C0G); ±10%; Pd/Ag; 7-inch Reeled,100V,220 nF,,,,,,,Published
MLCC,Medium Voltage,FM31N224K101PG,FM,1206,NP0 (C0G); ±10%; Pd/Ag; 13-inch Reeled,100V,220 nF,,,,,,,Published
MLCC,Medium Voltage,FM31N224K101ET,FM,1206,NP0 (C0G); ±10%; Ag/Ni/Sn; 7-inch Reeled,100V,220 nF,,,,,,,Published
MLCC,Medium Voltage,FM31N224K101EG,FM,1206,NP0 (C0G); ±10%; Ag/Ni/Sn; 13-inch Reeled,100V,220 nF,,,,,,,Published
MLCC,Medium Voltage,FM31N330J101PT,FM,1206,NP0 (C0G); ±5%; Pd/Ag; 7-inch Reeled,100V,33 pF,,,,,,,Published
MLCC,Medium Voltage,FM31N330J101PG,FM,1206,NP0 (C0G); ±5%; Pd/Ag; 13-inch Reeled,100V,33 pF,,,,,,,Published
MLCC,Medium Voltage,FM31N330J101ET,FM,1206,NP0 (C0G); ±5%; Ag/Ni/Sn; 7-inch Reeled,100V,33 pF,,,,,,,Published
MLCC,Medium Voltage,FM31N330J101EG,FM,1206,NP0 (C0G); ±5%; Ag/Ni/Sn; 13-inch Reeled,100V,33 pF,,,,,,,Published
MLCC,Medium Voltage,FM31N330K101PT,FM,1206,NP0 (C0G); ±10%; Pd/Ag; 7-inch Reeled,100V,33 pF,,,,,,,Published
MLCC,Medium Voltage,FM31N330K101PG,FM,1206,NP0 (C0G); ±10%; Pd/Ag; 13-inch Reeled,100V,33 pF,,,,,,,Published
MLCC,Medium Voltage,FM31N330K101ET,FM,1206,NP0 (C0G); ±10%; Ag/Ni/Sn; 7-inch Reeled,100V,33 pF,,,,,,,Published
MLCC,Medium Voltage,FM31N330K101EG,FM,1206,NP0 (C0G); ±10%; Ag/Ni/Sn; 13-inch Reeled,100V,33 pF,,,,,,,Published
MLCC,Medium Voltage,FM31N331J101PT,FM,1206,NP0 (C0G); ±5%; Pd/Ag; 7-inch Reeled,100V,330 pF,,,,,,,Published
MLCC,Medium Voltage,FM31N331J101PG,FM,1206,NP0 (C0G); ±5%; Pd/Ag; 13-inch Reeled,100V,330 pF,,,,,,,Published
MLCC,Medium Voltage,FM31N331J101ET,FM,1206,NP0 (C0G); ±5%; Ag/Ni/Sn; 7-inch Reeled,100V,330 pF,,,,,,,Published
MLCC,Medium Voltage,FM31N331J101EG,FM,1206,NP0 (C0G); ±5%; Ag/Ni/Sn; 13-inch Reeled,100V,330 pF,,,,,,,Published
MLCC,Medium Voltage,FM31N331K101PT,FM,1206,NP0 (C0G); ±10%; Pd/Ag; 7-inch Reeled,100V,330 pF,,,,,,,Published
MLCC,Medium Voltage,FM31N331K101PG,FM,1206,NP0 (C0G); ±10%; Pd/Ag; 13-inch Reeled,100V,330 pF,,,,,,,Published
MLCC,Medium Voltage,FM31N331K101ET,FM,1206,NP0 (C0G); ±10%; Ag/Ni/Sn; 7-inch Reeled,100V,330 pF,,,,,,,Published
MLCC,Medium Voltage,FM31N331K101EG,FM,1206,NP0 (C0G); ±10%; Ag/Ni/Sn; 13-inch Reeled,100V,330 pF,,,,,,,Published
MLCC,Medium Voltage,FM31N332J101PT,FM,1206,NP0 (C0G); ±5%; Pd/Ag; 7-inch Reeled,100V,3.3 nF,,,,,,,Published
MLCC,Medium Voltage,FM31N332J101PG,FM,1206,NP0 (C0G); ±5%; Pd/Ag; 13-inch Reeled,100V,3.3 nF,,,,,,,Published
MLCC,Medium Voltage,FM31N332J101ET,FM,1206,NP0 (C0G); ±5%; Ag/Ni/Sn; 7-inch Reeled,100V,3.3 nF,,,,,,,Published
MLCC,Medium Voltage,FM31N332J101EG,FM,1206,NP0 (C0G); ±5%; Ag/Ni/Sn; 13-inch Reeled,100V,3.3 nF,,,,,,,Published
MLCC,Medium Voltage,FM31N332K101PT,FM,1206,NP0 (C0G); ±10%; Pd/Ag; 7-inch Reeled,100V,3.3 nF,,,,,,,Published
MLCC,Medium Voltage,FM31N332K101PG,FM,1206,NP0 (C0G); ±10%; Pd/Ag; 13-inch Reeled,100V,3.3 nF,,,,,,,Published
MLCC,Medium Voltage,FM31N332K101ET,FM,1206,NP0 (C0G); ±10%; Ag/Ni/Sn; 7-inch Reeled,100V,3.3 nF,,,,,,,Published
MLCC,Medium Voltage,FM31N332K101EG,FM,1206,NP0 (C0G); ±10%; Ag/Ni/Sn; 13-inch Reeled,100V,3.3 nF,,,,,,,Published
MLCC,Medium Voltage,FM31N333J101PT,FM,1206,NP0 (C0G); ±5%; Pd/Ag; 7-inch Reeled,100V,33 nF,,,,,,,Published
MLCC,Medium Voltage,FM31N333J101PG,FM,1206,NP0 (C0G); ±5%; Pd/Ag; 13-inch Reeled,100V,33 nF,,,,,,,Published
MLCC,Medium Voltage,FM31N333J101ET,FM,1206,NP0 (C0G); ±5%; Ag/Ni/Sn; 7-inch Reeled,100V,33 nF,,,,,,,Published
MLCC,Medium Voltage,FM31N333J101EG,FM,1206,NP0 (C0G); ±5%; Ag/Ni/Sn; 13-inch Reeled,100V,33 nF,,,,,,,Published
MLCC,Medium Voltage,FM31N333K101PT,FM,1206,NP0 (C0G); ±10%; Pd/Ag; 7-inch Reeled,100V,33 nF,,,,,,,Published
MLCC,Medium Voltage,FM31N333K101PG,FM,1206,NP0 (C0G); ±10%; Pd/Ag; 13-inch Reeled,100V,33 nF,,,,,,,Published
MLCC,Medium Voltage,FM31N333K101ET,FM,1206,NP0 (C0G); ±10%; Ag/Ni/Sn; 7-inch Reeled,100V,33 nF,,,,,,,Published
MLCC,Medium Voltage,FM31N333K101EG,FM,1206,NP0 (C0G); ±10%; Ag/Ni/Sn; 13-inch Reeled,100V,33 nF,,,,,,,Published
MLCC,Medium Voltage,FM31N334J101PT,FM,1206,NP0 (C0G); ±5%; Pd/Ag; 7-inch Reeled,100V,330 nF,,,,,,,Published
MLCC,Medium Voltage,FM31N334J101PG,FM,1206,NP0 (C0G); ±5%; Pd/Ag; 13-inch Reeled,100V,330 nF,,,,,,,Published
MLCC,Medium Voltage,FM31N334J101ET,FM,1206,NP0 (C0G); ±5%; Ag/Ni/Sn; 7-inch Reeled,100V,330 nF,,,,,,,Published
MLCC,Medium Voltage,FM31N334J101EG,FM,1206,NP0 (C0G); ±5%; Ag/Ni/Sn; 13-inch Reeled,100V,330 nF,,,,,,,Published
MLCC,Medium Voltage,FM31N334K101PT,FM,1206,NP0 (C0G); ±10%; Pd/Ag; 7-inch Reeled,100V,330 nF,,,,,,,Published
MLCC,Medium Voltage,FM31N334K101PG,FM,1206,NP0 (C0G); ±10%; Pd/Ag; 13-inch Reeled,100V,330 nF,,,,,,,Published
MLCC,Medium Voltage,FM31N334K101ET,FM,1206,NP0 (C0G); ±10%; Ag/Ni/Sn; 7-inch Reeled,100V,330 nF,,,,,,,Published
MLCC,Medium Voltage,FM31N334K101EG,FM,1206,NP0 (C0G); ±10%; Ag/Ni/Sn; 13-inch Reeled,100V,330 nF,,,,,,,Published
MLCC,Medium Voltage,FM31N470J101PT,FM,1206,NP0 (C0G); ±5%; Pd/Ag; 7-inch Reeled,100V,47 pF,,,,,,,Published
MLCC,Medium Voltage,FM31N470J101PG,FM,1206,NP0 (C0G); ±5%; Pd/Ag; 13-inch Reeled,100V,47 pF,,,,,,,Published
MLCC,Medium Voltage,FM31N470J101ET,FM,1206,NP0 (C0G); ±5%; Ag/Ni/Sn; 7-inch Reeled,100V,47 pF,,,,,,,Published
MLCC,Medium Voltage,FM31N470J101EG,FM,1206,NP0 (C0G); ±5%; Ag/Ni/Sn; 13-inch Reeled,100V,47 pF,,,,,,,Published
MLCC,Medium Voltage,FM31N470K101PT,FM,1206,NP0 (C0G); ±10%; Pd/Ag; 7-inch Reeled,100V,47 pF,,,,,,,Published
MLCC,Medium Voltage,FM31N470K101PG,FM,1206,NP0 (C0G); ±10%; Pd/Ag; 13-inch Reeled,100V,47 pF,,,,,,,Published
MLCC,Medium Voltage,FM31N470K101ET,FM,1206,NP0 (C0G); ±10%; Ag/Ni/Sn; 7-inch Reeled,100V,47 pF,,,,,,,Published
MLCC,Medium Voltage,FM31N470K101EG,FM,1206,NP0 (C0G); ±10%; Ag/Ni/Sn; 13-inch Reeled,100V,47 pF,,,,,,,Published
MLCC,Medium Voltage,FM31N471J101PT,FM,1206,NP0 (C0G); ±5%; Pd/Ag; 7-inch Reeled,100V,470 pF,,,,,,,Published
MLCC,Medium Voltage,FM31N471J101PG,FM,1206,NP0 (C0G); ±5%; Pd/Ag; 13-inch Reeled,100V,470 pF,,,,,,,Published
MLCC,Medium Voltage,FM31N471J101ET,FM,1206,NP0 (C0G); ±5%; Ag/Ni/Sn; 7-inch Reeled,100V,470 pF,,,,,,,Published
MLCC,Medium Voltage,FM31N471J101EG,FM,1206,NP0 (C0G); ±5%; Ag/Ni/Sn; 13-inch Reeled,100V,470 pF,,,,,,,Published
MLCC,Medium Voltage,FM31N471K101PT,FM,1206,NP0 (C0G); ±10%; Pd/Ag; 7-inch Reeled,100V,470 pF,,,,,,,Published
MLCC,Medium Voltage,FM31N471K101PG,FM,1206,NP0 (C0G); ±10%; Pd/Ag; 13-inch Reeled,100V,470 pF,,,,,,,Published
MLCC,Medium Voltage,FM31N471K101ET,FM,1206,NP0 (C0G); ±10%; Ag/Ni/Sn; 7-inch Reeled,100V,470 pF,,,,,,,Published
MLCC,Medium Voltage,FM31N471K101EG,FM,1206,NP0 (C0G); ±10%; Ag/Ni/Sn; 13-inch Reeled,100V,470 pF,,,,,,,Published
MLCC,Medium Voltage,FM31N472J101PT,FM,1206,NP0 (C0G); ±5%; Pd/Ag; 7-inch Reeled,100V,4.7 nF,,,,,,,Published
MLCC,Medium Voltage,FM31N472J101PG,FM,1206,NP0 (C0G); ±5%; Pd/Ag; 13-inch Reeled,100V,4.7 nF,,,,,,,Published
MLCC,Medium Voltage,FM31N472J101ET,FM,1206,NP0 (C0G); ±5%; Ag/Ni/Sn; 7-inch Reeled,100V,4.7 nF,,,,,,,Published
MLCC,Medium Voltage,FM31N472J101EG,FM,1206,NP0 (C0G); ±5%; Ag/Ni/Sn; 13-inch Reeled,100V,4.7 nF,,,,,,,Published
MLCC,Medium Voltage,FM31N472K101PT,FM,1206,NP0 (C0G); ±10%; Pd/Ag; 7-inch Reeled,100V,4.7 nF,,,,,,,Published
MLCC,Medium Voltage,FM31N472K101PG,FM,1206,NP0 (C0G); ±10%; Pd/Ag; 13-inch Reeled,100V,4.7 nF,,,,,,,Published
MLCC,Medium Voltage,FM31N472K101ET,FM,1206,NP0 (C0G); ±10%; Ag/Ni/Sn; 7-inch Reeled,100V,4.7 nF,,,,,,,Published
MLCC,Medium Voltage,FM31N472K101EG,FM,1206,NP0 (C0G); ±10%; Ag/Ni/Sn; 13-inch Reeled,100V,4.7 nF,,,,,,,Published
MLCC,Medium Voltage,FM31N473J101PT,FM,1206,NP0 (C0G); ±5%; Pd/Ag; 7-inch Reeled,100V,47 nF,,,,,,,Published
MLCC,Medium Voltage,FM31N473J101PG,FM,1206,NP0 (C0G); ±5%; Pd/Ag; 13-inch Reeled,100V,47 nF,,,,,,,Published
MLCC,Medium Voltage,FM31N473J101ET,FM,1206,NP0 (C0G); ±5%; Ag/Ni/Sn; 7-inch Reeled,100V,47 nF,,,,,,,Published
MLCC,Medium Voltage,FM31N473J101EG,FM,1206,NP0 (C0G); ±5%; Ag/Ni/Sn; 13-inch Reeled,100V,47 nF,,,,,,,Published
MLCC,Medium Voltage,FM31N473K101PT,FM,1206,NP0 (C0G); ±10%; Pd/Ag; 7-inch Reeled,100V,47 nF,,,,,,,Published
MLCC,Medium Voltage,FM31N473K101PG,FM,1206,NP0 (C0G); ±10%; Pd/Ag; 13-inch Reeled,100V,47 nF,,,,,,,Published
MLCC,Medium Voltage,FM31N473K101ET,FM,1206,NP0 (C0G); ±10%; Ag/Ni/Sn; 7-inch Reeled,100V,47 nF,,,,,,,Published
MLCC,Medium Voltage,FM31N473K101EG,FM,1206,NP0 (C0G); ±10%; Ag/Ni/Sn; 13-inch Reeled,100V,47 nF,,,,,,,Published
MLCC,Medium Voltage,FM31N474J101PT,FM,1206,NP0 (C0G); ±5%; Pd/Ag; 7-inch Reeled,100V,470 nF,,,,,,,Published
MLCC,Medium Voltage,FM31N474J101PG,FM,1206,NP0 (C0G); ±5%; Pd/Ag; 13-inch Reeled,100V,470 nF,,,,,,,Published
MLCC,Medium Voltage,FM31N474J101ET,FM,1206,NP0 (C0G); ±5%; Ag/Ni/Sn; 7-inch Reeled,100V,470 nF,,,,,,,Published
MLCC,Medium Voltage,FM31N474J101EG,FM,1206,NP0 (C0G); ±5%; Ag/Ni/Sn; 13-inch Reeled,100V,470 nF,,,,,,,Published
MLCC,Medium Voltage,FM31N474K101PT,FM,1206,NP0 (C0G); ±10%; Pd/Ag; 7-inch Reeled,100V,470 nF,,,,,,,Published
MLCC,Medium Voltage,FM31N474K101PG,FM,1206,NP0 (C0G); ±10%; Pd/Ag; 13-inch Reeled,100V,470 nF,,,,,,,Published
MLCC,Medium Voltage,FM31N474K101ET,FM,1206,NP0 (C0G); ±10%; Ag/Ni/Sn; 7-inch Reeled,100V,470 nF,,,,,,,Published
MLCC,Medium Voltage,FM31N474K101EG,FM,1206,NP0 (C0G); ±10%; Ag/Ni/Sn; 13-inch Reeled,100V,470 nF,,,,,,,Published
MLCC,Medium Voltage,FM31N680J101PT,FM,1206,NP0 (C0G); ±5%; Pd/Ag; 7-inch Reeled,100V,68 pF,,,,,,,Published
MLCC,Medium Voltage,FM31N680J101PG,FM,1206,NP0 (C0G); ±5%; Pd/Ag; 13-inch Reeled,100V,68 pF,,,,,,,Published
MLCC,Medium Voltage,FM31N680J101ET,FM,1206,NP0 (C0G); ±5%; Ag/Ni/Sn; 7-inch Reeled,100V,68 pF,,,,,,,Published
MLCC,Medium Voltage,FM31N680J101EG,FM,1206,NP0 (C0G); ±5%; Ag/Ni/Sn; 13-inch Reeled,100V,68 pF,,,,,,,Published
MLCC,Medium Voltage,FM31N680K101PT,FM,1206,NP0 (C0G); ±10%; Pd/Ag; 7-inch Reeled,100V,68 pF,,,,,,,Published
MLCC,Medium Voltage,FM31N680K101PG,FM,1206,NP0 (C0G); ±10%; Pd/Ag; 13-inch Reeled,100V,68 pF,,,,,,,Published
MLCC,Medium Voltage,FM31N680K101ET,FM,1206,NP0 (C0G); ±10%; Ag/Ni/Sn; 7-inch Reeled,100V,68 pF,,,,,,,Published
MLCC,Medium Voltage,FM31N680K101EG,FM,1206,NP0 (C0G); ±10%; Ag/Ni/Sn; 13-inch Reeled,100V,68 pF,,,,,,,Published
MLCC,Medium Voltage,FM31N681J101PT,FM,1206,NP0 (C0G); ±5%; Pd/Ag; 7-inch Reeled,100V,680 pF,,,,,,,Published
MLCC,Medium Voltage,FM31N681J101PG,FM,1206,NP0 (C0G); ±5%; Pd/Ag; 13-inch Reeled,100V,680 pF,,,,,,,Published
MLCC,Medium Voltage,FM31N681J101ET,FM,1206,NP0 (C0G); ±5%; Ag/Ni/Sn; 7-inch Reeled,100V,680 pF,,,,,,,Published
MLCC,Medium Voltage,FM31N681J101EG,FM,1206,NP0 (C0G); ±5%; Ag/Ni/Sn; 13-inch Reeled,100V,680 pF,,,,,,,Published
MLCC,Medium Voltage,FM31N681K101PT,FM,1206,NP0 (C0G); ±10%; Pd/Ag; 7-inch Reeled,100V,680 pF,,,,,,,Published
MLCC,Medium Voltage,FM31N681K101PG,FM,1206,NP0 (C0G); ±10%; Pd/Ag; 13-inch Reeled,100V,680 pF,,,,,,,Published
MLCC,Medium Voltage,FM31N681K101ET,FM,1206,NP0 (C0G); ±10%; Ag/Ni/Sn; 7-inch Reeled,100V,680 pF,,,,,,,Published
MLCC,Medium Voltage,FM31N681K101EG,FM,1206,NP0 (C0G); ±10%; Ag/Ni/Sn; 13-inch Reeled,100V,680 pF,,,,,,,Published
MLCC,Medium Voltage,FM31N682J101PT,FM,1206,NP0 (C0G); ±5%; Pd/Ag; 7-inch Reeled,100V,6.8 nF,,,,,,,Published
MLCC,Medium Voltage,FM31N682J101PG,FM,1206,NP0 (C0G); ±5%; Pd/Ag; 13-inch Reeled,100V,6.8 nF,,,,,,,Published
MLCC,Medium Voltage,FM31N682J101ET,FM,1206,NP0 (C0G); ±5%; Ag/Ni/Sn; 7-inch Reeled,100V,6.8 nF,,,,,,,Published
MLCC,Medium Voltage,FM31N682J101EG,FM,1206,NP0 (C0G); ±5%; Ag/Ni/Sn; 13-inch Reeled,100V,6.8 nF,,,,,,,Published
MLCC,Medium Voltage,FM31N682K101PT,FM,1206,NP0 (C0G); ±10%; Pd/Ag; 7-inch Reeled,100V,6.8 nF,,,,,,,Published
MLCC,Medium Voltage,FM31N682K101PG,FM,1206,NP0 (C0G); ±10%; Pd/Ag; 13-inch Reeled,100V,6.8 nF,,,,,,,Published
MLCC,Medium Voltage,FM31N682K101ET,FM,1206,NP0 (C0G); ±10%; Ag/Ni/Sn; 7-inch Reeled,100V,6.8 nF,,,,,,,Published
MLCC,Medium Voltage,FM31N682K101EG,FM,1206,NP0 (C0G); ±10%; Ag/Ni/Sn; 13-inch Reeled,100V,6.8 nF,,,,,,,Published
MLCC,Medium Voltage,FM31N683J101PT,FM,1206,NP0 (C0G); ±5%; Pd/Ag; 7-inch Reeled,100V,68 nF,,,,,,,Published
MLCC,Medium Voltage,FM31N683J101PG,FM,1206,NP0 (C0G); ±5%; Pd/Ag; 13-inch Reeled,100V,68 nF,,,,,,,Published
MLCC,Medium Voltage,FM31N683J101ET,FM,1206,NP0 (C0G); ±5%; Ag/Ni/Sn; 7-inch Reeled,100V,68 nF,,,,,,,Published
MLCC,Medium Voltage,FM31N683J101EG,FM,1206,NP0 (C0G); ±5%; Ag/Ni/Sn; 13-inch Reeled,100V,68 nF,,,,,,,Published
MLCC,Medium Voltage,FM31N683K101PT,FM,1206,NP0 (C0G); ±10%; Pd/Ag; 7-inch Reeled,100V,68 nF,,,,,,,Published
MLCC,Medium Voltage,FM31N683K101PG,FM,1206,NP0 (C0G); ±10%; Pd/Ag; 13-inch Reeled,100V,68 nF,,,,,,,Published
MLCC,Medium Voltage,FM31N683K101ET,FM,1206,NP0 (C0G); ±10%; Ag/Ni/Sn; 7-inch Reeled,100V,68 nF,,,,,,,Published
MLCC,Medium Voltage,FM31N683K101EG,FM,1206,NP0 (C0G); ±10%; Ag/Ni/Sn; 13-inch Reeled,100V,68 nF,,,,,,,Published
MLCC,Medium Voltage,FM31N684J101PT,FM,1206,NP0 (C0G); ±5%; Pd/Ag; 7-inch Reeled,100V,680 nF,,,,,,,Published
MLCC,Medium Voltage,FM31N684J101PG,FM,1206,NP0 (C0G); ±5%; Pd/Ag; 13-inch Reeled,100V,680 nF,,,,,,,Published
MLCC,Medium Voltage,FM31N684J101ET,FM,1206,NP0 (C0G); ±5%; Ag/Ni/Sn; 7-inch Reeled,100V,680 nF,,,,,,,Published
MLCC,Medium Voltage,FM31N684J101EG,FM,1206,NP0 (C0G); ±5%; Ag/Ni/Sn; 13-inch Reeled,100V,680 nF,,,,,,,Published
MLCC,Medium Voltage,FM31N684K101PT,FM,1206,NP0 (C0G); ±10%; Pd/Ag; 7-inch Reeled,100V,680 nF,,,,,,,Published
MLCC,Medium Voltage,FM31N684K101PG,FM,1206,NP0 (C0G); ±10%; Pd/Ag; 13-inch Reeled,100V,680 nF,,,,,,,Published
MLCC,Medium Voltage,FM31N684K101ET,FM,1206,NP0 (C0G); ±10%; Ag/Ni/Sn; 7-inch Reeled,100V,680 nF,,,,,,,Published
MLCC,Medium Voltage,FM31N684K101EG,FM,1206,NP0 (C0G); ±10%; Ag/Ni/Sn; 13-inch Reeled,100V,680 nF,,,,,,,Published
MLCC,Medium Voltage,FM31X100J101PT,FM,1206,X7R; ±5%; Pd/Ag; 7-inch Reeled,100V,10 pF,,,,,,,Published
MLCC,Medium Voltage,FM31X100J101PG,FM,1206,X7R; ±5%; Pd/Ag; 13-inch Reeled,100V,10 pF,,,,,,,Published
MLCC,Medium Voltage,FM31X100J101ET,FM,1206,X7R; ±5%; Ag/Ni/Sn; 7-inch Reeled,100V,10 pF,,,,,,,Published
MLCC,Medium Voltage,FM31X100J101EG,FM,1206,X7R; ±5%; Ag/Ni/Sn; 13-inch Reeled,100V,10 pF,,,,,,,Published
MLCC,Medium Voltage,FM31X100K101PT,FM,1206,X7R; ±10%; Pd/Ag; 7-inch Reeled,100V,10 pF,,,,,,,Published
MLCC,Medium Voltage,FM31X100K101PG,FM,1206,X7R; ±10%; Pd/Ag; 13-inch Reeled,100V,10 pF,,,,,,,Published
MLCC,Medium Voltage,FM31X100K101ET,FM,1206,X7R; ±10%; Ag/Ni/Sn; 7-inch Reeled,100V,10 pF,,,,,,,Published
MLCC,Medium Voltage,FM31X100K101EG,FM,1206,X7R; ±10%; Ag/Ni/Sn; 13-inch Reeled,100V,10 pF,,,,,,,Published
MLCC,Medium Voltage,FM31X100M101PT,FM,1206,X7R; ±20%; Pd/Ag; 7-inch Reeled,100V,10 pF,,,,,,,Published
MLCC,Medium Voltage,FM31X100M101PG,FM,1206,X7R; ±20%; Pd/Ag; 13-inch Reeled,100V,10 pF,,,,,,,Published
MLCC,Medium Voltage,FM31X100M101ET,FM,1206,X7R; ±20%; Ag/Ni/Sn; 7-inch Reeled,100V,10 pF,,,,,,,Published
MLCC,Medium Voltage,FM31X100M101EG,FM,1206,X7R; ±20%; Ag/Ni/Sn; 13-inch Reeled,100V,10 pF,,,,,,,Published
MLCC,Medium Voltage,FM31X101J101PT,FM,1206,X7R; ±5%; Pd/Ag; 7-inch Reeled,100V,100 pF,,,,,,,Published
MLCC,Medium Voltage,FM31X101J101PG,FM,1206,X7R; ±5%; Pd/Ag; 13-inch Reeled,100V,100 pF,,,,,,,Published
MLCC,Medium Voltage,FM31X101J101ET,FM,1206,X7R; ±5%; Ag/Ni/Sn; 7-inch Reeled,100V,100 pF,,,,,,,Published
MLCC,Medium Voltage,FM31X101J101EG,FM,1206,X7R; ±5%; Ag/Ni/Sn; 13-inch Reeled,100V,100 pF,,,,,,,Published
MLCC,Medium Voltage,FM31X101K101PT,FM,1206,X7R; ±10%; Pd/Ag; 7-inch Reeled,100V,100 pF,,,,,,,Published
MLCC,Medium Voltage,FM31X101K101PG,FM,1206,X7R; ±10%; Pd/Ag; 13-inch Reeled,100V,100 pF,,,,,,,Published
MLCC,Medium Voltage,FM31X101K101ET,FM,1206,X7R; ±10%; Ag/Ni/Sn; 7-inch Reeled,100V,100 pF,,,,,,,Published
MLCC,Medium Voltage,FM31X101K101EG,FM,1206,X7R; ±10%; Ag/Ni/Sn; 13-inch Reeled,100V,100 pF,,,,,,,Published
MLCC,Medium Voltage,FM31X101M101PT,FM,1206,X7R; ±20%; Pd/Ag; 7-inch Reeled,100V,100 pF,,,,,,,Published
MLCC,Medium Voltage,FM31X101M101PG,FM,1206,X7R; ±20%; Pd/Ag; 13-inch Reeled,100V,100 pF,,,,,,,Published
MLCC,Medium Voltage,FM31X101M101ET,FM,1206,X7R; ±20%; Ag/Ni/Sn; 7-inch Reeled,100V,100 pF,,,,,,,Published
MLCC,Medium Voltage,FM31X101M101EG,FM,1206,X7R; ±20%; Ag/Ni/Sn; 13-inch Reeled,100V,100 pF,,,,,,,Published
MLCC,Medium Voltage,FM31X102J101PT,FM,1206,X7R; ±5%; Pd/Ag; 7-inch Reeled,100V,1 nF,,,,,,,Published
MLCC,Medium Voltage,FM31X102J101PG,FM,1206,X7R; ±5%; Pd/Ag; 13-inch Reeled,100V,1 nF,,,,,,,Published
MLCC,Medium Voltage,FM31X102J101ET,FM,1206,X7R; ±5%; Ag/Ni/Sn; 7-inch Reeled,100V,1 nF,,,,,,,Published
MLCC,Medium Voltage,FM31X102J101EG,FM,1206,X7R; ±5%; Ag/Ni/Sn; 13-inch Reeled,100V,1 nF,,,,,,,Published
MLCC,Medium Voltage,FM31X102K101PT,FM,1206,X7R; ±10%; Pd/Ag; 7-inch Reeled,100V,1 nF,,,,,,,Published
MLCC,Medium Voltage,FM31X102K101PG,FM,1206,X7R; ±10%; Pd/Ag; 13-inch Reeled,100V,1 nF,,,,,,,Published
MLCC,Medium Voltage,FM31X102K101ET,FM,1206,X7R; ±10%; Ag/Ni/Sn; 7-inch Reeled,100V,1 nF,,,,,,,Published
MLCC,Medium Voltage,FM31X102K101EG,FM,1206,X7R; ±10%; Ag/Ni/Sn; 13-inch Reeled,100V,1 nF,,,,,,,Published
MLCC,Medium Voltage,FM31X102M101PT,FM,1206,X7R; ±20%; Pd/Ag; 7-inch Reeled,100V,1 nF,,,,,,,Published
MLCC,Medium Voltage,FM31X102M101PG,FM,1206,X7R; ±20%; Pd/Ag; 13-inch Reeled,100V,1 nF,,,,,,,Published
MLCC,Medium Voltage,FM31X102M101ET,FM,1206,X7R; ±20%; Ag/Ni/Sn; 7-inch Reeled,100V,1 nF,,,,,,,Published
MLCC,Medium Voltage,FM31X102M101EG,FM,1206,X7R; ±20%; Ag/Ni/Sn; 13-inch Reeled,100V,1 nF,,,,,,,Published
MLCC,Medium Voltage,FM31X103J101PT,FM,1206,X7R; ±5%; Pd/Ag; 7-inch Reeled,100V,10 nF,,,,,,,Published
MLCC,Medium Voltage,FM31X103J101PG,FM,1206,X7R; ±5%; Pd/Ag; 13-inch Reeled,100V,10 nF,,,,,,,Published
MLCC,Medium Voltage,FM31X103J101ET,FM,1206,X7R; ±5%; Ag/Ni/Sn; 7-inch Reeled,100V,10 nF,,,,,,,Published
MLCC,Medium Voltage,FM31X103J101EG,FM,1206,X7R; ±5%; Ag/Ni/Sn; 13-inch Reeled,100V,10 nF,,,,,,,Published
MLCC,Medium Voltage,FM31X103K101PT,FM,1206,X7R; ±10%; Pd/Ag; 7-inch Reeled,100V,10 nF,,,,,,,Published
MLCC,Medium Voltage,FM31X103K101PG,FM,1206,X7R; ±10%; Pd/Ag; 13-inch Reeled,100V,10 nF,,,,,,,Published
MLCC,Medium Voltage,FM31X103K101ET,FM,1206,X7R; ±10%; Ag/Ni/Sn; 7-inch Reeled,100V,10 nF,,,,,,,Published
MLCC,Medium Voltage,FM31X103K101EG,FM,1206,X7R; ±10%; Ag/Ni/Sn; 13-inch Reeled,100V,10 nF,,,,,,,Published
MLCC,Medium Voltage,FM31X103M101PT,FM,1206,X7R; ±20%; Pd/Ag; 7-inch Reeled,100V,10 nF,,,,,,,Published
MLCC,Medium Voltage,FM31X103M101PG,FM,1206,X7R; ±20%; Pd/Ag; 13-inch Reeled,100V,10 nF,,,,,,,Published
MLCC,Medium Voltage,FM31X103M101ET,FM,1206,X7R; ±20%; Ag/Ni/Sn; 7-inch Reeled,100V,10 nF,,,,,,,Published
MLCC,Medium Voltage,FM31X103M101EG,FM,1206,X7R; ±20%; Ag/Ni/Sn; 13-inch Reeled,100V,10 nF,,,,,,,Published
MLCC,Medium Voltage,FM31X104J101PT,FM,1206,X7R; ±5%; Pd/Ag; 7-inch Reeled,100V,100 nF,,,,,,,Published
MLCC,Medium Voltage,FM31X104J101PG,FM,1206,X7R; ±5%; Pd/Ag; 13-inch Reeled,100V,100 nF,,,,,,,Published
MLCC,Medium Voltage,FM31X104J101ET,FM,1206,X7R; ±5%; Ag/Ni/Sn; 7-inch Reeled,100V,100 nF,,,,,,,Published
MLCC,Medium Voltage,FM31X104J101EG,FM,1206,X7R; ±5%; Ag/Ni/Sn; 13-inch Reeled,100V,100 nF,,,,,,,Published
MLCC,Medium Voltage,FM31X104K101PT,FM,1206,X7R; ±10%; Pd/Ag; 7-inch Reeled,100V,100 nF,,,,,,,Published
MLCC,Medium Voltage,FM31X104K101PG,FM,1206,X7R; ±10%; Pd/Ag; 13-inch Reeled,100V,100 nF,,,,,,,Published
MLCC,Medium Voltage,FM31X104K101ET,FM,1206,X7R; ±10%; Ag/Ni/Sn; 7-inch Reeled,100V,100 nF,,,,,,,Published
MLCC,Medium Voltage,FM31X104K101EG,FM,1206,X7R; ±10%; Ag/Ni/Sn; 13-inch Reeled,100V,100 nF,,,,,,,Published
MLCC,Medium Voltage,FM31X104M101PT,FM,1206,X7R; ±20%; Pd/Ag; 7-inch Reeled,100V,100 nF,,,,,,,Published
MLCC,Medium Voltage,FM31X104M101PG,FM,1206,X7R; ±20%; Pd/Ag; 13-inch Reeled,100V,100 nF,,,,,,,Published
MLCC,Medium Voltage,FM31X104M101ET,FM,1206,X7R; ±20%; Ag/Ni/Sn; 7-inch Reeled,100V,100 nF,,,,,,,Published
MLCC,Medium Voltage,FM31X104M101EG,FM,1206,X7R; ±20%; Ag/Ni/Sn; 13-inch Reeled,100V,100 nF,,,,,,,Published
MLCC,Medium Voltage,FM31X150J101PT,FM,1206,X7R; ±5%; Pd/Ag; 7-inch Reeled,100V,15 pF,,,,,,,Published
MLCC,Medium Voltage,FM31X150J101PG,FM,1206,X7R; ±5%; Pd/Ag; 13-inch Reeled,100V,15 pF,,,,,,,Published
MLCC,Medium Voltage,FM31X150J101ET,FM,1206,X7R; ±5%; Ag/Ni/Sn; 7-inch Reeled,100V,15 pF,,,,,,,Published
MLCC,Medium Voltage,FM31X150J101EG,FM,1206,X7R; ±5%; Ag/Ni/Sn; 13-inch Reeled,100V,15 pF,,,,,,,Published
MLCC,Medium Voltage,FM31X150K101PT,FM,1206,X7R; ±10%; Pd/Ag; 7-inch Reeled,100V,15 pF,,,,,,,Published
MLCC,Medium Voltage,FM31X150K101PG,FM,1206,X7R; ±10%; Pd/Ag; 13-inch Reeled,100V,15 pF,,,,,,,Published
MLCC,Medium Voltage,FM31X150K101ET,FM,1206,X7R; ±10%; Ag/Ni/Sn; 7-inch Reeled,100V,15 pF,,,,,,,Published
MLCC,Medium Voltage,FM31X150K101EG,FM,1206,X7R; ±10%; Ag/Ni/Sn; 13-inch Reeled,100V,15 pF,,,,,,,Published
MLCC,Medium Voltage,FM31X150M101PT,FM,1206,X7R; ±20%; Pd/Ag; 7-inch Reeled,100V,15 pF,,,,,,,Published
MLCC,Medium Voltage,FM31X150M101PG,FM,1206,X7R; ±20%; Pd/Ag; 13-inch Reeled,100V,15 pF,,,,,,,Published
MLCC,Medium Voltage,FM31X150M101ET,FM,1206,X7R; ±20%; Ag/Ni/Sn; 7-inch Reeled,100V,15 pF,,,,,,,Published
MLCC,Medium Voltage,FM31X150M101EG,FM,1206,X7R; ±20%; Ag/Ni/Sn; 13-inch Reeled,100V,15 pF,,,,,,,Published
MLCC,Medium Voltage,FM31X151J101PT,FM,1206,X7R; ±5%; Pd/Ag; 7-inch Reeled,100V,150 pF,,,,,,,Published
MLCC,Medium Voltage,FM31X151J101PG,FM,1206,X7R; ±5%; Pd/Ag; 13-inch Reeled,100V,150 pF,,,,,,,Published
MLCC,Medium Voltage,FM31X151J101ET,FM,1206,X7R; ±5%; Ag/Ni/Sn; 7-inch Reeled,100V,150 pF,,,,,,,Published
MLCC,Medium Voltage,FM31X151J101EG,FM,1206,X7R; ±5%; Ag/Ni/Sn; 13-inch Reeled,100V,150 pF,,,,,,,Published
MLCC,Medium Voltage,FM31X151K101PT,FM,1206,X7R; ±10%; Pd/Ag; 7-inch Reeled,100V,150 pF,,,,,,,Published
MLCC,Medium Voltage,FM31X151K101PG,FM,1206,X7R; ±10%; Pd/Ag; 13-inch Reeled,100V,150 pF,,,,,,,Published
MLCC,Medium Voltage,FM31X151K101ET,FM,1206,X7R; ±10%; Ag/Ni/Sn; 7-inch Reeled,100V,150 pF,,,,,,,Published
MLCC,Medium Voltage,FM31X151K101EG,FM,1206,X7R; ±10%; Ag/Ni/Sn; 13-inch Reeled,100V,150 pF,,,,,,,Published
MLCC,Medium Voltage,FM31X151M101PT,FM,1206,X7R; ±20%; Pd/Ag; 7-inch Reeled,100V,150 pF,,,,,,,Published
MLCC,Medium Voltage,FM31X151M101PG,FM,1206,X7R; ±20%; Pd/Ag; 13-inch Reeled,100V,150 pF,,,,,,,Published
MLCC,Medium Voltage,FM31X151M101ET,FM,1206,X7R; ±20%; Ag/Ni/Sn; 7-inch Reeled,100V,150 pF,,,,,,,Published
MLCC,Medium Voltage,FM31X151M101EG,FM,1206,X7R; ±20%; Ag/Ni/Sn; 13-inch Reeled,100V,150 pF,,,,,,,Published
MLCC,Medium Voltage,FM31X152J101PT,FM,1206,X7R; ±5%; Pd/Ag; 7-inch Reeled,100V,1.5 nF,,,,,,,Published
MLCC,Medium Voltage,FM31X152J101PG,FM,1206,X7R; ±5%; Pd/Ag; 13-inch Reeled,100V,1.5 nF,,,,,,,Published
MLCC,Medium Voltage,FM31X152J101ET,FM,1206,X7R; ±5%; Ag/Ni/Sn; 7-inch Reeled,100V,1.5 nF,,,,,,,Published
MLCC,Medium Voltage,FM31X152J101EG,FM,1206,X7R; ±5%; Ag/Ni/Sn; 13-inch Reeled,100V,1.5 nF,,,,,,,Published
MLCC,Medium Voltage,FM31X152K101PT,FM,1206,X7R; ±10%; Pd/Ag; 7-inch Reeled,100V,1.5 nF,,,,,,,Published
MLCC,Medium Voltage,FM31X152K101PG,FM,1206,X7R; ±10%; Pd/Ag; 13-inch Reeled,100V,1.5 nF,,,,,,,Published
MLCC,Medium Voltage,FM31X152K101ET,FM,1206,X7R; ±10%; Ag/Ni/Sn; 7-inch Reeled,100V,1.5 nF,,,,,,,Published
MLCC,Medium Voltage,FM31X152K101EG,FM,1206,X7R; ±10%; Ag/Ni/Sn; 13-inch Reeled,100V,1.5 nF,,,,,,,Published
MLCC,Medium Voltage,FM31X152M101PT,FM,1206,X7R; ±20%; Pd/Ag; 7-inch Reeled,100V,1.5 nF,,,,,,,Published
MLCC,Medium Voltage,FM31X152M101PG,FM,1206,X7R; ±20%; Pd/Ag; 13-inch Reeled,100V,1.5 nF,,,,,,,Published
MLCC,Medium Voltage,FM31X152M101ET,FM,1206,X7R; ±20%; Ag/Ni/Sn; 7-inch Reeled,100V,1.5 nF,,,,,,,Published
MLCC,Medium Voltage,FM31X152M101EG,FM,1206,X7R; ±20%; Ag/Ni/Sn; 13-inch Reeled,100V,1.5 nF,,,,,,,Published
MLCC,Medium Voltage,FM31X153J101PT,FM,1206,X7R; ±5%; Pd/Ag; 7-inch Reeled,100V,15 nF,,,,,,,Published
MLCC,Medium Voltage,FM31X153J101PG,FM,1206,X7R; ±5%; Pd/Ag; 13-inch Reeled,100V,15 nF,,,,,,,Published
MLCC,Medium Voltage,FM31X153J101ET,FM,1206,X7R; ±5%; Ag/Ni/Sn; 7-inch Reeled,100V,15 nF,,,,,,,Published
MLCC,Medium Voltage,FM31X153J101EG,FM,1206,X7R; ±5%; Ag/Ni/Sn; 13-inch Reeled,100V,15 nF,,,,,,,Published
MLCC,Medium Voltage,FM31X153K101PT,FM,1206,X7R; ±10%; Pd/Ag; 7-inch Reeled,100V,15 nF,,,,,,,Published
MLCC,Medium Voltage,FM31X153K101PG,FM,1206,X7R; ±10%; Pd/Ag; 13-inch Reeled,100V,15 nF,,,,,,,Published
MLCC,Medium Voltage,FM31X153K101ET,FM,1206,X7R; ±10%; Ag/Ni/Sn; 7-inch Reeled,100V,15 nF,,,,,,,Published
MLCC,Medium Voltage,FM31X153K101EG,FM,1206,X7R; ±10%; Ag/Ni/Sn; 13-inch Reeled,100V,15 nF,,,,,,,Published
MLCC,Medium Voltage,FM31X153M101PT,FM,1206,X7R; ±20%; Pd/Ag; 7-inch Reeled,100V,15 nF,,,,,,,Published
MLCC,Medium Voltage,FM31X153M101PG,FM,1206,X7R; ±20%; Pd/Ag; 13-inch Reeled,100V,15 nF,,,,,,,Published
MLCC,Medium Voltage,FM31X153M101ET,FM,1206,X7R; ±20%; Ag/Ni/Sn; 7-inch Reeled,100V,15 nF,,,,,,,Published
MLCC,Medium Voltage,FM31X153M101EG,FM,1206,X7R; ±20%; Ag/Ni/Sn; 13-inch Reeled,100V,15 nF,,,,,,,Published
MLCC,Medium Voltage,FM31X154J101PT,FM,1206,X7R; ±5%; Pd/Ag; 7-inch Reeled,100V,150 nF,,,,,,,Published
MLCC,Medium Voltage,FM31X154J101PG,FM,1206,X7R; ±5%; Pd/Ag; 13-inch Reeled,100V,150 nF,,,,,,,Published
MLCC,Medium Voltage,FM31X154J101ET,FM,1206,X7R; ±5%; Ag/Ni/Sn; 7-inch Reeled,100V,150 nF,,,,,,,Published
MLCC,Medium Voltage,FM31X154J101EG,FM,1206,X7R; ±5%; Ag/Ni/Sn; 13-inch Reeled,100V,150 nF,,,,,,,Published
MLCC,Medium Voltage,FM31X154K101PT,FM,1206,X7R; ±10%; Pd/Ag; 7-inch Reeled,100V,150 nF,,,,,,,Published
MLCC,Medium Voltage,FM31X154K101PG,FM,1206,X7R; ±10%; Pd/Ag; 13-inch Reeled,100V,150 nF,,,,,,,Published
MLCC,Medium Voltage,FM31X154K101ET,FM,1206,X7R; ±10%; Ag/Ni/Sn; 7-inch Reeled,100V,150 nF,,,,,,,Published
MLCC,Medium Voltage,FM31X154K101EG,FM,1206,X7R; ±10%; Ag/Ni/Sn; 13-inch Reeled,100V,150 nF,,,,,,,Published
MLCC,Medium Voltage,FM31X154M101PT,FM,1206,X7R; ±20%; Pd/Ag; 7-inch Reeled,100V,150 nF,,,,,,,Published
MLCC,Medium Voltage,FM31X154M101PG,FM,1206,X7R; ±20%; Pd/Ag; 13-inch Reeled,100V,150 nF,,,,,,,Published
MLCC,Medium Voltage,FM31X154M101ET,FM,1206,X7R; ±20%; Ag/Ni/Sn; 7-inch Reeled,100V,150 nF,,,,,,,Published
MLCC,Medium Voltage,FM31X154M101EG,FM,1206,X7R; ±20%; Ag/Ni/Sn; 13-inch Reeled,100V,150 nF,,,,,,,Published
MLCC,Medium Voltage,FM31X220J101PT,FM,1206,X7R; ±5%; Pd/Ag; 7-inch Reeled,100V,22 pF,,,,,,,Published
MLCC,Medium Voltage,FM31X220J101PG,FM,1206,X7R; ±5%; Pd/Ag; 13-inch Reeled,100V,22 pF,,,,,,,Published
MLCC,Medium Voltage,FM31X220J101ET,FM,1206,X7R; ±5%; Ag/Ni/Sn; 7-inch Reeled,100V,22 pF,,,,,,,Published
MLCC,Medium Voltage,FM31X220J101EG,FM,1206,X7R; ±5%; Ag/Ni/Sn; 13-inch Reeled,100V,22 pF,,,,,,,Published
MLCC,Medium Voltage,FM31X220K101PT,FM,1206,X7R; ±10%; Pd/Ag; 7-inch Reeled,100V,22 pF,,,,,,,Published
MLCC,Medium Voltage,FM31X220K101PG,FM,1206,X7R; ±10%; Pd/Ag; 13-inch Reeled,100V,22 pF,,,,,,,Published
MLCC,Medium Voltage,FM31X220K101ET,FM,1206,X7R; ±10%; Ag/Ni/Sn; 7-inch Reeled,100V,22 pF,,,,,,,Published
MLCC,Medium Voltage,FM31X220K101EG,FM,1206,X7R; ±10%; Ag/Ni/Sn; 13-inch Reeled,100V,22 pF,,,,,,,Published
MLCC,Medium Voltage,FM31X220M101PT,FM,1206,X7R; ±20%; Pd/Ag; 7-inch Reeled,100V,22 pF,,,,,,,Published
MLCC,Medium Voltage,FM31X220M101PG,FM,1206,X7R; ±20%; Pd/Ag; 13-inch Reeled,100V,22 pF,,,,,,,Published
MLCC,Medium Voltage,FM31X220M101ET,FM,1206,X7R; ±20%; Ag/Ni/Sn; 7-inch Reeled,100V,22 pF,,,,,,,Published
MLCC,Medium Voltage,FM31X220M101EG,FM,1206,X7R; ±20%; Ag/Ni/Sn; 13-inch Reeled,100V,22 pF,,,,,,,Published
MLCC,Medium Voltage,FM31X221J101PT,FM,1206,X7R; ±5%; Pd/Ag; 7-inch Reeled,100V,220 pF,,,,,,,Published
MLCC,Medium Voltage,FM31X221J101PG,FM,1206,X7R; ±5%; Pd/Ag; 13-inch Reeled,100V,220 pF,,,,,,,Published
MLCC,Medium Voltage,FM31X221J101ET,FM,1206,X7R; ±5%; Ag/Ni/Sn; 7-inch Reeled,100V,220 pF,,,,,,,Published
MLCC,Medium Voltage,FM31X221J101EG,FM,1206,X7R; ±5%; Ag/Ni/Sn; 13-inch Reeled,100V,220 pF,,,,,,,Published
MLCC,Medium Voltage,FM31X221K101PT,FM,1206,X7R; ±10%; Pd/Ag; 7-inch Reeled,100V,220 pF,,,,,,,Published
MLCC,Medium Voltage,FM31X221K101PG,FM,1206,X7R; ±10%; Pd/Ag; 13-inch Reeled,100V,220 pF,,,,,,,Published
MLCC,Medium Voltage,FM31X221K101ET,FM,1206,X7R; ±10%; Ag/Ni/Sn; 7-inch Reeled,100V,220 pF,,,,,,,Published
MLCC,Medium Voltage,FM31X221K101EG,FM,1206,X7R; ±10%; Ag/Ni/Sn; 13-inch Reeled,100V,220 pF,,,,,,,Published
MLCC,Medium Voltage,FM31X221M101PT,FM,1206,X7R; ±20%; Pd/Ag; 7-inch Reeled,100V,220 pF,,,,,,,Published
MLCC,Medium Voltage,FM31X221M101PG,FM,1206,X7R; ±20%; Pd/Ag; 13-inch Reeled,100V,220 pF,,,,,,,Published
MLCC,Medium Voltage,FM31X221M101ET,FM,1206,X7R; ±20%; Ag/Ni/Sn; 7-inch Reeled,100V,220 pF,,,,,,,Published
MLCC,Medium Voltage,FM31X221M101EG,FM,1206,X7R; ±20%; Ag/Ni/Sn; 13-inch Reeled,100V,220 pF,,,,,,,Published
MLCC,Medium Voltage,FM31X222J101PT,FM,1206,X7R; ±5%; Pd/Ag; 7-inch Reeled,100V,2.2 nF,,,,,,,Published
MLCC,Medium Voltage,FM31X222J101PG,FM,1206,X7R; ±5%; Pd/Ag; 13-inch Reeled,100V,2.2 nF,,,,,,,Published
MLCC,Medium Voltage,FM31X222J101ET,FM,1206,X7R; ±5%; Ag/Ni/Sn; 7-inch Reeled,100V,2.2 nF,,,,,,,Published
MLCC,Medium Voltage,FM31X222J101EG,FM,1206,X7R; ±5%; Ag/Ni/Sn; 13-inch Reeled,100V,2.2 nF,,,,,,,Published
MLCC,Medium Voltage,FM31X222K101PT,FM,1206,X7R; ±10%; Pd/Ag; 7-inch Reeled,100V,2.2 nF,,,,,,,Published
MLCC,Medium Voltage,FM31X222K101PG,FM,1206,X7R; ±10%; Pd/Ag; 13-inch Reeled,100V,2.2 nF,,,,,,,Published
MLCC,Medium Voltage,FM31X222K101ET,FM,1206,X7R; ±10%; Ag/Ni/Sn; 7-inch Reeled,100V,2.2 nF,,,,,,,Published
MLCC,Medium Voltage,FM31X222K101EG,FM,1206,X7R; ±10%; Ag/Ni/Sn; 13-inch Reeled,100V,2.2 nF,,,,,,,Published
MLCC,Medium Voltage,FM31X222M101PT,FM,1206,X7R; ±20%; Pd/Ag; 7-inch Reeled,100V,2.2 nF,,,,,,,Published
MLCC,Medium Voltage,FM31X222M101PG,FM,1206,X7R; ±20%; Pd/Ag; 13-inch Reeled,100V,2.2 nF,,,,,,,Published
MLCC,Medium Voltage,FM31X222M101ET,FM,1206,X7R; ±20%; Ag/Ni/Sn; 7-inch Reeled,100V,2.2 nF,,,,,,,Published
MLCC,Medium Voltage,FM31X222M101EG,FM,1206,X7R; ±20%; Ag/Ni/Sn; 13-inch Reeled,100V,2.2 nF,,,,,,,Published
MLCC,Medium Voltage,FM31X223J101PT,FM,1206,X7R; ±5%; Pd/Ag; 7-inch Reeled,100V,22 nF,,,,,,,Published
MLCC,Medium Voltage,FM31X223J101PG,FM,1206,X7R; ±5%; Pd/Ag; 13-inch Reeled,100V,22 nF,,,,,,,Published
MLCC,Medium Voltage,FM31X223J101ET,FM,1206,X7R; ±5%; Ag/Ni/Sn; 7-inch Reeled,100V,22 nF,,,,,,,Published
MLCC,Medium Voltage,FM31X223J101EG,FM,1206,X7R; ±5%; Ag/Ni/Sn; 13-inch Reeled,100V,22 nF,,,,,,,Published
MLCC,Medium Voltage,FM31X223K101PT,FM,1206,X7R; ±10%; Pd/Ag; 7-inch Reeled,100V,22 nF,,,,,,,Published
MLCC,Medium Voltage,FM31X223K101PG,FM,1206,X7R; ±10%; Pd/Ag; 13-inch Reeled,100V,22 nF,,,,,,,Published
MLCC,Medium Voltage,FM31X223K101ET,FM,1206,X7R; ±10%; Ag/Ni/Sn; 7-inch Reeled,100V,22 nF,,,,,,,Published
MLCC,Medium Voltage,FM31X223K101EG,FM,1206,X7R; ±10%; Ag/Ni/Sn; 13-inch Reeled,100V,22 nF,,,,,,,Published
MLCC,Medium Voltage,FM31X223M101PT,FM,1206,X7R; ±20%; Pd/Ag; 7-inch Reeled,100V,22 nF,,,,,,,Published
MLCC,Medium Voltage,FM31X223M101PG,FM,1206,X7R; ±20%; Pd/Ag; 13-inch Reeled,100V,22 nF,,,,,,,Published
MLCC,Medium Voltage,FM31X223M101ET,FM,1206,X7R; ±20%; Ag/Ni/Sn; 7-inch Reeled,100V,22 nF,,,,,,,Published
MLCC,Medium Voltage,FM31X223M101EG,FM,1206,X7R; ±20%; Ag/Ni/Sn; 13-inch Reeled,100V,22 nF,,,,,,,Published
MLCC,Medium Voltage,FM31X224J101PT,FM,1206,X7R; ±5%; Pd/Ag; 7-inch Reeled,100V,220 nF,,,,,,,Published
MLCC,Medium Voltage,FM31X224J101PG,FM,1206,X7R; ±5%; Pd/Ag; 13-inch Reeled,100V,220 nF,,,,,,,Published
MLCC,Medium Voltage,FM31X224J101ET,FM,1206,X7R; ±5%; Ag/Ni/Sn; 7-inch Reeled,100V,220 nF,,,,,,,Published
MLCC,Medium Voltage,FM31X224J101EG,FM,1206,X7R; ±5%; Ag/Ni/Sn; 13-inch Reeled,100V,220 nF,,,,,,,Published
MLCC,Medium Voltage,FM31X224K101PT,FM,1206,X7R; ±10%; Pd/Ag; 7-inch Reeled,100V,220 nF,,,,,,,Published
MLCC,Medium Voltage,FM31X224K101PG,FM,1206,X7R; ±10%; Pd/Ag; 13-inch Reeled,100V,220 nF,,,,,,,Published
MLCC,Medium Voltage,FM31X224K101ET,FM,1206,X7R; ±10%; Ag/Ni/Sn; 7-inch Reeled,100V,220 nF,,,,,,,Published
MLCC,Medium Voltage,FM31X224K101EG,FM,1206,X7R; ±10%; Ag/Ni/Sn; 13-inch Reeled,100V,220 nF,,,,,,,Published
MLCC,Medium Voltage,FM31X224M101PT,FM,1206,X7R; ±20%; Pd/Ag; 7-inch Reeled,100V,220 nF,,,,,,,Published
MLCC,Medium Voltage,FM31X224M101PG,FM,1206,X7R; ±20%; Pd/Ag; 13-inch Reeled,100V,220 nF,,,,,,,Published
MLCC,Medium Voltage,FM31X224M101ET,FM,1206,X7R; ±20%; Ag/Ni/Sn; 7-inch Reeled,100V,220 nF,,,,,,,Published
MLCC,Medium Voltage,FM31X224M101EG,FM,1206,X7R; ±20%; Ag/Ni/Sn; 13-inch Reeled,100V,220 nF,,,,,,,Published
MLCC,Medium Voltage,FM31X330J101PT,FM,1206,X7R; ±5%; Pd/Ag; 7-inch Reeled,100V,33 pF,,,,,,,Published
MLCC,Medium Voltage,FM31X330J101PG,FM,1206,X7R; ±5%; Pd/Ag; 13-inch Reeled,100V,33 pF,,,,,,,Published
MLCC,Medium Voltage,FM31X330J101ET,FM,1206,X7R; ±5%; Ag/Ni/Sn; 7-inch Reeled,100V,33 pF,,,,,,,Published
MLCC,Medium Voltage,FM31X330J101EG,FM,1206,X7R; ±5%; Ag/Ni/Sn; 13-inch Reeled,100V,33 pF,,,,,,,Published
MLCC,Medium Voltage,FM31X330K101PT,FM,1206,X7R; ±10%; Pd/Ag; 7-inch Reeled,100V,33 pF,,,,,,,Published
MLCC,Medium Voltage,FM31X330K101PG,FM,1206,X7R; ±10%; Pd/Ag; 13-inch Reeled,100V,33 pF,,,,,,,Published
MLCC,Medium Voltage,FM31X330K101ET,FM,1206,X7R; ±10%; Ag/Ni/Sn; 7-inch Reeled,100V,33 pF,,,,,,,Published
MLCC,Medium Voltage,FM31X330K101EG,FM,1206,X7R; ±10%; Ag/Ni/Sn; 13-inch Reeled,100V,33 pF,,,,,,,Published
MLCC,Medium Voltage,FM31X330M101PT,FM,1206,X7R; ±20%; Pd/Ag; 7-inch Reeled,100V,33 pF,,,,,,,Published
MLCC,Medium Voltage,FM31X330M101PG,FM,1206,X7R; ±20%; Pd/Ag; 13-inch Reeled,100V,33 pF,,,,,,,Published
MLCC,Medium Voltage,FM31X330M101ET,FM,1206,X7R; ±20%; Ag/Ni/Sn; 7-inch Reeled,100V,33 pF,,,,,,,Published
MLCC,Medium Voltage,FM31X330M101EG,FM,1206,X7R; ±20%; Ag/Ni/Sn; 13-inch Reeled,100V,33 pF,,,,,,,Published
MLCC,Medium Voltage,FM31X331J101PT,FM,1206,X7R; ±5%; Pd/Ag; 7-inch Reeled,100V,330 pF,,,,,,,Published
MLCC,Medium Voltage,FM31X331J101PG,FM,1206,X7R; ±5%; Pd/Ag; 13-inch Reeled,100V,330 pF,,,,,,,Published
MLCC,Medium Voltage,FM31X331J101ET,FM,1206,X7R; ±5%; Ag/Ni/Sn; 7-inch Reeled,100V,330 pF,,,,,,,Published
MLCC,Medium Voltage,FM31X331J101EG,FM,1206,X7R; ±5%; Ag/Ni/Sn; 13-inch Reeled,100V,330 pF,,,,,,,Published
MLCC,Medium Voltage,FM31X331K101PT,FM,1206,X7R; ±10%; Pd/Ag; 7-inch Reeled,100V,330 pF,,,,,,,Published
MLCC,Medium Voltage,FM31X331K101PG,FM,1206,X7R; ±10%; Pd/Ag; 13-inch Reeled,100V,330 pF,,,,,,,Published
MLCC,Medium Voltage,FM31X331K101ET,FM,1206,X7R; ±10%; Ag/Ni/Sn; 7-inch Reeled,100V,330 pF,,,,,,,Published
MLCC,Medium Voltage,FM31X331K101EG,FM,1206,X7R; ±10%; Ag/Ni/Sn; 13-inch Reeled,100V,330 pF,,,,,,,Published
MLCC,Medium Voltage,FM31X331M101PT,FM,1206,X7R; ±20%; Pd/Ag; 7-inch Reeled,100V,330 pF,,,,,,,Published
MLCC,Medium Voltage,FM31X331M101PG,FM,1206,X7R; ±20%; Pd/Ag; 13-inch Reeled,100V,330 pF,,,,,,,Published
MLCC,Medium Voltage,FM31X331M101ET,FM,1206,X7R; ±20%; Ag/Ni/Sn; 7-inch Reeled,100V,330 pF,,,,,,,Published
MLCC,Medium Voltage,FM31X331M101EG,FM,1206,X7R; ±20%; Ag/Ni/Sn; 13-inch Reeled,100V,330 pF,,,,,,,Published
MLCC,Medium Voltage,FM31X332J101PT,FM,1206,X7R; ±5%; Pd/Ag; 7-inch Reeled,100V,3.3 nF,,,,,,,Published
MLCC,Medium Voltage,FM31X332J101PG,FM,1206,X7R; ±5%; Pd/Ag; 13-inch Reeled,100V,3.3 nF,,,,,,,Published
MLCC,Medium Voltage,FM31X332J101ET,FM,1206,X7R; ±5%; Ag/Ni/Sn; 7-inch Reeled,100V,3.3 nF,,,,,,,Published
MLCC,Medium Voltage,FM31X332J101EG,FM,1206,X7R; ±5%; Ag/Ni/Sn; 13-inch Reeled,100V,3.3 nF,,,,,,,Published
MLCC,Medium Voltage,FM31X332K101PT,FM,1206,X7R; ±10%; Pd/Ag; 7-inch Reeled,100V,3.3 nF,,,,,,,Published
MLCC,Medium Voltage,FM31X332K101PG,FM,1206,X7R; ±10%; Pd/Ag; 13-inch Reeled,100V,3.3 nF,,,,,,,Published
MLCC,Medium Voltage,FM31X332K101ET,FM,1206,X7R; ±10%; Ag/Ni/Sn; 7-inch Reeled,100V,3.3 nF,,,,,,,Published
MLCC,Medium Voltage,FM31X332K101EG,FM,1206,X7R; ±10%; Ag/Ni/Sn; 13-inch Reeled,100V,3.3 nF,,,,,,,Published
MLCC,Medium Voltage,FM31X332M101PT,FM,1206,X7R; ±20%; Pd/Ag; 7-inch Reeled,100V,3.3 nF,,,,,,,Published
MLCC,Medium Voltage,FM31X332M101PG,FM,1206,X7R; ±20%; Pd/Ag; 13-inch Reeled,100V,3.3 nF,,,,,,,Published
MLCC,Medium Voltage,FM31X332M101ET,FM,1206,X7R; ±20%; Ag/Ni/Sn; 7-inch Reeled,100V,3.3 nF,,,,,,,Published
MLCC,Medium Voltage,FM31X332M101EG,FM,1206,X7R; ±20%; Ag/Ni/Sn; 13-inch Reeled,100V,3.3 nF,,,,,,,Published
MLCC,Medium Voltage,FM31X333J101PT,FM,1206,X7R; ±5%; Pd/Ag; 7-inch Reeled,100V,33 nF,,,,,,,Published
MLCC,Medium Voltage,FM31X333J101PG,FM,1206,X7R; ±5%; Pd/Ag; 13-inch Reeled,100V,33 nF,,,,,,,Published
MLCC,Medium Voltage,FM31X333J101ET,FM,1206,X7R; ±5%; Ag/Ni/Sn; 7-inch Reeled,100V,33 nF,,,,,,,Published
MLCC,Medium Voltage,FM31X333J101EG,FM,1206,X7R; ±5%; Ag/Ni/Sn; 13-inch Reeled,100V,33 nF,,,,,,,Published
MLCC,Medium Voltage,FM31X333K101PT,FM,1206,X7R; ±10%; Pd/Ag; 7-inch Reeled,100V,33 nF,,,,,,,Published
MLCC,Medium Voltage,FM31X333K101PG,FM,1206,X7R; ±10%; Pd/Ag; 13-inch Reeled,100V,33 nF,,,,,,,Published
MLCC,Medium Voltage,FM31X333K101ET,FM,1206,X7R; ±10%; Ag/Ni/Sn; 7-inch Reeled,100V,33 nF,,,,,,,Published
MLCC,Medium Voltage,FM31X333K101EG,FM,1206,X7R; ±10%; Ag/Ni/Sn; 13-inch Reeled,100V,33 nF,,,,,,,Published
MLCC,Medium Voltage,FM31X333M101PT,FM,1206,X7R; ±20%; Pd/Ag; 7-inch Reeled,100V,33 nF,,,,,,,Published
MLCC,Medium Voltage,FM31X333M101PG,FM,1206,X7R; ±20%; Pd/Ag; 13-inch Reeled,100V,33 nF,,,,,,,Published
MLCC,Medium Voltage,FM31X333M101ET,FM,1206,X7R; ±20%; Ag/Ni/Sn; 7-inch Reeled,100V,33 nF,,,,,,,Published
MLCC,Medium Voltage,FM31X333M101EG,FM,1206,X7R; ±20%; Ag/Ni/Sn; 13-inch Reeled,100V,33 nF,,,,,,,Published
MLCC,Medium Voltage,FM31X334J101PT,FM,1206,X7R; ±5%; Pd/Ag; 7-inch Reeled,100V,330 nF,,,,,,,Published
MLCC,Medium Voltage,FM31X334J101PG,FM,1206,X7R; ±5%; Pd/Ag; 13-inch Reeled,100V,330 nF,,,,,,,Published
MLCC,Medium Voltage,FM31X334J101ET,FM,1206,X7R; ±5%; Ag/Ni/Sn; 7-inch Reeled,100V,330 nF,,,,,,,Published
MLCC,Medium Voltage,FM31X334J101EG,FM,1206,X7R; ±5%; Ag/Ni/Sn; 13-inch Reeled,100V,330 nF,,,,,,,Published
MLCC,Medium Voltage,FM31X334K101PT,FM,1206,X7R; ±10%; Pd/Ag; 7-inch Reeled,100V,330 nF,,,,,,,Published
MLCC,Medium Voltage,FM31X334K101PG,FM,1206,X7R; ±10%; Pd/Ag; 13-inch Reeled,100V,330 nF,,,,,,,Published
MLCC,Medium Voltage,FM31X334K101ET,FM,1206,X7R; ±10%; Ag/Ni/Sn; 7-inch Reeled,100V,330 nF,,,,,,,Published
MLCC,Medium Voltage,FM31X334K101EG,FM,1206,X7R; ±10%; Ag/Ni/Sn; 13-inch Reeled,100V,330 nF,,,,,,,Published
MLCC,Medium Voltage,FM31X334M101PT,FM,1206,X7R; ±20%; Pd/Ag; 7-inch Reeled,100V,330 nF,,,,,,,Published
MLCC,Medium Voltage,FM31X334M101PG,FM,1206,X7R; ±20%; Pd/Ag; 13-inch Reeled,100V,330 nF,,,,,,,Published
MLCC,Medium Voltage,FM31X334M101ET,FM,1206,X7R; ±20%; Ag/Ni/Sn; 7-inch Reeled,100V,330 nF,,,,,,,Published
MLCC,Medium Voltage,FM31X334M101EG,FM,1206,X7R; ±20%; Ag/Ni/Sn; 13-inch Reeled,100V,330 nF,,,,,,,Published
MLCC,Medium Voltage,FM31X470J101PT,FM,1206,X7R; ±5%; Pd/Ag; 7-inch Reeled,100V,47 pF,,,,,,,Published
MLCC,Medium Voltage,FM31X470J101PG,FM,1206,X7R; ±5%; Pd/Ag; 13-inch Reeled,100V,47 pF,,,,,,,Published
MLCC,Medium Voltage,FM31X470J101ET,FM,1206,X7R; ±5%; Ag/Ni/Sn; 7-inch Reeled,100V,47 pF,,,,,,,Published
MLCC,Medium Voltage,FM31X470J101EG,FM,1206,X7R; ±5%; Ag/Ni/Sn; 13-inch Reeled,100V,47 pF,,,,,,,Published
MLCC,Medium Voltage,FM31X470K101PT,FM,1206,X7R; ±10%; Pd/Ag; 7-inch Reeled,100V,47 pF,,,,,,,Published
MLCC,Medium Voltage,FM31X470K101PG,FM,1206,X7R; ±10%; Pd/Ag; 13-inch Reeled,100V,47 pF,,,,,,,Published
MLCC,Medium Voltage,FM31X470K101ET,FM,1206,X7R; ±10%; Ag/Ni/Sn; 7-inch Reeled,100V,47 pF,,,,,,,Published
MLCC,Medium Voltage,FM31X470K101EG,FM,1206,X7R; ±10%; Ag/Ni/Sn; 13-inch Reeled,100V,47 pF,,,,,,,Published
MLCC,Medium Voltage,FM31X470M101PT,FM,1206,X7R; ±20%; Pd/Ag; 7-inch Reeled,100V,47 pF,,,,,,,Published
MLCC,Medium Voltage,FM31X470M101PG,FM,1206,X7R; ±20%; Pd/Ag; 13-inch Reeled,100V,47 pF,,,,,,,Published
MLCC,Medium Voltage,FM31X470M101ET,FM,1206,X7R; ±20%; Ag/Ni/Sn; 7-inch Reeled,100V,47 pF,,,,,,,Published
MLCC,Medium Voltage,FM31X470M101EG,FM,1206,X7R; ±20%; Ag/Ni/Sn; 13-inch Reeled,100V,47 pF,,,,,,,Published
MLCC,Medium Voltage,FM31X471J101PT,FM,1206,X7R; ±5%; Pd/Ag; 7-inch Reeled,100V,470 pF,,,,,,,Published
MLCC,Medium Voltage,FM31X471J101PG,FM,1206,X7R; ±5%; Pd/Ag; 13-inch Reeled,100V,470 pF,,,,,,,Published
MLCC,Medium Voltage,FM31X471J101ET,FM,1206,X7R; ±5%; Ag/Ni/Sn; 7-inch Reeled,100V,470 pF,,,,,,,Published
MLCC,Medium Voltage,FM31X471J101EG,FM,1206,X7R; ±5%; Ag/Ni/Sn; 13-inch Reeled,100V,470 pF,,,,,,,Published
MLCC,Medium Voltage,FM31X471K101PT,FM,1206,X7R; ±10%; Pd/Ag; 7-inch Reeled,100V,470 pF,,,,,,,Published
MLCC,Medium Voltage,FM31X471K101PG,FM,1206,X7R; ±10%; Pd/Ag; 13-inch Reeled,100V,470 pF,,,,,,,Published
MLCC,Medium Voltage,FM31X471K101ET,FM,1206,X7R; ±10%; Ag/Ni/Sn; 7-inch Reeled,100V,470 pF,,,,,,,Published
MLCC,Medium Voltage,FM31X471K101EG,FM,1206,X7R; ±10%; Ag/Ni/Sn; 13-inch Reeled,100V,470 pF,,,,,,,Published
MLCC,Medium Voltage,FM31X471M101PT,FM,1206,X7R; ±20%; Pd/Ag; 7-inch Reeled,100V,470 pF,,,,,,,Published
MLCC,Medium Voltage,FM31X471M101PG,FM,1206,X7R; ±20%; Pd/Ag; 13-inch Reeled,100V,470 pF,,,,,,,Published
MLCC,Medium Voltage,FM31X471M101ET,FM,1206,X7R; ±20%; Ag/Ni/Sn; 7-inch Reeled,100V,470 pF,,,,,,,Published
MLCC,Medium Voltage,FM31X471M101EG,FM,1206,X7R; ±20%; Ag/Ni/Sn; 13-inch Reeled,100V,470 pF,,,,,,,Published
MLCC,Medium Voltage,FM31X472J101PT,FM,1206,X7R; ±5%; Pd/Ag; 7-inch Reeled,100V,4.7 nF,,,,,,,Published
MLCC,Medium Voltage,FM31X472J101PG,FM,1206,X7R; ±5%; Pd/Ag; 13-inch Reeled,100V,4.7 nF,,,,,,,Published
MLCC,Medium Voltage,FM31X472J101ET,FM,1206,X7R; ±5%; Ag/Ni/Sn; 7-inch Reeled,100V,4.7 nF,,,,,,,Published
MLCC,Medium Voltage,FM31X472J101EG,FM,1206,X7R; ±5%; Ag/Ni/Sn; 13-inch Reeled,100V,4.7 nF,,,,,,,Published
MLCC,Medium Voltage,FM31X472K101PT,FM,1206,X7R; ±10%; Pd/Ag; 7-inch Reeled,100V,4.7 nF,,,,,,,Published
MLCC,Medium Voltage,FM31X472K101PG,FM,1206,X7R; ±10%; Pd/Ag; 13-inch Reeled,100V,4.7 nF,,,,,,,Published
MLCC,Medium Voltage,FM31X472K101ET,FM,1206,X7R; ±10%; Ag/Ni/Sn; 7-inch Reeled,100V,4.7 nF,,,,,,,Published
MLCC,Medium Voltage,FM31X472K101EG,FM,1206,X7R; ±10%; Ag/Ni/Sn; 13-inch Reeled,100V,4.7 nF,,,,,,,Published
MLCC,Medium Voltage,FM31X472M101PT,FM,1206,X7R; ±20%; Pd/Ag; 7-inch Reeled,100V,4.7 nF,,,,,,,Published
MLCC,Medium Voltage,FM31X472M101PG,FM,1206,X7R; ±20%; Pd/Ag; 13-inch Reeled,100V,4.7 nF,,,,,,,Published
MLCC,Medium Voltage,FM31X472M101ET,FM,1206,X7R; ±20%; Ag/Ni/Sn; 7-inch Reeled,100V,4.7 nF,,,,,,,Published
MLCC,Medium Voltage,FM31X472M101EG,FM,1206,X7R; ±20%; Ag/Ni/Sn; 13-inch Reeled,100V,4.7 nF,,,,,,,Published
MLCC,Medium Voltage,FM31X473J101PT,FM,1206,X7R; ±5%; Pd/Ag; 7-inch Reeled,100V,47 nF,,,,,,,Published
MLCC,Medium Voltage,FM31X473J101PG,FM,1206,X7R; ±5%; Pd/Ag; 13-inch Reeled,100V,47 nF,,,,,,,Published
MLCC,Medium Voltage,FM31X473J101ET,FM,1206,X7R; ±5%; Ag/Ni/Sn; 7-inch Reeled,100V,47 nF,,,,,,,Published
MLCC,Medium Voltage,FM31X473J101EG,FM,1206,X7R; ±5%; Ag/Ni/Sn; 13-inch Reeled,100V,47 nF,,,,,,,Published
MLCC,Medium Voltage,FM31X473K101PT,FM,1206,X7R; ±10%; Pd/Ag; 7-inch Reeled,100V,47 nF,,,,,,,Published
MLCC,Medium Voltage,FM31X473K101PG,FM,1206,X7R; ±10%; Pd/Ag; 13-inch Reeled,100V,47 nF,,,,,,,Published
MLCC,Medium Voltage,FM31X473K101ET,FM,1206,X7R; ±10%; Ag/Ni/Sn; 7-inch Reeled,100V,47 nF,,,,,,,Published
MLCC,Medium Voltage,FM31X473K101EG,FM,1206,X7R; ±10%; Ag/Ni/Sn; 13-inch Reeled,100V,47 nF,,,,,,,Published
MLCC,Medium Voltage,FM31X473M101PT,FM,1206,X7R; ±20%; Pd/Ag; 7-inch Reeled,100V,47 nF,,,,,,,Published
MLCC,Medium Voltage,FM31X473M101PG,FM,1206,X7R; ±20%; Pd/Ag; 13-inch Reeled,100V,47 nF,,,,,,,Published
MLCC,Medium Voltage,FM31X473M101ET,FM,1206,X7R; ±20%; Ag/Ni/Sn; 7-inch Reeled,100V,47 nF,,,,,,,Published
MLCC,Medium Voltage,FM31X473M101EG,FM,1206,X7R; ±20%; Ag/Ni/Sn; 13-inch Reeled,100V,47 nF,,,,,,,Published
MLCC,Medium Voltage,FM31X474J101PT,FM,1206,X7R; ±5%; Pd/Ag; 7-inch Reeled,100V,470 nF,,,,,,,Published
MLCC,Medium Voltage,FM31X474J101PG,FM,1206,X7R; ±5%; Pd/Ag; 13-inch Reeled,100V,470 nF,,,,,,,Published
MLCC,Medium Voltage,FM31X474J101ET,FM,1206,X7R; ±5%; Ag/Ni/Sn; 7-inch Reeled,100V,470 nF,,,,,,,Published
MLCC,Medium Voltage,FM31X474J101EG,FM,1206,X7R; ±5%; Ag/Ni/Sn; 13-inch Reeled,100V,470 nF,,,,,,,Published
MLCC,Medium Voltage,FM31X474K101PT,FM,1206,X7R; ±10%; Pd/Ag; 7-inch Reeled,100V,470 nF,,,,,,,Published
MLCC,Medium Voltage,FM31X474K101PG,FM,1206,X7R; ±10%; Pd/Ag; 13-inch Reeled,100V,470 nF,,,,,,,Published
MLCC,Medium Voltage,FM31X474K101ET,FM,1206,X7R; ±10%; Ag/Ni/Sn; 7-inch Reeled,100V,470 nF,,,,,,,Published
MLCC,Medium Voltage,FM31X474K101EG,FM,1206,X7R; ±10%; Ag/Ni/Sn; 13-inch Reeled,100V,470 nF,,,,,,,Published
MLCC,Medium Voltage,FM31X474M101PT,FM,1206,X7R; ±20%; Pd/Ag; 7-inch Reeled,100V,470 nF,,,,,,,Published
MLCC,Medium Voltage,FM31X474M101PG,FM,1206,X7R; ±20%; Pd/Ag; 13-inch Reeled,100V,470 nF,,,,,,,Published
MLCC,Medium Voltage,FM31X474M101ET,FM,1206,X7R; ±20%; Ag/Ni/Sn; 7-inch Reeled,100V,470 nF,,,,,,,Published
MLCC,Medium Voltage,FM31X474M101EG,FM,1206,X7R; ±20%; Ag/Ni/Sn; 13-inch Reeled,100V,470 nF,,,,,,,Published
MLCC,Medium Voltage,FM31X680J101PT,FM,1206,X7R; ±5%; Pd/Ag; 7-inch Reeled,100V,68 pF,,,,,,,Published
MLCC,Medium Voltage,FM31X680J101PG,FM,1206,X7R; ±5%; Pd/Ag; 13-inch Reeled,100V,68 pF,,,,,,,Published
MLCC,Medium Voltage,FM31X680J101ET,FM,1206,X7R; ±5%; Ag/Ni/Sn; 7-inch Reeled,100V,68 pF,,,,,,,Published
MLCC,Medium Voltage,FM31X680J101EG,FM,1206,X7R; ±5%; Ag/Ni/Sn; 13-inch Reeled,100V,68 pF,,,,,,,Published
MLCC,Medium Voltage,FM31X680K101PT,FM,1206,X7R; ±10%; Pd/Ag; 7-inch Reeled,100V,68 pF,,,,,,,Published
MLCC,Medium Voltage,FM31X680K101PG,FM,1206,X7R; ±10%; Pd/Ag; 13-inch Reeled,100V,68 pF,,,,,,,Published
MLCC,Medium Voltage,FM31X680K101ET,FM,1206,X7R; ±10%; Ag/Ni/Sn; 7-inch Reeled,100V,68 pF,,,,,,,Published
MLCC,Medium Voltage,FM31X680K101EG,FM,1206,X7R; ±10%; Ag/Ni/Sn; 13-inch Reeled,100V,68 pF,,,,,,,Published
MLCC,Medium Voltage,FM31X680M101PT,FM,1206,X7R; ±20%; Pd/Ag; 7-inch Reeled,100V,68 pF,,,,,,,Published
MLCC,Medium Voltage,FM31X680M101PG,FM,1206,X7R; ±20%; Pd/Ag; 13-inch Reeled,100V,68 pF,,,,,,,Published
MLCC,Medium Voltage,FM31X680M101ET,FM,1206,X7R; ±20%; Ag/Ni/Sn; 7-inch Reeled,100V,68 pF,,,,,,,Published
MLCC,Medium Voltage,FM31X680M101EG,FM,1206,X7R; ±20%; Ag/Ni/Sn; 13-inch Reeled,100V,68 pF,,,,,,,Published
MLCC,Medium Voltage,FM31X681J101PT,FM,1206,X7R; ±5%; Pd/Ag; 7-inch Reeled,100V,680 pF,,,,,,,Published
MLCC,Medium Voltage,FM31X681J101PG,FM,1206,X7R; ±5%; Pd/Ag; 13-inch Reeled,100V,680 pF,,,,,,,Published
MLCC,Medium Voltage,FM31X681J101ET,FM,1206,X7R; ±5%; Ag/Ni/Sn; 7-inch Reeled,100V,680 pF,,,,,,,Published
MLCC,Medium Voltage,FM31X681J101EG,FM,1206,X7R; ±5%; Ag/Ni/Sn; 13-inch Reeled,100V,680 pF,,,,,,,Published
MLCC,Medium Voltage,FM31X681K101PT,FM,1206,X7R; ±10%; Pd/Ag; 7-inch Reeled,100V,680 pF,,,,,,,Published
MLCC,Medium Voltage,FM31X681K101PG,FM,1206,X7R; ±10%; Pd/Ag; 13-inch Reeled,100V,680 pF,,,,,,,Published
MLCC,Medium Voltage,FM31X681K101ET,FM,1206,X7R; ±10%; Ag/Ni/Sn; 7-inch Reeled,100V,680 pF,,,,,,,Published
MLCC,Medium Voltage,FM31X681K101EG,FM,1206,X7R; ±10%; Ag/Ni/Sn; 13-inch Reeled,100V,680 pF,,,,,,,Published
MLCC,Medium Voltage,FM31X681M101PT,FM,1206,X7R; ±20%; Pd/Ag; 7-inch Reeled,100V,680 pF,,,,,,,Published
MLCC,Medium Voltage,FM31X681M101PG,FM,1206,X7R; ±20%; Pd/Ag; 13-inch Reeled,100V,680 pF,,,,,,,Published
MLCC,Medium Voltage,FM31X681M101ET,FM,1206,X7R; ±20%; Ag/Ni/Sn; 7-inch Reeled,100V,680 pF,,,,,,,Published
MLCC,Medium Voltage,FM31X681M101EG,FM,1206,X7R; ±20%; Ag/Ni/Sn; 13-inch Reeled,100V,680 pF,,,,,,,Published
MLCC,Medium Voltage,FM31X682J101PT,FM,1206,X7R; ±5%; Pd/Ag; 7-inch Reeled,100V,6.8 nF,,,,,,,Published
MLCC,Medium Voltage,FM31X682J101PG,FM,1206,X7R; ±5%; Pd/Ag; 13-inch Reeled,100V,6.8 nF,,,,,,,Published
MLCC,Medium Voltage,FM31X682J101ET,FM,1206,X7R; ±5%; Ag/Ni/Sn; 7-inch Reeled,100V,6.8 nF,,,,,,,Published
MLCC,Medium Voltage,FM31X682J101EG,FM,1206,X7R; ±5%; Ag/Ni/Sn; 13-inch Reeled,100V,6.8 nF,,,,,,,Published
MLCC,Medium Voltage,FM31X682K101PT,FM,1206,X7R; ±10%; Pd/Ag; 7-inch Reeled,100V,6.8 nF,,,,,,,Published
MLCC,Medium Voltage,FM31X682K101PG,FM,1206,X7R; ±10%; Pd/Ag; 13-inch Reeled,100V,6.8 nF,,,,,,,Published
MLCC,Medium Voltage,FM31X682K101ET,FM,1206,X7R; ±10%; Ag/Ni/Sn; 7-inch Reeled,100V,6.8 nF,,,,,,,Published
MLCC,Medium Voltage,FM31X682K101EG,FM,1206,X7R; ±10%; Ag/Ni/Sn; 13-inch Reeled,100V,6.8 nF,,,,,,,Published
MLCC,Medium Voltage,FM31X682M101PT,FM,1206,X7R; ±20%; Pd/Ag; 7-inch Reeled,100V,6.8 nF,,,,,,,Published
MLCC,Medium Voltage,FM31X682M101PG,FM,1206,X7R; ±20%; Pd/Ag; 13-inch Reeled,100V,6.8 nF,,,,,,,Published
MLCC,Medium Voltage,FM31X682M101ET,FM,1206,X7R; ±20%; Ag/Ni/Sn; 7-inch Reeled,100V,6.8 nF,,,,,,,Published
MLCC,Medium Voltage,FM31X682M101EG,FM,1206,X7R; ±20%; Ag/Ni/Sn; 13-inch Reeled,100V,6.8 nF,,,,,,,Published
MLCC,Medium Voltage,FM31X683J101PT,FM,1206,X7R; ±5%; Pd/Ag; 7-inch Reeled,100V,68 nF,,,,,,,Published
MLCC,Medium Voltage,FM31X683J101PG,FM,1206,X7R; ±5%; Pd/Ag; 13-inch Reeled,100V,68 nF,,,,,,,Published
MLCC,Medium Voltage,FM31X683J101ET,FM,1206,X7R; ±5%; Ag/Ni/Sn; 7-inch Reeled,100V,68 nF,,,,,,,Published
MLCC,Medium Voltage,FM31X683J101EG,FM,1206,X7R; ±5%; Ag/Ni/Sn; 13-inch Reeled,100V,68 nF,,,,,,,Published
MLCC,Medium Voltage,FM31X683K101PT,FM,1206,X7R; ±10%; Pd/Ag; 7-inch Reeled,100V,68 nF,,,,,,,Published
MLCC,Medium Voltage,FM31X683K101PG,FM,1206,X7R; ±10%; Pd/Ag; 13-inch Reeled,100V,68 nF,,,,,,,Published
MLCC,Medium Voltage,FM31X683K101ET,FM,1206,X7R; ±10%; Ag/Ni/Sn; 7-inch Reeled,100V,68 nF,,,,,,,Published
MLCC,Medium Voltage,FM31X683K101EG,FM,1206,X7R; ±10%; Ag/Ni/Sn; 13-inch Reeled,100V,68 nF,,,,,,,Published
MLCC,Medium Voltage,FM31X683M101PT,FM,1206,X7R; ±20%; Pd/Ag; 7-inch Reeled,100V,68 nF,,,,,,,Published
MLCC,Medium Voltage,FM31X683M101PG,FM,1206,X7R; ±20%; Pd/Ag; 13-inch Reeled,100V,68 nF,,,,,,,Published
MLCC,Medium Voltage,FM31X683M101ET,FM,1206,X7R; ±20%; Ag/Ni/Sn; 7-inch Reeled,100V,68 nF,,,,,,,Published
MLCC,Medium Voltage,FM31X683M101EG,FM,1206,X7R; ±20%; Ag/Ni/Sn; 13-inch Reeled,100V,68 nF,,,,,,,Published
MLCC,Medium Voltage,FM31X684J101PT,FM,1206,X7R; ±5%; Pd/Ag; 7-inch Reeled,100V,680 nF,,,,,,,Published
MLCC,Medium Voltage,FM31X684J101PG,FM,1206,X7R; ±5%; Pd/Ag; 13-inch Reeled,100V,680 nF,,,,,,,Published
MLCC,Medium Voltage,FM31X684J101ET,FM,1206,X7R; ±5%; Ag/Ni/Sn; 7-inch Reeled,100V,680 nF,,,,,,,Published
MLCC,Medium Voltage,FM31X684J101EG,FM,1206,X7R; ±5%; Ag/Ni/Sn; 13-inch Reeled,100V,680 nF,,,,,,,Published
MLCC,Medium Voltage,FM31X684K101PT,FM,1206,X7R; ±10%; Pd/Ag; 7-inch Reeled,100V,680 nF,,,,,,,Published
MLCC,Medium Voltage,FM31X684K101PG,FM,1206,X7R; ±10%; Pd/Ag; 13-inch Reeled,100V,680 nF,,,,,,,Published
MLCC,Medium Voltage,FM31X684K101ET,FM,1206,X7R; ±10%; Ag/Ni/Sn; 7-inch Reeled,100V,680 nF,,,,,,,Published
MLCC,Medium Voltage,FM31X684K101EG,FM,1206,X7R; ±10%; Ag/Ni/Sn; 13-inch Reeled,100V,680 nF,,,,,,,Published
MLCC,Medium Voltage,FM31X684M101PT,FM,1206,X7R; ±20%; Pd/Ag; 7-inch Reeled,100V,680 nF,,,,,,,Published
MLCC,Medium Voltage,FM31X684M101PG,FM,1206,X7R; ±20%; Pd/Ag; 13-inch Reeled,100V,680 nF,,,,,,,Published
MLCC,Medium Voltage,FM31X684M101ET,FM,1206,X7R; ±20%; Ag/Ni/Sn; 7-inch Reeled,100V,680 nF,,,,,,,Published
MLCC,Medium Voltage,FM31X684M101EG,FM,1206,X7R; ±20%; Ag/Ni/Sn; 13-inch Reeled,100V,680 nF,,,,,,,Published
MLCC,Medium Voltage,FM32N100J101PT,FM,1210,NP0 (C0G); ±5%; Pd/Ag; 7-inch Reeled,100V,10 pF,,,,,,,Published
MLCC,Medium Voltage,FM32N100J101PG,FM,1210,NP0 (C0G); ±5%; Pd/Ag; 13-inch Reeled,100V,10 pF,,,,,,,Published
MLCC,Medium Voltage,FM32N100J101ET,FM,1210,NP0 (C0G); ±5%; Ag/Ni/Sn; 7-inch Reeled,100V,10 pF,,,,,,,Published
MLCC,Medium Voltage,FM32N100J101EG,FM,1210,NP0 (C0G); ±5%; Ag/Ni/Sn; 13-inch Reeled,100V,10 pF,,,,,,,Published
MLCC,Medium Voltage,FM32N100K101PT,FM,1210,NP0 (C0G); ±10%; Pd/Ag; 7-inch Reeled,100V,10 pF,,,,,,,Published
MLCC,Medium Voltage,FM32N100K101PG,FM,1210,NP0 (C0G); ±10%; Pd/Ag; 13-inch Reeled,100V,10 pF,,,,,,,Published
MLCC,Medium Voltage,FM32N100K101ET,FM,1210,NP0 (C0G); ±10%; Ag/Ni/Sn; 7-inch Reeled,100V,10 pF,,,,,,,Published
MLCC,Medium Voltage,FM32N100K101EG,FM,1210,NP0 (C0G); ±10%; Ag/Ni/Sn; 13-inch Reeled,100V,10 pF,,,,,,,Published
MLCC,Medium Voltage,FM32N101J101PT,FM,1210,NP0 (C0G); ±5%; Pd/Ag; 7-inch Reeled,100V,100 pF,,,,,,,Published
MLCC,Medium Voltage,FM32N101J101PG,FM,1210,NP0 (C0G); ±5%; Pd/Ag; 13-inch Reeled,100V,100 pF,,,,,,,Published
MLCC,Medium Voltage,FM32N101J101ET,FM,1210,NP0 (C0G); ±5%; Ag/Ni/Sn; 7-inch Reeled,100V,100 pF,,,,,,,Published
MLCC,Medium Voltage,FM32N101J101EG,FM,1210,NP0 (C0G); ±5%; Ag/Ni/Sn; 13-inch Reeled,100V,100 pF,,,,,,,Published
MLCC,Medium Voltage,FM32N101K101PT,FM,1210,NP0 (C0G); ±10%; Pd/Ag; 7-inch Reeled,100V,100 pF,,,,,,,Published
MLCC,Medium Voltage,FM32N101K101PG,FM,1210,NP0 (C0G); ±10%; Pd/Ag; 13-inch Reeled,100V,100 pF,,,,,,,Published
MLCC,Medium Voltage,FM32N101K101ET,FM,1210,NP0 (C0G); ±10%; Ag/Ni/Sn; 7-inch Reeled,100V,100 pF,,,,,,,Published
MLCC,Medium Voltage,FM32N101K101EG,FM,1210,NP0 (C0G); ±10%; Ag/Ni/Sn; 13-inch Reeled,100V,100 pF,,,,,,,Published
MLCC,Medium Voltage,FM32N102J101PT,FM,1210,NP0 (C0G); ±5%; Pd/Ag; 7-inch Reeled,100V,1 nF,,,,,,,Published
MLCC,Medium Voltage,FM32N102J101PG,FM,1210,NP0 (C0G); ±5%; Pd/Ag; 13-inch Reeled,100V,1 nF,,,,,,,Published
MLCC,Medium Voltage,FM32N102J101ET,FM,1210,NP0 (C0G); ±5%; Ag/Ni/Sn; 7-inch Reeled,100V,1 nF,,,,,,,Published
MLCC,Medium Voltage,FM32N102J101EG,FM,1210,NP0 (C0G); ±5%; Ag/Ni/Sn; 13-inch Reeled,100V,1 nF,,,,,,,Published
MLCC,Medium Voltage,FM32N102K101PT,FM,1210,NP0 (C0G); ±10%; Pd/Ag; 7-inch Reeled,100V,1 nF,,,,,,,Published
MLCC,Medium Voltage,FM32N102K101PG,FM,1210,NP0 (C0G); ±10%; Pd/Ag; 13-inch Reeled,100V,1 nF,,,,,,,Published
MLCC,Medium Voltage,FM32N102K101ET,FM,1210,NP0 (C0G); ±10%; Ag/Ni/Sn; 7-inch Reeled,100V,1 nF,,,,,,,Published
MLCC,Medium Voltage,FM32N102K101EG,FM,1210,NP0 (C0G); ±10%; Ag/Ni/Sn; 13-inch Reeled,100V,1 nF,,,,,,,Published
MLCC,Medium Voltage,FM32N103J101PT,FM,1210,NP0 (C0G); ±5%; Pd/Ag; 7-inch Reeled,100V,10 nF,,,,,,,Published
MLCC,Medium Voltage,FM32N103J101PG,FM,1210,NP0 (C0G); ±5%; Pd/Ag; 13-inch Reeled,100V,10 nF,,,,,,,Published
MLCC,Medium Voltage,FM32N103J101ET,FM,1210,NP0 (C0G); ±5%; Ag/Ni/Sn; 7-inch Reeled,100V,10 nF,,,,,,,Published
MLCC,Medium Voltage,FM32N103J101EG,FM,1210,NP0 (C0G); ±5%; Ag/Ni/Sn; 13-inch Reeled,100V,10 nF,,,,,,,Published
MLCC,Medium Voltage,FM32N103K101PT,FM,1210,NP0 (C0G); ±10%; Pd/Ag; 7-inch Reeled,100V,10 nF,,,,,,,Published
MLCC,Medium Voltage,FM32N103K101PG,FM,1210,NP0 (C0G); ±10%; Pd/Ag; 13-inch Reeled,100V,10 nF,,,,,,,Published
MLCC,Medium Voltage,FM32N103K101ET,FM,1210,NP0 (C0G); ±10%; Ag/Ni/Sn; 7-inch Reeled,100V,10 nF,,,,,,,Published
MLCC,Medium Voltage,FM32N103K101EG,FM,1210,NP0 (C0G); ±10%; Ag/Ni/Sn; 13-inch Reeled,100V,10 nF,,,,,,,Published
MLCC,Medium Voltage,FM32N104J101PT,FM,1210,NP0 (C0G); ±5%; Pd/Ag; 7-inch Reeled,100V,100 nF,,,,,,,Published
MLCC,Medium Voltage,FM32N104J101PG,FM,1210,NP0 (C0G); ±5%; Pd/Ag; 13-inch Reeled,100V,100 nF,,,,,,,Published
MLCC,Medium Voltage,FM32N104J101ET,FM,1210,NP0 (C0G); ±5%; Ag/Ni/Sn; 7-inch Reeled,100V,100 nF,,,,,,,Published
MLCC,Medium Voltage,FM32N104J101EG,FM,1210,NP0 (C0G); ±5%; Ag/Ni/Sn; 13-inch Reeled,100V,100 nF,,,,,,,Published
MLCC,Medium Voltage,FM32N104K101PT,FM,1210,NP0 (C0G); ±10%; Pd/Ag; 7-inch Reeled,100V,100 nF,,,,,,,Published
MLCC,Medium Voltage,FM32N104K101PG,FM,1210,NP0 (C0G); ±10%; Pd/Ag; 13-inch Reeled,100V,100 nF,,,,,,,Published
MLCC,Medium Voltage,FM32N104K101ET,FM,1210,NP0 (C0G); ±10%; Ag/Ni/Sn; 7-inch Reeled,100V,100 nF,,,,,,,Published
MLCC,Medium Voltage,FM32N104K101EG,FM,1210,NP0 (C0G); ±10%; Ag/Ni/Sn; 13-inch Reeled,100V,100 nF,,,,,,,Published
MLCC,Medium Voltage,FM32N150J101PT,FM,1210,NP0 (C0G); ±5%; Pd/Ag; 7-inch Reeled,100V,15 pF,,,,,,,Published
MLCC,Medium Voltage,FM32N150J101PG,FM,1210,NP0 (C0G); ±5%; Pd/Ag; 13-inch Reeled,100V,15 pF,,,,,,,Published
MLCC,Medium Voltage,FM32N150J101ET,FM,1210,NP0 (C0G); ±5%; Ag/Ni/Sn; 7-inch Reeled,100V,15 pF,,,,,,,Published
MLCC,Medium Voltage,FM32N150J101EG,FM,1210,NP0 (C0G); ±5%; Ag/Ni/Sn; 13-inch Reeled,100V,15 pF,,,,,,,Published
MLCC,Medium Voltage,FM32N150K101PT,FM,1210,NP0 (C0G); ±10%; Pd/Ag; 7-inch Reeled,100V,15 pF,,,,,,,Published
MLCC,Medium Voltage,FM32N150K101PG,FM,1210,NP0 (C0G); ±10%; Pd/Ag; 13-inch Reeled,100V,15 pF,,,,,,,Published
MLCC,Medium Voltage,FM32N150K101ET,FM,1210,NP0 (C0G); ±10%; Ag/Ni/Sn; 7-inch Reeled,100V,15 pF,,,,,,,Published
MLCC,Medium Voltage,FM32N150K101EG,FM,1210,NP0 (C0G); ±10%; Ag/Ni/Sn; 13-inch Reeled,100V,15 pF,,,,,,,Published
MLCC,Medium Voltage,FM32N151J101PT,FM,1210,NP0 (C0G); ±5%; Pd/Ag; 7-inch Reeled,100V,150 pF,,,,,,,Published
MLCC,Medium Voltage,FM32N151J101PG,FM,1210,NP0 (C0G); ±5%; Pd/Ag; 13-inch Reeled,100V,150 pF,,,,,,,Published
MLCC,Medium Voltage,FM32N151J101ET,FM,1210,NP0 (C0G); ±5%; Ag/Ni/Sn; 7-inch Reeled,100V,150 pF,,,,,,,Published
MLCC,Medium Voltage,FM32N151J101EG,FM,1210,NP0 (C0G); ±5%; Ag/Ni/Sn; 13-inch Reeled,100V,150 pF,,,,,,,Published
MLCC,Medium Voltage,FM32N151K101PT,FM,1210,NP0 (C0G); ±10%; Pd/Ag; 7-inch Reeled,100V,150 pF,,,,,,,Published
MLCC,Medium Voltage,FM32N151K101PG,FM,1210,NP0 (C0G); ±10%; Pd/Ag; 13-inch Reeled,100V,150 pF,,,,,,,Published
MLCC,Medium Voltage,FM32N151K101ET,FM,1210,NP0 (C0G); ±10%; Ag/Ni/Sn; 7-inch Reeled,100V,150 pF,,,,,,,Published
MLCC,Medium Voltage,FM32N151K101EG,FM,1210,NP0 (C0G); ±10%; Ag/Ni/Sn; 13-inch Reeled,100V,150 pF,,,,,,,Published
MLCC,Medium Voltage,FM32N152J101PT,FM,1210,NP0 (C0G); ±5%; Pd/Ag; 7-inch Reeled,100V,1.5 nF,,,,,,,Published
MLCC,Medium Voltage,FM32N152J101PG,FM,1210,NP0 (C0G); ±5%; Pd/Ag; 13-inch Reeled,100V,1.5 nF,,,,,,,Published
MLCC,Medium Voltage,FM32N152J101ET,FM,1210,NP0 (C0G); ±5%; Ag/Ni/Sn; 7-inch Reeled,100V,1.5 nF,,,,,,,Published
MLCC,Medium Voltage,FM32N152J101EG,FM,1210,NP0 (C0G); ±5%; Ag/Ni/Sn; 13-inch Reeled,100V,1.5 nF,,,,,,,Published
MLCC,Medium Voltage,FM32N152K101PT,FM,1210,NP0 (C0G); ±10%; Pd/Ag; 7-inch Reeled,100V,1.5 nF,,,,,,,Published
MLCC,Medium Voltage,FM32N152K101PG,FM,1210,NP0 (C0G); ±10%; Pd/Ag; 13-inch Reeled,100V,1.5 nF,,,,,,,Published
MLCC,Medium Voltage,FM32N152K101ET,FM,1210,NP0 (C0G); ±10%; Ag/Ni/Sn; 7-inch Reeled,100V,1.5 nF,,,,,,,Published
MLCC,Medium Voltage,FM32N152K101EG,FM,1210,NP0 (C0G); ±10%; Ag/Ni/Sn; 13-inch Reeled,100V,1.5 nF,,,,,,,Published
MLCC,Medium Voltage,FM32N153J101PT,FM,1210,NP0 (C0G); ±5%; Pd/Ag; 7-inch Reeled,100V,15 nF,,,,,,,Published
MLCC,Medium Voltage,FM32N153J101PG,FM,1210,NP0 (C0G); ±5%; Pd/Ag; 13-inch Reeled,100V,15 nF,,,,,,,Published
MLCC,Medium Voltage,FM32N153J101ET,FM,1210,NP0 (C0G); ±5%; Ag/Ni/Sn; 7-inch Reeled,100V,15 nF,,,,,,,Published
MLCC,Medium Voltage,FM32N153J101EG,FM,1210,NP0 (C0G); ±5%; Ag/Ni/Sn; 13-inch Reeled,100V,15 nF,,,,,,,Published
MLCC,Medium Voltage,FM32N153K101PT,FM,1210,NP0 (C0G); ±10%; Pd/Ag; 7-inch Reeled,100V,15 nF,,,,,,,Published
MLCC,Medium Voltage,FM32N153K101PG,FM,1210,NP0 (C0G); ±10%; Pd/Ag; 13-inch Reeled,100V,15 nF,,,,,,,Published
MLCC,Medium Voltage,FM32N153K101ET,FM,1210,NP0 (C0G); ±10%; Ag/Ni/Sn; 7-inch Reeled,100V,15 nF,,,,,,,Published
MLCC,Medium Voltage,FM32N153K101EG,FM,1210,NP0 (C0G); ±10%; Ag/Ni/Sn; 13-inch Reeled,100V,15 nF,,,,,,,Published
MLCC,Medium Voltage,FM32N154J101PT,FM,1210,NP0 (C0G); ±5%; Pd/Ag; 7-inch Reeled,100V,150 nF,,,,,,,Published
MLCC,Medium Voltage,FM32N154J101PG,FM,1210,NP0 (C0G); ±5%; Pd/Ag; 13-inch Reeled,100V,150 nF,,,,,,,Published
MLCC,Medium Voltage,FM32N154J101ET,FM,1210,NP0 (C0G); ±5%; Ag/Ni/Sn; 7-inch Reeled,100V,150 nF,,,,,,,Published
MLCC,Medium Voltage,FM32N154J101EG,FM,1210,NP0 (C0G); ±5%; Ag/Ni/Sn; 13-inch Reeled,100V,150 nF,,,,,,,Published
MLCC,Medium Voltage,FM32N154K101PT,FM,1210,NP0 (C0G); ±10%; Pd/Ag; 7-inch Reeled,100V,150 nF,,,,,,,Published
MLCC,Medium Voltage,FM32N154K101PG,FM,1210,NP0 (C0G); ±10%; Pd/Ag; 13-inch Reeled,100V,150 nF,,,,,,,Published
MLCC,Medium Voltage,FM32N154K101ET,FM,1210,NP0 (C0G); ±10%; Ag/Ni/Sn; 7-inch Reeled,100V,150 nF,,,,,,,Published
MLCC,Medium Voltage,FM32N154K101EG,FM,1210,NP0 (C0G); ±10%; Ag/Ni/Sn; 13-inch Reeled,100V,150 nF,,,,,,,Published
MLCC,Medium Voltage,FM32N220J101PT,FM,1210,NP0 (C0G); ±5%; Pd/Ag; 7-inch Reeled,100V,22 pF,,,,,,,Published
MLCC,Medium Voltage,FM32N220J101PG,FM,1210,NP0 (C0G); ±5%; Pd/Ag; 13-inch Reeled,100V,22 pF,,,,,,,Published
MLCC,Medium Voltage,FM32N220J101ET,FM,1210,NP0 (C0G); ±5%; Ag/Ni/Sn; 7-inch Reeled,100V,22 pF,,,,,,,Published
MLCC,Medium Voltage,FM32N220J101EG,FM,1210,NP0 (C0G); ±5%; Ag/Ni/Sn; 13-inch Reeled,100V,22 pF,,,,,,,Published
MLCC,Medium Voltage,FM32N220K101PT,FM,1210,NP0 (C0G); ±10%; Pd/Ag; 7-inch Reeled,100V,22 pF,,,,,,,Published
MLCC,Medium Voltage,FM32N220K101PG,FM,1210,NP0 (C0G); ±10%; Pd/Ag; 13-inch Reeled,100V,22 pF,,,,,,,Published
MLCC,Medium Voltage,FM32N220K101ET,FM,1210,NP0 (C0G); ±10%; Ag/Ni/Sn; 7-inch Reeled,100V,22 pF,,,,,,,Published
MLCC,Medium Voltage,FM32N220K101EG,FM,1210,NP0 (C0G); ±10%; Ag/Ni/Sn; 13-inch Reeled,100V,22 pF,,,,,,,Published
MLCC,Medium Voltage,FM32N221J101PT,FM,1210,NP0 (C0G); ±5%; Pd/Ag; 7-inch Reeled,100V,220 pF,,,,,,,Published
MLCC,Medium Voltage,FM32N221J101PG,FM,1210,NP0 (C0G); ±5%; Pd/Ag; 13-inch Reeled,100V,220 pF,,,,,,,Published
MLCC,Medium Voltage,FM32N221J101ET,FM,1210,NP0 (C0G); ±5%; Ag/Ni/Sn; 7-inch Reeled,100V,220 pF,,,,,,,Published
MLCC,Medium Voltage,FM32N221J101EG,FM,1210,NP0 (C0G); ±5%; Ag/Ni/Sn; 13-inch Reeled,100V,220 pF,,,,,,,Published
MLCC,Medium Voltage,FM32N221K101PT,FM,1210,NP0 (C0G); ±10%; Pd/Ag; 7-inch Reeled,100V,220 pF,,,,,,,Published
MLCC,Medium Voltage,FM32N221K101PG,FM,1210,NP0 (C0G); ±10%; Pd/Ag; 13-inch Reeled,100V,220 pF,,,,,,,Published
MLCC,Medium Voltage,FM32N221K101ET,FM,1210,NP0 (C0G); ±10%; Ag/Ni/Sn; 7-inch Reeled,100V,220 pF,,,,,,,Published
MLCC,Medium Voltage,FM32N221K101EG,FM,1210,NP0 (C0G); ±10%; Ag/Ni/Sn; 13-inch Reeled,100V,220 pF,,,,,,,Published
MLCC,Medium Voltage,FM32N222J101PT,FM,1210,NP0 (C0G); ±5%; Pd/Ag; 7-inch Reeled,100V,2.2 nF,,,,,,,Published
MLCC,Medium Voltage,FM32N222J101PG,FM,1210,NP0 (C0G); ±5%; Pd/Ag; 13-inch Reeled,100V,2.2 nF,,,,,,,Published
MLCC,Medium Voltage,FM32N222J101ET,FM,1210,NP0 (C0G); ±5%; Ag/Ni/Sn; 7-inch Reeled,100V,2.2 nF,,,,,,,Published
MLCC,Medium Voltage,FM32N222J101EG,FM,1210,NP0 (C0G); ±5%; Ag/Ni/Sn; 13-inch Reeled,100V,2.2 nF,,,,,,,Published
MLCC,Medium Voltage,FM32N222K101PT,FM,1210,NP0 (C0G); ±10%; Pd/Ag; 7-inch Reeled,100V,2.2 nF,,,,,,,Published
MLCC,Medium Voltage,FM32N222K101PG,FM,1210,NP0 (C0G); ±10%; Pd/Ag; 13-inch Reeled,100V,2.2 nF,,,,,,,Published
MLCC,Medium Voltage,FM32N222K101ET,FM,1210,NP0 (C0G); ±10%; Ag/Ni/Sn; 7-inch Reeled,100V,2.2 nF,,,,,,,Published
MLCC,Medium Voltage,FM32N222K101EG,FM,1210,NP0 (C0G); ±10%; Ag/Ni/Sn; 13-inch Reeled,100V,2.2 nF,,,,,,,Published
MLCC,Medium Voltage,FM32N223J101PT,FM,1210,NP0 (C0G); ±5%; Pd/Ag; 7-inch Reeled,100V,22 nF,,,,,,,Published
MLCC,Medium Voltage,FM32N223J101PG,FM,1210,NP0 (C0G); ±5%; Pd/Ag; 13-inch Reeled,100V,22 nF,,,,,,,Published
MLCC,Medium Voltage,FM32N223J101ET,FM,1210,NP0 (C0G); ±5%; Ag/Ni/Sn; 7-inch Reeled,100V,22 nF,,,,,,,Published
MLCC,Medium Voltage,FM32N223J101EG,FM,1210,NP0 (C0G); ±5%; Ag/Ni/Sn; 13-inch Reeled,100V,22 nF,,,,,,,Published
MLCC,Medium Voltage,FM32N223K101PT,FM,1210,NP0 (C0G); ±10%; Pd/Ag; 7-inch Reeled,100V,22 nF,,,,,,,Published
MLCC,Medium Voltage,FM32N223K101PG,FM,1210,NP0 (C0G); ±10%; Pd/Ag; 13-inch Reeled,100V,22 nF,,,,,,,Published
MLCC,Medium Voltage,FM32N223K101ET,FM,1210,NP0 (C0G); ±10%; Ag/Ni/Sn; 7-inch Reeled,100V,22 nF,,,,,,,Published
MLCC,Medium Voltage,FM32N223K101EG,FM,1210,NP0 (C0G); ±10%; Ag/Ni/Sn; 13-inch Reeled,100V,22 nF,,,,,,,Published
MLCC,Medium Voltage,FM32N224J101PT,FM,1210,NP0 (C0G); ±5%; Pd/Ag; 7-inch Reeled,100V,220 nF,,,,,,,Published
MLCC,Medium Voltage,FM32N224J101PG,FM,1210,NP0 (C0G); ±5%; Pd/Ag; 13-inch Reeled,100V,220 nF,,,,,,,Published
MLCC,Medium Voltage,FM32N224J101ET,FM,1210,NP0 (C0G); ±5%; Ag/Ni/Sn; 7-inch Reeled,100V,220 nF,,,,,,,Published
MLCC,Medium Voltage,FM32N224J101EG,FM,1210,NP0 (C0G); ±5%; Ag/Ni/Sn; 13-inch Reeled,100V,220 nF,,,,,,,Published
MLCC,Medium Voltage,FM32N224K101PT,FM,1210,NP0 (C0G); ±10%; Pd/Ag; 7-inch Reeled,100V,220 nF,,,,,,,Published
MLCC,Medium Voltage,FM32N224K101PG,FM,1210,NP0 (C0G); ±10%; Pd/Ag; 13-inch Reeled,100V,220 nF,,,,,,,Published
MLCC,Medium Voltage,FM32N224K101ET,FM,1210,NP0 (C0G); ±10%; Ag/Ni/Sn; 7-inch Reeled,100V,220 nF,,,,,,,Published
MLCC,Medium Voltage,FM32N224K101EG,FM,1210,NP0 (C0G); ±10%; Ag/Ni/Sn; 13-inch Reeled,100V,220 nF,,,,,,,Published
MLCC,Medium Voltage,FM32N330J101PT,FM,1210,NP0 (C0G); ±5%; Pd/Ag; 7-inch Reeled,100V,33 pF,,,,,,,Published
MLCC,Medium Voltage,FM32N330J101PG,FM,1210,NP0 (C0G); ±5%; Pd/Ag; 13-inch Reeled,100V,33 pF,,,,,,,Published
MLCC,Medium Voltage,FM32N330J101ET,FM,1210,NP0 (C0G); ±5%; Ag/Ni/Sn; 7-inch Reeled,100V,33 pF,,,,,,,Published
MLCC,Medium Voltage,FM32N330J101EG,FM,1210,NP0 (C0G); ±5%; Ag/Ni/Sn; 13-inch Reeled,100V,33 pF,,,,,,,Published
MLCC,Medium Voltage,FM32N330K101PT,FM,1210,NP0 (C0G); ±10%; Pd/Ag; 7-inch Reeled,100V,33 pF,,,,,,,Published
MLCC,Medium Voltage,FM32N330K101PG,FM,1210,NP0 (C0G); ±10%; Pd/Ag; 13-inch Reeled,100V,33 pF,,,,,,,Published
MLCC,Medium Voltage,FM32N330K101ET,FM,1210,NP0 (C0G); ±10%; Ag/Ni/Sn; 7-inch Reeled,100V,33 pF,,,,,,,Published
MLCC,Medium Voltage,FM32N330K101EG,FM,1210,NP0 (C0G); ±10%; Ag/Ni/Sn; 13-inch Reeled,100V,33 pF,,,,,,,Published
MLCC,Medium Voltage,FM32N331J101PT,FM,1210,NP0 (C0G); ±5%; Pd/Ag; 7-inch Reeled,100V,330 pF,,,,,,,Published
MLCC,Medium Voltage,FM32N331J101PG,FM,1210,NP0 (C0G); ±5%; Pd/Ag; 13-inch Reeled,100V,330 pF,,,,,,,Published
MLCC,Medium Voltage,FM32N331J101ET,FM,1210,NP0 (C0G); ±5%; Ag/Ni/Sn; 7-inch Reeled,100V,330 pF,,,,,,,Published
MLCC,Medium Voltage,FM32N331J101EG,FM,1210,NP0 (C0G); ±5%; Ag/Ni/Sn; 13-inch Reeled,100V,330 pF,,,,,,,Published
MLCC,Medium Voltage,FM32N331K101PT,FM,1210,NP0 (C0G); ±10%; Pd/Ag; 7-inch Reeled,100V,330 pF,,,,,,,Published
MLCC,Medium Voltage,FM32N331K101PG,FM,1210,NP0 (C0G); ±10%; Pd/Ag; 13-inch Reeled,100V,330 pF,,,,,,,Published
MLCC,Medium Voltage,FM32N331K101ET,FM,1210,NP0 (C0G); ±10%; Ag/Ni/Sn; 7-inch Reeled,100V,330 pF,,,,,,,Published
MLCC,Medium Voltage,FM32N331K101EG,FM,1210,NP0 (C0G); ±10%; Ag/Ni/Sn; 13-inch Reeled,100V,330 pF,,,,,,,Published
MLCC,Medium Voltage,FM32N332J101PT,FM,1210,NP0 (C0G); ±5%; Pd/Ag; 7-inch Reeled,100V,3.3 nF,,,,,,,Published
MLCC,Medium Voltage,FM32N332J101PG,FM,1210,NP0 (C0G); ±5%; Pd/Ag; 13-inch Reeled,100V,3.3 nF,,,,,,,Published
MLCC,Medium Voltage,FM32N332J101ET,FM,1210,NP0 (C0G); ±5%; Ag/Ni/Sn; 7-inch Reeled,100V,3.3 nF,,,,,,,Published
MLCC,Medium Voltage,FM32N332J101EG,FM,1210,NP0 (C0G); ±5%; Ag/Ni/Sn; 13-inch Reeled,100V,3.3 nF,,,,,,,Published
MLCC,Medium Voltage,FM32N332K101PT,FM,1210,NP0 (C0G); ±10%; Pd/Ag; 7-inch Reeled,100V,3.3 nF,,,,,,,Published
MLCC,Medium Voltage,FM32N332K101PG,FM,1210,NP0 (C0G); ±10%; Pd/Ag; 13-inch Reeled,100V,3.3 nF,,,,,,,Published
MLCC,Medium Voltage,FM32N332K101ET,FM,1210,NP0 (C0G); ±10%; Ag/Ni/Sn; 7-inch Reeled,100V,3.3 nF,,,,,,,Published
MLCC,Medium Voltage,FM32N332K101EG,FM,1210,NP0 (C0G); ±10%; Ag/Ni/Sn; 13-inch Reeled,100V,3.3 nF,,,,,,,Published
MLCC,Medium Voltage,FM32N333J101PT,FM,1210,NP0 (C0G); ±5%; Pd/Ag; 7-inch Reeled,100V,33 nF,,,,,,,Published
MLCC,Medium Voltage,FM32N333J101PG,FM,1210,NP0 (C0G); ±5%; Pd/Ag; 13-inch Reeled,100V,33 nF,,,,,,,Published
MLCC,Medium Voltage,FM32N333J101ET,FM,1210,NP0 (C0G); ±5%; Ag/Ni/Sn; 7-inch Reeled,100V,33 nF,,,,,,,Published
MLCC,Medium Voltage,FM32N333J101EG,FM,1210,NP0 (C0G); ±5%; Ag/Ni/Sn; 13-inch Reeled,100V,33 nF,,,,,,,Published
MLCC,Medium Voltage,FM32N333K101PT,FM,1210,NP0 (C0G); ±10%; Pd/Ag; 7-inch Reeled,100V,33 nF,,,,,,,Published
MLCC,Medium Voltage,FM32N333K101PG,FM,1210,NP0 (C0G); ±10%; Pd/Ag; 13-inch Reeled,100V,33 nF,,,,,,,Published
MLCC,Medium Voltage,FM32N333K101ET,FM,1210,NP0 (C0G); ±10%; Ag/Ni/Sn; 7-inch Reeled,100V,33 nF,,,,,,,Published
MLCC,Medium Voltage,FM32N333K101EG,FM,1210,NP0 (C0G); ±10%; Ag/Ni/Sn; 13-inch Reeled,100V,33 nF,,,,,,,Published
MLCC,Medium Voltage,FM32N334J101PT,FM,1210,NP0 (C0G); ±5%; Pd/Ag; 7-inch Reeled,100V,330 nF,,,,,,,Published
MLCC,Medium Voltage,FM32N334J101PG,FM,1210,NP0 (C0G); ±5%; Pd/Ag; 13-inch Reeled,100V,330 nF,,,,,,,Published
MLCC,Medium Voltage,FM32N334J101ET,FM,1210,NP0 (C0G); ±5%; Ag/Ni/Sn; 7-inch Reeled,100V,330 nF,,,,,,,Published
MLCC,Medium Voltage,FM32N334J101EG,FM,1210,NP0 (C0G); ±5%; Ag/Ni/Sn; 13-inch Reeled,100V,330 nF,,,,,,,Published
MLCC,Medium Voltage,FM32N334K101PT,FM,1210,NP0 (C0G); ±10%; Pd/Ag; 7-inch Reeled,100V,330 nF,,,,,,,Published
MLCC,Medium Voltage,FM32N334K101PG,FM,1210,NP0 (C0G); ±10%; Pd/Ag; 13-inch Reeled,100V,330 nF,,,,,,,Published
MLCC,Medium Voltage,FM32N334K101ET,FM,1210,NP0 (C0G); ±10%; Ag/Ni/Sn; 7-inch Reeled,100V,330 nF,,,,,,,Published
MLCC,Medium Voltage,FM32N334K101EG,FM,1210,NP0 (C0G); ±10%; Ag/Ni/Sn; 13-inch Reeled,100V,330 nF,,,,,,,Published
MLCC,Medium Voltage,FM32N470J101PT,FM,1210,NP0 (C0G); ±5%; Pd/Ag; 7-inch Reeled,100V,47 pF,,,,,,,Published
MLCC,Medium Voltage,FM32N470J101PG,FM,1210,NP0 (C0G); ±5%; Pd/Ag; 13-inch Reeled,100V,47 pF,,,,,,,Published
MLCC,Medium Voltage,FM32N470J101ET,FM,1210,NP0 (C0G); ±5%; Ag/Ni/Sn; 7-inch Reeled,100V,47 pF,,,,,,,Published
MLCC,Medium Voltage,FM32N470J101EG,FM,1210,NP0 (C0G); ±5%; Ag/Ni/Sn; 13-inch Reeled,100V,47 pF,,,,,,,Published
MLCC,Medium Voltage,FM32N470K101PT,FM,1210,NP0 (C0G); ±10%; Pd/Ag; 7-inch Reeled,100V,47 pF,,,,,,,Published
MLCC,Medium Voltage,FM32N470K101PG,FM,1210,NP0 (C0G); ±10%; Pd/Ag; 13-inch Reeled,100V,47 pF,,,,,,,Published
MLCC,Medium Voltage,FM32N470K101ET,FM,1210,NP0 (C0G); ±10%; Ag/Ni/Sn; 7-inch Reeled,100V,47 pF,,,,,,,Published
MLCC,Medium Voltage,FM32N470K101EG,FM,1210,NP0 (C0G); ±10%; Ag/Ni/Sn; 13-inch Reeled,100V,47 pF,,,,,,,Published
MLCC,Medium Voltage,FM32N471J101PT,FM,1210,NP0 (C0G); ±5%; Pd/Ag; 7-inch Reeled,100V,470 pF,,,,,,,Published
MLCC,Medium Voltage,FM32N471J101PG,FM,1210,NP0 (C0G); ±5%; Pd/Ag; 13-inch Reeled,100V,470 pF,,,,,,,Published
MLCC,Medium Voltage,FM32N471J101ET,FM,1210,NP0 (C0G); ±5%; Ag/Ni/Sn; 7-inch Reeled,100V,470 pF,,,,,,,Published
MLCC,Medium Voltage,FM32N471J101EG,FM,1210,NP0 (C0G); ±5%; Ag/Ni/Sn; 13-inch Reeled,100V,470 pF,,,,,,,Published
MLCC,Medium Voltage,FM32N471K101PT,FM,1210,NP0 (C0G); ±10%; Pd/Ag; 7-inch Reeled,100V,470 pF,,,,,,,Published
MLCC,Medium Voltage,FM32N471K101PG,FM,1210,NP0 (C0G); ±10%; Pd/Ag; 13-inch Reeled,100V,470 pF,,,,,,,Published
MLCC,Medium Voltage,FM32N471K101ET,FM,1210,NP0 (C0G); ±10%; Ag/Ni/Sn; 7-inch Reeled,100V,470 pF,,,,,,,Published
MLCC,Medium Voltage,FM32N471K101EG,FM,1210,NP0 (C0G); ±10%; Ag/Ni/Sn; 13-inch Reeled,100V,470 pF,,,,,,,Published
MLCC,Medium Voltage,FM32N472J101PT,FM,1210,NP0 (C0G); ±5%; Pd/Ag; 7-inch Reeled,100V,4.7 nF,,,,,,,Published
MLCC,Medium Voltage,FM32N472J101PG,FM,1210,NP0 (C0G); ±5%; Pd/Ag; 13-inch Reeled,100V,4.7 nF,,,,,,,Published
MLCC,Medium Voltage,FM32N472J101ET,FM,1210,NP0 (C0G); ±5%; Ag/Ni/Sn; 7-inch Reeled,100V,4.7 nF,,,,,,,Published
MLCC,Medium Voltage,FM32N472J101EG,FM,1210,NP0 (C0G); ±5%; Ag/Ni/Sn; 13-inch Reeled,100V,4.7 nF,,,,,,,Published
MLCC,Medium Voltage,FM32N472K101PT,FM,1210,NP0 (C0G); ±10%; Pd/Ag; 7-inch Reeled,100V,4.7 nF,,,,,,,Published
MLCC,Medium Voltage,FM32N472K101PG,FM,1210,NP0 (C0G); ±10%; Pd/Ag; 13-inch Reeled,100V,4.7 nF,,,,,,,Published
MLCC,Medium Voltage,FM32N472K101ET,FM,1210,NP0 (C0G); ±10%; Ag/Ni/Sn; 7-inch Reeled,100V,4.7 nF,,,,,,,Published
MLCC,Medium Voltage,FM32N472K101EG,FM,1210,NP0 (C0G); ±10%; Ag/Ni/Sn; 13-inch Reeled,100V,4.7 nF,,,,,,,Published
MLCC,Medium Voltage,FM32N473J101PT,FM,1210,NP0 (C0G); ±5%; Pd/Ag; 7-inch Reeled,100V,47 nF,,,,,,,Published
MLCC,Medium Voltage,FM32N473J101PG,FM,1210,NP0 (C0G); ±5%; Pd/Ag; 13-inch Reeled,100V,47 nF,,,,,,,Published
MLCC,Medium Voltage,FM32N473J101ET,FM,1210,NP0 (C0G); ±5%; Ag/Ni/Sn; 7-inch Reeled,100V,47 nF,,,,,,,Published
MLCC,Medium Voltage,FM32N473J101EG,FM,1210,NP0 (C0G); ±5%; Ag/Ni/Sn; 13-inch Reeled,100V,47 nF,,,,,,,Published
MLCC,Medium Voltage,FM32N473K101PT,FM,1210,NP0 (C0G); ±10%; Pd/Ag; 7-inch Reeled,100V,47 nF,,,,,,,Published
MLCC,Medium Voltage,FM32N473K101PG,FM,1210,NP0 (C0G); ±10%; Pd/Ag; 13-inch Reeled,100V,47 nF,,,,,,,Published
MLCC,Medium Voltage,FM32N473K101ET,FM,1210,NP0 (C0G); ±10%; Ag/Ni/Sn; 7-inch Reeled,100V,47 nF,,,,,,,Published
MLCC,Medium Voltage,FM32N473K101EG,FM,1210,NP0 (C0G); ±10%; Ag/Ni/Sn; 13-inch Reeled,100V,47 nF,,,,,,,Published
MLCC,Medium Voltage,FM32N474J101PT,FM,1210,NP0 (C0G); ±5%; Pd/Ag; 7-inch Reeled,100V,470 nF,,,,,,,Published
MLCC,Medium Voltage,FM32N474J101PG,FM,1210,NP0 (C0G); ±5%; Pd/Ag; 13-inch Reeled,100V,470 nF,,,,,,,Published
MLCC,Medium Voltage,FM32N474J101ET,FM,1210,NP0 (C0G); ±5%; Ag/Ni/Sn; 7-inch Reeled,100V,470 nF,,,,,,,Published
MLCC,Medium Voltage,FM32N474J101EG,FM,1210,NP0 (C0G); ±5%; Ag/Ni/Sn; 13-inch Reeled,100V,470 nF,,,,,,,Published
MLCC,Medium Voltage,FM32N474K101PT,FM,1210,NP0 (C0G); ±10%; Pd/Ag; 7-inch Reeled,100V,470 nF,,,,,,,Published
MLCC,Medium Voltage,FM32N474K101PG,FM,1210,NP0 (C0G); ±10%; Pd/Ag; 13-inch Reeled,100V,470 nF,,,,,,,Published
MLCC,Medium Voltage,FM32N474K101ET,FM,1210,NP0 (C0G); ±10%; Ag/Ni/Sn; 7-inch Reeled,100V,470 nF,,,,,,,Published
MLCC,Medium Voltage,FM32N474K101EG,FM,1210,NP0 (C0G); ±10%; Ag/Ni/Sn; 13-inch Reeled,100V,470 nF,,,,,,,Published
MLCC,Medium Voltage,FM32N680J101PT,FM,1210,NP0 (C0G); ±5%; Pd/Ag; 7-inch Reeled,100V,68 pF,,,,,,,Published
MLCC,Medium Voltage,FM32N680J101PG,FM,1210,NP0 (C0G); ±5%; Pd/Ag; 13-inch Reeled,100V,68 pF,,,,,,,Published
MLCC,Medium Voltage,FM32N680J101ET,FM,1210,NP0 (C0G); ±5%; Ag/Ni/Sn; 7-inch Reeled,100V,68 pF,,,,,,,Published
MLCC,Medium Voltage,FM32N680J101EG,FM,1210,NP0 (C0G); ±5%; Ag/Ni/Sn; 13-inch Reeled,100V,68 pF,,,,,,,Published
MLCC,Medium Voltage,FM32N680K101PT,FM,1210,NP0 (C0G); ±10%; Pd/Ag; 7-inch Reeled,100V,68 pF,,,,,,,Published
MLCC,Medium Voltage,FM32N680K101PG,FM,1210,NP0 (C0G); ±10%; Pd/Ag; 13-inch Reeled,100V,68 pF,,,,,,,Published
MLCC,Medium Voltage,FM32N680K101ET,FM,1210,NP0 (C0G); ±10%; Ag/Ni/Sn; 7-inch Reeled,100V,68 pF,,,,,,,Published
MLCC,Medium Voltage,FM32N680K101EG,FM,1210,NP0 (C0G); ±10%; Ag/Ni/Sn; 13-inch Reeled,100V,68 pF,,,,,,,Published
MLCC,Medium Voltage,FM32N681J101PT,FM,1210,NP0 (C0G); ±5%; Pd/Ag; 7-inch Reeled,100V,680 pF,,,,,,,Published
MLCC,Medium Voltage,FM32N681J101PG,FM,1210,NP0 (C0G); ±5%; Pd/Ag; 13-inch Reeled,100V,680 pF,,,,,,,Published
MLCC,Medium Voltage,FM32N681J101ET,FM,1210,NP0 (C0G); ±5%; Ag/Ni/Sn; 7-inch Reeled,100V,680 pF,,,,,,,Published
MLCC,Medium Voltage,FM32N681J101EG,FM,1210,NP0 (C0G); ±5%; Ag/Ni/Sn; 13-inch Reeled,100V,680 pF,,,,,,,Published
MLCC,Medium Voltage,FM32N681K101PT,FM,1210,NP0 (C0G); ±10%; Pd/Ag; 7-inch Reeled,100V,680 pF,,,,,,,Published
MLCC,Medium Voltage,FM32N681K101PG,FM,1210,NP0 (C0G); ±10%; Pd/Ag; 13-inch Reeled,100V,680 pF,,,,,,,Published
MLCC,Medium Voltage,FM32N681K101ET,FM,1210,NP0 (C0G); ±10%; Ag/Ni/Sn; 7-inch Reeled,100V,680 pF,,,,,,,Published
MLCC,Medium Voltage,FM32N681K101EG,FM,1210,NP0 (C0G); ±10%; Ag/Ni/Sn; 13-inch Reeled,100V,680 pF,,,,,,,Published
MLCC,Medium Voltage,FM32N682J101PT,FM,1210,NP0 (C0G); ±5%; Pd/Ag; 7-inch Reeled,100V,6.8 nF,,,,,,,Published
MLCC,Medium Voltage,FM32N682J101PG,FM,1210,NP0 (C0G); ±5%; Pd/Ag; 13-inch Reeled,100V,6.8 nF,,,,,,,Published
MLCC,Medium Voltage,FM32N682J101ET,FM,1210,NP0 (C0G); ±5%; Ag/Ni/Sn; 7-inch Reeled,100V,6.8 nF,,,,,,,Published
MLCC,Medium Voltage,FM32N682J101EG,FM,1210,NP0 (C0G); ±5%; Ag/Ni/Sn; 13-inch Reeled,100V,6.8 nF,,,,,,,Published
MLCC,Medium Voltage,FM32N682K101PT,FM,1210,NP0 (C0G); ±10%; Pd/Ag; 7-inch Reeled,100V,6.8 nF,,,,,,,Published
MLCC,Medium Voltage,FM32N682K101PG,FM,1210,NP0 (C0G); ±10%; Pd/Ag; 13-inch Reeled,100V,6.8 nF,,,,,,,Published
MLCC,Medium Voltage,FM32N682K101ET,FM,1210,NP0 (C0G); ±10%; Ag/Ni/Sn; 7-inch Reeled,100V,6.8 nF,,,,,,,Published
MLCC,Medium Voltage,FM32N682K101EG,FM,1210,NP0 (C0G); ±10%; Ag/Ni/Sn; 13-inch Reeled,100V,6.8 nF,,,,,,,Published
MLCC,Medium Voltage,FM32N683J101PT,FM,1210,NP0 (C0G); ±5%; Pd/Ag; 7-inch Reeled,100V,68 nF,,,,,,,Published
MLCC,Medium Voltage,FM32N683J101PG,FM,1210,NP0 (C0G); ±5%; Pd/Ag; 13-inch Reeled,100V,68 nF,,,,,,,Published
MLCC,Medium Voltage,FM32N683J101ET,FM,1210,NP0 (C0G); ±5%; Ag/Ni/Sn; 7-inch Reeled,100V,68 nF,,,,,,,Published
MLCC,Medium Voltage,FM32N683J101EG,FM,1210,NP0 (C0G); ±5%; Ag/Ni/Sn; 13-inch Reeled,100V,68 nF,,,,,,,Published
MLCC,Medium Voltage,FM32N683K101PT,FM,1210,NP0 (C0G); ±10%; Pd/Ag; 7-inch Reeled,100V,68 nF,,,,,,,Published
MLCC,Medium Voltage,FM32N683K101PG,FM,1210,NP0 (C0G); ±10%; Pd/Ag; 13-inch Reeled,100V,68 nF,,,,,,,Published
MLCC,Medium Voltage,FM32N683K101ET,FM,1210,NP0 (C0G); ±10%; Ag/Ni/Sn; 7-inch Reeled,100V,68 nF,,,,,,,Published
MLCC,Medium Voltage,FM32N683K101EG,FM,1210,NP0 (C0G); ±10%; Ag/Ni/Sn; 13-inch Reeled,100V,68 nF,,,,,,,Published
MLCC,Medium Voltage,FM32N684J101PT,FM,1210,NP0 (C0G); ±5%; Pd/Ag; 7-inch Reeled,100V,680 nF,,,,,,,Published
MLCC,Medium Voltage,FM32N684J101PG,FM,1210,NP0 (C0G); ±5%; Pd/Ag; 13-inch Reeled,100V,680 nF,,,,,,,Published
MLCC,Medium Voltage,FM32N684J101ET,FM,1210,NP0 (C0G); ±5%; Ag/Ni/Sn; 7-inch Reeled,100V,680 nF,,,,,,,Published
MLCC,Medium Voltage,FM32N684J101EG,FM,1210,NP0 (C0G); ±5%; Ag/Ni/Sn; 13-inch Reeled,100V,680 nF,,,,,,,Published
MLCC,Medium Voltage,FM32N684K101PT,FM,1210,NP0 (C0G); ±10%; Pd/Ag; 7-inch Reeled,100V,680 nF,,,,,,,Published
MLCC,Medium Voltage,FM32N684K101PG,FM,1210,NP0 (C0G); ±10%; Pd/Ag; 13-inch Reeled,100V,680 nF,,,,,,,Published
MLCC,Medium Voltage,FM32N684K101ET,FM,1210,NP0 (C0G); ±10%; Ag/Ni/Sn; 7-inch Reeled,100V,680 nF,,,,,,,Published
MLCC,Medium Voltage,FM32N684K101EG,FM,1210,NP0 (C0G); ±10%; Ag/Ni/Sn; 13-inch Reeled,100V,680 nF,,,,,,,Published
MLCC,Medium Voltage,FM32X100J101PT,FM,1210,X7R; ±5%; Pd/Ag; 7-inch Reeled,100V,10 pF,,,,,,,Published
MLCC,Medium Voltage,FM32X100J101PG,FM,1210,X7R; ±5%; Pd/Ag; 13-inch Reeled,100V,10 pF,,,,,,,Published
MLCC,Medium Voltage,FM32X100J101ET,FM,1210,X7R; ±5%; Ag/Ni/Sn; 7-inch Reeled,100V,10 pF,,,,,,,Published
MLCC,Medium Voltage,FM32X100J101EG,FM,1210,X7R; ±5%; Ag/Ni/Sn; 13-inch Reeled,100V,10 pF,,,,,,,Published
MLCC,Medium Voltage,FM32X100K101PT,FM,1210,X7R; ±10%; Pd/Ag; 7-inch Reeled,100V,10 pF,,,,,,,Published
MLCC,Medium Voltage,FM32X100K101PG,FM,1210,X7R; ±10%; Pd/Ag; 13-inch Reeled,100V,10 pF,,,,,,,Published
MLCC,Medium Voltage,FM32X100K101ET,FM,1210,X7R; ±10%; Ag/Ni/Sn; 7-inch Reeled,100V,10 pF,,,,,,,Published
MLCC,Medium Voltage,FM32X100K101EG,FM,1210,X7R; ±10%; Ag/Ni/Sn; 13-inch Reeled,100V,10 pF,,,,,,,Published
MLCC,Medium Voltage,FM32X100M101PT,FM,1210,X7R; ±20%; Pd/Ag; 7-inch Reeled,100V,10 pF,,,,,,,Published
MLCC,Medium Voltage,FM32X100M101PG,FM,1210,X7R; ±20%; Pd/Ag; 13-inch Reeled,100V,10 pF,,,,,,,Published
MLCC,Medium Voltage,FM32X100M101ET,FM,1210,X7R; ±20%; Ag/Ni/Sn; 7-inch Reeled,100V,10 pF,,,,,,,Published
MLCC,Medium Voltage,FM32X100M101EG,FM,1210,X7R; ±20%; Ag/Ni/Sn; 13-inch Reeled,100V,10 pF,,,,,,,Published
MLCC,Medium Voltage,FM32X101J101PT,FM,1210,X7R; ±5%; Pd/Ag; 7-inch Reeled,100V,100 pF,,,,,,,Published
MLCC,Medium Voltage,FM32X101J101PG,FM,1210,X7R; ±5%; Pd/Ag; 13-inch Reeled,100V,100 pF,,,,,,,Published
MLCC,Medium Voltage,FM32X101J101ET,FM,1210,X7R; ±5%; Ag/Ni/Sn; 7-inch Reeled,100V,100 pF,,,,,,,Published
MLCC,Medium Voltage,FM32X101J101EG,FM,1210,X7R; ±5%; Ag/Ni/Sn; 13-inch Reeled,100V,100 pF,,,,,,,Published
MLCC,Medium Voltage,FM32X101K101PT,FM,1210,X7R; ±10%; Pd/Ag; 7-inch Reeled,100V,100 pF,,,,,,,Published
MLCC,Medium Voltage,FM32X101K101PG,FM,1210,X7R; ±10%; Pd/Ag; 13-inch Reeled,100V,100 pF,,,,,,,Published
MLCC,Medium Voltage,FM32X101K101ET,FM,1210,X7R; ±10%; Ag/Ni/Sn; 7-inch Reeled,100V,100 pF,,,,,,,Published
MLCC,Medium Voltage,FM32X101K101EG,FM,1210,X7R; ±10%; Ag/Ni/Sn; 13-inch Reeled,100V,100 pF,,,,,,,Published
MLCC,Medium Voltage,FM32X101M101PT,FM,1210,X7R; ±20%; Pd/Ag; 7-inch Reeled,100V,100 pF,,,,,,,Published
MLCC,Medium Voltage,FM32X101M101PG,FM,1210,X7R; ±20%; Pd/Ag; 13-inch Reeled,100V,100 pF,,,,,,,Published
MLCC,Medium Voltage,FM32X101M101ET,FM,1210,X7R; ±20%; Ag/Ni/Sn; 7-inch Reeled,100V,100 pF,,,,,,,Published
MLCC,Medium Voltage,FM32X101M101EG,FM,1210,X7R; ±20%; Ag/Ni/Sn; 13-inch Reeled,100V,100 pF,,,,,,,Published
MLCC,Medium Voltage,FM32X102J101PT,FM,1210,X7R; ±5%; Pd/Ag; 7-inch Reeled,100V,1 nF,,,,,,,Published
MLCC,Medium Voltage,FM32X102J101PG,FM,1210,X7R; ±5%; Pd/Ag; 13-inch Reeled,100V,1 nF,,,,,,,Published
MLCC,Medium Voltage,FM32X102J101ET,FM,1210,X7R; ±5%; Ag/Ni/Sn; 7-inch Reeled,100V,1 nF,,,,,,,Published
MLCC,Medium Voltage,FM32X102J101EG,FM,1210,X7R; ±5%; Ag/Ni/Sn; 13-inch Reeled,100V,1 nF,,,,,,,Published
MLCC,Medium Voltage,FM32X102K101PT,FM,1210,X7R; ±10%; Pd/Ag; 7-inch Reeled,100V,1 nF,,,,,,,Published
MLCC,Medium Voltage,FM32X102K101PG,FM,1210,X7R; ±10%; Pd/Ag; 13-inch Reeled,100V,1 nF,,,,,,,Published
MLCC,Medium Voltage,FM32X102K101ET,FM,1210,X7R; ±10%; Ag/Ni/Sn; 7-inch Reeled,100V,1 nF,,,,,,,Published
MLCC,Medium Voltage,FM32X102K101EG,FM,1210,X7R; ±10%; Ag/Ni/Sn; 13-inch Reeled,100V,1 nF,,,,,,,Published
MLCC,Medium Voltage,FM32X102M101PT,FM,1210,X7R; ±20%; Pd/Ag; 7-inch Reeled,100V,1 nF,,,,,,,Published
MLCC,Medium Voltage,FM32X102M101PG,FM,1210,X7R; ±20%; Pd/Ag; 13-inch Reeled,100V,1 nF,,,,,,,Published
MLCC,Medium Voltage,FM32X102M101ET,FM,1210,X7R; ±20%; Ag/Ni/Sn; 7-inch Reeled,100V,1 nF,,,,,,,Published
MLCC,Medium Voltage,FM32X102M101EG,FM,1210,X7R; ±20%; Ag/Ni/Sn; 13-inch Reeled,100V,1 nF,,,,,,,Published
MLCC,Medium Voltage,FM32X103J101PT,FM,1210,X7R; ±5%; Pd/Ag; 7-inch Reeled,100V,10 nF,,,,,,,Published
MLCC,Medium Voltage,FM32X103J101PG,FM,1210,X7R; ±5%; Pd/Ag; 13-inch Reeled,100V,10 nF,,,,,,,Published
MLCC,Medium Voltage,FM32X103J101ET,FM,1210,X7R; ±5%; Ag/Ni/Sn; 7-inch Reeled,100V,10 nF,,,,,,,Published
MLCC,Medium Voltage,FM32X103J101EG,FM,1210,X7R; ±5%; Ag/Ni/Sn; 13-inch Reeled,100V,10 nF,,,,,,,Published
MLCC,Medium Voltage,FM32X103K101PT,FM,1210,X7R; ±10%; Pd/Ag; 7-inch Reeled,100V,10 nF,,,,,,,Published
MLCC,Medium Voltage,FM32X103K101PG,FM,1210,X7R; ±10%; Pd/Ag; 13-inch Reeled,100V,10 nF,,,,,,,Published
MLCC,Medium Voltage,FM32X103K101ET,FM,1210,X7R; ±10%; Ag/Ni/Sn; 7-inch Reeled,100V,10 nF,,,,,,,Published
MLCC,Medium Voltage,FM32X103K101EG,FM,1210,X7R; ±10%; Ag/Ni/Sn; 13-inch Reeled,100V,10 nF,,,,,,,Published
MLCC,Medium Voltage,FM32X103M101PT,FM,1210,X7R; ±20%; Pd/Ag; 7-inch Reeled,100V,10 nF,,,,,,,Published
MLCC,Medium Voltage,FM32X103M101PG,FM,1210,X7R; ±20%; Pd/Ag; 13-inch Reeled,100V,10 nF,,,,,,,Published
MLCC,Medium Voltage,FM32X103M101ET,FM,1210,X7R; ±20%; Ag/Ni/Sn; 7-inch Reeled,100V,10 nF,,,,,,,Published
MLCC,Medium Voltage,FM32X103M101EG,FM,1210,X7R; ±20%; Ag/Ni/Sn; 13-inch Reeled,100V,10 nF,,,,,,,Published
MLCC,Medium Voltage,FM32X104J101PT,FM,1210,X7R; ±5%; Pd/Ag; 7-inch Reeled,100V,100 nF,,,,,,,Published
MLCC,Medium Voltage,FM32X104J101PG,FM,1210,X7R; ±5%; Pd/Ag; 13-inch Reeled,100V,100 nF,,,,,,,Published
MLCC,Medium Voltage,FM32X104J101ET,FM,1210,X7R; ±5%; Ag/Ni/Sn; 7-inch Reeled,100V,100 nF,,,,,,,Published
MLCC,Medium Voltage,FM32X104J101EG,FM,1210,X7R; ±5%; Ag/Ni/Sn; 13-inch Reeled,100V,100 nF,,,,,,,Published
MLCC,Medium Voltage,FM32X104K101PT,FM,1210,X7R; ±10%; Pd/Ag; 7-inch Reeled,100V,100 nF,,,,,,,Published
MLCC,Medium Voltage,FM32X104K101PG,FM,1210,X7R; ±10%; Pd/Ag; 13-inch Reeled,100V,100 nF,,,,,,,Published
MLCC,Medium Voltage,FM32X104K101ET,FM,1210,X7R; ±10%; Ag/Ni/Sn; 7-inch Reeled,100V,100 nF,,,,,,,Published
MLCC,Medium Voltage,FM32X104K101EG,FM,1210,X7R; ±10%; Ag/Ni/Sn; 13-inch Reeled,100V,100 nF,,,,,,,Published
MLCC,Medium Voltage,FM32X104M101PT,FM,1210,X7R; ±20%; Pd/Ag; 7-inch Reeled,100V,100 nF,,,,,,,Published
MLCC,Medium Voltage,FM32X104M101PG,FM,1210,X7R; ±20%; Pd/Ag; 13-inch Reeled,100V,100 nF,,,,,,,Published
MLCC,Medium Voltage,FM32X104M101ET,FM,1210,X7R; ±20%; Ag/Ni/Sn; 7-inch Reeled,100V,100 nF,,,,,,,Published
MLCC,Medium Voltage,FM32X104M101EG,FM,1210,X7R; ±20%; Ag/Ni/Sn; 13-inch Reeled,100V,100 nF,,,,,,,Published
MLCC,Medium Voltage,FM32X150J101PT,FM,1210,X7R; ±5%; Pd/Ag; 7-inch Reeled,100V,15 pF,,,,,,,Published
MLCC,Medium Voltage,FM32X150J101PG,FM,1210,X7R; ±5%; Pd/Ag; 13-inch Reeled,100V,15 pF,,,,,,,Published
MLCC,Medium Voltage,FM32X150J101ET,FM,1210,X7R; ±5%; Ag/Ni/Sn; 7-inch Reeled,100V,15 pF,,,,,,,Published
MLCC,Medium Voltage,FM32X150J101EG,FM,1210,X7R; ±5%; Ag/Ni/Sn; 13-inch Reeled,100V,15 pF,,,,,,,Published
MLCC,Medium Voltage,FM32X150K101PT,FM,1210,X7R; ±10%; Pd/Ag; 7-inch Reeled,100V,15 pF,,,,,,,Published
MLCC,Medium Voltage,FM32X150K101PG,FM,1210,X7R; ±10%; Pd/Ag; 13-inch Reeled,100V,15 pF,,,,,,,Published
MLCC,Medium Voltage,FM32X150K101ET,FM,1210,X7R; ±10%; Ag/Ni/Sn; 7-inch Reeled,100V,15 pF,,,,,,,Published
MLCC,Medium Voltage,FM32X150K101EG,FM,1210,X7R; ±10%; Ag/Ni/Sn; 13-inch Reeled,100V,15 pF,,,,,,,Published
MLCC,Medium Voltage,FM32X150M101PT,FM,1210,X7R; ±20%; Pd/Ag; 7-inch Reeled,100V,15 pF,,,,,,,Published
MLCC,Medium Voltage,FM32X150M101PG,FM,1210,X7R; ±20%; Pd/Ag; 13-inch Reeled,100V,15 pF,,,,,,,Published
MLCC,Medium Voltage,FM32X150M101ET,FM,1210,X7R; ±20%; Ag/Ni/Sn; 7-inch Reeled,100V,15 pF,,,,,,,Published
MLCC,Medium Voltage,FM32X150M101EG,FM,1210,X7R; ±20%; Ag/Ni/Sn; 13-inch Reeled,100V,15 pF,,,,,,,Published
MLCC,Medium Voltage,FM32X151J101PT,FM,1210,X7R; ±5%; Pd/Ag; 7-inch Reeled,100V,150 pF,,,,,,,Published
MLCC,Medium Voltage,FM32X151J101PG,FM,1210,X7R; ±5%; Pd/Ag; 13-inch Reeled,100V,150 pF,,,,,,,Published
MLCC,Medium Voltage,FM32X151J101ET,FM,1210,X7R; ±5%; Ag/Ni/Sn; 7-inch Reeled,100V,150 pF,,,,,,,Published
MLCC,Medium Voltage,FM32X151J101EG,FM,1210,X7R; ±5%; Ag/Ni/Sn; 13-inch Reeled,100V,150 pF,,,,,,,Published
MLCC,Medium Voltage,FM32X151K101PT,FM,1210,X7R; ±10%; Pd/Ag; 7-inch Reeled,100V,150 pF,,,,,,,Published
MLCC,Medium Voltage,FM32X151K101PG,FM,1210,X7R; ±10%; Pd/Ag; 13-inch Reeled,100V,150 pF,,,,,,,Published
MLCC,Medium Voltage,FM32X151K101ET,FM,1210,X7R; ±10%; Ag/Ni/Sn; 7-inch Reeled,100V,150 pF,,,,,,,Published
MLCC,Medium Voltage,FM32X151K101EG,FM,1210,X7R; ±10%; Ag/Ni/Sn; 13-inch Reeled,100V,150 pF,,,,,,,Published
MLCC,Medium Voltage,FM32X151M101PT,FM,1210,X7R; ±20%; Pd/Ag; 7-inch Reeled,100V,150 pF,,,,,,,Published
MLCC,Medium Voltage,FM32X151M101PG,FM,1210,X7R; ±20%; Pd/Ag; 13-inch Reeled,100V,150 pF,,,,,,,Published
MLCC,Medium Voltage,FM32X151M101ET,FM,1210,X7R; ±20%; Ag/Ni/Sn; 7-inch Reeled,100V,150 pF,,,,,,,Published
MLCC,Medium Voltage,FM32X151M101EG,FM,1210,X7R; ±20%; Ag/Ni/Sn; 13-inch Reeled,100V,150 pF,,,,,,,Published
MLCC,Medium Voltage,FM32X152J101PT,FM,1210,X7R; ±5%; Pd/Ag; 7-inch Reeled,100V,1.5 nF,,,,,,,Published
MLCC,Medium Voltage,FM32X152J101PG,FM,1210,X7R; ±5%; Pd/Ag; 13-inch Reeled,100V,1.5 nF,,,,,,,Published
MLCC,Medium Voltage,FM32X152J101ET,FM,1210,X7R; ±5%; Ag/Ni/Sn; 7-inch Reeled,100V,1.5 nF,,,,,,,Published
MLCC,Medium Voltage,FM32X152J101EG,FM,1210,X7R; ±5%; Ag/Ni/Sn; 13-inch Reeled,100V,1.5 nF,,,,,,,Published
MLCC,Medium Voltage,FM32X152K101PT,FM,1210,X7R; ±10%; Pd/Ag; 7-inch Reeled,100V,1.5 nF,,,,,,,Published
MLCC,Medium Voltage,FM32X152K101PG,FM,1210,X7R; ±10%; Pd/Ag; 13-inch Reeled,100V,1.5 nF,,,,,,,Published
MLCC,Medium Voltage,FM32X152K101ET,FM,1210,X7R; ±10%; Ag/Ni/Sn; 7-inch Reeled,100V,1.5 nF,,,,,,,Published
MLCC,Medium Voltage,FM32X152K101EG,FM,1210,X7R; ±10%; Ag/Ni/Sn; 13-inch Reeled,100V,1.5 nF,,,,,,,Published
MLCC,Medium Voltage,FM32X152M101PT,FM,1210,X7R; ±20%; Pd/Ag; 7-inch Reeled,100V,1.5 nF,,,,,,,Published
MLCC,Medium Voltage,FM32X152M101PG,FM,1210,X7R; ±20%; Pd/Ag; 13-inch Reeled,100V,1.5 nF,,,,,,,Published
MLCC,Medium Voltage,FM32X152M101ET,FM,1210,X7R; ±20%; Ag/Ni/Sn; 7-inch Reeled,100V,1.5 nF,,,,,,,Published
MLCC,Medium Voltage,FM32X152M101EG,FM,1210,X7R; ±20%; Ag/Ni/Sn; 13-inch Reeled,100V,1.5 nF,,,,,,,Published
MLCC,Medium Voltage,FM32X153J101PT,FM,1210,X7R; ±5%; Pd/Ag; 7-inch Reeled,100V,15 nF,,,,,,,Published
MLCC,Medium Voltage,FM32X153J101PG,FM,1210,X7R; ±5%; Pd/Ag; 13-inch Reeled,100V,15 nF,,,,,,,Published
MLCC,Medium Voltage,FM32X153J101ET,FM,1210,X7R; ±5%; Ag/Ni/Sn; 7-inch Reeled,100V,15 nF,,,,,,,Published
MLCC,Medium Voltage,FM32X153J101EG,FM,1210,X7R; ±5%; Ag/Ni/Sn; 13-inch Reeled,100V,15 nF,,,,,,,Published
MLCC,Medium Voltage,FM32X153K101PT,FM,1210,X7R; ±10%; Pd/Ag; 7-inch Reeled,100V,15 nF,,,,,,,Published
MLCC,Medium Voltage,FM32X153K101PG,FM,1210,X7R; ±10%; Pd/Ag; 13-inch Reeled,100V,15 nF,,,,,,,Published
MLCC,Medium Voltage,FM32X153K101ET,FM,1210,X7R; ±10%; Ag/Ni/Sn; 7-inch Reeled,100V,15 nF,,,,,,,Published
MLCC,Medium Voltage,FM32X153K101EG,FM,1210,X7R; ±10%; Ag/Ni/Sn; 13-inch Reeled,100V,15 nF,,,,,,,Published
MLCC,Medium Voltage,FM32X153M101PT,FM,1210,X7R; ±20%; Pd/Ag; 7-inch Reeled,100V,15 nF,,,,,,,Published
MLCC,Medium Voltage,FM32X153M101PG,FM,1210,X7R; ±20%; Pd/Ag; 13-inch Reeled,100V,15 nF,,,,,,,Published
MLCC,Medium Voltage,FM32X153M101ET,FM,1210,X7R; ±20%; Ag/Ni/Sn; 7-inch Reeled,100V,15 nF,,,,,,,Published
MLCC,Medium Voltage,FM32X153M101EG,FM,1210,X7R; ±20%; Ag/Ni/Sn; 13-inch Reeled,100V,15 nF,,,,,,,Published
MLCC,Medium Voltage,FM32X154J101PT,FM,1210,X7R; ±5%; Pd/Ag; 7-inch Reeled,100V,150 nF,,,,,,,Published
MLCC,Medium Voltage,FM32X154J101PG,FM,1210,X7R; ±5%; Pd/Ag; 13-inch Reeled,100V,150 nF,,,,,,,Published
MLCC,Medium Voltage,FM32X154J101ET,FM,1210,X7R; ±5%; Ag/Ni/Sn; 7-inch Reeled,100V,150 nF,,,,,,,Published
MLCC,Medium Voltage,FM32X154J101EG,FM,1210,X7R; ±5%; Ag/Ni/Sn; 13-inch Reeled,100V,150 nF,,,,,,,Published
MLCC,Medium Voltage,FM32X154K101PT,FM,1210,X7R; ±10%; Pd/Ag; 7-inch Reeled,100V,150 nF,,,,,,,Published
MLCC,Medium Voltage,FM32X154K101PG,FM,1210,X7R; ±10%; Pd/Ag; 13-inch Reeled,100V,150 nF,,,,,,,Published
MLCC,Medium Voltage,FM32X154K101ET,FM,1210,X7R; ±10%; Ag/Ni/Sn; 7-inch Reeled,100V,150 nF,,,,,,,Published
MLCC,Medium Voltage,FM32X154K101EG,FM,1210,X7R; ±10%; Ag/Ni/Sn; 13-inch Reeled,100V,150 nF,,,,,,,Published
MLCC,Medium Voltage,FM32X154M101PT,FM,1210,X7R; ±20%; Pd/Ag; 7-inch Reeled,100V,150 nF,,,,,,,Published
MLCC,Medium Voltage,FM32X154M101PG,FM,1210,X7R; ±20%; Pd/Ag; 13-inch Reeled,100V,150 nF,,,,,,,Published
MLCC,Medium Voltage,FM32X154M101ET,FM,1210,X7R; ±20%; Ag/Ni/Sn; 7-inch Reeled,100V,150 nF,,,,,,,Published
MLCC,Medium Voltage,FM32X154M101EG,FM,1210,X7R; ±20%; Ag/Ni/Sn; 13-inch Reeled,100V,150 nF,,,,,,,Published
MLCC,Medium Voltage,FM32X220J101PT,FM,1210,X7R; ±5%; Pd/Ag; 7-inch Reeled,100V,22 pF,,,,,,,Published
MLCC,Medium Voltage,FM32X220J101PG,FM,1210,X7R; ±5%; Pd/Ag; 13-inch Reeled,100V,22 pF,,,,,,,Published
MLCC,Medium Voltage,FM32X220J101ET,FM,1210,X7R; ±5%; Ag/Ni/Sn; 7-inch Reeled,100V,22 pF,,,,,,,Published
MLCC,Medium Voltage,FM32X220J101EG,FM,1210,X7R; ±5%; Ag/Ni/Sn; 13-inch Reeled,100V,22 pF,,,,,,,Published
MLCC,Medium Voltage,FM32X220K101PT,FM,1210,X7R; ±10%; Pd/Ag; 7-inch Reeled,100V,22 pF,,,,,,,Published
MLCC,Medium Voltage,FM32X220K101PG,FM,1210,X7R; ±10%; Pd/Ag; 13-inch Reeled,100V,22 pF,,,,,,,Published
MLCC,Medium Voltage,FM32X220K101ET,FM,1210,X7R; ±10%; Ag/Ni/Sn; 7-inch Reeled,100V,22 pF,,,,,,,Published
MLCC,Medium Voltage,FM32X220K101EG,FM,1210,X7R; ±10%; Ag/Ni/Sn; 13-inch Reeled,100V,22 pF,,,,,,,Published
MLCC,Medium Voltage,FM32X220M101PT,FM,1210,X7R; ±20%; Pd/Ag; 7-inch Reeled,100V,22 pF,,,,,,,Published
MLCC,Medium Voltage,FM32X220M101PG,FM,1210,X7R; ±20%; Pd/Ag; 13-inch Reeled,100V,22 pF,,,,,,,Published
MLCC,Medium Voltage,FM32X220M101ET,FM,1210,X7R; ±20%; Ag/Ni/Sn; 7-inch Reeled,100V,22 pF,,,,,,,Published
MLCC,Medium Voltage,FM32X220M101EG,FM,1210,X7R; ±20%; Ag/Ni/Sn; 13-inch Reeled,100V,22 pF,,,,,,,Published
MLCC,Medium Voltage,FM32X221J101PT,FM,1210,X7R; ±5%; Pd/Ag; 7-inch Reeled,100V,220 pF,,,,,,,Published
MLCC,Medium Voltage,FM32X221J101PG,FM,1210,X7R; ±5%; Pd/Ag; 13-inch Reeled,100V,220 pF,,,,,,,Published
MLCC,Medium Voltage,FM32X221J101ET,FM,1210,X7R; ±5%; Ag/Ni/Sn; 7-inch Reeled,100V,220 pF,,,,,,,Published
MLCC,Medium Voltage,FM32X221J101EG,FM,1210,X7R; ±5%; Ag/Ni/Sn; 13-inch Reeled,100V,220 pF,,,,,,,Published
MLCC,Medium Voltage,FM32X221K101PT,FM,1210,X7R; ±10%; Pd/Ag; 7-inch Reeled,100V,220 pF,,,,,,,Published
MLCC,Medium Voltage,FM32X221K101PG,FM,1210,X7R; ±10%; Pd/Ag; 13-inch Reeled,100V,220 pF,,,,,,,Published
MLCC,Medium Voltage,FM32X221K101ET,FM,1210,X7R; ±10%; Ag/Ni/Sn; 7-inch Reeled,100V,220 pF,,,,,,,Published
MLCC,Medium Voltage,FM32X221K101EG,FM,1210,X7R; ±10%; Ag/Ni/Sn; 13-inch Reeled,100V,220 pF,,,,,,,Published
MLCC,Medium Voltage,FM32X221M101PT,FM,1210,X7R; ±20%; Pd/Ag; 7-inch Reeled,100V,220 pF,,,,,,,Published
MLCC,Medium Voltage,FM32X221M101PG,FM,1210,X7R; ±20%; Pd/Ag; 13-inch Reeled,100V,220 pF,,,,,,,Published
MLCC,Medium Voltage,FM32X221M101ET,FM,1210,X7R; ±20%; Ag/Ni/Sn; 7-inch Reeled,100V,220 pF,,,,,,,Published
MLCC,Medium Voltage,FM32X221M101EG,FM,1210,X7R; ±20%; Ag/Ni/Sn; 13-inch Reeled,100V,220 pF,,,,,,,Published
MLCC,Medium Voltage,FM32X222J101PT,FM,1210,X7R; ±5%; Pd/Ag; 7-inch Reeled,100V,2.2 nF,,,,,,,Published
MLCC,Medium Voltage,FM32X222J101PG,FM,1210,X7R; ±5%; Pd/Ag; 13-inch Reeled,100V,2.2 nF,,,,,,,Published
MLCC,Medium Voltage,FM32X222J101ET,FM,1210,X7R; ±5%; Ag/Ni/Sn; 7-inch Reeled,100V,2.2 nF,,,,,,,Published
MLCC,Medium Voltage,FM32X222J101EG,FM,1210,X7R; ±5%; Ag/Ni/Sn; 13-inch Reeled,100V,2.2 nF,,,,,,,Published
MLCC,Medium Voltage,FM32X222K101PT,FM,1210,X7R; ±10%; Pd/Ag; 7-inch Reeled,100V,2.2 nF,,,,,,,Published
MLCC,Medium Voltage,FM32X222K101PG,FM,1210,X7R; ±10%; Pd/Ag; 13-inch Reeled,100V,2.2 nF,,,,,,,Published
MLCC,Medium Voltage,FM32X222K101ET,FM,1210,X7R; ±10%; Ag/Ni/Sn; 7-inch Reeled,100V,2.2 nF,,,,,,,Published
MLCC,Medium Voltage,FM32X222K101EG,FM,1210,X7R; ±10%; Ag/Ni/Sn; 13-inch Reeled,100V,2.2 nF,,,,,,,Published
MLCC,Medium Voltage,FM32X222M101PT,FM,1210,X7R; ±20%; Pd/Ag; 7-inch Reeled,100V,2.2 nF,,,,,,,Published
MLCC,Medium Voltage,FM32X222M101PG,FM,1210,X7R; ±20%; Pd/Ag; 13-inch Reeled,100V,2.2 nF,,,,,,,Published
MLCC,Medium Voltage,FM32X222M101ET,FM,1210,X7R; ±20%; Ag/Ni/Sn; 7-inch Reeled,100V,2.2 nF,,,,,,,Published
MLCC,Medium Voltage,FM32X222M101EG,FM,1210,X7R; ±20%; Ag/Ni/Sn; 13-inch Reeled,100V,2.2 nF,,,,,,,Published
MLCC,Medium Voltage,FM32X223J101PT,FM,1210,X7R; ±5%; Pd/Ag; 7-inch Reeled,100V,22 nF,,,,,,,Published
MLCC,Medium Voltage,FM32X223J101PG,FM,1210,X7R; ±5%; Pd/Ag; 13-inch Reeled,100V,22 nF,,,,,,,Published
MLCC,Medium Voltage,FM32X223J101ET,FM,1210,X7R; ±5%; Ag/Ni/Sn; 7-inch Reeled,100V,22 nF,,,,,,,Published
MLCC,Medium Voltage,FM32X223J101EG,FM,1210,X7R; ±5%; Ag/Ni/Sn; 13-inch Reeled,100V,22 nF,,,,,,,Published
MLCC,Medium Voltage,FM32X223K101PT,FM,1210,X7R; ±10%; Pd/Ag; 7-inch Reeled,100V,22 nF,,,,,,,Published
MLCC,Medium Voltage,FM32X223K101PG,FM,1210,X7R; ±10%; Pd/Ag; 13-inch Reeled,100V,22 nF,,,,,,,Published
MLCC,Medium Voltage,FM32X223K101ET,FM,1210,X7R; ±10%; Ag/Ni/Sn; 7-inch Reeled,100V,22 nF,,,,,,,Published
MLCC,Medium Voltage,FM32X223K101EG,FM,1210,X7R; ±10%; Ag/Ni/Sn; 13-inch Reeled,100V,22 nF,,,,,,,Published
MLCC,Medium Voltage,FM32X223M101PT,FM,1210,X7R; ±20%; Pd/Ag; 7-inch Reeled,100V,22 nF,,,,,,,Published
MLCC,Medium Voltage,FM32X223M101PG,FM,1210,X7R; ±20%; Pd/Ag; 13-inch Reeled,100V,22 nF,,,,,,,Published
MLCC,Medium Voltage,FM32X223M101ET,FM,1210,X7R; ±20%; Ag/Ni/Sn; 7-inch Reeled,100V,22 nF,,,,,,,Published
MLCC,Medium Voltage,FM32X223M101EG,FM,1210,X7R; ±20%; Ag/Ni/Sn; 13-inch Reeled,100V,22 nF,,,,,,,Published
MLCC,Medium Voltage,FM32X224J101PT,FM,1210,X7R; ±5%; Pd/Ag; 7-inch Reeled,100V,220 nF,,,,,,,Published
MLCC,Medium Voltage,FM32X224J101PG,FM,1210,X7R; ±5%; Pd/Ag; 13-inch Reeled,100V,220 nF,,,,,,,Published
MLCC,Medium Voltage,FM32X224J101ET,FM,1210,X7R; ±5%; Ag/Ni/Sn; 7-inch Reeled,100V,220 nF,,,,,,,Published
MLCC,Medium Voltage,FM32X224J101EG,FM,1210,X7R; ±5%; Ag/Ni/Sn; 13-inch Reeled,100V,220 nF,,,,,,,Published
MLCC,Medium Voltage,FM32X224K101PT,FM,1210,X7R; ±10%; Pd/Ag; 7-inch Reeled,100V,220 nF,,,,,,,Published
MLCC,Medium Voltage,FM32X224K101PG,FM,1210,X7R; ±10%; Pd/Ag; 13-inch Reeled,100V,220 nF,,,,,,,Published
MLCC,Medium Voltage,FM32X224K101ET,FM,1210,X7R; ±10%; Ag/Ni/Sn; 7-inch Reeled,100V,220 nF,,,,,,,Published
MLCC,Medium Voltage,FM32X224K101EG,FM,1210,X7R; ±10%; Ag/Ni/Sn; 13-inch Reeled,100V,220 nF,,,,,,,Published
MLCC,Medium Voltage,FM32X224M101PT,FM,1210,X7R; ±20%; Pd/Ag; 7-inch Reeled,100V,220 nF,,,,,,,Published
MLCC,Medium Voltage,FM32X224M101PG,FM,1210,X7R; ±20%; Pd/Ag; 13-inch Reeled,100V,220 nF,,,,,,,Published
MLCC,Medium Voltage,FM32X224M101ET,FM,1210,X7R; ±20%; Ag/Ni/Sn; 7-inch Reeled,100V,220 nF,,,,,,,Published
MLCC,Medium Voltage,FM32X224M101EG,FM,1210,X7R; ±20%; Ag/Ni/Sn; 13-inch Reeled,100V,220 nF,,,,,,,Published
MLCC,Medium Voltage,FM32X330J101PT,FM,1210,X7R; ±5%; Pd/Ag; 7-inch Reeled,100V,33 pF,,,,,,,Published
MLCC,Medium Voltage,FM32X330J101PG,FM,1210,X7R; ±5%; Pd/Ag; 13-inch Reeled,100V,33 pF,,,,,,,Published
MLCC,Medium Voltage,FM32X330J101ET,FM,1210,X7R; ±5%; Ag/Ni/Sn; 7-inch Reeled,100V,33 pF,,,,,,,Published
MLCC,Medium Voltage,FM32X330J101EG,FM,1210,X7R; ±5%; Ag/Ni/Sn; 13-inch Reeled,100V,33 pF,,,,,,,Published
MLCC,Medium Voltage,FM32X330K101PT,FM,1210,X7R; ±10%; Pd/Ag; 7-inch Reeled,100V,33 pF,,,,,,,Published
MLCC,Medium Voltage,FM32X330K101PG,FM,1210,X7R; ±10%; Pd/Ag; 13-inch Reeled,100V,33 pF,,,,,,,Published
MLCC,Medium Voltage,FM32X330K101ET,FM,1210,X7R; ±10%; Ag/Ni/Sn; 7-inch Reeled,100V,33 pF,,,,,,,Published
MLCC,Medium Voltage,FM32X330K101EG,FM,1210,X7R; ±10%; Ag/Ni/Sn; 13-inch Reeled,100V,33 pF,,,,,,,Published
MLCC,Medium Voltage,FM32X330M101PT,FM,1210,X7R; ±20%; Pd/Ag; 7-inch Reeled,100V,33 pF,,,,,,,Published
MLCC,Medium Voltage,FM32X330M101PG,FM,1210,X7R; ±20%; Pd/Ag; 13-inch Reeled,100V,33 pF,,,,,,,Published
MLCC,Medium Voltage,FM32X330M101ET,FM,1210,X7R; ±20%; Ag/Ni/Sn; 7-inch Reeled,100V,33 pF,,,,,,,Published
MLCC,Medium Voltage,FM32X330M101EG,FM,1210,X7R; ±20%; Ag/Ni/Sn; 13-inch Reeled,100V,33 pF,,,,,,,Published
MLCC,Medium Voltage,FM32X331J101PT,FM,1210,X7R; ±5%; Pd/Ag; 7-inch Reeled,100V,330 pF,,,,,,,Published
MLCC,Medium Voltage,FM32X331J101PG,FM,1210,X7R; ±5%; Pd/Ag; 13-inch Reeled,100V,330 pF,,,,,,,Published
MLCC,Medium Voltage,FM32X331J101ET,FM,1210,X7R; ±5%; Ag/Ni/Sn; 7-inch Reeled,100V,330 pF,,,,,,,Published
MLCC,Medium Voltage,FM32X331J101EG,FM,1210,X7R; ±5%; Ag/Ni/Sn; 13-inch Reeled,100V,330 pF,,,,,,,Published
MLCC,Medium Voltage,FM32X331K101PT,FM,1210,X7R; ±10%; Pd/Ag; 7-inch Reeled,100V,330 pF,,,,,,,Published
MLCC,Medium Voltage,FM32X331K101PG,FM,1210,X7R; ±10%; Pd/Ag; 13-inch Reeled,100V,330 pF,,,,,,,Published
MLCC,Medium Voltage,FM32X331K101ET,FM,1210,X7R; ±10%; Ag/Ni/Sn; 7-inch Reeled,100V,330 pF,,,,,,,Published
MLCC,Medium Voltage,FM32X331K101EG,FM,1210,X7R; ±10%; Ag/Ni/Sn; 13-inch Reeled,100V,330 pF,,,,,,,Published
MLCC,Medium Voltage,FM32X331M101PT,FM,1210,X7R; ±20%; Pd/Ag; 7-inch Reeled,100V,330 pF,,,,,,,Published
MLCC,Medium Voltage,FM32X331M101PG,FM,1210,X7R; ±20%; Pd/Ag; 13-inch Reeled,100V,330 pF,,,,,,,Published
MLCC,Medium Voltage,FM32X331M101ET,FM,1210,X7R; ±20%; Ag/Ni/Sn; 7-inch Reeled,100V,330 pF,,,,,,,Published
MLCC,Medium Voltage,FM32X331M101EG,FM,1210,X7R; ±20%; Ag/Ni/Sn; 13-inch Reeled,100V,330 pF,,,,,,,Published
MLCC,Medium Voltage,FM32X332J101PT,FM,1210,X7R; ±5%; Pd/Ag; 7-inch Reeled,100V,3.3 nF,,,,,,,Published
MLCC,Medium Voltage,FM32X332J101PG,FM,1210,X7R; ±5%; Pd/Ag; 13-inch Reeled,100V,3.3 nF,,,,,,,Published
MLCC,Medium Voltage,FM32X332J101ET,FM,1210,X7R; ±5%; Ag/Ni/Sn; 7-inch Reeled,100V,3.3 nF,,,,,,,Published
MLCC,Medium Voltage,FM32X332J101EG,FM,1210,X7R; ±5%; Ag/Ni/Sn; 13-inch Reeled,100V,3.3 nF,,,,,,,Published
MLCC,Medium Voltage,FM32X332K101PT,FM,1210,X7R; ±10%; Pd/Ag; 7-inch Reeled,100V,3.3 nF,,,,,,,Published
MLCC,Medium Voltage,FM32X332K101PG,FM,1210,X7R; ±10%; Pd/Ag; 13-inch Reeled,100V,3.3 nF,,,,,,,Published
MLCC,Medium Voltage,FM32X332K101ET,FM,1210,X7R; ±10%; Ag/Ni/Sn; 7-inch Reeled,100V,3.3 nF,,,,,,,Published
MLCC,Medium Voltage,FM32X332K101EG,FM,1210,X7R; ±10%; Ag/Ni/Sn; 13-inch Reeled,100V,3.3 nF,,,,,,,Published
MLCC,Medium Voltage,FM32X332M101PT,FM,1210,X7R; ±20%; Pd/Ag; 7-inch Reeled,100V,3.3 nF,,,,,,,Published
MLCC,Medium Voltage,FM32X332M101PG,FM,1210,X7R; ±20%; Pd/Ag; 13-inch Reeled,100V,3.3 nF,,,,,,,Published
MLCC,Medium Voltage,FM32X332M101ET,FM,1210,X7R; ±20%; Ag/Ni/Sn; 7-inch Reeled,100V,3.3 nF,,,,,,,Published
MLCC,Medium Voltage,FM32X332M101EG,FM,1210,X7R; ±20%; Ag/Ni/Sn; 13-inch Reeled,100V,3.3 nF,,,,,,,Published
MLCC,Medium Voltage,FM32X333J101PT,FM,1210,X7R; ±5%; Pd/Ag; 7-inch Reeled,100V,33 nF,,,,,,,Published
MLCC,Medium Voltage,FM32X333J101PG,FM,1210,X7R; ±5%; Pd/Ag; 13-inch Reeled,100V,33 nF,,,,,,,Published
MLCC,Medium Voltage,FM32X333J101ET,FM,1210,X7R; ±5%; Ag/Ni/Sn; 7-inch Reeled,100V,33 nF,,,,,,,Published
MLCC,Medium Voltage,FM32X333J101EG,FM,1210,X7R; ±5%; Ag/Ni/Sn; 13-inch Reeled,100V,33 nF,,,,,,,Published
MLCC,Medium Voltage,FM32X333K101PT,FM,1210,X7R; ±10%; Pd/Ag; 7-inch Reeled,100V,33 nF,,,,,,,Published
MLCC,Medium Voltage,FM32X333K101PG,FM,1210,X7R; ±10%; Pd/Ag; 13-inch Reeled,100V,33 nF,,,,,,,Published
MLCC,Medium Voltage,FM32X333K101ET,FM,1210,X7R; ±10%; Ag/Ni/Sn; 7-inch Reeled,100V,33 nF,,,,,,,Published
MLCC,Medium Voltage,FM32X333K101EG,FM,1210,X7R; ±10%; Ag/Ni/Sn; 13-inch Reeled,100V,33 nF,,,,,,,Published
MLCC,Medium Voltage,FM32X333M101PT,FM,1210,X7R; ±20%; Pd/Ag; 7-inch Reeled,100V,33 nF,,,,,,,Published
MLCC,Medium Voltage,FM32X333M101PG,FM,1210,X7R; ±20%; Pd/Ag; 13-inch Reeled,100V,33 nF,,,,,,,Published
MLCC,Medium Voltage,FM32X333M101ET,FM,1210,X7R; ±20%; Ag/Ni/Sn; 7-inch Reeled,100V,33 nF,,,,,,,Published
MLCC,Medium Voltage,FM32X333M101EG,FM,1210,X7R; ±20%; Ag/Ni/Sn; 13-inch Reeled,100V,33 nF,,,,,,,Published
MLCC,Medium Voltage,FM32X334J101PT,FM,1210,X7R; ±5%; Pd/Ag; 7-inch Reeled,100V,330 nF,,,,,,,Published
MLCC,Medium Voltage,FM32X334J101PG,FM,1210,X7R; ±5%; Pd/Ag; 13-inch Reeled,100V,330 nF,,,,,,,Published
MLCC,Medium Voltage,FM32X334J101ET,FM,1210,X7R; ±5%; Ag/Ni/Sn; 7-inch Reeled,100V,330 nF,,,,,,,Published
MLCC,Medium Voltage,FM32X334J101EG,FM,1210,X7R; ±5%; Ag/Ni/Sn; 13-inch Reeled,100V,330 nF,,,,,,,Published
MLCC,Medium Voltage,FM32X334K101PT,FM,1210,X7R; ±10%; Pd/Ag; 7-inch Reeled,100V,330 nF,,,,,,,Published
MLCC,Medium Voltage,FM32X334K101PG,FM,1210,X7R; ±10%; Pd/Ag; 13-inch Reeled,100V,330 nF,,,,,,,Published
MLCC,Medium Voltage,FM32X334K101ET,FM,1210,X7R; ±10%; Ag/Ni/Sn; 7-inch Reeled,100V,330 nF,,,,,,,Published
MLCC,Medium Voltage,FM32X334K101EG,FM,1210,X7R; ±10%; Ag/Ni/Sn; 13-inch Reeled,100V,330 nF,,,,,,,Published
MLCC,Medium Voltage,FM32X334M101PT,FM,1210,X7R; ±20%; Pd/Ag; 7-inch Reeled,100V,330 nF,,,,,,,Published
MLCC,Medium Voltage,FM32X334M101PG,FM,1210,X7R; ±20%; Pd/Ag; 13-inch Reeled,100V,330 nF,,,,,,,Published
MLCC,Medium Voltage,FM32X334M101ET,FM,1210,X7R; ±20%; Ag/Ni/Sn; 7-inch Reeled,100V,330 nF,,,,,,,Published
MLCC,Medium Voltage,FM32X334M101EG,FM,1210,X7R; ±20%; Ag/Ni/Sn; 13-inch Reeled,100V,330 nF,,,,,,,Published
MLCC,Medium Voltage,FM32X470J101PT,FM,1210,X7R; ±5%; Pd/Ag; 7-inch Reeled,100V,47 pF,,,,,,,Published
MLCC,Medium Voltage,FM32X470J101PG,FM,1210,X7R; ±5%; Pd/Ag; 13-inch Reeled,100V,47 pF,,,,,,,Published
MLCC,Medium Voltage,FM32X470J101ET,FM,1210,X7R; ±5%; Ag/Ni/Sn; 7-inch Reeled,100V,47 pF,,,,,,,Published
MLCC,Medium Voltage,FM32X470J101EG,FM,1210,X7R; ±5%; Ag/Ni/Sn; 13-inch Reeled,100V,47 pF,,,,,,,Published
MLCC,Medium Voltage,FM32X470K101PT,FM,1210,X7R; ±10%; Pd/Ag; 7-inch Reeled,100V,47 pF,,,,,,,Published
MLCC,Medium Voltage,FM32X470K101PG,FM,1210,X7R; ±10%; Pd/Ag; 13-inch Reeled,100V,47 pF,,,,,,,Published
MLCC,Medium Voltage,FM32X470K101ET,FM,1210,X7R; ±10%; Ag/Ni/Sn; 7-inch Reeled,100V,47 pF,,,,,,,Published
MLCC,Medium Voltage,FM32X470K101EG,FM,1210,X7R; ±10%; Ag/Ni/Sn; 13-inch Reeled,100V,47 pF,,,,,,,Published
MLCC,Medium Voltage,FM32X470M101PT,FM,1210,X7R; ±20%; Pd/Ag; 7-inch Reeled,100V,47 pF,,,,,,,Published
MLCC,Medium Voltage,FM32X470M101PG,FM,1210,X7R; ±20%; Pd/Ag; 13-inch Reeled,100V,47 pF,,,,,,,Published
MLCC,Medium Voltage,FM32X470M101ET,FM,1210,X7R; ±20%; Ag/Ni/Sn; 7-inch Reeled,100V,47 pF,,,,,,,Published
MLCC,Medium Voltage,FM32X470M101EG,FM,1210,X7R; ±20%; Ag/Ni/Sn; 13-inch Reeled,100V,47 pF,,,,,,,Published
MLCC,Medium Voltage,FM32X471J101PT,FM,1210,X7R; ±5%; Pd/Ag; 7-inch Reeled,100V,470 pF,,,,,,,Published
MLCC,Medium Voltage,FM32X471J101PG,FM,1210,X7R; ±5%; Pd/Ag; 13-inch Reeled,100V,470 pF,,,,,,,Published
MLCC,Medium Voltage,FM32X471J101ET,FM,1210,X7R; ±5%; Ag/Ni/Sn; 7-inch Reeled,100V,470 pF,,,,,,,Published
MLCC,Medium Voltage,FM32X471J101EG,FM,1210,X7R; ±5%; Ag/Ni/Sn; 13-inch Reeled,100V,470 pF,,,,,,,Published
MLCC,Medium Voltage,FM32X471K101PT,FM,1210,X7R; ±10%; Pd/Ag; 7-inch Reeled,100V,470 pF,,,,,,,Published
MLCC,Medium Voltage,FM32X471K101PG,FM,1210,X7R; ±10%; Pd/Ag; 13-inch Reeled,100V,470 pF,,,,,,,Published
MLCC,Medium Voltage,FM32X471K101ET,FM,1210,X7R; ±10%; Ag/Ni/Sn; 7-inch Reeled,100V,470 pF,,,,,,,Published
MLCC,Medium Voltage,FM32X471K101EG,FM,1210,X7R; ±10%; Ag/Ni/Sn; 13-inch Reeled,100V,470 pF,,,,,,,Published
MLCC,Medium Voltage,FM32X471M101PT,FM,1210,X7R; ±20%; Pd/Ag; 7-inch Reeled,100V,470 pF,,,,,,,Published
MLCC,Medium Voltage,FM32X471M101PG,FM,1210,X7R; ±20%; Pd/Ag; 13-inch Reeled,100V,470 pF,,,,,,,Published
MLCC,Medium Voltage,FM32X471M101ET,FM,1210,X7R; ±20%; Ag/Ni/Sn; 7-inch Reeled,100V,470 pF,,,,,,,Published
MLCC,Medium Voltage,FM32X471M101EG,FM,1210,X7R; ±20%; Ag/Ni/Sn; 13-inch Reeled,100V,470 pF,,,,,,,Published
MLCC,Medium Voltage,FM32X472J101PT,FM,1210,X7R; ±5%; Pd/Ag; 7-inch Reeled,100V,4.7 nF,,,,,,,Published
MLCC,Medium Voltage,FM32X472J101PG,FM,1210,X7R; ±5%; Pd/Ag; 13-inch Reeled,100V,4.7 nF,,,,,,,Published
MLCC,Medium Voltage,FM32X472J101ET,FM,1210,X7R; ±5%; Ag/Ni/Sn; 7-inch Reeled,100V,4.7 nF,,,,,,,Published
MLCC,Medium Voltage,FM32X472J101EG,FM,1210,X7R; ±5%; Ag/Ni/Sn; 13-inch Reeled,100V,4.7 nF,,,,,,,Published
MLCC,Medium Voltage,FM32X472K101PT,FM,1210,X7R; ±10%; Pd/Ag; 7-inch Reeled,100V,4.7 nF,,,,,,,Published
MLCC,Medium Voltage,FM32X472K101PG,FM,1210,X7R; ±10%; Pd/Ag; 13-inch Reeled,100V,4.7 nF,,,,,,,Published
MLCC,Medium Voltage,FM32X472K101ET,FM,1210,X7R; ±10%; Ag/Ni/Sn; 7-inch Reeled,100V,4.7 nF,,,,,,,Published
MLCC,Medium Voltage,FM32X472K101EG,FM,1210,X7R; ±10%; Ag/Ni/Sn; 13-inch Reeled,100V,4.7 nF,,,,,,,Published
MLCC,Medium Voltage,FM32X472M101PT,FM,1210,X7R; ±20%; Pd/Ag; 7-inch Reeled,100V,4.7 nF,,,,,,,Published
MLCC,Medium Voltage,FM32X472M101PG,FM,1210,X7R; ±20%; Pd/Ag; 13-inch Reeled,100V,4.7 nF,,,,,,,Published
MLCC,Medium Voltage,FM32X472M101ET,FM,1210,X7R; ±20%; Ag/Ni/Sn; 7-inch Reeled,100V,4.7 nF,,,,,,,Published
MLCC,Medium Voltage,FM32X472M101EG,FM,1210,X7R; ±20%; Ag/Ni/Sn; 13-inch Reeled,100V,4.7 nF,,,,,,,Published
MLCC,Medium Voltage,FM32X473J101PT,FM,1210,X7R; ±5%; Pd/Ag; 7-inch Reeled,100V,47 nF,,,,,,,Published
MLCC,Medium Voltage,FM32X473J101PG,FM,1210,X7R; ±5%; Pd/Ag; 13-inch Reeled,100V,47 nF,,,,,,,Published
MLCC,Medium Voltage,FM32X473J101ET,FM,1210,X7R; ±5%; Ag/Ni/Sn; 7-inch Reeled,100V,47 nF,,,,,,,Published
MLCC,Medium Voltage,FM32X473J101EG,FM,1210,X7R; ±5%; Ag/Ni/Sn; 13-inch Reeled,100V,47 nF,,,,,,,Published
MLCC,Medium Voltage,FM32X473K101PT,FM,1210,X7R; ±10%; Pd/Ag; 7-inch Reeled,100V,47 nF,,,,,,,Published
MLCC,Medium Voltage,FM32X473K101PG,FM,1210,X7R; ±10%; Pd/Ag; 13-inch Reeled,100V,47 nF,,,,,,,Published
MLCC,Medium Voltage,FM32X473K101ET,FM,1210,X7R; ±10%; Ag/Ni/Sn; 7-inch Reeled,100V,47 nF,,,,,,,Published
MLCC,Medium Voltage,FM32X473K101EG,FM,1210,X7R; ±10%; Ag/Ni/Sn; 13-inch Reeled,100V,47 nF,,,,,,,Published
MLCC,Medium Voltage,FM32X473M101PT,FM,1210,X7R; ±20%; Pd/Ag; 7-inch Reeled,100V,47 nF,,,,,,,Published
MLCC,Medium Voltage,FM32X473M101PG,FM,1210,X7R; ±20%; Pd/Ag; 13-inch Reeled,100V,47 nF,,,,,,,Published
MLCC,Medium Voltage,FM32X473M101ET,FM,1210,X7R; ±20%; Ag/Ni/Sn; 7-inch Reeled,100V,47 nF,,,,,,,Published
MLCC,Medium Voltage,FM32X473M101EG,FM,1210,X7R; ±20%; Ag/Ni/Sn; 13-inch Reeled,100V,47 nF,,,,,,,Published
MLCC,Medium Voltage,FM32X474J101PT,FM,1210,X7R; ±5%; Pd/Ag; 7-inch Reeled,100V,470 nF,,,,,,,Published
MLCC,Medium Voltage,FM32X474J101PG,FM,1210,X7R; ±5%; Pd/Ag; 13-inch Reeled,100V,470 nF,,,,,,,Published
MLCC,Medium Voltage,FM32X474J101ET,FM,1210,X7R; ±5%; Ag/Ni/Sn; 7-inch Reeled,100V,470 nF,,,,,,,Published
MLCC,Medium Voltage,FM32X474J101EG,FM,1210,X7R; ±5%; Ag/Ni/Sn; 13-inch Reeled,100V,470 nF,,,,,,,Published
MLCC,Medium Voltage,FM32X474K101PT,FM,1210,X7R; ±10%; Pd/Ag; 7-inch Reeled,100V,470 nF,,,,,,,Published
MLCC,Medium Voltage,FM32X474K101PG,FM,1210,X7R; ±10%; Pd/Ag; 13-inch Reeled,100V,470 nF,,,,,,,Published
MLCC,Medium Voltage,FM32X474K101ET,FM,1210,X7R; ±10%; Ag/Ni/Sn; 7-inch Reeled,100V,470 nF,,,,,,,Published
MLCC,Medium Voltage,FM32X474K101EG,FM,1210,X7R; ±10%; Ag/Ni/Sn; 13-inch Reeled,100V,470 nF,,,,,,,Published
MLCC,Medium Voltage,FM32X474M101PT,FM,1210,X7R; ±20%; Pd/Ag; 7-inch Reeled,100V,470 nF,,,,,,,Published
MLCC,Medium Voltage,FM32X474M101PG,FM,1210,X7R; ±20%; Pd/Ag; 13-inch Reeled,100V,470 nF,,,,,,,Published
MLCC,Medium Voltage,FM32X474M101ET,FM,1210,X7R; ±20%; Ag/Ni/Sn; 7-inch Reeled,100V,470 nF,,,,,,,Published
MLCC,Medium Voltage,FM32X474M101EG,FM,1210,X7R; ±20%; Ag/Ni/Sn; 13-inch Reeled,100V,470 nF,,,,,,,Published
MLCC,Medium Voltage,FM32X680J101PT,FM,1210,X7R; ±5%; Pd/Ag; 7-inch Reeled,100V,68 pF,,,,,,,Published
MLCC,Medium Voltage,FM32X680J101PG,FM,1210,X7R; ±5%; Pd/Ag; 13-inch Reeled,100V,68 pF,,,,,,,Published
MLCC,Medium Voltage,FM32X680J101ET,FM,1210,X7R; ±5%; Ag/Ni/Sn; 7-inch Reeled,100V,68 pF,,,,,,,Published
MLCC,Medium Voltage,FM32X680J101EG,FM,1210,X7R; ±5%; Ag/Ni/Sn; 13-inch Reeled,100V,68 pF,,,,,,,Published
MLCC,Medium Voltage,FM32X680K101PT,FM,1210,X7R; ±10%; Pd/Ag; 7-inch Reeled,100V,68 pF,,,,,,,Published
MLCC,Medium Voltage,FM32X680K101PG,FM,1210,X7R; ±10%; Pd/Ag; 13-inch Reeled,100V,68 pF,,,,,,,Published
MLCC,Medium Voltage,FM32X680K101ET,FM,1210,X7R; ±10%; Ag/Ni/Sn; 7-inch Reeled,100V,68 pF,,,,,,,Published
MLCC,Medium Voltage,FM32X680K101EG,FM,1210,X7R; ±10%; Ag/Ni/Sn; 13-inch Reeled,100V,68 pF,,,,,,,Published
MLCC,Medium Voltage,FM32X680M101PT,FM,1210,X7R; ±20%; Pd/Ag; 7-inch Reeled,100V,68 pF,,,,,,,Published
MLCC,Medium Voltage,FM32X680M101PG,FM,1210,X7R; ±20%; Pd/Ag; 13-inch Reeled,100V,68 pF,,,,,,,Published
MLCC,Medium Voltage,FM32X680M101ET,FM,1210,X7R; ±20%; Ag/Ni/Sn; 7-inch Reeled,100V,68 pF,,,,,,,Published
MLCC,Medium Voltage,FM32X680M101EG,FM,1210,X7R; ±20%; Ag/Ni/Sn; 13-inch Reeled,100V,68 pF,,,,,,,Published
MLCC,Medium Voltage,FM32X681J101PT,FM,1210,X7R; ±5%; Pd/Ag; 7-inch Reeled,100V,680 pF,,,,,,,Published
MLCC,Medium Voltage,FM32X681J101PG,FM,1210,X7R; ±5%; Pd/Ag; 13-inch Reeled,100V,680 pF,,,,,,,Published
MLCC,Medium Voltage,FM32X681J101ET,FM,1210,X7R; ±5%; Ag/Ni/Sn; 7-inch Reeled,100V,680 pF,,,,,,,Published
MLCC,Medium Voltage,FM32X681J101EG,FM,1210,X7R; ±5%; Ag/Ni/Sn; 13-inch Reeled,100V,680 pF,,,,,,,Published
MLCC,Medium Voltage,FM32X681K101PT,FM,1210,X7R; ±10%; Pd/Ag; 7-inch Reeled,100V,680 pF,,,,,,,Published
MLCC,Medium Voltage,FM32X681K101PG,FM,1210,X7R; ±10%; Pd/Ag; 13-inch Reeled,100V,680 pF,,,,,,,Published
MLCC,Medium Voltage,FM32X681K101ET,FM,1210,X7R; ±10%; Ag/Ni/Sn; 7-inch Reeled,100V,680 pF,,,,,,,Published
MLCC,Medium Voltage,FM32X681K101EG,FM,1210,X7R; ±10%; Ag/Ni/Sn; 13-inch Reeled,100V,680 pF,,,,,,,Published
MLCC,Medium Voltage,FM32X681M101PT,FM,1210,X7R; ±20%; Pd/Ag; 7-inch Reeled,100V,680 pF,,,,,,,Published
MLCC,Medium Voltage,FM32X681M101PG,FM,1210,X7R; ±20%; Pd/Ag; 13-inch Reeled,100V,680 pF,,,,,,,Published
MLCC,Medium Voltage,FM32X681M101ET,FM,1210,X7R; ±20%; Ag/Ni/Sn; 7-inch Reeled,100V,680 pF,,,,,,,Published
MLCC,Medium Voltage,FM32X681M101EG,FM,1210,X7R; ±20%; Ag/Ni/Sn; 13-inch Reeled,100V,680 pF,,,,,,,Published
MLCC,Medium Voltage,FM32X682J101PT,FM,1210,X7R; ±5%; Pd/Ag; 7-inch Reeled,100V,6.8 nF,,,,,,,Published
MLCC,Medium Voltage,FM32X682J101PG,FM,1210,X7R; ±5%; Pd/Ag; 13-inch Reeled,100V,6.8 nF,,,,,,,Published
MLCC,Medium Voltage,FM32X682J101ET,FM,1210,X7R; ±5%; Ag/Ni/Sn; 7-inch Reeled,100V,6.8 nF,,,,,,,Published
MLCC,Medium Voltage,FM32X682J101EG,FM,1210,X7R; ±5%; Ag/Ni/Sn; 13-inch Reeled,100V,6.8 nF,,,,,,,Published
MLCC,Medium Voltage,FM32X682K101PT,FM,1210,X7R; ±10%; Pd/Ag; 7-inch Reeled,100V,6.8 nF,,,,,,,Published
MLCC,Medium Voltage,FM32X682K101PG,FM,1210,X7R; ±10%; Pd/Ag; 13-inch Reeled,100V,6.8 nF,,,,,,,Published
MLCC,Medium Voltage,FM32X682K101ET,FM,1210,X7R; ±10%; Ag/Ni/Sn; 7-inch Reeled,100V,6.8 nF,,,,,,,Published
MLCC,Medium Voltage,FM32X682K101EG,FM,1210,X7R; ±10%; Ag/Ni/Sn; 13-inch Reeled,100V,6.8 nF,,,,,,,Published
MLCC,Medium Voltage,FM32X682M101PT,FM,1210,X7R; ±20%; Pd/Ag; 7-inch Reeled,100V,6.8 nF,,,,,,,Published
MLCC,Medium Voltage,FM32X682M101PG,FM,1210,X7R; ±20%; Pd/Ag; 13-inch Reeled,100V,6.8 nF,,,,,,,Published
MLCC,Medium Voltage,FM32X682M101ET,FM,1210,X7R; ±20%; Ag/Ni/Sn; 7-inch Reeled,100V,6.8 nF,,,,,,,Published
MLCC,Medium Voltage,FM32X682M101EG,FM,1210,X7R; ±20%; Ag/Ni/Sn; 13-inch Reeled,100V,6.8 nF,,,,,,,Published
MLCC,Medium Voltage,FM32X683J101PT,FM,1210,X7R; ±5%; Pd/Ag; 7-inch Reeled,100V,68 nF,,,,,,,Published
MLCC,Medium Voltage,FM32X683J101PG,FM,1210,X7R; ±5%; Pd/Ag; 13-inch Reeled,100V,68 nF,,,,,,,Published
MLCC,Medium Voltage,FM32X683J101ET,FM,1210,X7R; ±5%; Ag/Ni/Sn; 7-inch Reeled,100V,68 nF,,,,,,,Published
MLCC,Medium Voltage,FM32X683J101EG,FM,1210,X7R; ±5%; Ag/Ni/Sn; 13-inch Reeled,100V,68 nF,,,,,,,Published
MLCC,Medium Voltage,FM32X683K101PT,FM,1210,X7R; ±10%; Pd/Ag; 7-inch Reeled,100V,68 nF,,,,,,,Published
MLCC,Medium Voltage,FM32X683K101PG,FM,1210,X7R; ±10%; Pd/Ag; 13-inch Reeled,100V,68 nF,,,,,,,Published
MLCC,Medium Voltage,FM32X683K101ET,FM,1210,X7R; ±10%; Ag/Ni/Sn; 7-inch Reeled,100V,68 nF,,,,,,,Published
MLCC,Medium Voltage,FM32X683K101EG,FM,1210,X7R; ±10%; Ag/Ni/Sn; 13-inch Reeled,100V,68 nF,,,,,,,Published
MLCC,Medium Voltage,FM32X683M101PT,FM,1210,X7R; ±20%; Pd/Ag; 7-inch Reeled,100V,68 nF,,,,,,,Published
MLCC,Medium Voltage,FM32X683M101PG,FM,1210,X7R; ±20%; Pd/Ag; 13-inch Reeled,100V,68 nF,,,,,,,Published
MLCC,Medium Voltage,FM32X683M101ET,FM,1210,X7R; ±20%; Ag/Ni/Sn; 7-inch Reeled,100V,68 nF,,,,,,,Published
MLCC,Medium Voltage,FM32X683M101EG,FM,1210,X7R; ±20%; Ag/Ni/Sn; 13-inch Reeled,100V,68 nF,,,,,,,Published
MLCC,Medium Voltage,FM32X684J101PT,FM,1210,X7R; ±5%; Pd/Ag; 7-inch Reeled,100V,680 nF,,,,,,,Published
MLCC,Medium Voltage,FM32X684J101PG,FM,1210,X7R; ±5%; Pd/Ag; 13-inch Reeled,100V,680 nF,,,,,,,Published
MLCC,Medium Voltage,FM32X684J101ET,FM,1210,X7R; ±5%; Ag/Ni/Sn; 7-inch Reeled,100V,680 nF,,,,,,,Published
MLCC,Medium Voltage,FM32X684J101EG,FM,1210,X7R; ±5%; Ag/Ni/Sn; 13-inch Reeled,100V,680 nF,,,,,,,Published
MLCC,Medium Voltage,FM32X684K101PT,FM,1210,X7R; ±10%; Pd/Ag; 7-inch Reeled,100V,680 nF,,,,,,,Published
MLCC,Medium Voltage,FM32X684K101PG,FM,1210,X7R; ±10%; Pd/Ag; 13-inch Reeled,100V,680 nF,,,,,,,Published
MLCC,Medium Voltage,FM32X684K101ET,FM,1210,X7R; ±10%; Ag/Ni/Sn; 7-inch Reeled,100V,680 nF,,,,,,,Published
MLCC,Medium Voltage,FM32X684K101EG,FM,1210,X7R; ±10%; Ag/Ni/Sn; 13-inch Reeled,100V,680 nF,,,,,,,Published
MLCC,Medium Voltage,FM32X684M101PT,FM,1210,X7R; ±20%; Pd/Ag; 7-inch Reeled,100V,680 nF,,,,,,,Published
MLCC,Medium Voltage,FM32X684M101PG,FM,1210,X7R; ±20%; Pd/Ag; 13-inch Reeled,100V,680 nF,,,,,,,Published
MLCC,Medium Voltage,FM32X684M101ET,FM,1210,X7R; ±20%; Ag/Ni/Sn; 7-inch Reeled,100V,680 nF,,,,,,,Published
MLCC,Medium Voltage,FM32X684M101EG,FM,1210,X7R; ±20%; Ag/Ni/Sn; 13-inch Reeled,100V,680 nF,,,,,,,Published
